/* Auto-generated from assets/lmyc-logo.png — do not edit by hand */
#include "lmyc_logo.h"

#if LV_COLOR_DEPTH != 16
#error lmyc_logo requires LV_COLOR_DEPTH 16
#endif

const LV_ATTRIBUTE_MEM_ALIGN LV_ATTRIBUTE_LARGE_CONST LV_ATTRIBUTE_IMG_LMYC_LOGO uint8_t lmyc_logo_map[] = {
  0x00, 0x00, 0x00, 0x00, 0x00, 0x00, 0x00, 0x00, 0x00, 0x00, 0x00, 0x00, 0x00, 0x00, 0x00, 0x00, 0x00, 0x00, 0x00, 0x00, 0x00, 0x00, 0x00, 0x00,
  0x00, 0x00, 0x00, 0x00, 0x00, 0x00, 0x00, 0x00, 0x00, 0x00, 0x00, 0x00, 0x00, 0x00, 0x00, 0x00, 0x00, 0x00, 0x00, 0x00, 0x00, 0x00, 0x00, 0x00,
  0x00, 0x00, 0x00, 0x00, 0x00, 0x00, 0x00, 0x00, 0x00, 0x00, 0x00, 0x00, 0x00, 0x00, 0x00, 0x00, 0x00, 0x00, 0x00, 0x00, 0x00, 0x00, 0x00, 0x00,
  0x00, 0x00, 0x00, 0x00, 0x00, 0x00, 0x00, 0x00, 0x00, 0x00, 0x00, 0x00, 0x00, 0x00, 0x00, 0x00, 0x00, 0x00, 0x00, 0x00, 0x00, 0x00, 0x00, 0x00,
  0x00, 0x00, 0x00, 0x00, 0x00, 0x00, 0x00, 0x00, 0x00, 0x00, 0x00, 0x00, 0x00, 0x00, 0x00, 0x00, 0x00, 0x00, 0x00, 0x00, 0x00, 0x00, 0x00, 0x00,
  0x00, 0x00, 0x00, 0x00, 0x00, 0x00, 0x00, 0x00, 0x00, 0x00, 0x00, 0x00, 0x00, 0x00, 0x00, 0x00, 0x00, 0x00, 0x00, 0x00, 0x00, 0x00, 0x00, 0x00,
  0x00, 0x00, 0x00, 0x00, 0x00, 0x00, 0x00, 0x00, 0x00, 0x00, 0x00, 0x00, 0x00, 0x00, 0x00, 0x00, 0x00, 0x00, 0x00, 0x00, 0x00, 0x00, 0x00, 0x00,
  0x00, 0x00, 0x00, 0x00, 0x00, 0x00, 0x00, 0x00, 0x00, 0x00, 0x00, 0x00, 0x00, 0x00, 0x00, 0x00, 0x00, 0x00, 0x00, 0x00, 0x00, 0x00, 0x00, 0x00,
  0x00, 0x00, 0x00, 0x00, 0x00, 0x00, 0x00, 0x00, 0x00, 0x00, 0x00, 0x00, 0x00, 0x00, 0x00, 0x00, 0x00, 0x00, 0x00, 0x00, 0x00, 0x00, 0x00, 0x00,
  0x00, 0x00, 0x00, 0x00, 0x00, 0x00, 0x00, 0x00, 0x00, 0x00, 0x00, 0x00, 0x00, 0x00, 0x00, 0x00, 0x00, 0x00, 0x00, 0x00, 0x00, 0x00, 0x00, 0x00,
  0x00, 0x00, 0x00, 0x00, 0x00, 0x00, 0x00, 0x00, 0x00, 0x00, 0x00, 0x00, 0x00, 0x00, 0x00, 0x00, 0x00, 0x00, 0x00, 0x00, 0x00, 0x00, 0x00, 0x00,
  0x00, 0x00, 0x02, 0x00, 0x00, 0x03, 0x00, 0x00, 0x03, 0x00, 0x00, 0x03, 0x00, 0x00, 0x03, 0x00, 0x00, 0x0c, 0x00, 0x00, 0x14, 0x00, 0x00, 0x1c,
  0x00, 0x00, 0x1c, 0x00, 0x00, 0x1c, 0x00, 0x00, 0x24, 0x00, 0x00, 0x24, 0x00, 0x00, 0x24, 0x00, 0x00, 0x1c, 0x00, 0x00, 0x1c, 0x00, 0x00, 0x1c,
  0x00, 0x00, 0x14, 0x00, 0x00, 0x14, 0x00, 0x00, 0x0c, 0x00, 0x00, 0x03, 0x00, 0x00, 0x03, 0x00, 0x00, 0x03, 0x00, 0x00, 0x02, 0x00, 0x00, 0x00,
  0x00, 0x00, 0x00, 0x00, 0x00, 0x00, 0x00, 0x00, 0x00, 0x00, 0x00, 0x00, 0x00, 0x00, 0x00, 0x00, 0x00, 0x00, 0x00, 0x00, 0x00, 0x00, 0x00, 0x00,
  0x00, 0x00, 0x00, 0x00, 0x00, 0x00, 0x00, 0x00, 0x00, 0x00, 0x00, 0x00, 0x00, 0x00, 0x00, 0x00, 0x00, 0x00, 0x00, 0x00, 0x00, 0x00, 0x00, 0x00,
  0x00, 0x00, 0x00, 0x00, 0x00, 0x00, 0x00, 0x00, 0x00, 0x00, 0x00, 0x00, 0x00, 0x00, 0x00, 0x00, 0x00, 0x00, 0x00, 0x00, 0x00, 0x00, 0x00, 0x00,
  0x00, 0x00, 0x00, 0x00, 0x00, 0x00, 0x00, 0x00, 0x00, 0x00, 0x00, 0x00, 0x00, 0x00, 0x00, 0x00, 0x00, 0x00, 0x00, 0x00, 0x00, 0x00, 0x00, 0x00,
  0x00, 0x00, 0x00, 0x00, 0x00, 0x00, 0x00, 0x00, 0x00, 0x00, 0x00, 0x00, 0x00, 0x00, 0x00, 0x00, 0x00, 0x00, 0x00, 0x00, 0x00, 0x00, 0x00, 0x00,
  0x00, 0x00, 0x00, 0x00, 0x00, 0x00, 0x00, 0x00, 0x00, 0x00, 0x00, 0x00, 0x00, 0x00, 0x00, 0x00, 0x00, 0x00, 0x00, 0x00, 0x00, 0x00, 0x00, 0x00,
  0x00, 0x00, 0x00, 0x00, 0x00, 0x00, 0x00, 0x00, 0x00, 0x00, 0x00, 0x00, 0x00, 0x00, 0x00, 0x00, 0x00, 0x00, 0x00, 0x00, 0x00, 0x00, 0x00, 0x00,
  0x00, 0x00, 0x00, 0x00, 0x00, 0x00, 0x00, 0x00, 0x00, 0x00, 0x00, 0x00, 0x00, 0x00, 0x00, 0x00, 0x00, 0x00, 0x00, 0x00, 0x00, 0x00, 0x00, 0x00,
  0x00, 0x00, 0x00, 0x00, 0x00, 0x00, 0x00, 0x00, 0x00, 0x00, 0x00, 0x00, 0x00, 0x00, 0x00, 0x00, 0x00, 0x00, 0x00, 0x00, 0x00, 0x00, 0x00, 0x00,
  0x00, 0x00, 0x00, 0x00, 0x00, 0x00, 0x00, 0x00, 0x00, 0x00, 0x00, 0x00, 0x00, 0x00, 0x00, 0x00, 0x00, 0x00, 0x00, 0x00, 0x00, 0x00, 0x00, 0x00,
  0x00, 0x00, 0x00, 0x00, 0x00, 0x00, 0x00, 0x00, 0x00, 0x00, 0x00, 0x00, 0x00, 0x00, 0x00, 0x00, 0x00, 0x00, 0x00, 0x00, 0x00, 0x00, 0x00, 0x00,
  0x00, 0x00, 0x00, 0x00, 0x00, 0x00, 0x00, 0x00, 0x00, 0x00, 0x00, 0x00, 0x00, 0x00, 0x00, 0x00, 0x00, 0x00, 0x00, 0x00, 0x00, 0x00, 0x00, 0x00,
  0x00, 0x00, 0x00, 0x00, 0x00, 0x00, 0x00, 0x00, 0x00, 0x00, 0x00, 0x00, 0x00, 0x00, 0x00, 0x00, 0x00, 0x00, 0x00, 0x00, 0x00, 0x00, 0x00, 0x00,
  0x00, 0x00, 0x00, 0x00, 0x00, 0x00, 0x00, 0x00, 0x00, 0x00, 0x00, 0x00, 0x00, 0x00, 0x00, 0x00, 0x00, 0x00, 0x00, 0x00, 0x00, 0x00, 0x00, 0x00,
  0x00, 0x00, 0x00, 0x00, 0x00, 0x00, 0x00, 0x00, 0x00, 0x00, 0x00, 0x00, 0x00, 0x00, 0x00, 0x00, 0x00, 0x00, 0x00, 0x00, 0x00, 0x00, 0x00, 0x00,
  0x00, 0x00, 0x00, 0x00, 0x00, 0x00, 0x00, 0x00, 0x00, 0x00, 0x00, 0x00, 0x00, 0x00, 0x00, 0x00, 0x00, 0x00, 0x00, 0x00, 0x00, 0x00, 0x00, 0x00,
  0x00, 0x00, 0x00, 0x00, 0x00, 0x00, 0x00, 0x00, 0x00, 0x00, 0x00, 0x00, 0x00, 0x00, 0x00, 0x00, 0x00, 0x00, 0x00, 0x00, 0x00, 0x00, 0x00, 0x00,
  0x00, 0x00, 0x00, 0x00, 0x00, 0x00, 0x00, 0x00, 0x00, 0x00, 0x00, 0x00, 0x00, 0x00, 0x00, 0x00, 0x00, 0x00, 0x00, 0x00, 0x00, 0x00, 0x00, 0x00,
  0x00, 0x00, 0x00, 0x00, 0x00, 0x00, 0x00, 0x00, 0x00, 0x00, 0x00, 0x00, 0x00, 0x00, 0x00, 0x00, 0x00, 0x00, 0x00, 0x00, 0x00, 0x00, 0x00, 0x00,
  0x00, 0x00, 0x00, 0x00, 0x00, 0x00, 0x00, 0x00, 0x00, 0x00, 0x00, 0x00, 0x00, 0x00, 0x00, 0x00, 0x00, 0x00, 0x00, 0x00, 0x00, 0x00, 0x00, 0x00,
  0x00, 0x00, 0x00, 0x00, 0x00, 0x00, 0x00, 0x00, 0x00, 0x00, 0x00, 0x00, 0x00, 0x00, 0x00, 0x00, 0x00, 0x00, 0x00, 0x00, 0x00, 0x00, 0x00, 0x00,
  0x00, 0x00, 0x00, 0x00, 0x00, 0x00, 0x00, 0x00, 0x02, 0x00, 0x00, 0x03, 0x00, 0x00, 0x0c, 0x00, 0x00, 0x14, 0x00, 0x00, 0x24, 0x00, 0x00, 0x3c,
  0x00, 0x00, 0x54, 0x00, 0x00, 0x6c, 0x00, 0x00, 0x84, 0x00, 0x00, 0x9c, 0x00, 0x00, 0xac, 0x00, 0x00, 0xb5, 0x00, 0x00, 0xbc, 0x00, 0x00, 0xc5,
  0x00, 0x00, 0xc5, 0x00, 0x00, 0xcc, 0x00, 0x00, 0xd5, 0x00, 0x00, 0xd5, 0x00, 0x00, 0xd5, 0x00, 0x00, 0xcc, 0x00, 0x00, 0xc5, 0x00, 0x00, 0xc5,
  0x00, 0x00, 0xc5, 0x00, 0x00, 0xb5, 0x00, 0x00, 0xac, 0x00, 0x00, 0xa4, 0x00, 0x00, 0x8d, 0x00, 0x00, 0x74, 0x00, 0x00, 0x5c, 0x00, 0x00, 0x45,
  0x00, 0x00, 0x2c, 0x00, 0x00, 0x1c, 0x00, 0x00, 0x0c, 0x00, 0x00, 0x03, 0x00, 0x00, 0x02, 0x00, 0x00, 0x00, 0x00, 0x00, 0x00, 0x00, 0x00, 0x00,
  0x00, 0x00, 0x00, 0x00, 0x00, 0x00, 0x00, 0x00, 0x00, 0x00, 0x00, 0x00, 0x00, 0x00, 0x00, 0x00, 0x00, 0x00, 0x00, 0x00, 0x00, 0x00, 0x00, 0x00,
  0x00, 0x00, 0x00, 0x00, 0x00, 0x00, 0x00, 0x00, 0x00, 0x00, 0x00, 0x00, 0x00, 0x00, 0x00, 0x00, 0x00, 0x00, 0x00, 0x00, 0x00, 0x00, 0x00, 0x00,
  0x00, 0x00, 0x00, 0x00, 0x00, 0x00, 0x00, 0x00, 0x00, 0x00, 0x00, 0x00, 0x00, 0x00, 0x00, 0x00, 0x00, 0x00, 0x00, 0x00, 0x00, 0x00, 0x00, 0x00,
  0x00, 0x00, 0x00, 0x00, 0x00, 0x00, 0x00, 0x00, 0x00, 0x00, 0x00, 0x00, 0x00, 0x00, 0x00, 0x00, 0x00, 0x00, 0x00, 0x00, 0x00, 0x00, 0x00, 0x00,
  0x00, 0x00, 0x00, 0x00, 0x00, 0x00, 0x00, 0x00, 0x00, 0x00, 0x00, 0x00, 0x00, 0x00, 0x00, 0x00, 0x00, 0x00, 0x00, 0x00, 0x00, 0x00, 0x00, 0x00,
  0x00, 0x00, 0x00, 0x00, 0x00, 0x00, 0x00, 0x00, 0x00, 0x00, 0x00, 0x00, 0x00, 0x00, 0x00, 0x00, 0x00, 0x00, 0x00, 0x00, 0x00, 0x00, 0x00, 0x00,
  0x00, 0x00, 0x00, 0x00, 0x00, 0x00, 0x00, 0x00, 0x00, 0x00, 0x00, 0x00, 0x00, 0x00, 0x00, 0x00, 0x00, 0x00, 0x00, 0x00, 0x00, 0x00, 0x00, 0x00,
  0x00, 0x00, 0x00, 0x00, 0x00, 0x00, 0x00, 0x00, 0x00, 0x00, 0x00, 0x00, 0x00, 0x00, 0x00, 0x00, 0x00, 0x00, 0x00, 0x00, 0x00, 0x00, 0x00, 0x00,
  0x00, 0x00, 0x00, 0x00, 0x00, 0x00, 0x00, 0x00, 0x00, 0x00, 0x00, 0x00, 0x00, 0x00, 0x00, 0x00, 0x00, 0x00, 0x00, 0x00, 0x00, 0x00, 0x00, 0x00,
  0x00, 0x00, 0x00, 0x00, 0x00, 0x00, 0x00, 0x00, 0x00, 0x00, 0x00, 0x00, 0x00, 0x00, 0x00, 0x00, 0x00, 0x00, 0x00, 0x00, 0x00, 0x00, 0x00, 0x00,
  0x00, 0x00, 0x00, 0x00, 0x00, 0x00, 0x00, 0x00, 0x00, 0x00, 0x00, 0x00, 0x00, 0x00, 0x00, 0x00, 0x00, 0x00, 0x00, 0x00, 0x00, 0x00, 0x00, 0x00,
  0x00, 0x00, 0x00, 0x00, 0x00, 0x00, 0x00, 0x00, 0x00, 0x00, 0x00, 0x00, 0x00, 0x00, 0x00, 0x00, 0x00, 0x00, 0x00, 0x00, 0x00, 0x00, 0x00, 0x00,
  0x00, 0x00, 0x00, 0x00, 0x00, 0x00, 0x00, 0x00, 0x00, 0x00, 0x00, 0x00, 0x00, 0x00, 0x00, 0x00, 0x00, 0x00, 0x00, 0x00, 0x00, 0x00, 0x00, 0x00,
  0x00, 0x00, 0x00, 0x00, 0x00, 0x00, 0x00, 0x00, 0x00, 0x00, 0x00, 0x00, 0x00, 0x00, 0x00, 0x00, 0x00, 0x00, 0x00, 0x00, 0x00, 0x00, 0x00, 0x00,
  0x00, 0x00, 0x00, 0x00, 0x00, 0x00, 0x00, 0x00, 0x00, 0x00, 0x00, 0x00, 0x00, 0x00, 0x00, 0x00, 0x00, 0x00, 0x00, 0x00, 0x00, 0x00, 0x00, 0x00,
  0x00, 0x00, 0x00, 0x00, 0x00, 0x00, 0x00, 0x00, 0x00, 0x00, 0x00, 0x00, 0x00, 0x00, 0x00, 0x00, 0x00, 0x00, 0x00, 0x00, 0x00, 0x00, 0x00, 0x00,
  0x00, 0x00, 0x00, 0x00, 0x00, 0x00, 0x00, 0x00, 0x00, 0x00, 0x00, 0x00, 0x00, 0x00, 0x00, 0x00, 0x00, 0x00, 0x00, 0x00, 0x00, 0x00, 0x00, 0x00,
  0x00, 0x00, 0x00, 0x00, 0x00, 0x00, 0x00, 0x00, 0x00, 0x00, 0x00, 0x00, 0x00, 0x00, 0x00, 0x00, 0x00, 0x00, 0x00, 0x00, 0x00, 0x00, 0x00, 0x00,
  0x00, 0x00, 0x00, 0x00, 0x00, 0x00, 0x00, 0x00, 0x00, 0x00, 0x00, 0x00, 0x00, 0x00, 0x00, 0x00, 0x00, 0x00, 0x00, 0x00, 0x00, 0x00, 0x00, 0x00,
  0x00, 0x00, 0x00, 0x00, 0x00, 0x00, 0x00, 0x00, 0x00, 0x00, 0x00, 0x00, 0x00, 0x00, 0x00, 0x00, 0x00, 0x02, 0x00, 0x00, 0x03, 0x00, 0x00, 0x0c,
  0x00, 0x00, 0x24, 0x00, 0x00, 0x3c, 0x00, 0x00, 0x5c, 0x00, 0x00, 0x84, 0x00, 0x00, 0xa4, 0x00, 0x00, 0xbc, 0x00, 0x00, 0xd5, 0x00, 0x00, 0xe4,
  0x00, 0x00, 0xec, 0x00, 0x00, 0xf4, 0x00, 0x00, 0xf4, 0x00, 0x00, 0xff, 0x00, 0x00, 0xff, 0x00, 0x00, 0xff, 0x00, 0x00, 0xff, 0x00, 0x00, 0xff,
  0x00, 0x00, 0xff, 0x00, 0x00, 0xff, 0x00, 0x00, 0xff, 0x00, 0x00, 0xff, 0x00, 0x00, 0xff, 0x00, 0x00, 0xff, 0x00, 0x00, 0xff, 0x00, 0x00, 0xff,
  0x00, 0x00, 0xff, 0x00, 0x00, 0xff, 0x00, 0x00, 0xff, 0x00, 0x00, 0xff, 0x00, 0x00, 0xff, 0x00, 0x00, 0xf4, 0x00, 0x00, 0xf4, 0x00, 0x00, 0xec,
  0x00, 0x00, 0xdb, 0x00, 0x00, 0xc5, 0x00, 0x00, 0xac, 0x00, 0x00, 0x8d, 0x00, 0x00, 0x6c, 0x00, 0x00, 0x45, 0x00, 0x00, 0x2c, 0x00, 0x00, 0x14,
  0x00, 0x00, 0x0c, 0x00, 0x00, 0x02, 0x00, 0x00, 0x00, 0x00, 0x00, 0x00, 0x00, 0x00, 0x00, 0x00, 0x00, 0x00, 0x00, 0x00, 0x00, 0x00, 0x00, 0x00,
  0x00, 0x00, 0x00, 0x00, 0x00, 0x00, 0x00, 0x00, 0x00, 0x00, 0x00, 0x00, 0x00, 0x00, 0x00, 0x00, 0x00, 0x00, 0x00, 0x00, 0x00, 0x00, 0x00, 0x00,
  0x00, 0x00, 0x00, 0x00, 0x00, 0x00, 0x00, 0x00, 0x00, 0x00, 0x00, 0x00, 0x00, 0x00, 0x00, 0x00, 0x00, 0x00, 0x00, 0x00, 0x00, 0x00, 0x00, 0x00,
  0x00, 0x00, 0x00, 0x00, 0x00, 0x00, 0x00, 0x00, 0x00, 0x00, 0x00, 0x00, 0x00, 0x00, 0x00, 0x00, 0x00, 0x00, 0x00, 0x00, 0x00, 0x00, 0x00, 0x00,
  0x00, 0x00, 0x00, 0x00, 0x00, 0x00, 0x00, 0x00, 0x00, 0x00, 0x00, 0x00, 0x00, 0x00, 0x00, 0x00, 0x00, 0x00, 0x00, 0x00, 0x00, 0x00, 0x00, 0x00,
  0x00, 0x00, 0x00, 0x00, 0x00, 0x00, 0x00, 0x00, 0x00, 0x00, 0x00, 0x00, 0x00, 0x00, 0x00, 0x00, 0x00, 0x00, 0x00, 0x00, 0x00, 0x00, 0x00, 0x00,
  0x00, 0x00, 0x00, 0x00, 0x00, 0x00, 0x00, 0x00, 0x00, 0x00, 0x00, 0x00, 0x00, 0x00, 0x00, 0x00, 0x00, 0x00, 0x00, 0x00, 0x00, 0x00, 0x00, 0x00,
  0x00, 0x00, 0x00, 0x00, 0x00, 0x00, 0x00, 0x00, 0x00, 0x00, 0x00, 0x00, 0x00, 0x00, 0x00, 0x00, 0x00, 0x00, 0x00, 0x00, 0x00, 0x00, 0x00, 0x00,
  0x00, 0x00, 0x00, 0x00, 0x00, 0x00, 0x00, 0x00, 0x00, 0x00, 0x00, 0x00, 0x00, 0x00, 0x00, 0x00, 0x00, 0x00, 0x00, 0x00, 0x00, 0x00, 0x00, 0x00,
  0x00, 0x00, 0x00, 0x00, 0x00, 0x00, 0x00, 0x00, 0x00, 0x00, 0x00, 0x00, 0x00, 0x00, 0x00, 0x00, 0x00, 0x00, 0x00, 0x00, 0x00, 0x00, 0x00, 0x00,
  0x00, 0x00, 0x00, 0x00, 0x00, 0x00, 0x00, 0x00, 0x00, 0x00, 0x00, 0x00, 0x00, 0x00, 0x00, 0x00, 0x00, 0x00, 0x00, 0x00, 0x00, 0x00, 0x00, 0x00,
  0x00, 0x00, 0x00, 0x00, 0x00, 0x00, 0x00, 0x00, 0x00, 0x00, 0x00, 0x00, 0x00, 0x00, 0x00, 0x00, 0x00, 0x00, 0x00, 0x00, 0x00, 0x00, 0x00, 0x00,
  0x00, 0x00, 0x00, 0x00, 0x00, 0x00, 0x00, 0x00, 0x00, 0x00, 0x00, 0x00, 0x00, 0x00, 0x00, 0x00, 0x00, 0x00, 0x00, 0x00, 0x00, 0x00, 0x00, 0x00,
  0x00, 0x00, 0x00, 0x00, 0x00, 0x00, 0x00, 0x00, 0x00, 0x00, 0x00, 0x00, 0x00, 0x00, 0x00, 0x00, 0x00, 0x00, 0x00, 0x00, 0x00, 0x00, 0x00, 0x00,
  0x00, 0x00, 0x00, 0x00, 0x00, 0x00, 0x00, 0x00, 0x00, 0x00, 0x00, 0x00, 0x00, 0x00, 0x00, 0x00, 0x00, 0x00, 0x00, 0x00, 0x00, 0x00, 0x00, 0x00,
  0x00, 0x00, 0x00, 0x00, 0x00, 0x00, 0x00, 0x00, 0x00, 0x00, 0x00, 0x00, 0x00, 0x00, 0x00, 0x00, 0x00, 0x00, 0x00, 0x00, 0x00, 0x00, 0x00, 0x00,
  0x00, 0x00, 0x00, 0x00, 0x00, 0x00, 0x00, 0x00, 0x00, 0x00, 0x00, 0x00, 0x00, 0x00, 0x00, 0x00, 0x00, 0x00, 0x00, 0x00, 0x00, 0x00, 0x00, 0x00,
  0x00, 0x00, 0x00, 0x00, 0x00, 0x00, 0x00, 0x00, 0x00, 0x00, 0x00, 0x00, 0x00, 0x00, 0x00, 0x00, 0x00, 0x00, 0x00, 0x00, 0x00, 0x00, 0x00, 0x00,
  0x00, 0x00, 0x00, 0x00, 0x00, 0x00, 0x00, 0x00, 0x00, 0x00, 0x00, 0x00, 0x00, 0x00, 0x00, 0x00, 0x00, 0x00, 0x00, 0x00, 0x00, 0x00, 0x00, 0x00,
  0x00, 0x00, 0x00, 0x00, 0x00, 0x03, 0x00, 0x00, 0x0c, 0x00, 0x00, 0x1c, 0x00, 0x00, 0x3c, 0x00, 0x00, 0x6c, 0x00, 0x00, 0x94, 0x00, 0x00, 0xbc,
  0x00, 0x00, 0xdb, 0x00, 0x00, 0xec, 0x00, 0x00, 0xf4, 0x00, 0x00, 0xff, 0x00, 0x00, 0xff, 0x00, 0x00, 0xff, 0x00, 0x00, 0xff, 0x00, 0x00, 0xff,
  0x00, 0x00, 0xff, 0x00, 0x00, 0xff, 0x00, 0x00, 0xff, 0x00, 0x00, 0xff, 0x00, 0x00, 0xff, 0x00, 0x00, 0xff, 0x00, 0x00, 0xff, 0x00, 0x08, 0xfe,
  0x00, 0x08, 0xfe, 0x00, 0x08, 0xfe, 0x00, 0x08, 0xfe, 0x00, 0x00, 0xff, 0x00, 0x00, 0xff, 0x00, 0x08, 0xfe, 0x00, 0x08, 0xfe, 0x00, 0x08, 0xfe,
  0x00, 0x00, 0xff, 0x00, 0x00, 0xff, 0x00, 0x00, 0xff, 0x00, 0x00, 0xff, 0x00, 0x00, 0xff, 0x00, 0x00, 0xff, 0x00, 0x00, 0xff, 0x00, 0x00, 0xff,
  0x00, 0x00, 0xff, 0x00, 0x00, 0xff, 0x00, 0x00, 0xff, 0x00, 0x00, 0xff, 0x00, 0x00, 0xf4, 0x00, 0x00, 0xf4, 0x00, 0x00, 0xdb, 0x00, 0x00, 0xc5,
  0x00, 0x00, 0xa4, 0x00, 0x00, 0x74, 0x00, 0x00, 0x4c, 0x00, 0x00, 0x24, 0x00, 0x00, 0x0c, 0x00, 0x00, 0x03, 0x00, 0x00, 0x02, 0x00, 0x00, 0x00,
  0x00, 0x00, 0x00, 0x00, 0x00, 0x00, 0x00, 0x00, 0x00, 0x00, 0x00, 0x00, 0x00, 0x00, 0x00, 0x00, 0x00, 0x00, 0x00, 0x00, 0x00, 0x00, 0x00, 0x00,
  0x00, 0x00, 0x00, 0x00, 0x00, 0x00, 0x00, 0x00, 0x00, 0x00, 0x00, 0x00, 0x00, 0x00, 0x00, 0x00, 0x00, 0x00, 0x00, 0x00, 0x00, 0x00, 0x00, 0x00,
  0x00, 0x00, 0x00, 0x00, 0x00, 0x00, 0x00, 0x00, 0x00, 0x00, 0x00, 0x00, 0x00, 0x00, 0x00, 0x00, 0x00, 0x00, 0x00, 0x00, 0x00, 0x00, 0x00, 0x00,
  0x00, 0x00, 0x00, 0x00, 0x00, 0x00, 0x00, 0x00, 0x00, 0x00, 0x00, 0x00, 0x00, 0x00, 0x00, 0x00, 0x00, 0x00, 0x00, 0x00, 0x00, 0x00, 0x00, 0x00,
  0x00, 0x00, 0x00, 0x00, 0x00, 0x00, 0x00, 0x00, 0x00, 0x00, 0x00, 0x00, 0x00, 0x00, 0x00, 0x00, 0x00, 0x00, 0x00, 0x00, 0x00, 0x00, 0x00, 0x00,
  0x00, 0x00, 0x00, 0x00, 0x00, 0x00, 0x00, 0x00, 0x00, 0x00, 0x00, 0x00, 0x00, 0x00, 0x00, 0x00, 0x00, 0x00, 0x00, 0x00, 0x00, 0x00, 0x00, 0x00,
  0x00, 0x00, 0x00, 0x00, 0x00, 0x00, 0x00, 0x00, 0x00, 0x00, 0x00, 0x00, 0x00, 0x00, 0x00, 0x00, 0x00, 0x00, 0x00, 0x00, 0x00, 0x00, 0x00, 0x00,
  0x00, 0x00, 0x00, 0x00, 0x00, 0x00, 0x00, 0x00, 0x00, 0x00, 0x00, 0x00, 0x00, 0x00, 0x00, 0x00, 0x00, 0x00, 0x00, 0x00, 0x00, 0x00, 0x00, 0x00,
  0x00, 0x00, 0x00, 0x00, 0x00, 0x00, 0x00, 0x00, 0x00, 0x00, 0x00, 0x00, 0x00, 0x00, 0x00, 0x00, 0x00, 0x00, 0x00, 0x00, 0x00, 0x00, 0x00, 0x00,
  0x00, 0x00, 0x00, 0x00, 0x00, 0x00, 0x00, 0x00, 0x00, 0x00, 0x00, 0x00, 0x00, 0x00, 0x00, 0x00, 0x00, 0x00, 0x00, 0x00, 0x00, 0x00, 0x00, 0x00,
  0x00, 0x00, 0x00, 0x00, 0x00, 0x00, 0x00, 0x00, 0x00, 0x00, 0x00, 0x00, 0x00, 0x00, 0x00, 0x00, 0x00, 0x00, 0x00, 0x00, 0x00, 0x00, 0x00, 0x00,
  0x00, 0x00, 0x00, 0x00, 0x00, 0x00, 0x00, 0x00, 0x00, 0x00, 0x00, 0x00, 0x00, 0x00, 0x00, 0x00, 0x00, 0x00, 0x00, 0x00, 0x00, 0x00, 0x00, 0x00,
  0x00, 0x00, 0x00, 0x00, 0x00, 0x00, 0x00, 0x00, 0x00, 0x00, 0x00, 0x00, 0x00, 0x00, 0x00, 0x00, 0x00, 0x00, 0x00, 0x00, 0x00, 0x00, 0x00, 0x00,
  0x00, 0x00, 0x00, 0x00, 0x00, 0x00, 0x00, 0x00, 0x00, 0x00, 0x00, 0x00, 0x00, 0x00, 0x00, 0x00, 0x00, 0x00, 0x00, 0x00, 0x00, 0x00, 0x00, 0x00,
  0x00, 0x00, 0x00, 0x00, 0x00, 0x00, 0x00, 0x00, 0x00, 0x00, 0x00, 0x00, 0x00, 0x00, 0x00, 0x00, 0x00, 0x00, 0x00, 0x00, 0x00, 0x00, 0x00, 0x00,
  0x00, 0x00, 0x00, 0x00, 0x00, 0x00, 0x00, 0x00, 0x00, 0x00, 0x00, 0x00, 0x00, 0x00, 0x00, 0x00, 0x00, 0x00, 0x00, 0x00, 0x00, 0x00, 0x00, 0x00,
  0x00, 0x00, 0x00, 0x00, 0x00, 0x00, 0x00, 0x00, 0x00, 0x00, 0x00, 0x00, 0x00, 0x00, 0x00, 0x00, 0x00, 0x00, 0x00, 0x00, 0x00, 0x00, 0x00, 0x00,
  0x00, 0x00, 0x00, 0x00, 0x00, 0x00, 0x00, 0x00, 0x00, 0x00, 0x00, 0x00, 0x00, 0x00, 0x00, 0x00, 0x00, 0x02, 0x00, 0x00, 0x0c, 0x00, 0x00, 0x1c,
  0x00, 0x00, 0x3c, 0x00, 0x00, 0x74, 0x00, 0x00, 0xac, 0x00, 0x00, 0xcc, 0x00, 0x00, 0xec, 0x00, 0x00, 0xff, 0x00, 0x00, 0xff, 0x00, 0x00, 0xff,
  0x00, 0x00, 0xff, 0x00, 0x00, 0xff, 0x00, 0x00, 0xff, 0x00, 0x00, 0xff, 0x00, 0x08, 0xfe, 0x00, 0x08, 0xfe, 0x20, 0x18, 0xfd, 0x20, 0x28, 0xfd,
  0x40, 0x30, 0xfd, 0x40, 0x40, 0xfd, 0x60, 0x48, 0xfa, 0x81, 0x68, 0xfd, 0x81, 0x70, 0xfc, 0xa1, 0x78, 0xfd, 0xa1, 0x80, 0xfd, 0xa1, 0x80, 0xfd,
  0xa1, 0x88, 0xfb, 0xa1, 0x80, 0xfd, 0x40, 0x30, 0xfd, 0x00, 0x00, 0xff, 0x00, 0x10, 0xfd, 0x81, 0x70, 0xfc, 0xa1, 0x88, 0xfb, 0xa1, 0x80, 0xfd,
  0xa1, 0x80, 0xfd, 0xa1, 0x80, 0xfd, 0xa1, 0x78, 0xfd, 0x81, 0x68, 0xfd, 0x61, 0x58, 0xf7, 0x40, 0x40, 0xfd, 0x40, 0x30, 0xfd, 0x20, 0x28, 0xfd,
  0x20, 0x18, 0xfd, 0x00, 0x08, 0xfe, 0x00, 0x08, 0xfe, 0x00, 0x00, 0xff, 0x00, 0x00, 0xff, 0x00, 0x00, 0xff, 0x00, 0x00, 0xff, 0x00, 0x00, 0xff,
  0x00, 0x00, 0xff, 0x00, 0x00, 0xff, 0x00, 0x00, 0xf4, 0x00, 0x00, 0xdb, 0x00, 0x00, 0xb5, 0x00, 0x00, 0x84, 0x00, 0x00, 0x4c, 0x00, 0x00, 0x24,
  0x00, 0x00, 0x0c, 0x00, 0x00, 0x03, 0x00, 0x00, 0x00, 0x00, 0x00, 0x00, 0x00, 0x00, 0x00, 0x00, 0x00, 0x00, 0x00, 0x00, 0x00, 0x00, 0x00, 0x00,
  0x00, 0x00, 0x00, 0x00, 0x00, 0x00, 0x00, 0x00, 0x00, 0x00, 0x00, 0x00, 0x00, 0x00, 0x00, 0x00, 0x00, 0x00, 0x00, 0x00, 0x00, 0x00, 0x00, 0x00,
  0x00, 0x00, 0x00, 0x00, 0x00, 0x00, 0x00, 0x00, 0x00, 0x00, 0x00, 0x00, 0x00, 0x00, 0x00, 0x00, 0x00, 0x00, 0x00, 0x00, 0x00, 0x00, 0x00, 0x00,
  0x00, 0x00, 0x00, 0x00, 0x00, 0x00, 0x00, 0x00, 0x00, 0x00, 0x00, 0x00, 0x00, 0x00, 0x00, 0x00, 0x00, 0x00, 0x00, 0x00, 0x00, 0x00, 0x00, 0x00,
  0x00, 0x00, 0x00, 0x00, 0x00, 0x00, 0x00, 0x00, 0x00, 0x00, 0x00, 0x00, 0x00, 0x00, 0x00, 0x00, 0x00, 0x00, 0x00, 0x00, 0x00, 0x00, 0x00, 0x00,
  0x00, 0x00, 0x00, 0x00, 0x00, 0x00, 0x00, 0x00, 0x00, 0x00, 0x00, 0x00, 0x00, 0x00, 0x00, 0x00, 0x00, 0x00, 0x00, 0x00, 0x00, 0x00, 0x00, 0x00,
  0x00, 0x00, 0x00, 0x00, 0x00, 0x00, 0x00, 0x00, 0x00, 0x00, 0x00, 0x00, 0x00, 0x00, 0x00, 0x00, 0x00, 0x00, 0x00, 0x00, 0x00, 0x00, 0x00, 0x00,
  0x00, 0x00, 0x00, 0x00, 0x00, 0x00, 0x00, 0x00, 0x00, 0x00, 0x00, 0x00, 0x00, 0x00, 0x00, 0x00, 0x00, 0x00, 0x00, 0x00, 0x00, 0x00, 0x00, 0x00,
  0x00, 0x00, 0x00, 0x00, 0x00, 0x00, 0x00, 0x00, 0x00, 0x00, 0x00, 0x00, 0x00, 0x00, 0x00, 0x00, 0x00, 0x00, 0x00, 0x00, 0x00, 0x00, 0x00, 0x00,
  0x00, 0x00, 0x00, 0x00, 0x00, 0x00, 0x00, 0x00, 0x00, 0x00, 0x00, 0x00, 0x00, 0x00, 0x00, 0x00, 0x00, 0x00, 0x00, 0x00, 0x00, 0x00, 0x00, 0x00,
  0x00, 0x00, 0x00, 0x00, 0x00, 0x00, 0x00, 0x00, 0x00, 0x00, 0x00, 0x00, 0x00, 0x00, 0x00, 0x00, 0x00, 0x00, 0x00, 0x00, 0x00, 0x00, 0x00, 0x00,
  0x00, 0x00, 0x00, 0x00, 0x00, 0x00, 0x00, 0x00, 0x00, 0x00, 0x00, 0x00, 0x00, 0x00, 0x00, 0x00, 0x00, 0x00, 0x00, 0x00, 0x00, 0x00, 0x00, 0x00,
  0x00, 0x00, 0x00, 0x00, 0x00, 0x00, 0x00, 0x00, 0x00, 0x00, 0x00, 0x00, 0x00, 0x00, 0x00, 0x00, 0x00, 0x00, 0x00, 0x00, 0x00, 0x00, 0x00, 0x00,
  0x00, 0x00, 0x00, 0x00, 0x00, 0x00, 0x00, 0x00, 0x00, 0x00, 0x00, 0x00, 0x00, 0x00, 0x00, 0x00, 0x00, 0x00, 0x00, 0x00, 0x00, 0x00, 0x00, 0x00,
  0x00, 0x00, 0x00, 0x00, 0x00, 0x00, 0x00, 0x00, 0x00, 0x00, 0x00, 0x00, 0x00, 0x00, 0x00, 0x00, 0x00, 0x00, 0x00, 0x00, 0x00, 0x00, 0x00, 0x00,
  0x00, 0x00, 0x00, 0x00, 0x00, 0x00, 0x00, 0x00, 0x00, 0x00, 0x00, 0x00, 0x00, 0x00, 0x00, 0x00, 0x00, 0x00, 0x00, 0x00, 0x00, 0x00, 0x00, 0x00,
  0x00, 0x00, 0x00, 0x00, 0x00, 0x00, 0x00, 0x00, 0x00, 0x00, 0x00, 0x00, 0x00, 0x00, 0x00, 0x00, 0x00, 0x00, 0x00, 0x00, 0x00, 0x00, 0x00, 0x00,
  0x00, 0x00, 0x00, 0x00, 0x00, 0x00, 0x00, 0x00, 0x00, 0x00, 0x00, 0x03, 0x00, 0x00, 0x14, 0x00, 0x00, 0x3c, 0x00, 0x00, 0x84, 0x00, 0x00, 0xc5,
  0x00, 0x00, 0xe4, 0x00, 0x00, 0xff, 0x00, 0x00, 0xff, 0x00, 0x00, 0xff, 0x00, 0x00, 0xff, 0x00, 0x00, 0xff, 0x00, 0x00, 0xff, 0x00, 0x00, 0xff,
  0x00, 0x08, 0xfe, 0x20, 0x18, 0xfd, 0x20, 0x28, 0xfd, 0x60, 0x48, 0xfa, 0x81, 0x70, 0xfc, 0xc1, 0x90, 0xfd, 0xe2, 0xa0, 0xfd, 0xe2, 0xb0, 0xfe,
  0x02, 0xc1, 0xff, 0x02, 0xc1, 0xff, 0x02, 0xc1, 0xff, 0x02, 0xc9, 0xff, 0x02, 0xc9, 0xff, 0x02, 0xc9, 0xff, 0x02, 0xc9, 0xff, 0x02, 0xc9, 0xff,
  0x02, 0xc9, 0xff, 0xc1, 0x98, 0xfd, 0x20, 0x18, 0xfd, 0x82, 0x39, 0xfc, 0xa1, 0x18, 0xfd, 0x81, 0x68, 0xfd, 0x02, 0xc1, 0xff, 0x02, 0xc9, 0xff,
  0x02, 0xc9, 0xff, 0x02, 0xc9, 0xff, 0x02, 0xc9, 0xff, 0x02, 0xc9, 0xff, 0x02, 0xc1, 0xff, 0x02, 0xc1, 0xff, 0x02, 0xc1, 0xff, 0x02, 0xb9, 0xff,
  0xe2, 0xa0, 0xfd, 0xc1, 0x90, 0xfd, 0xa1, 0x80, 0xfd, 0x61, 0x58, 0xf7, 0x40, 0x30, 0xfd, 0x20, 0x20, 0xfd, 0x00, 0x10, 0xfd, 0x00, 0x08, 0xfe,
  0x00, 0x00, 0xff, 0x00, 0x00, 0xff, 0x00, 0x00, 0xff, 0x00, 0x00, 0xff, 0x00, 0x00, 0xff, 0x00, 0x00, 0xff, 0x00, 0x00, 0xf4, 0x00, 0x00, 0xcc,
  0x00, 0x00, 0x94, 0x00, 0x00, 0x4c, 0x00, 0x00, 0x1c, 0x00, 0x00, 0x03, 0x00, 0x00, 0x02, 0x00, 0x00, 0x00, 0x00, 0x00, 0x00, 0x00, 0x00, 0x00,
  0x00, 0x00, 0x00, 0x00, 0x00, 0x00, 0x00, 0x00, 0x00, 0x00, 0x00, 0x00, 0x00, 0x00, 0x00, 0x00, 0x00, 0x00, 0x00, 0x00, 0x00, 0x00, 0x00, 0x00,
  0x00, 0x00, 0x00, 0x00, 0x00, 0x00, 0x00, 0x00, 0x00, 0x00, 0x00, 0x00, 0x00, 0x00, 0x00, 0x00, 0x00, 0x00, 0x00, 0x00, 0x00, 0x00, 0x00, 0x00,
  0x00, 0x00, 0x00, 0x00, 0x00, 0x00, 0x00, 0x00, 0x00, 0x00, 0x00, 0x00, 0x00, 0x00, 0x00, 0x00, 0x00, 0x00, 0x00, 0x00, 0x00, 0x00, 0x00, 0x00,
  0x00, 0x00, 0x00, 0x00, 0x00, 0x00, 0x00, 0x00, 0x00, 0x00, 0x00, 0x00, 0x00, 0x00, 0x00, 0x00, 0x00, 0x00, 0x00, 0x00, 0x00, 0x00, 0x00, 0x00,
  0x00, 0x00, 0x00, 0x00, 0x00, 0x00, 0x00, 0x00, 0x00, 0x00, 0x00, 0x00, 0x00, 0x00, 0x00, 0x00, 0x00, 0x00, 0x00, 0x00, 0x00, 0x00, 0x00, 0x00,
  0x00, 0x00, 0x00, 0x00, 0x00, 0x00, 0x00, 0x00, 0x00, 0x00, 0x00, 0x00, 0x00, 0x00, 0x00, 0x00, 0x00, 0x00, 0x00, 0x00, 0x00, 0x00, 0x00, 0x00,
  0x00, 0x00, 0x00, 0x00, 0x00, 0x00, 0x00, 0x00, 0x00, 0x00, 0x00, 0x00, 0x00, 0x00, 0x00, 0x00, 0x00, 0x00, 0x00, 0x00, 0x00, 0x00, 0x00, 0x00,
  0x00, 0x00, 0x00, 0x00, 0x00, 0x00, 0x00, 0x00, 0x00, 0x00, 0x00, 0x00, 0x00, 0x00, 0x00, 0x00, 0x00, 0x00, 0x00, 0x00, 0x00, 0x00, 0x00, 0x00,
  0x00, 0x00, 0x00, 0x00, 0x00, 0x00, 0x00, 0x00, 0x00, 0x00, 0x00, 0x00, 0x00, 0x00, 0x00, 0x00, 0x00, 0x00, 0x00, 0x00, 0x00, 0x00, 0x00, 0x00,
  0x00, 0x00, 0x00, 0x00, 0x00, 0x00, 0x00, 0x00, 0x00, 0x00, 0x00, 0x00, 0x00, 0x00, 0x00, 0x00, 0x00, 0x00, 0x00, 0x00, 0x00, 0x00, 0x00, 0x00,
  0x00, 0x00, 0x00, 0x00, 0x00, 0x00, 0x00, 0x00, 0x00, 0x00, 0x00, 0x00, 0x00, 0x00, 0x00, 0x00, 0x00, 0x00, 0x00, 0x00, 0x00, 0x00, 0x00, 0x00,
  0x00, 0x00, 0x00, 0x00, 0x00, 0x00, 0x00, 0x00, 0x00, 0x00, 0x00, 0x00, 0x00, 0x00, 0x00, 0x00, 0x00, 0x00, 0x00, 0x00, 0x00, 0x00, 0x00, 0x00,
  0x00, 0x00, 0x00, 0x00, 0x00, 0x00, 0x00, 0x00, 0x00, 0x00, 0x00, 0x00, 0x00, 0x00, 0x00, 0x00, 0x00, 0x00, 0x00, 0x00, 0x00, 0x00, 0x00, 0x00,
  0x00, 0x00, 0x00, 0x00, 0x00, 0x00, 0x00, 0x00, 0x00, 0x00, 0x00, 0x00, 0x00, 0x00, 0x00, 0x00, 0x00, 0x00, 0x00, 0x00, 0x00, 0x00, 0x00, 0x00,
  0x00, 0x00, 0x00, 0x00, 0x00, 0x00, 0x00, 0x00, 0x00, 0x00, 0x00, 0x00, 0x00, 0x00, 0x00, 0x00, 0x00, 0x00, 0x00, 0x00, 0x00, 0x00, 0x00, 0x00,
  0x00, 0x00, 0x00, 0x00, 0x00, 0x00, 0x00, 0x00, 0x00, 0x00, 0x00, 0x00, 0x00, 0x00, 0x00, 0x00, 0x00, 0x00, 0x00, 0x00, 0x00, 0x00, 0x00, 0x00,
  0x00, 0x00, 0x03, 0x00, 0x00, 0x14, 0x00, 0x00, 0x3c, 0x00, 0x00, 0x84, 0x00, 0x00, 0xbc, 0x00, 0x00, 0xe4, 0x00, 0x00, 0xf4, 0x00, 0x00, 0xff,
  0x00, 0x00, 0xff, 0x00, 0x00, 0xff, 0x00, 0x00, 0xff, 0x00, 0x08, 0xfe, 0x20, 0x18, 0xfd, 0x40, 0x30, 0xfd, 0x61, 0x50, 0xfc, 0x81, 0x70, 0xfc,
  0xc1, 0x90, 0xfd, 0xe2, 0xa8, 0xfe, 0x02, 0xb9, 0xff, 0x02, 0xc1, 0xff, 0x02, 0xc9, 0xff, 0x02, 0xc9, 0xff, 0x02, 0xc9, 0xff, 0x02, 0xc9, 0xff,
  0x02, 0xc9, 0xff, 0x02, 0xc9, 0xff, 0x02, 0xc9, 0xff, 0x02, 0xc9, 0xff, 0x02, 0xc9, 0xff, 0x02, 0xc9, 0xff, 0x02, 0xc9, 0xff, 0x02, 0xc9, 0xff,
  0x02, 0xc1, 0xff, 0x61, 0x58, 0xfc, 0xe1, 0x20, 0xfd, 0xe7, 0xbc, 0xfd, 0x43, 0x52, 0xfb, 0x20, 0x20, 0xfd, 0xe2, 0xa0, 0xfd, 0x02, 0xc9, 0xff,
  0x02, 0xc9, 0xff, 0x02, 0xc9, 0xff, 0x02, 0xc9, 0xff, 0x02, 0xc9, 0xff, 0x02, 0xc9, 0xff, 0x02, 0xc9, 0xff, 0x02, 0xc9, 0xff, 0x02, 0xc9, 0xff,
  0x02, 0xc9, 0xff, 0x02, 0xc9, 0xff, 0x02, 0xc9, 0xff, 0x02, 0xc1, 0xff, 0x02, 0xc1, 0xff, 0xe2, 0xb0, 0xfe, 0xc1, 0x98, 0xfd, 0xa1, 0x80, 0xfd,
  0x61, 0x58, 0xfc, 0x40, 0x38, 0xfd, 0x20, 0x18, 0xfd, 0x00, 0x08, 0xfe, 0x00, 0x00, 0xff, 0x00, 0x00, 0xff, 0x00, 0x00, 0xff, 0x00, 0x00, 0xff,
  0x00, 0x00, 0xff, 0x00, 0x00, 0xec, 0x00, 0x00, 0xcc, 0x00, 0x00, 0x94, 0x00, 0x00, 0x54, 0x00, 0x00, 0x24, 0x00, 0x00, 0x03, 0x00, 0x00, 0x00,
  0x00, 0x00, 0x00, 0x00, 0x00, 0x00, 0x00, 0x00, 0x00, 0x00, 0x00, 0x00, 0x00, 0x00, 0x00, 0x00, 0x00, 0x00, 0x00, 0x00, 0x00, 0x00, 0x00, 0x00,
  0x00, 0x00, 0x00, 0x00, 0x00, 0x00, 0x00, 0x00, 0x00, 0x00, 0x00, 0x00, 0x00, 0x00, 0x00, 0x00, 0x00, 0x00, 0x00, 0x00, 0x00, 0x00, 0x00, 0x00,
  0x00, 0x00, 0x00, 0x00, 0x00, 0x00, 0x00, 0x00, 0x00, 0x00, 0x00, 0x00, 0x00, 0x00, 0x00, 0x00, 0x00, 0x00, 0x00, 0x00, 0x00, 0x00, 0x00, 0x00,
  0x00, 0x00, 0x00, 0x00, 0x00, 0x00, 0x00, 0x00, 0x00, 0x00, 0x00, 0x00, 0x00, 0x00, 0x00, 0x00, 0x00, 0x00, 0x00, 0x00, 0x00, 0x00, 0x00, 0x00,
  0x00, 0x00, 0x00, 0x00, 0x00, 0x00, 0x00, 0x00, 0x00, 0x00, 0x00, 0x00, 0x00, 0x00, 0x00, 0x00, 0x00, 0x00, 0x00, 0x00, 0x00, 0x00, 0x00, 0x00,
  0x00, 0x00, 0x00, 0x00, 0x00, 0x00, 0x00, 0x00, 0x00, 0x00, 0x00, 0x00, 0x00, 0x00, 0x00, 0x00, 0x00, 0x00, 0x00, 0x00, 0x00, 0x00, 0x00, 0x00,
  0x00, 0x00, 0x00, 0x00, 0x00, 0x00, 0x00, 0x00, 0x00, 0x00, 0x00, 0x00, 0x00, 0x00, 0x00, 0x00, 0x00, 0x00, 0x00, 0x00, 0x00, 0x00, 0x00, 0x00,
  0x00, 0x00, 0x00, 0x00, 0x00, 0x00, 0x00, 0x00, 0x00, 0x00, 0x00, 0x00, 0x00, 0x00, 0x00, 0x00, 0x00, 0x00, 0x00, 0x00, 0x00, 0x00, 0x00, 0x00,
  0x00, 0x00, 0x00, 0x00, 0x00, 0x00, 0x00, 0x00, 0x00, 0x00, 0x00, 0x00, 0x00, 0x00, 0x00, 0x00, 0x00, 0x00, 0x00, 0x00, 0x00, 0x00, 0x00, 0x00,
  0x00, 0x00, 0x00, 0x00, 0x00, 0x00, 0x00, 0x00, 0x00, 0x00, 0x00, 0x00, 0x00, 0x00, 0x00, 0x00, 0x00, 0x00, 0x00, 0x00, 0x00, 0x00, 0x00, 0x00,
  0x00, 0x00, 0x00, 0x00, 0x00, 0x00, 0x00, 0x00, 0x00, 0x00, 0x00, 0x00, 0x00, 0x00, 0x00, 0x00, 0x00, 0x00, 0x00, 0x00, 0x00, 0x00, 0x00, 0x00,
  0x00, 0x00, 0x00, 0x00, 0x00, 0x00, 0x00, 0x00, 0x00, 0x00, 0x00, 0x00, 0x00, 0x00, 0x00, 0x00, 0x00, 0x00, 0x00, 0x00, 0x00, 0x00, 0x00, 0x00,
  0x00, 0x00, 0x00, 0x00, 0x00, 0x00, 0x00, 0x00, 0x00, 0x00, 0x00, 0x00, 0x00, 0x00, 0x00, 0x00, 0x00, 0x00, 0x00, 0x00, 0x00, 0x00, 0x00, 0x00,
  0x00, 0x00, 0x00, 0x00, 0x00, 0x00, 0x00, 0x00, 0x00, 0x00, 0x00, 0x00, 0x00, 0x00, 0x00, 0x00, 0x00, 0x00, 0x00, 0x00, 0x00, 0x00, 0x00, 0x00,
  0x00, 0x00, 0x00, 0x00, 0x00, 0x00, 0x00, 0x00, 0x00, 0x00, 0x00, 0x00, 0x00, 0x00, 0x00, 0x00, 0x00, 0x00, 0x00, 0x00, 0x00, 0x00, 0x00, 0x00,
  0x00, 0x00, 0x00, 0x00, 0x00, 0x00, 0x00, 0x00, 0x00, 0x00, 0x00, 0x00, 0x00, 0x00, 0x00, 0x00, 0x00, 0x02, 0x00, 0x00, 0x0c, 0x00, 0x00, 0x3c,
  0x00, 0x00, 0x7c, 0x00, 0x00, 0xbc, 0x00, 0x00, 0xec, 0x00, 0x00, 0xff, 0x00, 0x00, 0xff, 0x00, 0x00, 0xff, 0x00, 0x00, 0xff, 0x00, 0x00, 0xff,
  0x00, 0x10, 0xfd, 0x40, 0x30, 0xfd, 0x81, 0x60, 0xfd, 0xa1, 0x80, 0xfd, 0xe2, 0xa0, 0xfd, 0x02, 0xb9, 0xff, 0x02, 0xc9, 0xff, 0x02, 0xc9, 0xff,
  0x02, 0xc9, 0xff, 0x02, 0xc9, 0xff, 0x02, 0xc9, 0xff, 0x02, 0xc9, 0xff, 0x02, 0xc9, 0xff, 0x02, 0xc9, 0xff, 0x02, 0xc9, 0xff, 0x02, 0xc9, 0xff,
  0x02, 0xc9, 0xff, 0x02, 0xc9, 0xff, 0x02, 0xc9, 0xff, 0x02, 0xc9, 0xff, 0x02, 0xc9, 0xff, 0x02, 0xc9, 0xff, 0x02, 0xc9, 0xff, 0x02, 0xc9, 0xff,
  0xe2, 0xa0, 0xfd, 0x40, 0x20, 0xfd, 0x24, 0x7b, 0xfa, 0x69, 0xf6, 0xff, 0xe7, 0xbc, 0xfd, 0xa1, 0x18, 0xfd, 0x81, 0x58, 0xfc, 0x02, 0xc1, 0xff,
  0x02, 0xc9, 0xff, 0x02, 0xc9, 0xff, 0x02, 0xc9, 0xff, 0x02, 0xc9, 0xff, 0x02, 0xc9, 0xff, 0x02, 0xc9, 0xff, 0x02, 0xc9, 0xff, 0x02, 0xc9, 0xff,
  0x02, 0xc9, 0xff, 0x02, 0xc9, 0xff, 0x02, 0xc9, 0xff, 0x02, 0xc9, 0xff, 0x02, 0xc9, 0xff, 0x02, 0xc9, 0xff, 0x02, 0xc9, 0xff, 0x02, 0xc9, 0xff,
  0x02, 0xc9, 0xff, 0x02, 0xc1, 0xff, 0xe2, 0xb0, 0xfe, 0xc1, 0x88, 0xfd, 0x81, 0x68, 0xfd, 0x40, 0x40, 0xfd, 0x20, 0x18, 0xfd, 0x00, 0x08, 0xfe,
  0x00, 0x00, 0xff, 0x00, 0x00, 0xff, 0x00, 0x00, 0xff, 0x00, 0x00, 0xff, 0x00, 0x00, 0xf4, 0x00, 0x00, 0xcc, 0x00, 0x00, 0x8d, 0x00, 0x00, 0x4c,
  0x00, 0x00, 0x1c, 0x00, 0x00, 0x03, 0x00, 0x00, 0x00, 0x00, 0x00, 0x00, 0x00, 0x00, 0x00, 0x00, 0x00, 0x00, 0x00, 0x00, 0x00, 0x00, 0x00, 0x00,
  0x00, 0x00, 0x00, 0x00, 0x00, 0x00, 0x00, 0x00, 0x00, 0x00, 0x00, 0x00, 0x00, 0x00, 0x00, 0x00, 0x00, 0x00, 0x00, 0x00, 0x00, 0x00, 0x00, 0x00,
  0x00, 0x00, 0x00, 0x00, 0x00, 0x00, 0x00, 0x00, 0x00, 0x00, 0x00, 0x00, 0x00, 0x00, 0x00, 0x00, 0x00, 0x00, 0x00, 0x00, 0x00, 0x00, 0x00, 0x00,
  0x00, 0x00, 0x00, 0x00, 0x00, 0x00, 0x00, 0x00, 0x00, 0x00, 0x00, 0x00, 0x00, 0x00, 0x00, 0x00, 0x00, 0x00, 0x00, 0x00, 0x00, 0x00, 0x00, 0x00,
  0x00, 0x00, 0x00, 0x00, 0x00, 0x00, 0x00, 0x00, 0x00, 0x00, 0x00, 0x00, 0x00, 0x00, 0x00, 0x00, 0x00, 0x00, 0x00, 0x00, 0x00, 0x00, 0x00, 0x00,
  0x00, 0x00, 0x00, 0x00, 0x00, 0x00, 0x00, 0x00, 0x00, 0x00, 0x00, 0x00, 0x00, 0x00, 0x00, 0x00, 0x00, 0x00, 0x00, 0x00, 0x00, 0x00, 0x00, 0x00,
  0x00, 0x00, 0x00, 0x00, 0x00, 0x00, 0x00, 0x00, 0x00, 0x00, 0x00, 0x00, 0x00, 0x00, 0x00, 0x00, 0x00, 0x00, 0x00, 0x00, 0x00, 0x00, 0x00, 0x00,
  0x00, 0x00, 0x00, 0x00, 0x00, 0x00, 0x00, 0x00, 0x00, 0x00, 0x00, 0x00, 0x00, 0x00, 0x00, 0x00, 0x00, 0x00, 0x00, 0x00, 0x00, 0x00, 0x00, 0x00,
  0x00, 0x00, 0x00, 0x00, 0x00, 0x00, 0x00, 0x00, 0x00, 0x00, 0x00, 0x00, 0x00, 0x00, 0x00, 0x00, 0x00, 0x00, 0x00, 0x00, 0x00, 0x00, 0x00, 0x00,
  0x00, 0x00, 0x00, 0x00, 0x00, 0x00, 0x00, 0x00, 0x00, 0x00, 0x00, 0x00, 0x00, 0x00, 0x00, 0x00, 0x00, 0x00, 0x00, 0x00, 0x00, 0x00, 0x00, 0x00,
  0x00, 0x00, 0x00, 0x00, 0x00, 0x00, 0x00, 0x00, 0x00, 0x00, 0x00, 0x00, 0x00, 0x00, 0x00, 0x00, 0x00, 0x00, 0x00, 0x00, 0x00, 0x00, 0x00, 0x00,
  0x00, 0x00, 0x00, 0x00, 0x00, 0x00, 0x00, 0x00, 0x00, 0x00, 0x00, 0x00, 0x00, 0x00, 0x00, 0x00, 0x00, 0x00, 0x00, 0x00, 0x00, 0x00, 0x00, 0x00,
  0x00, 0x00, 0x00, 0x00, 0x00, 0x00, 0x00, 0x00, 0x00, 0x00, 0x00, 0x00, 0x00, 0x00, 0x00, 0x00, 0x00, 0x00, 0x00, 0x00, 0x00, 0x00, 0x00, 0x00,
  0x00, 0x00, 0x00, 0x00, 0x00, 0x00, 0x00, 0x00, 0x00, 0x00, 0x00, 0x00, 0x00, 0x00, 0x00, 0x00, 0x00, 0x00, 0x00, 0x00, 0x00, 0x00, 0x00, 0x00,
  0x00, 0x00, 0x00, 0x00, 0x00, 0x00, 0x00, 0x00, 0x00, 0x00, 0x00, 0x00, 0x00, 0x00, 0x00, 0x00, 0x00, 0x00, 0x00, 0x00, 0x00, 0x00, 0x00, 0x00,
  0x00, 0x00, 0x00, 0x00, 0x00, 0x00, 0x00, 0x00, 0x00, 0x00, 0x00, 0x02, 0x00, 0x00, 0x14, 0x00, 0x00, 0x54, 0x00, 0x00, 0xa4, 0x00, 0x00, 0xe4,
  0x00, 0x00, 0xff, 0x00, 0x00, 0xff, 0x00, 0x00, 0xff, 0x00, 0x00, 0xff, 0x00, 0x00, 0xff, 0x00, 0x10, 0xfd, 0x40, 0x40, 0xfd, 0x81, 0x70, 0xfc,
  0xe2, 0xa0, 0xfd, 0x02, 0xb9, 0xff, 0x02, 0xc9, 0xff, 0x02, 0xc9, 0xff, 0x02, 0xc9, 0xff, 0x02, 0xc9, 0xff, 0x02, 0xc9, 0xff, 0x02, 0xc9, 0xff,
  0x02, 0xc9, 0xff, 0x02, 0xc9, 0xff, 0x02, 0xc9, 0xff, 0x02, 0xc9, 0xff, 0x02, 0xc9, 0xff, 0x02, 0xc9, 0xff, 0x02, 0xc9, 0xff, 0x02, 0xc9, 0xff,
  0x02, 0xc9, 0xff, 0x02, 0xc9, 0xff, 0x02, 0xc9, 0xff, 0x02, 0xc9, 0xff, 0x02, 0xc9, 0xff, 0x02, 0xc9, 0xff, 0x02, 0xc9, 0xff, 0x02, 0xc1, 0xff,
  0x81, 0x58, 0xfc, 0x62, 0x31, 0xfc, 0xa8, 0xdd, 0xfe, 0x8a, 0xfe, 0xff, 0x49, 0xee, 0xff, 0xc4, 0x6a, 0xfb, 0x40, 0x20, 0xfd, 0xe2, 0xa8, 0xfe,
  0x02, 0xc9, 0xff, 0x02, 0xc9, 0xff, 0x02, 0xc9, 0xff, 0x02, 0xc9, 0xff, 0x02, 0xc9, 0xff, 0x02, 0xc9, 0xff, 0x02, 0xc9, 0xff, 0x02, 0xc9, 0xff,
  0x02, 0xc9, 0xff, 0x02, 0xc9, 0xff, 0x02, 0xc9, 0xff, 0x02, 0xc9, 0xff, 0x02, 0xc9, 0xff, 0x02, 0xc9, 0xff, 0x02, 0xc9, 0xff, 0x02, 0xc9, 0xff,
  0x02, 0xc9, 0xff, 0x02, 0xc9, 0xff, 0x02, 0xc9, 0xff, 0x02, 0xc9, 0xff, 0x02, 0xc9, 0xff, 0x02, 0xc1, 0xff, 0xe2, 0xa8, 0xfe, 0xa1, 0x80, 0xfd,
  0x60, 0x48, 0xfa, 0x20, 0x20, 0xfd, 0x00, 0x00, 0xff, 0x00, 0x00, 0xff, 0x00, 0x00, 0xff, 0x00, 0x00, 0xff, 0x00, 0x00, 0xff, 0x00, 0x00, 0xec,
  0x00, 0x00, 0xc5, 0x00, 0x00, 0x6c, 0x00, 0x00, 0x24, 0x00, 0x00, 0x03, 0x00, 0x00, 0x00, 0x00, 0x00, 0x00, 0x00, 0x00, 0x00, 0x00, 0x00, 0x00,
  0x00, 0x00, 0x00, 0x00, 0x00, 0x00, 0x00, 0x00, 0x00, 0x00, 0x00, 0x00, 0x00, 0x00, 0x00, 0x00, 0x00, 0x00, 0x00, 0x00, 0x00, 0x00, 0x00, 0x00,
  0x00, 0x00, 0x00, 0x00, 0x00, 0x00, 0x00, 0x00, 0x00, 0x00, 0x00, 0x00, 0x00, 0x00, 0x00, 0x00, 0x00, 0x00, 0x00, 0x00, 0x00, 0x00, 0x00, 0x00,
  0x00, 0x00, 0x00, 0x00, 0x00, 0x00, 0x00, 0x00, 0x00, 0x00, 0x00, 0x00, 0x00, 0x00, 0x00, 0x00, 0x00, 0x00, 0x00, 0x00, 0x00, 0x00, 0x00, 0x00,
  0x00, 0x00, 0x00, 0x00, 0x00, 0x00, 0x00, 0x00, 0x00, 0x00, 0x00, 0x00, 0x00, 0x00, 0x00, 0x00, 0x00, 0x00, 0x00, 0x00, 0x00, 0x00, 0x00, 0x00,
  0x00, 0x00, 0x00, 0x00, 0x00, 0x00, 0x00, 0x00, 0x00, 0x00, 0x00, 0x00, 0x00, 0x00, 0x00, 0x00, 0x00, 0x00, 0x00, 0x00, 0x00, 0x00, 0x00, 0x00,
  0x00, 0x00, 0x00, 0x00, 0x00, 0x00, 0x00, 0x00, 0x00, 0x00, 0x00, 0x00, 0x00, 0x00, 0x00, 0x00, 0x00, 0x00, 0x00, 0x00, 0x00, 0x00, 0x00, 0x00,
  0x00, 0x00, 0x00, 0x00, 0x00, 0x00, 0x00, 0x00, 0x00, 0x00, 0x00, 0x00, 0x00, 0x00, 0x00, 0x00, 0x00, 0x00, 0x00, 0x00, 0x00, 0x00, 0x00, 0x00,
  0x00, 0x00, 0x00, 0x00, 0x00, 0x00, 0x00, 0x00, 0x00, 0x00, 0x00, 0x00, 0x00, 0x00, 0x00, 0x00, 0x00, 0x00, 0x00, 0x00, 0x00, 0x00, 0x00, 0x00,
  0x00, 0x00, 0x00, 0x00, 0x00, 0x00, 0x00, 0x00, 0x00, 0x00, 0x00, 0x00, 0x00, 0x00, 0x00, 0x00, 0x00, 0x00, 0x00, 0x00, 0x00, 0x00, 0x00, 0x00,
  0x00, 0x00, 0x00, 0x00, 0x00, 0x00, 0x00, 0x00, 0x00, 0x00, 0x00, 0x00, 0x00, 0x00, 0x00, 0x00, 0x00, 0x00, 0x00, 0x00, 0x00, 0x00, 0x00, 0x00,
  0x00, 0x00, 0x00, 0x00, 0x00, 0x00, 0x00, 0x00, 0x00, 0x00, 0x00, 0x00, 0x00, 0x00, 0x00, 0x00, 0x00, 0x00, 0x00, 0x00, 0x00, 0x00, 0x00, 0x00,
  0x00, 0x00, 0x00, 0x00, 0x00, 0x00, 0x00, 0x00, 0x00, 0x00, 0x00, 0x00, 0x00, 0x00, 0x00, 0x00, 0x00, 0x00, 0x00, 0x00, 0x00, 0x00, 0x00, 0x00,
  0x00, 0x00, 0x00, 0x00, 0x00, 0x00, 0x00, 0x00, 0x00, 0x00, 0x00, 0x00, 0x00, 0x00, 0x00, 0x00, 0x00, 0x00, 0x00, 0x00, 0x00, 0x00, 0x00, 0x00,
  0x00, 0x00, 0x00, 0x00, 0x00, 0x00, 0x00, 0x00, 0x00, 0x00, 0x00, 0x00, 0x00, 0x00, 0x00, 0x00, 0x00, 0x00, 0x00, 0x00, 0x00, 0x00, 0x00, 0x00,
  0x00, 0x00, 0x00, 0x00, 0x00, 0x03, 0x00, 0x00, 0x1c, 0x00, 0x00, 0x5c, 0x00, 0x00, 0xb5, 0x00, 0x00, 0xec, 0x00, 0x00, 0xff, 0x00, 0x00, 0xff,
  0x00, 0x00, 0xff, 0x00, 0x00, 0xff, 0x00, 0x10, 0xfd, 0x40, 0x30, 0xfd, 0x81, 0x60, 0xfd, 0xc1, 0x90, 0xfd, 0x02, 0xb9, 0xff, 0x02, 0xc9, 0xff,
  0x02, 0xc9, 0xff, 0x02, 0xc9, 0xff, 0x02, 0xc9, 0xff, 0x02, 0xc9, 0xff, 0x02, 0xc9, 0xff, 0x02, 0xc9, 0xff, 0x02, 0xc9, 0xff, 0x02, 0xc9, 0xff,
  0x02, 0xc9, 0xff, 0x02, 0xc9, 0xff, 0x02, 0xc9, 0xff, 0x02, 0xc9, 0xff, 0x02, 0xc9, 0xff, 0x02, 0xc9, 0xff, 0x02, 0xc9, 0xff, 0x02, 0xc9, 0xff,
  0x02, 0xc9, 0xff, 0x02, 0xc9, 0xff, 0x02, 0xc9, 0xff, 0x02, 0xc9, 0xff, 0x02, 0xc9, 0xff, 0x02, 0xc9, 0xff, 0x02, 0xc9, 0xff, 0xe2, 0xa8, 0xfe,
  0x40, 0x20, 0xfd, 0x24, 0x7b, 0xfa, 0x69, 0xf6, 0xff, 0x8a, 0xfe, 0xff, 0x8a, 0xfe, 0xff, 0x48, 0xcd, 0xfe, 0x21, 0x29, 0xfb, 0x81, 0x68, 0xfd,
  0x02, 0xc9, 0xff, 0x02, 0xc9, 0xff, 0x02, 0xc9, 0xff, 0x02, 0xc9, 0xff, 0x02, 0xc9, 0xff, 0x02, 0xc9, 0xff, 0x02, 0xc9, 0xff, 0x02, 0xc9, 0xff,
  0x02, 0xc9, 0xff, 0x02, 0xc9, 0xff, 0x02, 0xc9, 0xff, 0x02, 0xc9, 0xff, 0x02, 0xc9, 0xff, 0x02, 0xc9, 0xff, 0x02, 0xc9, 0xff, 0x02, 0xc9, 0xff,
  0x02, 0xc9, 0xff, 0x02, 0xc9, 0xff, 0x02, 0xc9, 0xff, 0x02, 0xc9, 0xff, 0x02, 0xc9, 0xff, 0x02, 0xc9, 0xff, 0x02, 0xc9, 0xff, 0x02, 0xc9, 0xff,
  0x02, 0xc1, 0xff, 0xe2, 0xa0, 0xfd, 0x81, 0x70, 0xfc, 0x40, 0x40, 0xfd, 0x20, 0x18, 0xfd, 0x00, 0x00, 0xff, 0x00, 0x00, 0xff, 0x00, 0x00, 0xff,
  0x00, 0x00, 0xff, 0x00, 0x00, 0xf4, 0x00, 0x00, 0xc5, 0x00, 0x00, 0x7c, 0x00, 0x00, 0x2c, 0x00, 0x00, 0x0c, 0x00, 0x00, 0x00, 0x00, 0x00, 0x00,
  0x00, 0x00, 0x00, 0x00, 0x00, 0x00, 0x00, 0x00, 0x00, 0x00, 0x00, 0x00, 0x00, 0x00, 0x00, 0x00, 0x00, 0x00, 0x00, 0x00, 0x00, 0x00, 0x00, 0x00,
  0x00, 0x00, 0x00, 0x00, 0x00, 0x00, 0x00, 0x00, 0x00, 0x00, 0x00, 0x00, 0x00, 0x00, 0x00, 0x00, 0x00, 0x00, 0x00, 0x00, 0x00, 0x00, 0x00, 0x00,
  0x00, 0x00, 0x00, 0x00, 0x00, 0x00, 0x00, 0x00, 0x00, 0x00, 0x00, 0x00, 0x00, 0x00, 0x00, 0x00, 0x00, 0x00, 0x00, 0x00, 0x00, 0x00, 0x00, 0x00,
  0x00, 0x00, 0x00, 0x00, 0x00, 0x00, 0x00, 0x00, 0x00, 0x00, 0x00, 0x00, 0x00, 0x00, 0x00, 0x00, 0x00, 0x00, 0x00, 0x00, 0x00, 0x00, 0x00, 0x00,
  0x00, 0x00, 0x00, 0x00, 0x00, 0x00, 0x00, 0x00, 0x00, 0x00, 0x00, 0x00, 0x00, 0x00, 0x00, 0x00, 0x00, 0x00, 0x00, 0x00, 0x00, 0x00, 0x00, 0x00,
  0x00, 0x00, 0x00, 0x00, 0x00, 0x00, 0x00, 0x00, 0x00, 0x00, 0x00, 0x00, 0x00, 0x00, 0x00, 0x00, 0x00, 0x00, 0x00, 0x00, 0x00, 0x00, 0x00, 0x00,
  0x00, 0x00, 0x00, 0x00, 0x00, 0x00, 0x00, 0x00, 0x00, 0x00, 0x00, 0x00, 0x00, 0x00, 0x00, 0x00, 0x00, 0x00, 0x00, 0x00, 0x00, 0x00, 0x00, 0x00,
  0x00, 0x00, 0x00, 0x00, 0x00, 0x00, 0x00, 0x00, 0x00, 0x00, 0x00, 0x00, 0x00, 0x00, 0x00, 0x00, 0x00, 0x00, 0x00, 0x00, 0x00, 0x00, 0x00, 0x00,
  0x00, 0x00, 0x00, 0x00, 0x00, 0x00, 0x00, 0x00, 0x00, 0x00, 0x00, 0x00, 0x00, 0x00, 0x00, 0x00, 0x00, 0x00, 0x00, 0x00, 0x00, 0x00, 0x00, 0x00,
  0x00, 0x00, 0x00, 0x00, 0x00, 0x00, 0x00, 0x00, 0x00, 0x00, 0x00, 0x00, 0x00, 0x00, 0x00, 0x00, 0x00, 0x00, 0x00, 0x00, 0x00, 0x00, 0x00, 0x00,
  0x00, 0x00, 0x00, 0x00, 0x00, 0x00, 0x00, 0x00, 0x00, 0x00, 0x00, 0x00, 0x00, 0x00, 0x00, 0x00, 0x00, 0x00, 0x00, 0x00, 0x00, 0x00, 0x00, 0x00,
  0x00, 0x00, 0x00, 0x00, 0x00, 0x00, 0x00, 0x00, 0x00, 0x00, 0x00, 0x00, 0x00, 0x00, 0x00, 0x00, 0x00, 0x00, 0x00, 0x00, 0x00, 0x00, 0x00, 0x00,
  0x00, 0x00, 0x00, 0x00, 0x00, 0x00, 0x00, 0x00, 0x00, 0x00, 0x00, 0x00, 0x00, 0x00, 0x00, 0x00, 0x00, 0x00, 0x00, 0x00, 0x00, 0x00, 0x00, 0x00,
  0x00, 0x00, 0x00, 0x00, 0x00, 0x00, 0x00, 0x00, 0x00, 0x00, 0x00, 0x00, 0x00, 0x00, 0x00, 0x00, 0x00, 0x00, 0x00, 0x00, 0x00, 0x00, 0x00, 0x03,
  0x00, 0x00, 0x2c, 0x00, 0x00, 0x7c, 0x00, 0x00, 0xcc, 0x00, 0x00, 0xf4, 0x00, 0x00, 0xff, 0x00, 0x00, 0xff, 0x00, 0x00, 0xff, 0x00, 0x08, 0xfe,
  0x20, 0x28, 0xfd, 0x81, 0x58, 0xfc, 0xc1, 0x90, 0xfd, 0x02, 0xb9, 0xff, 0x02, 0xc9, 0xff, 0x02, 0xc9, 0xff, 0x02, 0xc9, 0xff, 0x02, 0xc9, 0xff,
  0x02, 0xc9, 0xff, 0x02, 0xc9, 0xff, 0x02, 0xc9, 0xff, 0x02, 0xc9, 0xff, 0x02, 0xc9, 0xff, 0x02, 0xc9, 0xff, 0x02, 0xc9, 0xff, 0x02, 0xc9, 0xff,
  0x02, 0xc9, 0xff, 0x02, 0xc9, 0xff, 0x02, 0xc9, 0xff, 0x02, 0xc9, 0xff, 0x02, 0xc9, 0xff, 0x02, 0xc9, 0xff, 0x02, 0xc9, 0xff, 0x02, 0xc9, 0xff,
  0x02, 0xc9, 0xff, 0x02, 0xc9, 0xff, 0x02, 0xc9, 0xff, 0x02, 0xc9, 0xff, 0x02, 0xc9, 0xff, 0x02, 0xc9, 0xff, 0x02, 0xc1, 0xff, 0x81, 0x68, 0xfd,
  0x21, 0x29, 0xfb, 0x48, 0xcd, 0xfe, 0x8a, 0xfe, 0xff, 0x8a, 0xfe, 0xff, 0x8a, 0xfe, 0xff, 0x69, 0xf6, 0xff, 0x24, 0x7b, 0xfa, 0x20, 0x28, 0xfd,
  0xe2, 0xa8, 0xfe, 0x02, 0xc9, 0xff, 0x02, 0xc9, 0xff, 0x02, 0xc9, 0xff, 0x02, 0xc9, 0xff, 0x02, 0xc9, 0xff, 0x02, 0xc9, 0xff, 0x02, 0xc9, 0xff,
  0x02, 0xc9, 0xff, 0x02, 0xc9, 0xff, 0x02, 0xc9, 0xff, 0x02, 0xc9, 0xff, 0x02, 0xc9, 0xff, 0x02, 0xc9, 0xff, 0x02, 0xc9, 0xff, 0x02, 0xc9, 0xff,
  0x02, 0xc9, 0xff, 0x02, 0xc9, 0xff, 0x02, 0xc9, 0xff, 0x02, 0xc9, 0xff, 0x02, 0xc9, 0xff, 0x02, 0xc9, 0xff, 0x02, 0xc9, 0xff, 0x02, 0xc9, 0xff,
  0x02, 0xc9, 0xff, 0x02, 0xc9, 0xff, 0x02, 0xc9, 0xff, 0x02, 0xc1, 0xff, 0xe2, 0xa0, 0xfd, 0x81, 0x70, 0xfc, 0x40, 0x30, 0xfd, 0x00, 0x10, 0xfd,
  0x00, 0x00, 0xff, 0x00, 0x00, 0xff, 0x00, 0x00, 0xff, 0x00, 0x00, 0xff, 0x00, 0x00, 0xdb, 0x00, 0x00, 0x94, 0x00, 0x00, 0x45, 0x00, 0x00, 0x0c,
  0x00, 0x00, 0x00, 0x00, 0x00, 0x00, 0x00, 0x00, 0x00, 0x00, 0x00, 0x00, 0x00, 0x00, 0x00, 0x00, 0x00, 0x00, 0x00, 0x00, 0x00, 0x00, 0x00, 0x00,
  0x00, 0x00, 0x00, 0x00, 0x00, 0x00, 0x00, 0x00, 0x00, 0x00, 0x00, 0x00, 0x00, 0x00, 0x00, 0x00, 0x00, 0x00, 0x00, 0x00, 0x00, 0x00, 0x00, 0x00,
  0x00, 0x00, 0x00, 0x00, 0x00, 0x00, 0x00, 0x00, 0x00, 0x00, 0x00, 0x00, 0x00, 0x00, 0x00, 0x00, 0x00, 0x00, 0x00, 0x00, 0x00, 0x00, 0x00, 0x00,
  0x00, 0x00, 0x00, 0x00, 0x00, 0x00, 0x00, 0x00, 0x00, 0x00, 0x00, 0x00, 0x00, 0x00, 0x00, 0x00, 0x00, 0x00, 0x00, 0x00, 0x00, 0x00, 0x00, 0x00,
  0x00, 0x00, 0x00, 0x00, 0x00, 0x00, 0x00, 0x00, 0x00, 0x00, 0x00, 0x00, 0x00, 0x00, 0x00, 0x00, 0x00, 0x00, 0x00, 0x00, 0x00, 0x00, 0x00, 0x00,
  0x00, 0x00, 0x00, 0x00, 0x00, 0x00, 0x00, 0x00, 0x00, 0x00, 0x00, 0x00, 0x00, 0x00, 0x00, 0x00, 0x00, 0x00, 0x00, 0x00, 0x00, 0x00, 0x00, 0x00,
  0x00, 0x00, 0x00, 0x00, 0x00, 0x00, 0x00, 0x00, 0x00, 0x00, 0x00, 0x00, 0x00, 0x00, 0x00, 0x00, 0x00, 0x00, 0x00, 0x00, 0x00, 0x00, 0x00, 0x00,
  0x00, 0x00, 0x00, 0x00, 0x00, 0x00, 0x00, 0x00, 0x00, 0x00, 0x00, 0x00, 0x00, 0x00, 0x00, 0x00, 0x00, 0x00, 0x00, 0x00, 0x00, 0x00, 0x00, 0x00,
  0x00, 0x00, 0x00, 0x00, 0x00, 0x00, 0x00, 0x00, 0x00, 0x00, 0x00, 0x00, 0x00, 0x00, 0x00, 0x00, 0x00, 0x00, 0x00, 0x00, 0x00, 0x00, 0x00, 0x00,
  0x00, 0x00, 0x00, 0x00, 0x00, 0x00, 0x00, 0x00, 0x00, 0x00, 0x00, 0x00, 0x00, 0x00, 0x00, 0x00, 0x00, 0x00, 0x00, 0x00, 0x00, 0x00, 0x00, 0x00,
  0x00, 0x00, 0x00, 0x00, 0x00, 0x00, 0x00, 0x00, 0x00, 0x00, 0x00, 0x00, 0x00, 0x00, 0x00, 0x00, 0x00, 0x00, 0x00, 0x00, 0x00, 0x00, 0x00, 0x00,
  0x00, 0x00, 0x00, 0x00, 0x00, 0x00, 0x00, 0x00, 0x00, 0x00, 0x00, 0x00, 0x00, 0x00, 0x00, 0x00, 0x00, 0x00, 0x00, 0x00, 0x00, 0x00, 0x00, 0x00,
  0x00, 0x00, 0x00, 0x00, 0x00, 0x00, 0x00, 0x00, 0x00, 0x00, 0x00, 0x00, 0x00, 0x00, 0x00, 0x00, 0x00, 0x00, 0x00, 0x00, 0x00, 0x00, 0x00, 0x00,
  0x00, 0x00, 0x00, 0x00, 0x00, 0x00, 0x00, 0x00, 0x00, 0x00, 0x00, 0x00, 0x00, 0x00, 0x00, 0x00, 0x00, 0x0c, 0x00, 0x00, 0x34, 0x00, 0x00, 0x84,
  0x00, 0x00, 0xd5, 0x00, 0x00, 0xf4, 0x00, 0x00, 0xff, 0x00, 0x00, 0xff, 0x00, 0x00, 0xff, 0x00, 0x10, 0xfd, 0x40, 0x40, 0xfd, 0xa1, 0x88, 0xfb,
  0xe2, 0xb8, 0xfe, 0x02, 0xc1, 0xff, 0x02, 0xc9, 0xff, 0x02, 0xc9, 0xff, 0x02, 0xc9, 0xff, 0x02, 0xc9, 0xff, 0x02, 0xc9, 0xff, 0x02, 0xc9, 0xff,
  0x02, 0xc9, 0xff, 0x02, 0xc9, 0xff, 0x02, 0xc9, 0xff, 0x02, 0xc9, 0xff, 0x02, 0xc9, 0xff, 0x02, 0xc9, 0xff, 0x02, 0xc9, 0xff, 0x02, 0xc9, 0xff,
  0x02, 0xc9, 0xff, 0x02, 0xc9, 0xff, 0x02, 0xc9, 0xff, 0x02, 0xc9, 0xff, 0x02, 0xc9, 0xff, 0x02, 0xc9, 0xff, 0x02, 0xc9, 0xff, 0x02, 0xc9, 0xff,
  0x02, 0xc9, 0xff, 0x02, 0xc9, 0xff, 0x02, 0xc9, 0xff, 0x02, 0xc9, 0xff, 0x02, 0xc9, 0xff, 0x02, 0xc9, 0xff, 0xc1, 0x90, 0xfd, 0x40, 0x20, 0xfd,
  0x24, 0x7b, 0xfa, 0x69, 0xf6, 0xff, 0x8a, 0xfe, 0xff, 0x8a, 0xfe, 0xff, 0x8a, 0xfe, 0xff, 0x8a, 0xfe, 0xff, 0x48, 0xcd, 0xfe, 0x21, 0x29, 0xfb,
  0x81, 0x68, 0xfd, 0x02, 0xc1, 0xff, 0x02, 0xc9, 0xff, 0x02, 0xc9, 0xff, 0x02, 0xc9, 0xff, 0x02, 0xc9, 0xff, 0x02, 0xc9, 0xff, 0x02, 0xc9, 0xff,
  0x02, 0xc9, 0xff, 0x02, 0xc9, 0xff, 0x02, 0xc9, 0xff, 0x02, 0xc9, 0xff, 0x02, 0xc9, 0xff, 0x02, 0xc9, 0xff, 0x02, 0xc9, 0xff, 0x02, 0xc9, 0xff,
  0x02, 0xc9, 0xff, 0x02, 0xc9, 0xff, 0x02, 0xc9, 0xff, 0x02, 0xc9, 0xff, 0x02, 0xc9, 0xff, 0x02, 0xc9, 0xff, 0x02, 0xc9, 0xff, 0x02, 0xc9, 0xff,
  0x02, 0xc9, 0xff, 0x02, 0xc9, 0xff, 0x02, 0xc9, 0xff, 0x02, 0xc9, 0xff, 0x02, 0xc9, 0xff, 0x02, 0xc9, 0xff, 0x02, 0xb9, 0xff, 0xc1, 0x98, 0xfd,
  0x81, 0x58, 0xfc, 0x20, 0x20, 0xfd, 0x00, 0x08, 0xfe, 0x00, 0x00, 0xff, 0x00, 0x00, 0xff, 0x00, 0x00, 0xff, 0x00, 0x00, 0xe4, 0x00, 0x00, 0x9c,
  0x00, 0x00, 0x45, 0x00, 0x00, 0x14, 0x00, 0x00, 0x02, 0x00, 0x00, 0x00, 0x00, 0x00, 0x00, 0x00, 0x00, 0x00, 0x00, 0x00, 0x00, 0x00, 0x00, 0x00,
  0x00, 0x00, 0x00, 0x00, 0x00, 0x00, 0x00, 0x00, 0x00, 0x00, 0x00, 0x00, 0x00, 0x00, 0x00, 0x00, 0x00, 0x00, 0x00, 0x00, 0x00, 0x00, 0x00, 0x00,
  0x00, 0x00, 0x00, 0x00, 0x00, 0x00, 0x00, 0x00, 0x00, 0x00, 0x00, 0x00, 0x00, 0x00, 0x00, 0x00, 0x00, 0x00, 0x00, 0x00, 0x00, 0x00, 0x00, 0x00,
  0x00, 0x00, 0x00, 0x00, 0x00, 0x00, 0x00, 0x00, 0x00, 0x00, 0x00, 0x00, 0x00, 0x00, 0x00, 0x00, 0x00, 0x00, 0x00, 0x00, 0x00, 0x00, 0x00, 0x00,
  0x00, 0x00, 0x00, 0x00, 0x00, 0x00, 0x00, 0x00, 0x00, 0x00, 0x00, 0x00, 0x00, 0x00, 0x00, 0x00, 0x00, 0x00, 0x00, 0x00, 0x00, 0x00, 0x00, 0x00,
  0x00, 0x00, 0x00, 0x00, 0x00, 0x00, 0x00, 0x00, 0x00, 0x00, 0x00, 0x00, 0x00, 0x00, 0x00, 0x00, 0x00, 0x00, 0x00, 0x00, 0x00, 0x00, 0x00, 0x00,
  0x00, 0x00, 0x00, 0x00, 0x00, 0x00, 0x00, 0x00, 0x00, 0x00, 0x00, 0x00, 0x00, 0x00, 0x00, 0x00, 0x00, 0x00, 0x00, 0x00, 0x00, 0x00, 0x00, 0x00,
  0x00, 0x00, 0x00, 0x00, 0x00, 0x00, 0x00, 0x00, 0x00, 0x00, 0x00, 0x00, 0x00, 0x00, 0x00, 0x00, 0x00, 0x00, 0x00, 0x00, 0x00, 0x00, 0x00, 0x00,
  0x00, 0x00, 0x00, 0x00, 0x00, 0x00, 0x00, 0x00, 0x00, 0x00, 0x00, 0x00, 0x00, 0x00, 0x00, 0x00, 0x00, 0x00, 0x00, 0x00, 0x00, 0x00, 0x00, 0x00,
  0x00, 0x00, 0x00, 0x00, 0x00, 0x00, 0x00, 0x00, 0x00, 0x00, 0x00, 0x00, 0x00, 0x00, 0x00, 0x00, 0x00, 0x00, 0x00, 0x00, 0x00, 0x00, 0x00, 0x00,
  0x00, 0x00, 0x00, 0x00, 0x00, 0x00, 0x00, 0x00, 0x00, 0x00, 0x00, 0x00, 0x00, 0x00, 0x00, 0x00, 0x00, 0x00, 0x00, 0x00, 0x00, 0x00, 0x00, 0x00,
  0x00, 0x00, 0x00, 0x00, 0x00, 0x00, 0x00, 0x00, 0x00, 0x00, 0x00, 0x00, 0x00, 0x00, 0x00, 0x00, 0x00, 0x00, 0x00, 0x00, 0x00, 0x00, 0x00, 0x00,
  0x00, 0x00, 0x00, 0x00, 0x00, 0x00, 0x00, 0x00, 0x00, 0x00, 0x00, 0x00, 0x00, 0x00, 0x00, 0x00, 0x00, 0x00, 0x00, 0x00, 0x00, 0x00, 0x00, 0x00,
  0x00, 0x00, 0x00, 0x00, 0x00, 0x00, 0x00, 0x00, 0x00, 0x00, 0x00, 0x02, 0x00, 0x00, 0x1c, 0x00, 0x00, 0x74, 0x00, 0x00, 0xdb, 0x00, 0x00, 0xff,
  0x00, 0x00, 0xff, 0x00, 0x00, 0xff, 0x00, 0x00, 0xff, 0x00, 0x10, 0xfd, 0x60, 0x48, 0xfa, 0xe2, 0xa0, 0xfd, 0x02, 0xc1, 0xff, 0x02, 0xc9, 0xff,
  0x02, 0xc9, 0xff, 0x02, 0xc9, 0xff, 0x02, 0xc9, 0xff, 0x02, 0xc9, 0xff, 0x02, 0xc9, 0xff, 0x02, 0xc9, 0xff, 0x02, 0xc9, 0xff, 0x02, 0xc9, 0xff,
  0x02, 0xc9, 0xff, 0x02, 0xc9, 0xff, 0x02, 0xc9, 0xff, 0x02, 0xc9, 0xff, 0x02, 0xc9, 0xff, 0x02, 0xc9, 0xff, 0x02, 0xc9, 0xff, 0x02, 0xc9, 0xff,
  0x02, 0xc9, 0xff, 0x02, 0xc9, 0xff, 0x02, 0xc9, 0xff, 0x02, 0xc9, 0xff, 0x02, 0xc9, 0xff, 0x02, 0xc9, 0xff, 0x02, 0xc9, 0xff, 0x02, 0xc9, 0xff,
  0x02, 0xc9, 0xff, 0x02, 0xc9, 0xff, 0x02, 0xc9, 0xff, 0x02, 0xc9, 0xff, 0x02, 0xc9, 0xff, 0x02, 0xc1, 0xff, 0x60, 0x48, 0xfc, 0xe1, 0x20, 0xfd,
  0x48, 0xcd, 0xfe, 0x8a, 0xfe, 0xff, 0x8a, 0xfe, 0xff, 0x8a, 0xfe, 0xff, 0x8a, 0xfe, 0xff, 0x8a, 0xfe, 0xff, 0x69, 0xf6, 0xff, 0xc4, 0x6a, 0xfb,
  0x20, 0x28, 0xfd, 0xe2, 0xa8, 0xfe, 0x02, 0xc9, 0xff, 0x02, 0xc9, 0xff, 0x02, 0xc9, 0xff, 0x02, 0xc9, 0xff, 0x02, 0xc9, 0xff, 0x02, 0xc9, 0xff,
  0x02, 0xc9, 0xff, 0x02, 0xc9, 0xff, 0x02, 0xc9, 0xff, 0x02, 0xc9, 0xff, 0x02, 0xc9, 0xff, 0x02, 0xc9, 0xff, 0x02, 0xc9, 0xff, 0x02, 0xc9, 0xff,
  0x02, 0xc9, 0xff, 0x02, 0xc9, 0xff, 0x02, 0xc9, 0xff, 0x02, 0xc9, 0xff, 0x02, 0xc9, 0xff, 0x02, 0xc9, 0xff, 0x02, 0xc9, 0xff, 0x02, 0xc9, 0xff,
  0x02, 0xc9, 0xff, 0x02, 0xc9, 0xff, 0x02, 0xc9, 0xff, 0x02, 0xc9, 0xff, 0x02, 0xc9, 0xff, 0x02, 0xc9, 0xff, 0x02, 0xc9, 0xff, 0x02, 0xc9, 0xff,
  0x02, 0xc9, 0xff, 0xe2, 0xa8, 0xfe, 0x81, 0x60, 0xfd, 0x20, 0x20, 0xfd, 0x00, 0x00, 0xff, 0x00, 0x00, 0xff, 0x00, 0x00, 0xff, 0x00, 0x00, 0xff,
  0x00, 0x00, 0xe4, 0x00, 0x00, 0x9c, 0x00, 0x00, 0x2c, 0x00, 0x00, 0x03, 0x00, 0x00, 0x00, 0x00, 0x00, 0x00, 0x00, 0x00, 0x00, 0x00, 0x00, 0x00,
  0x00, 0x00, 0x00, 0x00, 0x00, 0x00, 0x00, 0x00, 0x00, 0x00, 0x00, 0x00, 0x00, 0x00, 0x00, 0x00, 0x00, 0x00, 0x00, 0x00, 0x00, 0x00, 0x00, 0x00,
  0x00, 0x00, 0x00, 0x00, 0x00, 0x00, 0x00, 0x00, 0x00, 0x00, 0x00, 0x00, 0x00, 0x00, 0x00, 0x00, 0x00, 0x00, 0x00, 0x00, 0x00, 0x00, 0x00, 0x00,
  0x00, 0x00, 0x00, 0x00, 0x00, 0x00, 0x00, 0x00, 0x00, 0x00, 0x00, 0x00, 0x00, 0x00, 0x00, 0x00, 0x00, 0x00, 0x00, 0x00, 0x00, 0x00, 0x00, 0x00,
  0x00, 0x00, 0x00, 0x00, 0x00, 0x00, 0x00, 0x00, 0x00, 0x00, 0x00, 0x00, 0x00, 0x00, 0x00, 0x00, 0x00, 0x00, 0x00, 0x00, 0x00, 0x00, 0x00, 0x00,
  0x00, 0x00, 0x00, 0x00, 0x00, 0x00, 0x00, 0x00, 0x00, 0x00, 0x00, 0x00, 0x00, 0x00, 0x00, 0x00, 0x00, 0x00, 0x00, 0x00, 0x00, 0x00, 0x00, 0x00,
  0x00, 0x00, 0x00, 0x00, 0x00, 0x00, 0x00, 0x00, 0x00, 0x00, 0x00, 0x00, 0x00, 0x00, 0x00, 0x00, 0x00, 0x00, 0x00, 0x00, 0x00, 0x00, 0x00, 0x00,
  0x00, 0x00, 0x00, 0x00, 0x00, 0x00, 0x00, 0x00, 0x00, 0x00, 0x00, 0x00, 0x00, 0x00, 0x00, 0x00, 0x00, 0x00, 0x00, 0x00, 0x00, 0x00, 0x00, 0x00,
  0x00, 0x00, 0x00, 0x00, 0x00, 0x00, 0x00, 0x00, 0x00, 0x00, 0x00, 0x00, 0x00, 0x00, 0x00, 0x00, 0x00, 0x00, 0x00, 0x00, 0x00, 0x00, 0x00, 0x00,
  0x00, 0x00, 0x00, 0x00, 0x00, 0x00, 0x00, 0x00, 0x00, 0x00, 0x00, 0x00, 0x00, 0x00, 0x00, 0x00, 0x00, 0x00, 0x00, 0x00, 0x00, 0x00, 0x00, 0x00,
  0x00, 0x00, 0x00, 0x00, 0x00, 0x00, 0x00, 0x00, 0x00, 0x00, 0x00, 0x00, 0x00, 0x00, 0x00, 0x00, 0x00, 0x00, 0x00, 0x00, 0x00, 0x00, 0x00, 0x00,
  0x00, 0x00, 0x00, 0x00, 0x00, 0x00, 0x00, 0x00, 0x00, 0x00, 0x00, 0x00, 0x00, 0x00, 0x00, 0x00, 0x00, 0x00, 0x00, 0x00, 0x00, 0x00, 0x00, 0x00,
  0x00, 0x00, 0x00, 0x00, 0x00, 0x00, 0x00, 0x00, 0x00, 0x00, 0x00, 0x00, 0x00, 0x00, 0x00, 0x00, 0x00, 0x00, 0x00, 0x00, 0x00, 0x00, 0x00, 0x00,
  0x00, 0x00, 0x00, 0x00, 0x00, 0x02, 0x00, 0x00, 0x1c, 0x00, 0x00, 0x63, 0x00, 0x00, 0xbc, 0x00, 0x00, 0xf4, 0x00, 0x00, 0xff, 0x00, 0x00, 0xff,
  0x00, 0x00, 0xff, 0x20, 0x20, 0xfd, 0x81, 0x58, 0xfc, 0xc1, 0x98, 0xfd, 0x02, 0xc1, 0xff, 0x02, 0xc9, 0xff, 0x02, 0xc9, 0xff, 0x02, 0xc9, 0xff,
  0x02, 0xc9, 0xff, 0x02, 0xc9, 0xff, 0x02, 0xc9, 0xff, 0x02, 0xc9, 0xff, 0x02, 0xc9, 0xff, 0x02, 0xc9, 0xff, 0x02, 0xc9, 0xff, 0x02, 0xc9, 0xff,
  0x02, 0xc9, 0xff, 0x02, 0xc9, 0xff, 0x02, 0xc9, 0xff, 0x02, 0xc9, 0xff, 0x02, 0xc9, 0xff, 0x02, 0xc9, 0xff, 0x02, 0xc9, 0xff, 0x02, 0xc9, 0xff,
  0x02, 0xc9, 0xff, 0x02, 0xc9, 0xff, 0x02, 0xc9, 0xff, 0x02, 0xc9, 0xff, 0x02, 0xc9, 0xff, 0x02, 0xc9, 0xff, 0x02, 0xc9, 0xff, 0x02, 0xc9, 0xff,
  0x02, 0xc9, 0xff, 0x02, 0xc9, 0xff, 0x02, 0xc9, 0xff, 0x02, 0xc9, 0xff, 0x02, 0xc9, 0xff, 0xc1, 0x98, 0xfd, 0x20, 0x18, 0xfd, 0xc4, 0x6a, 0xfb,
  0x69, 0xf6, 0xff, 0x8a, 0xfe, 0xff, 0x8a, 0xfe, 0xff, 0x8a, 0xfe, 0xff, 0x8a, 0xfe, 0xff, 0x8a, 0xfe, 0xff, 0x8a, 0xfe, 0xff, 0xe7, 0xbc, 0xfd,
  0xa1, 0x18, 0xfd, 0x81, 0x58, 0xfc, 0x02, 0xc1, 0xff, 0x02, 0xc9, 0xff, 0x02, 0xc9, 0xff, 0x02, 0xc9, 0xff, 0x02, 0xc9, 0xff, 0x02, 0xc9, 0xff,
  0x02, 0xc9, 0xff, 0x02, 0xc9, 0xff, 0x02, 0xc9, 0xff, 0x02, 0xc9, 0xff, 0x02, 0xc9, 0xff, 0x02, 0xc9, 0xff, 0x02, 0xc9, 0xff, 0x02, 0xc9, 0xff,
  0x02, 0xc9, 0xff, 0x02, 0xc9, 0xff, 0x02, 0xc9, 0xff, 0x02, 0xc9, 0xff, 0x02, 0xc9, 0xff, 0x02, 0xc9, 0xff, 0x02, 0xc9, 0xff, 0x02, 0xc9, 0xff,
  0x02, 0xc9, 0xff, 0x02, 0xc9, 0xff, 0x02, 0xc9, 0xff, 0x02, 0xc9, 0xff, 0x02, 0xc9, 0xff, 0x02, 0xc9, 0xff, 0x02, 0xc9, 0xff, 0x02, 0xc9, 0xff,
  0x02, 0xc9, 0xff, 0x02, 0xc9, 0xff, 0x02, 0xc1, 0xff, 0xe2, 0xa8, 0xfe, 0x81, 0x68, 0xfd, 0x20, 0x28, 0xfd, 0x00, 0x08, 0xfe, 0x00, 0x00, 0xff,
  0x00, 0x00, 0xff, 0x00, 0x00, 0xff, 0x00, 0x00, 0xd5, 0x00, 0x00, 0x7c, 0x00, 0x00, 0x24, 0x00, 0x00, 0x03, 0x00, 0x00, 0x00, 0x00, 0x00, 0x00,
  0x00, 0x00, 0x00, 0x00, 0x00, 0x00, 0x00, 0x00, 0x00, 0x00, 0x00, 0x00, 0x00, 0x00, 0x00, 0x00, 0x00, 0x00, 0x00, 0x00, 0x00, 0x00, 0x00, 0x00,
  0x00, 0x00, 0x00, 0x00, 0x00, 0x00, 0x00, 0x00, 0x00, 0x00, 0x00, 0x00, 0x00, 0x00, 0x00, 0x00, 0x00, 0x00, 0x00, 0x00, 0x00, 0x00, 0x00, 0x00,
  0x00, 0x00, 0x00, 0x00, 0x00, 0x00, 0x00, 0x00, 0x00, 0x00, 0x00, 0x00, 0x00, 0x00, 0x00, 0x00, 0x00, 0x00, 0x00, 0x00, 0x00, 0x00, 0x00, 0x00,
  0x00, 0x00, 0x00, 0x00, 0x00, 0x00, 0x00, 0x00, 0x00, 0x00, 0x00, 0x00, 0x00, 0x00, 0x00, 0x00, 0x00, 0x00, 0x00, 0x00, 0x00, 0x00, 0x00, 0x00,
  0x00, 0x00, 0x00, 0x00, 0x00, 0x00, 0x00, 0x00, 0x00, 0x00, 0x00, 0x00, 0x00, 0x00, 0x00, 0x00, 0x00, 0x00, 0x00, 0x00, 0x00, 0x00, 0x00, 0x00,
  0x00, 0x00, 0x00, 0x00, 0x00, 0x00, 0x00, 0x00, 0x00, 0x00, 0x00, 0x00, 0x00, 0x00, 0x00, 0x00, 0x00, 0x00, 0x00, 0x00, 0x00, 0x00, 0x00, 0x00,
  0x00, 0x00, 0x00, 0x00, 0x00, 0x00, 0x00, 0x00, 0x00, 0x00, 0x00, 0x00, 0x00, 0x00, 0x00, 0x00, 0x00, 0x00, 0x00, 0x00, 0x00, 0x00, 0x00, 0x00,
  0x00, 0x00, 0x00, 0x00, 0x00, 0x00, 0x00, 0x00, 0x00, 0x00, 0x00, 0x00, 0x00, 0x00, 0x00, 0x00, 0x00, 0x00, 0x00, 0x00, 0x00, 0x00, 0x00, 0x00,
  0x00, 0x00, 0x00, 0x00, 0x00, 0x00, 0x00, 0x00, 0x00, 0x00, 0x00, 0x00, 0x00, 0x00, 0x00, 0x00, 0x00, 0x00, 0x00, 0x00, 0x00, 0x00, 0x00, 0x00,
  0x00, 0x00, 0x00, 0x00, 0x00, 0x00, 0x00, 0x00, 0x00, 0x00, 0x00, 0x00, 0x00, 0x00, 0x00, 0x00, 0x00, 0x00, 0x00, 0x00, 0x00, 0x00, 0x00, 0x00,
  0x00, 0x00, 0x00, 0x00, 0x00, 0x00, 0x00, 0x00, 0x00, 0x00, 0x00, 0x00, 0x00, 0x00, 0x00, 0x00, 0x00, 0x00, 0x00, 0x00, 0x00, 0x00, 0x00, 0x00,
  0x00, 0x00, 0x00, 0x00, 0x00, 0x00, 0x00, 0x00, 0x00, 0x00, 0x00, 0x00, 0x00, 0x00, 0x00, 0x00, 0x00, 0x00, 0x00, 0x00, 0x00, 0x00, 0x00, 0x02,
  0x00, 0x00, 0x0c, 0x00, 0x00, 0x4c, 0x00, 0x00, 0xbc, 0x00, 0x00, 0xf4, 0x00, 0x00, 0xff, 0x00, 0x00, 0xff, 0x00, 0x00, 0xff, 0x20, 0x20, 0xfd,
  0x81, 0x60, 0xfd, 0xe2, 0xa8, 0xfe, 0x02, 0xc1, 0xff, 0x02, 0xc9, 0xff, 0x02, 0xc9, 0xff, 0x02, 0xc9, 0xff, 0x02, 0xc9, 0xff, 0x02, 0xc9, 0xff,
  0x02, 0xc9, 0xff, 0x02, 0xc9, 0xff, 0x02, 0xc9, 0xff, 0x02, 0xc9, 0xff, 0x02, 0xc9, 0xff, 0x02, 0xc9, 0xff, 0x02, 0xc9, 0xff, 0x02, 0xc9, 0xff,
  0x02, 0xc9, 0xff, 0x02, 0xc9, 0xff, 0x02, 0xc9, 0xff, 0x02, 0xc9, 0xff, 0x02, 0xc9, 0xff, 0x02, 0xc9, 0xff, 0x02, 0xc9, 0xff, 0x02, 0xc9, 0xff,
  0x02, 0xc9, 0xff, 0x02, 0xc9, 0xff, 0x02, 0xc9, 0xff, 0x02, 0xc9, 0xff, 0x02, 0xc9, 0xff, 0x02, 0xc9, 0xff, 0x02, 0xc9, 0xff, 0x02, 0xc9, 0xff,
  0x02, 0xc9, 0xff, 0x02, 0xc9, 0xff, 0x02, 0xc9, 0xff, 0x02, 0xc9, 0xff, 0x02, 0xc1, 0xff, 0x61, 0x50, 0xfc, 0x21, 0x29, 0xfb, 0x48, 0xcd, 0xfe,
  0x8a, 0xfe, 0xff, 0x8a, 0xfe, 0xff, 0x8a, 0xfe, 0xff, 0x8a, 0xfe, 0xff, 0x8a, 0xfe, 0xff, 0x8a, 0xfe, 0xff, 0x8a, 0xfe, 0xff, 0x49, 0xee, 0xff,
  0xc4, 0x6a, 0xfb, 0x20, 0x20, 0xfd, 0xe2, 0xa0, 0xfd, 0x02, 0xc9, 0xff, 0x02, 0xc9, 0xff, 0x02, 0xc9, 0xff, 0x02, 0xc9, 0xff, 0x02, 0xc9, 0xff,
  0x02, 0xc9, 0xff, 0x02, 0xc9, 0xff, 0x02, 0xc9, 0xff, 0x02, 0xc9, 0xff, 0x02, 0xc9, 0xff, 0x02, 0xc9, 0xff, 0x02, 0xc9, 0xff, 0x02, 0xc9, 0xff,
  0x02, 0xc9, 0xff, 0x02, 0xc9, 0xff, 0x02, 0xc9, 0xff, 0x02, 0xc9, 0xff, 0x02, 0xc9, 0xff, 0x02, 0xc9, 0xff, 0x02, 0xc9, 0xff, 0x02, 0xc9, 0xff,
  0x02, 0xc9, 0xff, 0x02, 0xc9, 0xff, 0x02, 0xc9, 0xff, 0x02, 0xc9, 0xff, 0x02, 0xc9, 0xff, 0x02, 0xc9, 0xff, 0x02, 0xc9, 0xff, 0x02, 0xc9, 0xff,
  0x02, 0xc9, 0xff, 0x02, 0xc9, 0xff, 0x02, 0xc9, 0xff, 0x02, 0xc9, 0xff, 0x02, 0xc9, 0xff, 0xe2, 0xb8, 0xfe, 0xa1, 0x80, 0xfd, 0x40, 0x30, 0xfd,
  0x00, 0x08, 0xfe, 0x00, 0x00, 0xff, 0x00, 0x00, 0xff, 0x00, 0x00, 0xf4, 0x00, 0x00, 0xd5, 0x00, 0x00, 0x74, 0x00, 0x00, 0x1c, 0x00, 0x00, 0x02,
  0x00, 0x00, 0x00, 0x00, 0x00, 0x00, 0x00, 0x00, 0x00, 0x00, 0x00, 0x00, 0x00, 0x00, 0x00, 0x00, 0x00, 0x00, 0x00, 0x00, 0x00, 0x00, 0x00, 0x00,
  0x00, 0x00, 0x00, 0x00, 0x00, 0x00, 0x00, 0x00, 0x00, 0x00, 0x00, 0x00, 0x00, 0x00, 0x00, 0x00, 0x00, 0x00, 0x00, 0x00, 0x00, 0x00, 0x00, 0x00,
  0x00, 0x00, 0x00, 0x00, 0x00, 0x00, 0x00, 0x00, 0x00, 0x00, 0x00, 0x00, 0x00, 0x00, 0x00, 0x00, 0x00, 0x00, 0x00, 0x00, 0x00, 0x00, 0x00, 0x00,
  0x00, 0x00, 0x00, 0x00, 0x00, 0x00, 0x00, 0x00, 0x00, 0x00, 0x00, 0x00, 0x00, 0x00, 0x00, 0x00, 0x00, 0x00, 0x00, 0x00, 0x00, 0x00, 0x00, 0x00,
  0x00, 0x00, 0x00, 0x00, 0x00, 0x00, 0x00, 0x00, 0x00, 0x00, 0x00, 0x00, 0x00, 0x00, 0x00, 0x00, 0x00, 0x00, 0x00, 0x00, 0x00, 0x00, 0x00, 0x00,
  0x00, 0x00, 0x00, 0x00, 0x00, 0x00, 0x00, 0x00, 0x00, 0x00, 0x00, 0x00, 0x00, 0x00, 0x00, 0x00, 0x00, 0x00, 0x00, 0x00, 0x00, 0x00, 0x00, 0x00,
  0x00, 0x00, 0x00, 0x00, 0x00, 0x00, 0x00, 0x00, 0x00, 0x00, 0x00, 0x00, 0x00, 0x00, 0x00, 0x00, 0x00, 0x00, 0x00, 0x00, 0x00, 0x00, 0x00, 0x00,
  0x00, 0x00, 0x00, 0x00, 0x00, 0x00, 0x00, 0x00, 0x00, 0x00, 0x00, 0x00, 0x00, 0x00, 0x00, 0x00, 0x00, 0x00, 0x00, 0x00, 0x00, 0x00, 0x00, 0x00,
  0x00, 0x00, 0x00, 0x00, 0x00, 0x00, 0x00, 0x00, 0x00, 0x00, 0x00, 0x00, 0x00, 0x00, 0x00, 0x00, 0x00, 0x00, 0x00, 0x00, 0x00, 0x00, 0x00, 0x00,
  0x00, 0x00, 0x00, 0x00, 0x00, 0x00, 0x00, 0x00, 0x00, 0x00, 0x00, 0x00, 0x00, 0x00, 0x00, 0x00, 0x00, 0x00, 0x00, 0x00, 0x00, 0x00, 0x00, 0x00,
  0x00, 0x00, 0x00, 0x00, 0x00, 0x00, 0x00, 0x00, 0x00, 0x00, 0x00, 0x00, 0x00, 0x00, 0x00, 0x00, 0x00, 0x00, 0x00, 0x00, 0x00, 0x00, 0x00, 0x00,
  0x00, 0x00, 0x00, 0x00, 0x00, 0x00, 0x00, 0x00, 0x00, 0x00, 0x00, 0x00, 0x00, 0x00, 0x00, 0x00, 0x00, 0x00, 0x00, 0x00, 0x03, 0x00, 0x00, 0x3c,
  0x00, 0x00, 0xa4, 0x00, 0x00, 0xec, 0x00, 0x00, 0xff, 0x00, 0x00, 0xff, 0x00, 0x00, 0xff, 0x20, 0x18, 0xfd, 0x81, 0x68, 0xfd, 0xe2, 0xa8, 0xfe,
  0x02, 0xc1, 0xff, 0x02, 0xc9, 0xff, 0x02, 0xc9, 0xff, 0x02, 0xc9, 0xff, 0x02, 0xc9, 0xff, 0x02, 0xc9, 0xff, 0x02, 0xc9, 0xff, 0x02, 0xc9, 0xff,
  0x02, 0xc9, 0xff, 0x02, 0xc9, 0xff, 0x02, 0xc9, 0xff, 0x02, 0xc9, 0xff, 0x02, 0xc9, 0xff, 0x02, 0xc9, 0xff, 0x02, 0xc9, 0xff, 0x02, 0xc9, 0xff,
  0x02, 0xc9, 0xff, 0x02, 0xc9, 0xff, 0x02, 0xc9, 0xff, 0x02, 0xc9, 0xff, 0x02, 0xc9, 0xff, 0x02, 0xc9, 0xff, 0x02, 0xc9, 0xff, 0x02, 0xc9, 0xff,
  0x02, 0xc9, 0xff, 0x02, 0xc9, 0xff, 0x02, 0xc9, 0xff, 0x02, 0xc9, 0xff, 0x02, 0xc9, 0xff, 0x02, 0xc9, 0xff, 0x02, 0xc9, 0xff, 0x02, 0xc9, 0xff,
  0x02, 0xc9, 0xff, 0x02, 0xc9, 0xff, 0x02, 0xc9, 0xff, 0x02, 0xc9, 0xff, 0xc1, 0x98, 0xfd, 0x20, 0x18, 0xfd, 0xa5, 0x8b, 0xfc, 0x69, 0xf6, 0xff,
  0x8a, 0xfe, 0xff, 0x8a, 0xfe, 0xff, 0x8a, 0xfe, 0xff, 0x8a, 0xfe, 0xff, 0x8a, 0xfe, 0xff, 0x8a, 0xfe, 0xff, 0x8a, 0xfe, 0xff, 0x8a, 0xfe, 0xff,
  0x27, 0xc5, 0xfd, 0x21, 0x29, 0xfb, 0x61, 0x58, 0xfc, 0x02, 0xc1, 0xff, 0x02, 0xc9, 0xff, 0x02, 0xc9, 0xff, 0x02, 0xc9, 0xff, 0x02, 0xc9, 0xff,
  0x02, 0xc9, 0xff, 0x02, 0xc9, 0xff, 0x02, 0xc9, 0xff, 0x02, 0xc9, 0xff, 0x02, 0xc9, 0xff, 0x02, 0xc9, 0xff, 0x02, 0xc9, 0xff, 0x02, 0xc9, 0xff,
  0x02, 0xc9, 0xff, 0x02, 0xc9, 0xff, 0x02, 0xc9, 0xff, 0x02, 0xc9, 0xff, 0x02, 0xc9, 0xff, 0x02, 0xc9, 0xff, 0x02, 0xc9, 0xff, 0x02, 0xc9, 0xff,
  0x02, 0xc9, 0xff, 0x02, 0xc9, 0xff, 0x02, 0xc9, 0xff, 0x02, 0xc9, 0xff, 0x02, 0xc9, 0xff, 0x02, 0xc9, 0xff, 0x02, 0xc9, 0xff, 0x02, 0xc9, 0xff,
  0x02, 0xc9, 0xff, 0x02, 0xc9, 0xff, 0x02, 0xc9, 0xff, 0x02, 0xc9, 0xff, 0x02, 0xc9, 0xff, 0x02, 0xc9, 0xff, 0x02, 0xc9, 0xff, 0x02, 0xb9, 0xff,
  0xa1, 0x78, 0xfd, 0x40, 0x30, 0xfd, 0x00, 0x08, 0xfe, 0x00, 0x00, 0xff, 0x00, 0x00, 0xff, 0x00, 0x00, 0xf4, 0x00, 0x00, 0xbc, 0x00, 0x00, 0x54,
  0x00, 0x00, 0x0c, 0x00, 0x00, 0x00, 0x00, 0x00, 0x00, 0x00, 0x00, 0x00, 0x00, 0x00, 0x00, 0x00, 0x00, 0x00, 0x00, 0x00, 0x00, 0x00, 0x00, 0x00,
  0x00, 0x00, 0x00, 0x00, 0x00, 0x00, 0x00, 0x00, 0x00, 0x00, 0x00, 0x00, 0x00, 0x00, 0x00, 0x00, 0x00, 0x00, 0x00, 0x00, 0x00, 0x00, 0x00, 0x00,
  0x00, 0x00, 0x00, 0x00, 0x00, 0x00, 0x00, 0x00, 0x00, 0x00, 0x00, 0x00, 0x00, 0x00, 0x00, 0x00, 0x00, 0x00, 0x00, 0x00, 0x00, 0x00, 0x00, 0x00,
  0x00, 0x00, 0x00, 0x00, 0x00, 0x00, 0x00, 0x00, 0x00, 0x00, 0x00, 0x00, 0x00, 0x00, 0x00, 0x00, 0x00, 0x00, 0x00, 0x00, 0x00, 0x00, 0x00, 0x00,
  0x00, 0x00, 0x00, 0x00, 0x00, 0x00, 0x00, 0x00, 0x00, 0x00, 0x00, 0x00, 0x00, 0x00, 0x00, 0x00, 0x00, 0x00, 0x00, 0x00, 0x00, 0x00, 0x00, 0x00,
  0x00, 0x00, 0x00, 0x00, 0x00, 0x00, 0x00, 0x00, 0x00, 0x00, 0x00, 0x00, 0x00, 0x00, 0x00, 0x00, 0x00, 0x00, 0x00, 0x00, 0x00, 0x00, 0x00, 0x00,
  0x00, 0x00, 0x00, 0x00, 0x00, 0x00, 0x00, 0x00, 0x00, 0x00, 0x00, 0x00, 0x00, 0x00, 0x00, 0x00, 0x00, 0x00, 0x00, 0x00, 0x00, 0x00, 0x00, 0x00,
  0x00, 0x00, 0x00, 0x00, 0x00, 0x00, 0x00, 0x00, 0x00, 0x00, 0x00, 0x00, 0x00, 0x00, 0x00, 0x00, 0x00, 0x00, 0x00, 0x00, 0x00, 0x00, 0x00, 0x00,
  0x00, 0x00, 0x00, 0x00, 0x00, 0x00, 0x00, 0x00, 0x00, 0x00, 0x00, 0x00, 0x00, 0x00, 0x00, 0x00, 0x00, 0x00, 0x00, 0x00, 0x00, 0x00, 0x00, 0x00,
  0x00, 0x00, 0x00, 0x00, 0x00, 0x00, 0x00, 0x00, 0x00, 0x00, 0x00, 0x00, 0x00, 0x00, 0x00, 0x00, 0x00, 0x00, 0x00, 0x00, 0x00, 0x00, 0x00, 0x00,
  0x00, 0x00, 0x00, 0x00, 0x00, 0x00, 0x00, 0x00, 0x00, 0x00, 0x00, 0x00, 0x00, 0x00, 0x00, 0x00, 0x00, 0x00, 0x00, 0x00, 0x00, 0x00, 0x00, 0x00,
  0x00, 0x00, 0x00, 0x00, 0x00, 0x00, 0x00, 0x00, 0x00, 0x00, 0x00, 0x00, 0x00, 0x00, 0x02, 0x00, 0x00, 0x0c, 0x00, 0x00, 0x5c, 0x00, 0x00, 0xd5,
  0x00, 0x00, 0xff, 0x00, 0x00, 0xff, 0x00, 0x00, 0xff, 0x00, 0x08, 0xfe, 0x40, 0x40, 0xfd, 0xc1, 0x90, 0xfd, 0x02, 0xc1, 0xff, 0x02, 0xc9, 0xff,
  0x02, 0xc9, 0xff, 0x02, 0xc9, 0xff, 0x02, 0xc9, 0xff, 0x02, 0xc9, 0xff, 0x02, 0xc9, 0xff, 0x02, 0xc9, 0xff, 0x02, 0xc9, 0xff, 0x02, 0xc9, 0xff,
  0x02, 0xc9, 0xff, 0x02, 0xc9, 0xff, 0x02, 0xc9, 0xff, 0x02, 0xc9, 0xff, 0x02, 0xc9, 0xff, 0x02, 0xc9, 0xff, 0x02, 0xc9, 0xff, 0x02, 0xc9, 0xff,
  0x02, 0xc9, 0xff, 0x02, 0xc9, 0xff, 0x02, 0xc9, 0xff, 0x02, 0xc9, 0xff, 0x02, 0xc9, 0xff, 0x02, 0xc9, 0xff, 0x02, 0xc9, 0xff, 0x02, 0xc9, 0xff,
  0x02, 0xc9, 0xff, 0x02, 0xc9, 0xff, 0x02, 0xc9, 0xff, 0x02, 0xc9, 0xff, 0x02, 0xc9, 0xff, 0x02, 0xc9, 0xff, 0x02, 0xc9, 0xff, 0x02, 0xc9, 0xff,
  0x02, 0xc9, 0xff, 0x02, 0xc9, 0xff, 0x02, 0xc1, 0xff, 0x02, 0xb9, 0xff, 0x81, 0x58, 0xfc, 0xe1, 0x20, 0xfd, 0x87, 0xac, 0xfc, 0xa8, 0xdd, 0xfe,
  0x48, 0xcd, 0xfe, 0x48, 0xcd, 0xfe, 0x48, 0xcd, 0xfe, 0x48, 0xcd, 0xfe, 0x48, 0xcd, 0xfe, 0x48, 0xcd, 0xfe, 0x48, 0xcd, 0xfe, 0x48, 0xcd, 0xfe,
  0x48, 0xcd, 0xfe, 0x43, 0x52, 0xfb, 0x20, 0x20, 0xfd, 0xe2, 0xa0, 0xfd, 0x02, 0xc1, 0xff, 0x02, 0xc9, 0xff, 0x02, 0xc9, 0xff, 0x02, 0xc9, 0xff,
  0x02, 0xc9, 0xff, 0x02, 0xc9, 0xff, 0x02, 0xc9, 0xff, 0x02, 0xc9, 0xff, 0x02, 0xc9, 0xff, 0x02, 0xc9, 0xff, 0x02, 0xc9, 0xff, 0x02, 0xc9, 0xff,
  0x02, 0xc9, 0xff, 0x02, 0xc9, 0xff, 0x02, 0xc9, 0xff, 0x02, 0xc9, 0xff, 0x02, 0xc9, 0xff, 0x02, 0xc9, 0xff, 0x02, 0xc9, 0xff, 0x02, 0xc9, 0xff,
  0x02, 0xc9, 0xff, 0x02, 0xc9, 0xff, 0x02, 0xc9, 0xff, 0x02, 0xc9, 0xff, 0x02, 0xc9, 0xff, 0x02, 0xc9, 0xff, 0x02, 0xc9, 0xff, 0x02, 0xc9, 0xff,
  0x02, 0xc9, 0xff, 0x02, 0xc9, 0xff, 0x02, 0xc9, 0xff, 0x02, 0xc9, 0xff, 0x02, 0xc9, 0xff, 0x02, 0xc9, 0xff, 0x02, 0xc9, 0xff, 0x02, 0xc9, 0xff,
  0x02, 0xc9, 0xff, 0xe2, 0xa8, 0xfe, 0x81, 0x60, 0xfd, 0x20, 0x18, 0xfd, 0x00, 0x00, 0xff, 0x00, 0x00, 0xff, 0x00, 0x00, 0xff, 0x00, 0x00, 0xe4,
  0x00, 0x00, 0x8d, 0x00, 0x00, 0x24, 0x00, 0x00, 0x03, 0x00, 0x00, 0x00, 0x00, 0x00, 0x00, 0x00, 0x00, 0x00, 0x00, 0x00, 0x00, 0x00, 0x00, 0x00,
  0x00, 0x00, 0x00, 0x00, 0x00, 0x00, 0x00, 0x00, 0x00, 0x00, 0x00, 0x00, 0x00, 0x00, 0x00, 0x00, 0x00, 0x00, 0x00, 0x00, 0x00, 0x00, 0x00, 0x00,
  0x00, 0x00, 0x00, 0x00, 0x00, 0x00, 0x00, 0x00, 0x00, 0x00, 0x00, 0x00, 0x00, 0x00, 0x00, 0x00, 0x00, 0x00, 0x00, 0x00, 0x00, 0x00, 0x00, 0x00,
  0x00, 0x00, 0x00, 0x00, 0x00, 0x00, 0x00, 0x00, 0x00, 0x00, 0x00, 0x00, 0x00, 0x00, 0x00, 0x00, 0x00, 0x00, 0x00, 0x00, 0x00, 0x00, 0x00, 0x00,
  0x00, 0x00, 0x00, 0x00, 0x00, 0x00, 0x00, 0x00, 0x00, 0x00, 0x00, 0x00, 0x00, 0x00, 0x00, 0x00, 0x00, 0x00, 0x00, 0x00, 0x00, 0x00, 0x00, 0x00,
  0x00, 0x00, 0x00, 0x00, 0x00, 0x00, 0x00, 0x00, 0x00, 0x00, 0x00, 0x00, 0x00, 0x00, 0x00, 0x00, 0x00, 0x00, 0x00, 0x00, 0x00, 0x00, 0x00, 0x00,
  0x00, 0x00, 0x00, 0x00, 0x00, 0x00, 0x00, 0x00, 0x00, 0x00, 0x00, 0x00, 0x00, 0x00, 0x00, 0x00, 0x00, 0x00, 0x00, 0x00, 0x00, 0x00, 0x00, 0x00,
  0x00, 0x00, 0x00, 0x00, 0x00, 0x00, 0x00, 0x00, 0x00, 0x00, 0x00, 0x00, 0x00, 0x00, 0x00, 0x00, 0x00, 0x00, 0x00, 0x00, 0x00, 0x00, 0x00, 0x00,
  0x00, 0x00, 0x00, 0x00, 0x00, 0x00, 0x00, 0x00, 0x00, 0x00, 0x00, 0x00, 0x00, 0x00, 0x00, 0x00, 0x00, 0x00, 0x00, 0x00, 0x00, 0x00, 0x00, 0x00,
  0x00, 0x00, 0x00, 0x00, 0x00, 0x00, 0x00, 0x00, 0x00, 0x00, 0x00, 0x00, 0x00, 0x00, 0x00, 0x00, 0x00, 0x00, 0x00, 0x00, 0x00, 0x00, 0x00, 0x00,
  0x00, 0x00, 0x00, 0x00, 0x00, 0x00, 0x00, 0x00, 0x00, 0x00, 0x00, 0x00, 0x00, 0x00, 0x00, 0x00, 0x00, 0x00, 0x00, 0x00, 0x00, 0x00, 0x00, 0x00,
  0x00, 0x00, 0x00, 0x00, 0x00, 0x00, 0x00, 0x00, 0x00, 0x00, 0x00, 0x03, 0x00, 0x00, 0x3c, 0x00, 0x00, 0x9c, 0x00, 0x00, 0xec, 0x00, 0x00, 0xff,
  0x00, 0x00, 0xff, 0x00, 0x08, 0xfe, 0x40, 0x38, 0xfd, 0xa1, 0x88, 0xfb, 0x02, 0xb9, 0xff, 0x02, 0xc9, 0xff, 0x02, 0xc9, 0xff, 0x02, 0xc9, 0xff,
  0x02, 0xc9, 0xff, 0x02, 0xc9, 0xff, 0x02, 0xc9, 0xff, 0x02, 0xc9, 0xff, 0x02, 0xc9, 0xff, 0x02, 0xc9, 0xff, 0x02, 0xc9, 0xff, 0x02, 0xc9, 0xff,
  0x02, 0xc9, 0xff, 0x02, 0xc9, 0xff, 0x02, 0xc9, 0xff, 0x02, 0xc9, 0xff, 0x02, 0xc9, 0xff, 0x02, 0xc9, 0xff, 0x02, 0xc9, 0xff, 0x02, 0xc9, 0xff,
  0x02, 0xc9, 0xff, 0x02, 0xc9, 0xff, 0x02, 0xc9, 0xff, 0x02, 0xc9, 0xff, 0x02, 0xc9, 0xff, 0x02, 0xc9, 0xff, 0x02, 0xc9, 0xff, 0x02, 0xc9, 0xff,
  0x02, 0xc9, 0xff, 0x02, 0xc9, 0xff, 0x02, 0xc9, 0xff, 0x02, 0xc1, 0xff, 0x02, 0xb9, 0xff, 0xe2, 0xa0, 0xfd, 0xc1, 0x98, 0xfd, 0xa1, 0x80, 0xfd,
  0x81, 0x60, 0xf6, 0x61, 0x50, 0xfc, 0x60, 0x48, 0xfc, 0x40, 0x30, 0xfd, 0x00, 0x08, 0xfe, 0x00, 0x08, 0xfe, 0xa1, 0x18, 0xfd, 0xa1, 0x18, 0xfd,
  0xa1, 0x18, 0xfd, 0xa1, 0x18, 0xfd, 0xa1, 0x18, 0xfd, 0xa1, 0x18, 0xfd, 0xa1, 0x18, 0xfd, 0xa1, 0x18, 0xfd, 0xa1, 0x18, 0xfd, 0xa1, 0x18, 0xfd,
  0xa1, 0x18, 0xfd, 0x60, 0x10, 0xfc, 0x00, 0x00, 0xff, 0x20, 0x20, 0xfd, 0x40, 0x40, 0xfd, 0x61, 0x50, 0xfc, 0x81, 0x60, 0xf6, 0xa1, 0x78, 0xfd,
  0xc1, 0x90, 0xfd, 0xe2, 0xa0, 0xfd, 0xe2, 0xb8, 0xfe, 0x02, 0xc1, 0xff, 0x02, 0xc1, 0xff, 0x02, 0xc9, 0xff, 0x02, 0xc9, 0xff, 0x02, 0xc9, 0xff,
  0x02, 0xc9, 0xff, 0x02, 0xc9, 0xff, 0x02, 0xc9, 0xff, 0x02, 0xc9, 0xff, 0x02, 0xc9, 0xff, 0x02, 0xc9, 0xff, 0x02, 0xc9, 0xff, 0x02, 0xc9, 0xff,
  0x02, 0xc9, 0xff, 0x02, 0xc9, 0xff, 0x02, 0xc9, 0xff, 0x02, 0xc9, 0xff, 0x02, 0xc9, 0xff, 0x02, 0xc9, 0xff, 0x02, 0xc9, 0xff, 0x02, 0xc9, 0xff,
  0x02, 0xc9, 0xff, 0x02, 0xc9, 0xff, 0x02, 0xc9, 0xff, 0x02, 0xc9, 0xff, 0x02, 0xc9, 0xff, 0x02, 0xc9, 0xff, 0x02, 0xc9, 0xff, 0x02, 0xc9, 0xff,
  0x02, 0xc9, 0xff, 0x02, 0xc9, 0xff, 0x02, 0xc1, 0xff, 0xc1, 0x98, 0xfd, 0x60, 0x48, 0xfa, 0x00, 0x10, 0xfd, 0x00, 0x00, 0xff, 0x00, 0x00, 0xff,
  0x00, 0x00, 0xf4, 0x00, 0x00, 0xc5, 0x00, 0x00, 0x54, 0x00, 0x00, 0x14, 0x00, 0x00, 0x00, 0x00, 0x00, 0x00, 0x00, 0x00, 0x00, 0x00, 0x00, 0x00,
  0x00, 0x00, 0x00, 0x00, 0x00, 0x00, 0x00, 0x00, 0x00, 0x00, 0x00, 0x00, 0x00, 0x00, 0x00, 0x00, 0x00, 0x00, 0x00, 0x00, 0x00, 0x00, 0x00, 0x00,
  0x00, 0x00, 0x00, 0x00, 0x00, 0x00, 0x00, 0x00, 0x00, 0x00, 0x00, 0x00, 0x00, 0x00, 0x00, 0x00, 0x00, 0x00, 0x00, 0x00, 0x00, 0x00, 0x00, 0x00,
  0x00, 0x00, 0x00, 0x00, 0x00, 0x00, 0x00, 0x00, 0x00, 0x00, 0x00, 0x00, 0x00, 0x00, 0x00, 0x00, 0x00, 0x00, 0x00, 0x00, 0x00, 0x00, 0x00, 0x00,
  0x00, 0x00, 0x00, 0x00, 0x00, 0x00, 0x00, 0x00, 0x00, 0x00, 0x00, 0x00, 0x00, 0x00, 0x00, 0x00, 0x00, 0x00, 0x00, 0x00, 0x00, 0x00, 0x00, 0x00,
  0x00, 0x00, 0x00, 0x00, 0x00, 0x00, 0x00, 0x00, 0x00, 0x00, 0x00, 0x00, 0x00, 0x00, 0x00, 0x00, 0x00, 0x00, 0x00, 0x00, 0x00, 0x00, 0x00, 0x00,
  0x00, 0x00, 0x00, 0x00, 0x00, 0x00, 0x00, 0x00, 0x00, 0x00, 0x00, 0x00, 0x00, 0x00, 0x00, 0x00, 0x00, 0x00, 0x00, 0x00, 0x00, 0x00, 0x00, 0x00,
  0x00, 0x00, 0x00, 0x00, 0x00, 0x00, 0x00, 0x00, 0x00, 0x00, 0x00, 0x00, 0x00, 0x00, 0x00, 0x00, 0x00, 0x00, 0x00, 0x00, 0x00, 0x00, 0x00, 0x00,
  0x00, 0x00, 0x00, 0x00, 0x00, 0x00, 0x00, 0x00, 0x00, 0x00, 0x00, 0x00, 0x00, 0x00, 0x00, 0x00, 0x00, 0x00, 0x00, 0x00, 0x00, 0x00, 0x00, 0x00,
  0x00, 0x00, 0x00, 0x00, 0x00, 0x00, 0x00, 0x00, 0x00, 0x00, 0x00, 0x00, 0x00, 0x00, 0x00, 0x00, 0x00, 0x00, 0x00, 0x00, 0x00, 0x00, 0x00, 0x00,
  0x00, 0x00, 0x00, 0x00, 0x00, 0x00, 0x00, 0x00, 0x00, 0x00, 0x00, 0x00, 0x00, 0x00, 0x00, 0x00, 0x00, 0x00, 0x00, 0x00, 0x00, 0x00, 0x00, 0x00,
  0x00, 0x00, 0x00, 0x00, 0x00, 0x02, 0x00, 0x00, 0x14, 0x00, 0x00, 0x74, 0x00, 0x00, 0xdb, 0x00, 0x00, 0xff, 0x00, 0x00, 0xff, 0x00, 0x00, 0xff,
  0x20, 0x20, 0xfd, 0x81, 0x70, 0xfc, 0x02, 0xb9, 0xff, 0x02, 0xc9, 0xff, 0x02, 0xc9, 0xff, 0x02, 0xc9, 0xff, 0x02, 0xc9, 0xff, 0x02, 0xc9, 0xff,
  0x02, 0xc9, 0xff, 0x02, 0xc9, 0xff, 0x02, 0xc9, 0xff, 0x02, 0xc9, 0xff, 0x02, 0xc9, 0xff, 0x02, 0xc9, 0xff, 0x02, 0xc9, 0xff, 0x02, 0xc9, 0xff,
  0x02, 0xc9, 0xff, 0x02, 0xc9, 0xff, 0x02, 0xc9, 0xff, 0x02, 0xc9, 0xff, 0x02, 0xc9, 0xff, 0x02, 0xc9, 0xff, 0x02, 0xc9, 0xff, 0x02, 0xc9, 0xff,
  0x02, 0xc9, 0xff, 0x02, 0xc9, 0xff, 0x02, 0xc9, 0xff, 0x02, 0xc9, 0xff, 0x02, 0xc9, 0xff, 0x02, 0xc9, 0xff, 0x02, 0xc9, 0xff, 0x02, 0xb9, 0xff,
  0xe2, 0xa0, 0xfd, 0xa1, 0x80, 0xfd, 0x81, 0x68, 0xfd, 0x40, 0x40, 0xfd, 0x20, 0x28, 0xfd, 0x20, 0x18, 0xfd, 0x00, 0x08, 0xfe, 0x00, 0x08, 0xfe,
  0x00, 0x00, 0xff, 0x00, 0x00, 0xff, 0x00, 0x00, 0xff, 0x00, 0x00, 0xff, 0x00, 0x00, 0xff, 0x00, 0x00, 0xff, 0x00, 0x00, 0xff, 0x00, 0x00, 0xff,
  0x00, 0x00, 0xff, 0x00, 0x00, 0xff, 0x00, 0x00, 0xff, 0x00, 0x00, 0xff, 0x00, 0x00, 0xff, 0x00, 0x00, 0xff, 0x00, 0x00, 0xff, 0x00, 0x00, 0xff,
  0x00, 0x00, 0xff, 0x00, 0x00, 0xff, 0x00, 0x00, 0xff, 0x00, 0x00, 0xff, 0x00, 0x00, 0xff, 0x00, 0x00, 0xff, 0x00, 0x00, 0xff, 0x00, 0x00, 0xff,
  0x00, 0x08, 0xfe, 0x00, 0x10, 0xfd, 0x20, 0x28, 0xfd, 0x40, 0x38, 0xfd, 0x81, 0x58, 0xfc, 0xa1, 0x80, 0xfd, 0xc1, 0x98, 0xfd, 0xe2, 0xb0, 0xfe,
  0x02, 0xc1, 0xff, 0x02, 0xc9, 0xff, 0x02, 0xc9, 0xff, 0x02, 0xc9, 0xff, 0x02, 0xc9, 0xff, 0x02, 0xc9, 0xff, 0x02, 0xc9, 0xff, 0x02, 0xc9, 0xff,
  0x02, 0xc9, 0xff, 0x02, 0xc9, 0xff, 0x02, 0xc9, 0xff, 0x02, 0xc9, 0xff, 0x02, 0xc9, 0xff, 0x02, 0xc9, 0xff, 0x02, 0xc9, 0xff, 0x02, 0xc9, 0xff,
  0x02, 0xc9, 0xff, 0x02, 0xc9, 0xff, 0x02, 0xc9, 0xff, 0x02, 0xc9, 0xff, 0x02, 0xc9, 0xff, 0x02, 0xc9, 0xff, 0x02, 0xc9, 0xff, 0x02, 0xc9, 0xff,
  0x02, 0xc9, 0xff, 0x02, 0xc9, 0xff, 0x02, 0xc9, 0xff, 0x02, 0xc9, 0xff, 0x02, 0xc1, 0xff, 0xc1, 0x90, 0xfd, 0x40, 0x30, 0xfd, 0x00, 0x08, 0xfe,
  0x00, 0x00, 0xff, 0x00, 0x00, 0xff, 0x00, 0x00, 0xec, 0x00, 0x00, 0x9c, 0x00, 0x00, 0x2c, 0x00, 0x00, 0x03, 0x00, 0x00, 0x00, 0x00, 0x00, 0x00,
  0x00, 0x00, 0x00, 0x00, 0x00, 0x00, 0x00, 0x00, 0x00, 0x00, 0x00, 0x00, 0x00, 0x00, 0x00, 0x00, 0x00, 0x00, 0x00, 0x00, 0x00, 0x00, 0x00, 0x00,
  0x00, 0x00, 0x00, 0x00, 0x00, 0x00, 0x00, 0x00, 0x00, 0x00, 0x00, 0x00, 0x00, 0x00, 0x00, 0x00, 0x00, 0x00, 0x00, 0x00, 0x00, 0x00, 0x00, 0x00,
  0x00, 0x00, 0x00, 0x00, 0x00, 0x00, 0x00, 0x00, 0x00, 0x00, 0x00, 0x00, 0x00, 0x00, 0x00, 0x00, 0x00, 0x00, 0x00, 0x00, 0x00, 0x00, 0x00, 0x00,
  0x00, 0x00, 0x00, 0x00, 0x00, 0x00, 0x00, 0x00, 0x00, 0x00, 0x00, 0x00, 0x00, 0x00, 0x00, 0x00, 0x00, 0x00, 0x00, 0x00, 0x00, 0x00, 0x00, 0x00,
  0x00, 0x00, 0x00, 0x00, 0x00, 0x00, 0x00, 0x00, 0x00, 0x00, 0x00, 0x00, 0x00, 0x00, 0x00, 0x00, 0x00, 0x00, 0x00, 0x00, 0x00, 0x00, 0x00, 0x00,
  0x00, 0x00, 0x00, 0x00, 0x00, 0x00, 0x00, 0x00, 0x00, 0x00, 0x00, 0x00, 0x00, 0x00, 0x00, 0x00, 0x00, 0x00, 0x00, 0x00, 0x00, 0x00, 0x00, 0x00,
  0x00, 0x00, 0x00, 0x00, 0x00, 0x00, 0x00, 0x00, 0x00, 0x00, 0x00, 0x00, 0x00, 0x00, 0x00, 0x00, 0x00, 0x00, 0x00, 0x00, 0x00, 0x00, 0x00, 0x00,
  0x00, 0x00, 0x00, 0x00, 0x00, 0x00, 0x00, 0x00, 0x00, 0x00, 0x00, 0x00, 0x00, 0x00, 0x00, 0x00, 0x00, 0x00, 0x00, 0x00, 0x00, 0x00, 0x00, 0x00,
  0x00, 0x00, 0x00, 0x00, 0x00, 0x00, 0x00, 0x00, 0x00, 0x00, 0x00, 0x00, 0x00, 0x00, 0x00, 0x00, 0x00, 0x00, 0x00, 0x00, 0x00, 0x00, 0x00, 0x00,
  0x00, 0x00, 0x00, 0x00, 0x00, 0x00, 0x00, 0x00, 0x00, 0x00, 0x00, 0x00, 0x00, 0x00, 0x00, 0x00, 0x00, 0x00, 0x00, 0x00, 0x00, 0x00, 0x00, 0x00,
  0x00, 0x00, 0x03, 0x00, 0x00, 0x2c, 0x00, 0x00, 0x9c, 0x00, 0x00, 0xf4, 0x00, 0x00, 0xff, 0x00, 0x00, 0xff, 0x00, 0x08, 0xfe, 0x60, 0x48, 0xfa,
  0xe2, 0xa0, 0xfd, 0x02, 0xc9, 0xff, 0x02, 0xc9, 0xff, 0x02, 0xc9, 0xff, 0x02, 0xc9, 0xff, 0x02, 0xc9, 0xff, 0x02, 0xc9, 0xff, 0x02, 0xc9, 0xff,
  0x02, 0xc9, 0xff, 0x02, 0xc9, 0xff, 0x02, 0xc9, 0xff, 0x02, 0xc9, 0xff, 0x02, 0xc9, 0xff, 0x02, 0xc9, 0xff, 0x02, 0xc9, 0xff, 0x02, 0xc9, 0xff,
  0x02, 0xc9, 0xff, 0x02, 0xc9, 0xff, 0x02, 0xc9, 0xff, 0x02, 0xc9, 0xff, 0x02, 0xc9, 0xff, 0x02, 0xc9, 0xff, 0x02, 0xc9, 0xff, 0x02, 0xc9, 0xff,
  0x02, 0xc9, 0xff, 0x02, 0xc9, 0xff, 0x02, 0xc9, 0xff, 0x02, 0xc1, 0xff, 0xe2, 0xb8, 0xfe, 0xa1, 0x88, 0xfb, 0x81, 0x60, 0xfd, 0x40, 0x30, 0xfd,
  0x00, 0x10, 0xfd, 0x00, 0x08, 0xfe, 0x00, 0x00, 0xff, 0x00, 0x00, 0xff, 0x00, 0x00, 0xff, 0x00, 0x00, 0xff, 0x00, 0x00, 0xff, 0x00, 0x00, 0xff,
  0x00, 0x00, 0xff, 0x00, 0x00, 0xff, 0x00, 0x00, 0xff, 0x00, 0x00, 0xff, 0x40, 0x08, 0xfe, 0x60, 0x10, 0xfc, 0xa1, 0x18, 0xfd, 0xa1, 0x18, 0xfd,
  0xa1, 0x18, 0xfd, 0x21, 0x29, 0xfb, 0x21, 0x29, 0xfb, 0x21, 0x29, 0xfb, 0x21, 0x29, 0xfb, 0x21, 0x29, 0xfb, 0xa1, 0x18, 0xfd, 0xa1, 0x18, 0xfd,
  0xa1, 0x18, 0xfd, 0x60, 0x10, 0xfc, 0x40, 0x08, 0xfe, 0x00, 0x08, 0xfe, 0x00, 0x00, 0xff, 0x00, 0x00, 0xff, 0x00, 0x00, 0xff, 0x00, 0x00, 0xff,
  0x00, 0x00, 0xff, 0x00, 0x00, 0xff, 0x00, 0x00, 0xff, 0x00, 0x00, 0xff, 0x00, 0x00, 0xff, 0x00, 0x00, 0xff, 0x00, 0x10, 0xfd, 0x20, 0x20, 0xfd,
  0x61, 0x50, 0xfc, 0xa1, 0x78, 0xf8, 0xe2, 0xa8, 0xfe, 0x02, 0xc1, 0xff, 0x02, 0xc9, 0xff, 0x02, 0xc9, 0xff, 0x02, 0xc9, 0xff, 0x02, 0xc9, 0xff,
  0x02, 0xc9, 0xff, 0x02, 0xc9, 0xff, 0x02, 0xc9, 0xff, 0x02, 0xc9, 0xff, 0x02, 0xc9, 0xff, 0x02, 0xc9, 0xff, 0x02, 0xc9, 0xff, 0x02, 0xc9, 0xff,
  0x02, 0xc9, 0xff, 0x02, 0xc9, 0xff, 0x02, 0xc9, 0xff, 0x02, 0xc9, 0xff, 0x02, 0xc9, 0xff, 0x02, 0xc9, 0xff, 0x02, 0xc9, 0xff, 0x02, 0xc9, 0xff,
  0x02, 0xc9, 0xff, 0x02, 0xc9, 0xff, 0x02, 0xc9, 0xff, 0x02, 0xc9, 0xff, 0x02, 0xc9, 0xff, 0x02, 0xc9, 0xff, 0xe2, 0xb0, 0xfe, 0x81, 0x60, 0xfd,
  0x20, 0x18, 0xfd, 0x00, 0x00, 0xff, 0x00, 0x00, 0xff, 0x00, 0x00, 0xff, 0x00, 0x00, 0xcc, 0x00, 0x00, 0x45, 0x00, 0x00, 0x03, 0x00, 0x00, 0x00,
  0x00, 0x00, 0x00, 0x00, 0x00, 0x00, 0x00, 0x00, 0x00, 0x00, 0x00, 0x00, 0x00, 0x00, 0x00, 0x00, 0x00, 0x00, 0x00, 0x00, 0x00, 0x00, 0x00, 0x00,
  0x00, 0x00, 0x00, 0x00, 0x00, 0x00, 0x00, 0x00, 0x00, 0x00, 0x00, 0x00, 0x00, 0x00, 0x00, 0x00, 0x00, 0x00, 0x00, 0x00, 0x00, 0x00, 0x00, 0x00,
  0x00, 0x00, 0x00, 0x00, 0x00, 0x00, 0x00, 0x00, 0x00, 0x00, 0x00, 0x00, 0x00, 0x00, 0x00, 0x00, 0x00, 0x00, 0x00, 0x00, 0x00, 0x00, 0x00, 0x00,
  0x00, 0x00, 0x00, 0x00, 0x00, 0x00, 0x00, 0x00, 0x00, 0x00, 0x00, 0x00, 0x00, 0x00, 0x00, 0x00, 0x00, 0x00, 0x00, 0x00, 0x00, 0x00, 0x00, 0x00,
  0x00, 0x00, 0x00, 0x00, 0x00, 0x00, 0x00, 0x00, 0x00, 0x00, 0x00, 0x00, 0x00, 0x00, 0x00, 0x00, 0x00, 0x00, 0x00, 0x00, 0x00, 0x00, 0x00, 0x00,
  0x00, 0x00, 0x00, 0x00, 0x00, 0x00, 0x00, 0x00, 0x00, 0x00, 0x00, 0x00, 0x00, 0x00, 0x00, 0x00, 0x00, 0x00, 0x00, 0x00, 0x00, 0x00, 0x00, 0x00,
  0x00, 0x00, 0x00, 0x00, 0x00, 0x00, 0x00, 0x00, 0x00, 0x00, 0x00, 0x00, 0x00, 0x00, 0x00, 0x00, 0x00, 0x00, 0x00, 0x00, 0x00, 0x00, 0x00, 0x00,
  0x00, 0x00, 0x00, 0x00, 0x00, 0x00, 0x00, 0x00, 0x00, 0x00, 0x00, 0x00, 0x00, 0x00, 0x00, 0x00, 0x00, 0x00, 0x00, 0x00, 0x00, 0x00, 0x00, 0x00,
  0x00, 0x00, 0x00, 0x00, 0x00, 0x00, 0x00, 0x00, 0x00, 0x00, 0x00, 0x00, 0x00, 0x00, 0x00, 0x00, 0x00, 0x00, 0x00, 0x00, 0x00, 0x00, 0x00, 0x00,
  0x00, 0x00, 0x00, 0x00, 0x00, 0x00, 0x00, 0x00, 0x00, 0x00, 0x00, 0x00, 0x00, 0x00, 0x00, 0x00, 0x00, 0x00, 0x00, 0x00, 0x00, 0x00, 0x00, 0x0c,
  0x00, 0x00, 0x4c, 0x00, 0x00, 0xc5, 0x00, 0x00, 0xf4, 0x00, 0x00, 0xff, 0x00, 0x00, 0xff, 0x20, 0x18, 0xfd, 0x81, 0x70, 0xfc, 0x02, 0xb9, 0xff,
  0x02, 0xc9, 0xff, 0x02, 0xc9, 0xff, 0x02, 0xc9, 0xff, 0x02, 0xc9, 0xff, 0x02, 0xc9, 0xff, 0x02, 0xc9, 0xff, 0x02, 0xc9, 0xff, 0x02, 0xc9, 0xff,
  0x02, 0xc9, 0xff, 0x02, 0xc9, 0xff, 0x02, 0xc9, 0xff, 0x02, 0xc9, 0xff, 0x02, 0xc9, 0xff, 0x02, 0xc9, 0xff, 0x02, 0xc9, 0xff, 0x02, 0xc9, 0xff,
  0x02, 0xc9, 0xff, 0x02, 0xc9, 0xff, 0x02, 0xc9, 0xff, 0x02, 0xc9, 0xff, 0x02, 0xc9, 0xff, 0x02, 0xc9, 0xff, 0x02, 0xc9, 0xff, 0x02, 0xc9, 0xff,
  0x02, 0xc1, 0xff, 0xe2, 0xa8, 0xfe, 0xa1, 0x80, 0xfd, 0x61, 0x50, 0xfc, 0x20, 0x28, 0xfd, 0x00, 0x10, 0xfd, 0x00, 0x00, 0xff, 0x00, 0x00, 0xff,
  0x00, 0x00, 0xff, 0x00, 0x00, 0xff, 0x00, 0x00, 0xff, 0x00, 0x00, 0xff, 0x00, 0x08, 0xfe, 0x60, 0x10, 0xfc, 0xe1, 0x20, 0xfd, 0x82, 0x39, 0xfc,
  0x23, 0x52, 0xfb, 0x04, 0x73, 0xfc, 0xa5, 0x8b, 0xfc, 0xc5, 0x8b, 0xfb, 0x66, 0xac, 0xfc, 0xe7, 0xbc, 0xfd, 0x48, 0xcd, 0xfe, 0xa8, 0xdd, 0xfe,
  0xa8, 0xdd, 0xfe, 0xa8, 0xdd, 0xfe, 0xa8, 0xdd, 0xfe, 0xa8, 0xdd, 0xfe, 0xa8, 0xdd, 0xfe, 0xa8, 0xdd, 0xfe, 0xa8, 0xdd, 0xfe, 0xa8, 0xdd, 0xfe,
  0x48, 0xcd, 0xfe, 0x07, 0xc5, 0xfd, 0x66, 0xac, 0xfc, 0x26, 0x9c, 0xfc, 0xc5, 0x8b, 0xfb, 0x24, 0x7b, 0xfa, 0x43, 0x52, 0xfb, 0x82, 0x39, 0xfc,
  0x21, 0x29, 0xfb, 0xa1, 0x18, 0xfd, 0x40, 0x08, 0xfe, 0x00, 0x00, 0xff, 0x00, 0x00, 0xff, 0x00, 0x00, 0xff, 0x00, 0x00, 0xff, 0x00, 0x00, 0xff,
  0x00, 0x00, 0xff, 0x00, 0x08, 0xfe, 0x20, 0x20, 0xfd, 0x40, 0x40, 0xfd, 0x81, 0x70, 0xfc, 0xe2, 0xa0, 0xfd, 0x02, 0xb9, 0xff, 0x02, 0xc9, 0xff,
  0x02, 0xc9, 0xff, 0x02, 0xc9, 0xff, 0x02, 0xc9, 0xff, 0x02, 0xc9, 0xff, 0x02, 0xc9, 0xff, 0x02, 0xc9, 0xff, 0x02, 0xc9, 0xff, 0x02, 0xc9, 0xff,
  0x02, 0xc9, 0xff, 0x02, 0xc9, 0xff, 0x02, 0xc9, 0xff, 0x02, 0xc9, 0xff, 0x02, 0xc9, 0xff, 0x02, 0xc9, 0xff, 0x02, 0xc9, 0xff, 0x02, 0xc9, 0xff,
  0x02, 0xc9, 0xff, 0x02, 0xc9, 0xff, 0x02, 0xc9, 0xff, 0x02, 0xc9, 0xff, 0x02, 0xc9, 0xff, 0x02, 0xc9, 0xff, 0x02, 0xc9, 0xff, 0x02, 0xc1, 0xff,
  0xc1, 0x90, 0xfd, 0x40, 0x30, 0xfd, 0x00, 0x00, 0xff, 0x00, 0x00, 0xff, 0x00, 0x00, 0xff, 0x00, 0x00, 0xd5, 0x00, 0x00, 0x74, 0x00, 0x00, 0x14,
  0x00, 0x00, 0x00, 0x00, 0x00, 0x00, 0x00, 0x00, 0x00, 0x00, 0x00, 0x00, 0x00, 0x00, 0x00, 0x00, 0x00, 0x00, 0x00, 0x00, 0x00, 0x00, 0x00, 0x00,
  0x00, 0x00, 0x00, 0x00, 0x00, 0x00, 0x00, 0x00, 0x00, 0x00, 0x00, 0x00, 0x00, 0x00, 0x00, 0x00, 0x00, 0x00, 0x00, 0x00, 0x00, 0x00, 0x00, 0x00,
  0x00, 0x00, 0x00, 0x00, 0x00, 0x00, 0x00, 0x00, 0x00, 0x00, 0x00, 0x00, 0x00, 0x00, 0x00, 0x00, 0x00, 0x00, 0x00, 0x00, 0x00, 0x00, 0x00, 0x00,
  0x00, 0x00, 0x00, 0x00, 0x00, 0x00, 0x00, 0x00, 0x00, 0x00, 0x00, 0x00, 0x00, 0x00, 0x00, 0x00, 0x00, 0x00, 0x00, 0x00, 0x00, 0x00, 0x00, 0x00,
  0x00, 0x00, 0x00, 0x00, 0x00, 0x00, 0x00, 0x00, 0x00, 0x00, 0x00, 0x00, 0x00, 0x00, 0x00, 0x00, 0x00, 0x00, 0x00, 0x00, 0x00, 0x00, 0x00, 0x00,
  0x00, 0x00, 0x00, 0x00, 0x00, 0x00, 0x00, 0x00, 0x00, 0x00, 0x00, 0x00, 0x00, 0x00, 0x00, 0x00, 0x00, 0x00, 0x00, 0x00, 0x00, 0x00, 0x00, 0x00,
  0x00, 0x00, 0x00, 0x00, 0x00, 0x00, 0x00, 0x00, 0x00, 0x00, 0x00, 0x00, 0x00, 0x00, 0x00, 0x00, 0x00, 0x00, 0x00, 0x00, 0x00, 0x00, 0x00, 0x00,
  0x00, 0x00, 0x00, 0x00, 0x00, 0x00, 0x00, 0x00, 0x00, 0x00, 0x00, 0x00, 0x00, 0x00, 0x00, 0x00, 0x00, 0x00, 0x00, 0x00, 0x00, 0x00, 0x00, 0x00,
  0x00, 0x00, 0x00, 0x00, 0x00, 0x00, 0x00, 0x00, 0x00, 0x00, 0x00, 0x00, 0x00, 0x00, 0x00, 0x00, 0x00, 0x00, 0x00, 0x00, 0x00, 0x00, 0x00, 0x00,
  0x00, 0x00, 0x00, 0x00, 0x00, 0x00, 0x00, 0x00, 0x00, 0x00, 0x00, 0x00, 0x00, 0x00, 0x00, 0x00, 0x00, 0x02, 0x00, 0x00, 0x14, 0x00, 0x00, 0x74,
  0x00, 0x00, 0xe4, 0x00, 0x00, 0xff, 0x00, 0x00, 0xff, 0x00, 0x08, 0xfe, 0x60, 0x48, 0xfc, 0xc1, 0x98, 0xfd, 0x02, 0xc1, 0xff, 0x02, 0xc9, 0xff,
  0x02, 0xc9, 0xff, 0x02, 0xc9, 0xff, 0x02, 0xc9, 0xff, 0x02, 0xc9, 0xff, 0x02, 0xc9, 0xff, 0x02, 0xc9, 0xff, 0x02, 0xc9, 0xff, 0x02, 0xc9, 0xff,
  0x02, 0xc9, 0xff, 0x02, 0xc9, 0xff, 0x02, 0xc9, 0xff, 0x02, 0xc9, 0xff, 0x02, 0xc9, 0xff, 0x02, 0xc9, 0xff, 0x02, 0xc9, 0xff, 0x02, 0xc9, 0xff,
  0x02, 0xc9, 0xff, 0x02, 0xc9, 0xff, 0x02, 0xc9, 0xff, 0x02, 0xc9, 0xff, 0x02, 0xc9, 0xff, 0x02, 0xc1, 0xff, 0xe2, 0xa8, 0xfe, 0xa1, 0x78, 0xfd,
  0x60, 0x48, 0xfc, 0x20, 0x18, 0xfd, 0x00, 0x08, 0xfe, 0x00, 0x00, 0xff, 0x00, 0x00, 0xff, 0x00, 0x00, 0xff, 0x00, 0x00, 0xff, 0x00, 0x08, 0xfe,
  0x60, 0x10, 0xfc, 0x21, 0x29, 0xfb, 0x23, 0x52, 0xfb, 0x24, 0x7b, 0xfa, 0x66, 0xac, 0xfc, 0xe7, 0xbc, 0xfd, 0xa8, 0xdd, 0xfe, 0x29, 0xee, 0xfe,
  0x49, 0xee, 0xff, 0x69, 0xf6, 0xff, 0x8a, 0xfe, 0xff, 0x8a, 0xfe, 0xff, 0x8a, 0xfe, 0xff, 0x8a, 0xfe, 0xff, 0x8a, 0xfe, 0xff, 0x8a, 0xfe, 0xff,
  0x8a, 0xfe, 0xff, 0x8a, 0xfe, 0xff, 0x8a, 0xfe, 0xff, 0x8a, 0xfe, 0xff, 0x8a, 0xfe, 0xff, 0x8a, 0xfe, 0xff, 0x8a, 0xfe, 0xff, 0x8a, 0xfe, 0xff,
  0x8a, 0xfe, 0xff, 0x8a, 0xfe, 0xff, 0x8a, 0xfe, 0xff, 0x8a, 0xfe, 0xff, 0x8a, 0xfe, 0xff, 0x6a, 0xf6, 0xff, 0x49, 0xee, 0xff, 0x29, 0xee, 0xfe,
  0xa8, 0xdd, 0xfe, 0x48, 0xcd, 0xfe, 0x87, 0xac, 0xfc, 0xa5, 0x8b, 0xfc, 0x43, 0x52, 0xfb, 0x62, 0x31, 0xfc, 0xa1, 0x18, 0xfd, 0x40, 0x08, 0xfe,
  0x00, 0x00, 0xff, 0x00, 0x00, 0xff, 0x00, 0x00, 0xff, 0x00, 0x00, 0xff, 0x00, 0x00, 0xff, 0x00, 0x10, 0xfd, 0x40, 0x30, 0xfd, 0x81, 0x70, 0xfc,
  0xc1, 0x98, 0xfd, 0x02, 0xb9, 0xff, 0x02, 0xc9, 0xff, 0x02, 0xc9, 0xff, 0x02, 0xc9, 0xff, 0x02, 0xc9, 0xff, 0x02, 0xc9, 0xff, 0x02, 0xc9, 0xff,
  0x02, 0xc9, 0xff, 0x02, 0xc9, 0xff, 0x02, 0xc9, 0xff, 0x02, 0xc9, 0xff, 0x02, 0xc9, 0xff, 0x02, 0xc9, 0xff, 0x02, 0xc9, 0xff, 0x02, 0xc9, 0xff,
  0x02, 0xc9, 0xff, 0x02, 0xc9, 0xff, 0x02, 0xc9, 0xff, 0x02, 0xc9, 0xff, 0x02, 0xc9, 0xff, 0x02, 0xc9, 0xff, 0x02, 0xc9, 0xff, 0x02, 0xc9, 0xff,
  0x02, 0xc9, 0xff, 0xe2, 0xb0, 0xfe, 0x81, 0x58, 0xfc, 0x00, 0x10, 0xfd, 0x00, 0x00, 0xff, 0x00, 0x00, 0xff, 0x00, 0x00, 0xf4, 0x00, 0x00, 0xa4,
  0x00, 0x00, 0x2c, 0x00, 0x00, 0x03, 0x00, 0x00, 0x00, 0x00, 0x00, 0x00, 0x00, 0x00, 0x00, 0x00, 0x00, 0x00, 0x00, 0x00, 0x00, 0x00, 0x00, 0x00,
  0x00, 0x00, 0x00, 0x00, 0x00, 0x00, 0x00, 0x00, 0x00, 0x00, 0x00, 0x00, 0x00, 0x00, 0x00, 0x00, 0x00, 0x00, 0x00, 0x00, 0x00, 0x00, 0x00, 0x00,
  0x00, 0x00, 0x00, 0x00, 0x00, 0x00, 0x00, 0x00, 0x00, 0x00, 0x00, 0x00, 0x00, 0x00, 0x00, 0x00, 0x00, 0x00, 0x00, 0x00, 0x00, 0x00, 0x00, 0x00,
  0x00, 0x00, 0x00, 0x00, 0x00, 0x00, 0x00, 0x00, 0x00, 0x00, 0x00, 0x00, 0x00, 0x00, 0x00, 0x00, 0x00, 0x00, 0x00, 0x00, 0x00, 0x00, 0x00, 0x00,
  0x00, 0x00, 0x00, 0x00, 0x00, 0x00, 0x00, 0x00, 0x00, 0x00, 0x00, 0x00, 0x00, 0x00, 0x00, 0x00, 0x00, 0x00, 0x00, 0x00, 0x00, 0x00, 0x00, 0x00,
  0x00, 0x00, 0x00, 0x00, 0x00, 0x00, 0x00, 0x00, 0x00, 0x00, 0x00, 0x00, 0x00, 0x00, 0x00, 0x00, 0x00, 0x00, 0x00, 0x00, 0x00, 0x00, 0x00, 0x00,
  0x00, 0x00, 0x00, 0x00, 0x00, 0x00, 0x00, 0x00, 0x00, 0x00, 0x00, 0x00, 0x00, 0x00, 0x00, 0x00, 0x00, 0x00, 0x00, 0x00, 0x00, 0x00, 0x00, 0x00,
  0x00, 0x00, 0x00, 0x00, 0x00, 0x00, 0x00, 0x00, 0x00, 0x00, 0x00, 0x00, 0x00, 0x00, 0x00, 0x00, 0x00, 0x00, 0x00, 0x00, 0x00, 0x00, 0x00, 0x00,
  0x00, 0x00, 0x00, 0x00, 0x00, 0x00, 0x00, 0x00, 0x00, 0x00, 0x00, 0x00, 0x00, 0x00, 0x00, 0x00, 0x00, 0x00, 0x00, 0x00, 0x00, 0x00, 0x00, 0x00,
  0x00, 0x00, 0x00, 0x00, 0x00, 0x00, 0x00, 0x00, 0x00, 0x00, 0x00, 0x00, 0x00, 0x00, 0x02, 0x00, 0x00, 0x34, 0x00, 0x00, 0xac, 0x00, 0x00, 0xf4,
  0x00, 0x00, 0xff, 0x00, 0x00, 0xff, 0x00, 0x10, 0xfd, 0x81, 0x70, 0xfc, 0x02, 0xb9, 0xff, 0x02, 0xc9, 0xff, 0x02, 0xc9, 0xff, 0x02, 0xc9, 0xff,
  0x02, 0xc9, 0xff, 0x02, 0xc9, 0xff, 0x02, 0xc9, 0xff, 0x02, 0xc9, 0xff, 0x02, 0xc9, 0xff, 0x02, 0xc9, 0xff, 0x02, 0xc9, 0xff, 0x02, 0xc9, 0xff,
  0x02, 0xc9, 0xff, 0x02, 0xc9, 0xff, 0x02, 0xc9, 0xff, 0x02, 0xc9, 0xff, 0x02, 0xc9, 0xff, 0x02, 0xc9, 0xff, 0x02, 0xc9, 0xff, 0x02, 0xc9, 0xff,
  0x02, 0xc9, 0xff, 0x02, 0xc9, 0xff, 0x02, 0xc9, 0xff, 0x02, 0xb9, 0xff, 0xc1, 0x90, 0xfd, 0x61, 0x50, 0xfc, 0x20, 0x18, 0xfd, 0x00, 0x00, 0xff,
  0x00, 0x00, 0xff, 0x00, 0x00, 0xff, 0x00, 0x00, 0xff, 0x00, 0x00, 0xff, 0x40, 0x08, 0xfe, 0x21, 0x29, 0xfb, 0x43, 0x52, 0xfb, 0xc5, 0x8b, 0xfb,
  0x27, 0xc5, 0xfd, 0xa8, 0xdd, 0xfe, 0x49, 0xee, 0xff, 0x8a, 0xf6, 0xff, 0x8a, 0xfe, 0xff, 0x8a, 0xfe, 0xff, 0x8a, 0xfe, 0xff, 0x8a, 0xfe, 0xff,
  0x8a, 0xfe, 0xff, 0x8a, 0xfe, 0xff, 0x8a, 0xfe, 0xff, 0x8a, 0xfe, 0xff, 0x8a, 0xfe, 0xff, 0x8a, 0xfe, 0xff, 0x8a, 0xfe, 0xff, 0x8a, 0xfe, 0xff,
  0x8a, 0xfe, 0xff, 0x8a, 0xfe, 0xff, 0x8a, 0xfe, 0xff, 0x8a, 0xfe, 0xff, 0x8a, 0xfe, 0xff, 0x8a, 0xfe, 0xff, 0x8a, 0xfe, 0xff, 0x8a, 0xfe, 0xff,
  0x8a, 0xfe, 0xff, 0x8a, 0xfe, 0xff, 0x8a, 0xfe, 0xff, 0x8a, 0xfe, 0xff, 0x8a, 0xfe, 0xff, 0x8a, 0xfe, 0xff, 0x8a, 0xfe, 0xff, 0x8a, 0xfe, 0xff,
  0x8a, 0xfe, 0xff, 0x8a, 0xfe, 0xff, 0x8a, 0xfe, 0xff, 0x8a, 0xf6, 0xff, 0x69, 0xf6, 0xff, 0xe9, 0xe5, 0xfe, 0x48, 0xcd, 0xfe, 0x26, 0x9c, 0xfc,
  0xc4, 0x6a, 0xfb, 0x62, 0x31, 0xfc, 0x60, 0x10, 0xfc, 0x00, 0x00, 0xff, 0x00, 0x00, 0xff, 0x00, 0x00, 0xff, 0x00, 0x00, 0xff, 0x00, 0x00, 0xff,
  0x00, 0x10, 0xfd, 0x40, 0x38, 0xfd, 0xa1, 0x78, 0xfd, 0xe2, 0xb0, 0xfe, 0x02, 0xc9, 0xff, 0x02, 0xc9, 0xff, 0x02, 0xc9, 0xff, 0x02, 0xc9, 0xff,
  0x02, 0xc9, 0xff, 0x02, 0xc9, 0xff, 0x02, 0xc9, 0xff, 0x02, 0xc9, 0xff, 0x02, 0xc9, 0xff, 0x02, 0xc9, 0xff, 0x02, 0xc9, 0xff, 0x02, 0xc9, 0xff,
  0x02, 0xc9, 0xff, 0x02, 0xc9, 0xff, 0x02, 0xc9, 0xff, 0x02, 0xc9, 0xff, 0x02, 0xc9, 0xff, 0x02, 0xc9, 0xff, 0x02, 0xc9, 0xff, 0x02, 0xc9, 0xff,
  0x02, 0xc9, 0xff, 0x02, 0xc9, 0xff, 0x02, 0xc1, 0xff, 0xc1, 0x90, 0xfd, 0x40, 0x30, 0xfd, 0x00, 0x00, 0xff, 0x00, 0x00, 0xff, 0x00, 0x00, 0xff,
  0x00, 0x00, 0xc5, 0x00, 0x00, 0x4c, 0x00, 0x00, 0x03, 0x00, 0x00, 0x00, 0x00, 0x00, 0x00, 0x00, 0x00, 0x00, 0x00, 0x00, 0x00, 0x00, 0x00, 0x00,
  0x00, 0x00, 0x00, 0x00, 0x00, 0x00, 0x00, 0x00, 0x00, 0x00, 0x00, 0x00, 0x00, 0x00, 0x00, 0x00, 0x00, 0x00, 0x00, 0x00, 0x00, 0x00, 0x00, 0x00,
  0x00, 0x00, 0x00, 0x00, 0x00, 0x00, 0x00, 0x00, 0x00, 0x00, 0x00, 0x00, 0x00, 0x00, 0x00, 0x00, 0x00, 0x00, 0x00, 0x00, 0x00, 0x00, 0x00, 0x00,
  0x00, 0x00, 0x00, 0x00, 0x00, 0x00, 0x00, 0x00, 0x00, 0x00, 0x00, 0x00, 0x00, 0x00, 0x00, 0x00, 0x00, 0x00, 0x00, 0x00, 0x00, 0x00, 0x00, 0x00,
  0x00, 0x00, 0x00, 0x00, 0x00, 0x00, 0x00, 0x00, 0x00, 0x00, 0x00, 0x00, 0x00, 0x00, 0x00, 0x00, 0x00, 0x00, 0x00, 0x00, 0x00, 0x00, 0x00, 0x00,
  0x00, 0x00, 0x00, 0x00, 0x00, 0x00, 0x00, 0x00, 0x00, 0x00, 0x00, 0x00, 0x00, 0x00, 0x00, 0x00, 0x00, 0x00, 0x00, 0x00, 0x00, 0x00, 0x00, 0x00,
  0x00, 0x00, 0x00, 0x00, 0x00, 0x00, 0x00, 0x00, 0x00, 0x00, 0x00, 0x00, 0x00, 0x00, 0x00, 0x00, 0x00, 0x00, 0x00, 0x00, 0x00, 0x00, 0x00, 0x00,
  0x00, 0x00, 0x00, 0x00, 0x00, 0x00, 0x00, 0x00, 0x00, 0x00, 0x00, 0x00, 0x00, 0x00, 0x00, 0x00, 0x00, 0x00, 0x00, 0x00, 0x00, 0x00, 0x00, 0x00,
  0x00, 0x00, 0x00, 0x00, 0x00, 0x00, 0x00, 0x00, 0x00, 0x00, 0x00, 0x00, 0x00, 0x00, 0x00, 0x00, 0x00, 0x00, 0x00, 0x00, 0x00, 0x00, 0x00, 0x00,
  0x00, 0x00, 0x00, 0x00, 0x00, 0x00, 0x00, 0x00, 0x00, 0x00, 0x00, 0x03, 0x00, 0x00, 0x34, 0x00, 0x00, 0xbc, 0x00, 0x00, 0xff, 0x00, 0x00, 0xff,
  0x00, 0x00, 0xff, 0x20, 0x20, 0xfd, 0xa1, 0x80, 0xfd, 0x02, 0xc1, 0xff, 0x02, 0xc9, 0xff, 0x02, 0xc9, 0xff, 0x02, 0xc9, 0xff, 0x02, 0xc9, 0xff,
  0x02, 0xc9, 0xff, 0x02, 0xc9, 0xff, 0x02, 0xc9, 0xff, 0x02, 0xc9, 0xff, 0x02, 0xc9, 0xff, 0x02, 0xc9, 0xff, 0x02, 0xc9, 0xff, 0x02, 0xc9, 0xff,
  0x02, 0xc9, 0xff, 0x02, 0xc9, 0xff, 0x02, 0xc9, 0xff, 0x02, 0xc9, 0xff, 0x02, 0xc9, 0xff, 0x02, 0xc9, 0xff, 0x02, 0xc9, 0xff, 0x02, 0xc9, 0xff,
  0x02, 0xc9, 0xff, 0x02, 0xb9, 0xff, 0xa1, 0x88, 0xfb, 0x40, 0x40, 0xfd, 0x00, 0x10, 0xfd, 0x00, 0x00, 0xff, 0x00, 0x00, 0xff, 0x00, 0x00, 0xff,
  0x00, 0x00, 0xff, 0x40, 0x08, 0xfe, 0x21, 0x29, 0xfb, 0x23, 0x52, 0xfb, 0xc5, 0x8b, 0xfb, 0x48, 0xcd, 0xfe, 0x29, 0xee, 0xfe, 0x8a, 0xf6, 0xff,
  0x8a, 0xfe, 0xff, 0x8a, 0xfe, 0xff, 0x8a, 0xfe, 0xff, 0x8a, 0xfe, 0xff, 0x8a, 0xfe, 0xff, 0x8a, 0xfe, 0xff, 0x8a, 0xfe, 0xff, 0x8a, 0xfe, 0xff,
  0x8a, 0xfe, 0xff, 0x8a, 0xfe, 0xff, 0x8a, 0xfe, 0xff, 0x8a, 0xfe, 0xff, 0x8a, 0xfe, 0xff, 0x8a, 0xfe, 0xff, 0x8a, 0xfe, 0xff, 0x8a, 0xfe, 0xff,
  0x8a, 0xfe, 0xff, 0x8a, 0xfe, 0xff, 0x8a, 0xfe, 0xff, 0x8a, 0xfe, 0xff, 0x8a, 0xfe, 0xff, 0x8a, 0xfe, 0xff, 0x8a, 0xfe, 0xff, 0x8a, 0xfe, 0xff,
  0x8a, 0xfe, 0xff, 0x8a, 0xfe, 0xff, 0x8a, 0xfe, 0xff, 0x8a, 0xfe, 0xff, 0x8a, 0xfe, 0xff, 0x8a, 0xfe, 0xff, 0x8a, 0xfe, 0xff, 0x8a, 0xfe, 0xff,
  0x8a, 0xfe, 0xff, 0x8a, 0xfe, 0xff, 0x8a, 0xfe, 0xff, 0x8a, 0xfe, 0xff, 0x8a, 0xfe, 0xff, 0x8a, 0xfe, 0xff, 0x8a, 0xfe, 0xff, 0x8a, 0xfe, 0xff,
  0x69, 0xf6, 0xff, 0xa8, 0xdd, 0xfe, 0x66, 0xac, 0xfc, 0xc4, 0x6a, 0xfb, 0x62, 0x31, 0xfc, 0x60, 0x10, 0xfc, 0x00, 0x00, 0xff, 0x00, 0x00, 0xff,
  0x00, 0x00, 0xff, 0x00, 0x00, 0xff, 0x00, 0x08, 0xfe, 0x40, 0x30, 0xfd, 0x81, 0x70, 0xfc, 0xe2, 0xa8, 0xfe, 0x02, 0xc1, 0xff, 0x02, 0xc9, 0xff,
  0x02, 0xc9, 0xff, 0x02, 0xc9, 0xff, 0x02, 0xc9, 0xff, 0x02, 0xc9, 0xff, 0x02, 0xc9, 0xff, 0x02, 0xc9, 0xff, 0x02, 0xc9, 0xff, 0x02, 0xc9, 0xff,
  0x02, 0xc9, 0xff, 0x02, 0xc9, 0xff, 0x02, 0xc9, 0xff, 0x02, 0xc9, 0xff, 0x02, 0xc9, 0xff, 0x02, 0xc9, 0xff, 0x02, 0xc9, 0xff, 0x02, 0xc9, 0xff,
  0x02, 0xc9, 0xff, 0x02, 0xc9, 0xff, 0x02, 0xc9, 0xff, 0x02, 0xc9, 0xff, 0xe2, 0xa0, 0xfd, 0x40, 0x38, 0xfd, 0x00, 0x00, 0xff, 0x00, 0x00, 0xff,
  0x00, 0x00, 0xff, 0x00, 0x00, 0xdb, 0x00, 0x00, 0x63, 0x00, 0x00, 0x0c, 0x00, 0x00, 0x00, 0x00, 0x00, 0x00, 0x00, 0x00, 0x00, 0x00, 0x00, 0x00,
  0x00, 0x00, 0x00, 0x00, 0x00, 0x00, 0x00, 0x00, 0x00, 0x00, 0x00, 0x00, 0x00, 0x00, 0x00, 0x00, 0x00, 0x00, 0x00, 0x00, 0x00, 0x00, 0x00, 0x00,
  0x00, 0x00, 0x00, 0x00, 0x00, 0x00, 0x00, 0x00, 0x00, 0x00, 0x00, 0x00, 0x00, 0x00, 0x00, 0x00, 0x00, 0x00, 0x00, 0x00, 0x00, 0x00, 0x00, 0x00,
  0x00, 0x00, 0x00, 0x00, 0x00, 0x00, 0x00, 0x00, 0x00, 0x00, 0x00, 0x00, 0x00, 0x00, 0x00, 0x00, 0x00, 0x00, 0x00, 0x00, 0x00, 0x00, 0x00, 0x00,
  0x00, 0x00, 0x00, 0x00, 0x00, 0x00, 0x00, 0x00, 0x00, 0x00, 0x00, 0x00, 0x00, 0x00, 0x00, 0x00, 0x00, 0x00, 0x00, 0x00, 0x00, 0x00, 0x00, 0x00,
  0x00, 0x00, 0x00, 0x00, 0x00, 0x00, 0x00, 0x00, 0x00, 0x00, 0x00, 0x00, 0x00, 0x00, 0x00, 0x00, 0x00, 0x00, 0x00, 0x00, 0x00, 0x00, 0x00, 0x00,
  0x00, 0x00, 0x00, 0x00, 0x00, 0x00, 0x00, 0x00, 0x00, 0x00, 0x00, 0x00, 0x00, 0x00, 0x00, 0x00, 0x00, 0x00, 0x00, 0x00, 0x00, 0x00, 0x00, 0x00,
  0x00, 0x00, 0x00, 0x00, 0x00, 0x00, 0x00, 0x00, 0x00, 0x00, 0x00, 0x00, 0x00, 0x00, 0x00, 0x00, 0x00, 0x00, 0x00, 0x00, 0x00, 0x00, 0x00, 0x00,
  0x00, 0x00, 0x00, 0x00, 0x00, 0x00, 0x00, 0x00, 0x00, 0x00, 0x00, 0x00, 0x00, 0x00, 0x00, 0x00, 0x00, 0x00, 0x00, 0x00, 0x00, 0x00, 0x00, 0x00,
  0x00, 0x00, 0x00, 0x00, 0x00, 0x00, 0x00, 0x00, 0x0c, 0x00, 0x00, 0x4c, 0x00, 0x00, 0xcc, 0x00, 0x00, 0xff, 0x00, 0x00, 0xff, 0x00, 0x08, 0xfe,
  0x60, 0x48, 0xfc, 0xe2, 0xa0, 0xfd, 0x02, 0xc9, 0xff, 0x02, 0xc9, 0xff, 0x02, 0xc9, 0xff, 0x02, 0xc9, 0xff, 0x02, 0xc9, 0xff, 0x02, 0xc9, 0xff,
  0x02, 0xc9, 0xff, 0x02, 0xc9, 0xff, 0x02, 0xc9, 0xff, 0x02, 0xc9, 0xff, 0x02, 0xc9, 0xff, 0x02, 0xc9, 0xff, 0x02, 0xc9, 0xff, 0x02, 0xc9, 0xff,
  0x02, 0xc9, 0xff, 0x02, 0xc9, 0xff, 0x02, 0xc9, 0xff, 0x02, 0xc9, 0xff, 0x02, 0xc9, 0xff, 0x02, 0xc9, 0xff, 0x02, 0xc1, 0xff, 0xe2, 0xa8, 0xfe,
  0x81, 0x68, 0xfd, 0x40, 0x30, 0xfd, 0x00, 0x08, 0xfe, 0x00, 0x00, 0xff, 0x00, 0x00, 0xff, 0x00, 0x00, 0xff, 0x40, 0x08, 0xfe, 0x21, 0x29, 0xfb,
  0x43, 0x52, 0xfb, 0x66, 0xac, 0xfc, 0xa8, 0xdd, 0xfe, 0x49, 0xee, 0xff, 0x8a, 0xfe, 0xff, 0x8a, 0xfe, 0xff, 0x8a, 0xfe, 0xff, 0x8a, 0xfe, 0xff,
  0x8a, 0xfe, 0xff, 0x8a, 0xfe, 0xff, 0x8a, 0xfe, 0xff, 0x8a, 0xfe, 0xff, 0x8a, 0xfe, 0xff, 0x8a, 0xfe, 0xff, 0x8a, 0xfe, 0xff, 0x8a, 0xfe, 0xff,
  0x8a, 0xfe, 0xff, 0x8a, 0xfe, 0xff, 0x8a, 0xfe, 0xff, 0x8a, 0xfe, 0xff, 0x8a, 0xfe, 0xff, 0x8a, 0xfe, 0xff, 0x8a, 0xfe, 0xff, 0x8a, 0xfe, 0xff,
  0x8a, 0xfe, 0xff, 0x8a, 0xfe, 0xff, 0x8a, 0xfe, 0xff, 0x8a, 0xfe, 0xff, 0x8a, 0xfe, 0xff, 0x8a, 0xfe, 0xff, 0x8a, 0xfe, 0xff, 0x8a, 0xfe, 0xff,
  0x8a, 0xfe, 0xff, 0x8a, 0xfe, 0xff, 0x8a, 0xfe, 0xff, 0x8a, 0xfe, 0xff, 0x8a, 0xfe, 0xff, 0x8a, 0xfe, 0xff, 0x8a, 0xfe, 0xff, 0x8a, 0xfe, 0xff,
  0x8a, 0xfe, 0xff, 0x8a, 0xfe, 0xff, 0x8a, 0xfe, 0xff, 0x8a, 0xfe, 0xff, 0x8a, 0xfe, 0xff, 0x8a, 0xfe, 0xff, 0x8a, 0xfe, 0xff, 0x8a, 0xfe, 0xff,
  0x8a, 0xfe, 0xff, 0x8a, 0xfe, 0xff, 0x8a, 0xfe, 0xff, 0x69, 0xf6, 0xff, 0xa8, 0xdd, 0xfe, 0xe7, 0xbc, 0xfd, 0x24, 0x7b, 0xfa, 0x62, 0x31, 0xfc,
  0x40, 0x08, 0xfe, 0x00, 0x00, 0xff, 0x00, 0x00, 0xff, 0x00, 0x00, 0xff, 0x00, 0x00, 0xff, 0x20, 0x20, 0xfd, 0x81, 0x58, 0xfc, 0xc1, 0x98, 0xfd,
  0x02, 0xc1, 0xff, 0x02, 0xc9, 0xff, 0x02, 0xc9, 0xff, 0x02, 0xc9, 0xff, 0x02, 0xc9, 0xff, 0x02, 0xc9, 0xff, 0x02, 0xc9, 0xff, 0x02, 0xc9, 0xff,
  0x02, 0xc9, 0xff, 0x02, 0xc9, 0xff, 0x02, 0xc9, 0xff, 0x02, 0xc9, 0xff, 0x02, 0xc9, 0xff, 0x02, 0xc9, 0xff, 0x02, 0xc9, 0xff, 0x02, 0xc9, 0xff,
  0x02, 0xc9, 0xff, 0x02, 0xc9, 0xff, 0x02, 0xc9, 0xff, 0x02, 0xc9, 0xff, 0x02, 0xc9, 0xff, 0xe2, 0xb0, 0xfe, 0x81, 0x60, 0xfd, 0x00, 0x10, 0xfd,
  0x00, 0x00, 0xff, 0x00, 0x00, 0xff, 0x00, 0x00, 0xec, 0x00, 0x00, 0x7c, 0x00, 0x00, 0x14, 0x00, 0x00, 0x00, 0x00, 0x00, 0x00, 0x00, 0x00, 0x00,
  0x00, 0x00, 0x00, 0x00, 0x00, 0x00, 0x00, 0x00, 0x00, 0x00, 0x00, 0x00, 0x00, 0x00, 0x00, 0x00, 0x00, 0x00, 0x00, 0x00, 0x00, 0x00, 0x00, 0x00,
  0x00, 0x00, 0x00, 0x00, 0x00, 0x00, 0x00, 0x00, 0x00, 0x00, 0x00, 0x00, 0x00, 0x00, 0x00, 0x00, 0x00, 0x00, 0x00, 0x00, 0x00, 0x00, 0x00, 0x00,
  0x00, 0x00, 0x00, 0x00, 0x00, 0x00, 0x00, 0x00, 0x00, 0x00, 0x00, 0x00, 0x00, 0x00, 0x00, 0x00, 0x00, 0x00, 0x00, 0x00, 0x00, 0x00, 0x00, 0x00,
  0x00, 0x00, 0x00, 0x00, 0x00, 0x00, 0x00, 0x00, 0x00, 0x00, 0x00, 0x00, 0x00, 0x00, 0x00, 0x00, 0x00, 0x00, 0x00, 0x00, 0x00, 0x00, 0x00, 0x00,
  0x00, 0x00, 0x00, 0x00, 0x00, 0x00, 0x00, 0x00, 0x00, 0x00, 0x00, 0x00, 0x00, 0x00, 0x00, 0x00, 0x00, 0x00, 0x00, 0x00, 0x00, 0x00, 0x00, 0x00,
  0x00, 0x00, 0x00, 0x00, 0x00, 0x00, 0x00, 0x00, 0x00, 0x00, 0x00, 0x00, 0x00, 0x00, 0x00, 0x00, 0x00, 0x00, 0x00, 0x00, 0x00, 0x00, 0x00, 0x00,
  0x00, 0x00, 0x00, 0x00, 0x00, 0x00, 0x00, 0x00, 0x00, 0x00, 0x00, 0x00, 0x00, 0x00, 0x00, 0x00, 0x00, 0x00, 0x00, 0x00, 0x00, 0x00, 0x00, 0x00,
  0x00, 0x00, 0x00, 0x00, 0x00, 0x00, 0x00, 0x00, 0x00, 0x00, 0x00, 0x00, 0x00, 0x00, 0x00, 0x00, 0x00, 0x00, 0x00, 0x00, 0x00, 0x00, 0x00, 0x00,
  0x00, 0x00, 0x00, 0x00, 0x00, 0x14, 0x00, 0x00, 0x74, 0x00, 0x00, 0xe4, 0x00, 0x00, 0xff, 0x00, 0x00, 0xff, 0x00, 0x10, 0xfd, 0x81, 0x60, 0xfd,
  0x02, 0xb9, 0xff, 0x02, 0xc9, 0xff, 0x02, 0xc9, 0xff, 0x02, 0xc9, 0xff, 0x02, 0xc9, 0xff, 0x02, 0xc9, 0xff, 0x02, 0xc9, 0xff, 0x02, 0xc9, 0xff,
  0x02, 0xc9, 0xff, 0x02, 0xc9, 0xff, 0x02, 0xc9, 0xff, 0x02, 0xc9, 0xff, 0x02, 0xc9, 0xff, 0x02, 0xc9, 0xff, 0x02, 0xc9, 0xff, 0x02, 0xc9, 0xff,
  0x02, 0xc9, 0xff, 0x02, 0xc9, 0xff, 0x02, 0xc9, 0xff, 0x02, 0xc9, 0xff, 0x02, 0xc1, 0xff, 0xe2, 0xa0, 0xfd, 0x81, 0x60, 0xfd, 0x20, 0x20, 0xfd,
  0x00, 0x00, 0xff, 0x00, 0x00, 0xff, 0x00, 0x00, 0xff, 0x00, 0x00, 0xff, 0xa1, 0x18, 0xfd, 0x23, 0x52, 0xfb, 0x26, 0x9c, 0xfc, 0xa8, 0xdd, 0xfe,
  0x69, 0xf6, 0xff, 0x8a, 0xfe, 0xff, 0x8a, 0xfe, 0xff, 0x8a, 0xfe, 0xff, 0x8a, 0xfe, 0xff, 0x8a, 0xfe, 0xff, 0x8a, 0xfe, 0xff, 0x8a, 0xfe, 0xff,
  0x8a, 0xfe, 0xff, 0x8a, 0xfe, 0xff, 0x8a, 0xfe, 0xff, 0x8a, 0xfe, 0xff, 0x8a, 0xfe, 0xff, 0x8a, 0xfe, 0xff, 0x8a, 0xfe, 0xff, 0x8a, 0xfe, 0xff,
  0x8a, 0xfe, 0xff, 0x8a, 0xfe, 0xff, 0x8a, 0xfe, 0xff, 0x8a, 0xfe, 0xff, 0x8a, 0xfe, 0xff, 0x8a, 0xfe, 0xff, 0x8a, 0xfe, 0xff, 0x8a, 0xfe, 0xff,
  0x8a, 0xfe, 0xff, 0x8a, 0xfe, 0xff, 0x8a, 0xfe, 0xff, 0x8a, 0xfe, 0xff, 0x8a, 0xfe, 0xff, 0x8a, 0xfe, 0xff, 0x8a, 0xfe, 0xff, 0x8a, 0xfe, 0xff,
  0x8a, 0xfe, 0xff, 0x8a, 0xfe, 0xff, 0x8a, 0xfe, 0xff, 0x8a, 0xfe, 0xff, 0x8a, 0xfe, 0xff, 0x8a, 0xfe, 0xff, 0x8a, 0xfe, 0xff, 0x8a, 0xfe, 0xff,
  0x8a, 0xfe, 0xff, 0x8a, 0xfe, 0xff, 0x8a, 0xfe, 0xff, 0x8a, 0xfe, 0xff, 0x8a, 0xfe, 0xff, 0x8a, 0xfe, 0xff, 0x8a, 0xfe, 0xff, 0x8a, 0xfe, 0xff,
  0x8a, 0xfe, 0xff, 0x8a, 0xfe, 0xff, 0x8a, 0xfe, 0xff, 0x8a, 0xfe, 0xff, 0x8a, 0xfe, 0xff, 0x8a, 0xfe, 0xff, 0x6a, 0xf6, 0xff, 0xa8, 0xdd, 0xfe,
  0x87, 0xac, 0xfc, 0xc4, 0x6a, 0xfb, 0xe1, 0x20, 0xfd, 0x00, 0x08, 0xfe, 0x00, 0x00, 0xff, 0x00, 0x00, 0xff, 0x00, 0x00, 0xff, 0x00, 0x10, 0xfd,
  0x60, 0x48, 0xfc, 0xc1, 0x90, 0xfd, 0x02, 0xc1, 0xff, 0x02, 0xc9, 0xff, 0x02, 0xc9, 0xff, 0x02, 0xc9, 0xff, 0x02, 0xc9, 0xff, 0x02, 0xc9, 0xff,
  0x02, 0xc9, 0xff, 0x02, 0xc9, 0xff, 0x02, 0xc9, 0xff, 0x02, 0xc9, 0xff, 0x02, 0xc9, 0xff, 0x02, 0xc9, 0xff, 0x02, 0xc9, 0xff, 0x02, 0xc9, 0xff,
  0x02, 0xc9, 0xff, 0x02, 0xc9, 0xff, 0x02, 0xc9, 0xff, 0x02, 0xc9, 0xff, 0x02, 0xc9, 0xff, 0x02, 0xc9, 0xff, 0x02, 0xc1, 0xff, 0xc1, 0x88, 0xfd,
  0x20, 0x20, 0xfd, 0x00, 0x00, 0xff, 0x00, 0x00, 0xff, 0x00, 0x00, 0xf4, 0x00, 0x00, 0x94, 0x00, 0x00, 0x24, 0x00, 0x00, 0x02, 0x00, 0x00, 0x00,
  0x00, 0x00, 0x00, 0x00, 0x00, 0x00, 0x00, 0x00, 0x00, 0x00, 0x00, 0x00, 0x00, 0x00, 0x00, 0x00, 0x00, 0x00, 0x00, 0x00, 0x00, 0x00, 0x00, 0x00,
  0x00, 0x00, 0x00, 0x00, 0x00, 0x00, 0x00, 0x00, 0x00, 0x00, 0x00, 0x00, 0x00, 0x00, 0x00, 0x00, 0x00, 0x00, 0x00, 0x00, 0x00, 0x00, 0x00, 0x00,
  0x00, 0x00, 0x00, 0x00, 0x00, 0x00, 0x00, 0x00, 0x00, 0x00, 0x00, 0x00, 0x00, 0x00, 0x00, 0x00, 0x00, 0x00, 0x00, 0x00, 0x00, 0x00, 0x00, 0x00,
  0x00, 0x00, 0x00, 0x00, 0x00, 0x00, 0x00, 0x00, 0x00, 0x00, 0x00, 0x00, 0x00, 0x00, 0x00, 0x00, 0x00, 0x00, 0x00, 0x00, 0x00, 0x00, 0x00, 0x00,
  0x00, 0x00, 0x00, 0x00, 0x00, 0x00, 0x00, 0x00, 0x00, 0x00, 0x00, 0x00, 0x00, 0x00, 0x00, 0x00, 0x00, 0x00, 0x00, 0x00, 0x00, 0x00, 0x00, 0x00,
  0x00, 0x00, 0x00, 0x00, 0x00, 0x00, 0x00, 0x00, 0x00, 0x00, 0x00, 0x00, 0x00, 0x00, 0x00, 0x00, 0x00, 0x00, 0x00, 0x00, 0x00, 0x00, 0x00, 0x00,
  0x00, 0x00, 0x00, 0x00, 0x00, 0x00, 0x00, 0x00, 0x00, 0x00, 0x00, 0x00, 0x00, 0x00, 0x00, 0x00, 0x00, 0x00, 0x00, 0x00, 0x00, 0x00, 0x00, 0x00,
  0x00, 0x00, 0x00, 0x00, 0x00, 0x00, 0x00, 0x00, 0x00, 0x00, 0x00, 0x00, 0x00, 0x00, 0x00, 0x00, 0x00, 0x00, 0x00, 0x00, 0x00, 0x00, 0x00, 0x00,
  0x00, 0x00, 0x0c, 0x00, 0x00, 0x84, 0x00, 0x00, 0xf4, 0x00, 0x00, 0xff, 0x00, 0x00, 0xff, 0x20, 0x18, 0xfd, 0xa1, 0x80, 0xfd, 0x02, 0xc1, 0xff,
  0x02, 0xc9, 0xff, 0x02, 0xc9, 0xff, 0x02, 0xc9, 0xff, 0x02, 0xc9, 0xff, 0x02, 0xc9, 0xff, 0x02, 0xc9, 0xff, 0x02, 0xc9, 0xff, 0x02, 0xc9, 0xff,
  0x02, 0xc9, 0xff, 0x02, 0xc9, 0xff, 0x02, 0xc9, 0xff, 0x02, 0xc9, 0xff, 0x02, 0xc9, 0xff, 0x02, 0xc9, 0xff, 0x02, 0xc9, 0xff, 0x02, 0xc9, 0xff,
  0x02, 0xc9, 0xff, 0x02, 0xc9, 0xff, 0x02, 0xc9, 0xff, 0x02, 0xb9, 0xff, 0x81, 0x60, 0xfd, 0x20, 0x18, 0xfd, 0x00, 0x00, 0xff, 0x00, 0x00, 0xff,
  0x00, 0x00, 0xff, 0x00, 0x00, 0xff, 0xa1, 0x18, 0xfd, 0xc4, 0x6a, 0xfb, 0xe7, 0xbc, 0xfd, 0x29, 0xee, 0xfe, 0x8a, 0xf6, 0xff, 0x8a, 0xfe, 0xff,
  0x8a, 0xfe, 0xff, 0x8a, 0xfe, 0xff, 0x8a, 0xfe, 0xff, 0x8a, 0xfe, 0xff, 0x8a, 0xfe, 0xff, 0x8a, 0xfe, 0xff, 0x8a, 0xfe, 0xff, 0x8a, 0xfe, 0xff,
  0x8a, 0xfe, 0xff, 0x8a, 0xfe, 0xff, 0x8a, 0xfe, 0xff, 0x8a, 0xfe, 0xff, 0x8a, 0xfe, 0xff, 0x8a, 0xfe, 0xff, 0x8a, 0xfe, 0xff, 0x6a, 0xf6, 0xff,
  0xab, 0xcd, 0xfc, 0xea, 0xd5, 0xfd, 0x8a, 0xf6, 0xff, 0x8a, 0xfe, 0xff, 0x8a, 0xfe, 0xff, 0x8a, 0xfe, 0xff, 0x8a, 0xfe, 0xff, 0x8a, 0xfe, 0xff,
  0x8a, 0xfe, 0xff, 0x8a, 0xfe, 0xff, 0x8a, 0xfe, 0xff, 0x8a, 0xfe, 0xff, 0x8a, 0xfe, 0xff, 0x8a, 0xfe, 0xff, 0x8a, 0xfe, 0xff, 0x8a, 0xfe, 0xff,
  0x8a, 0xfe, 0xff, 0x8a, 0xfe, 0xff, 0x8a, 0xfe, 0xff, 0x8a, 0xfe, 0xff, 0x8a, 0xfe, 0xff, 0x8a, 0xfe, 0xff, 0x8a, 0xfe, 0xff, 0x8a, 0xfe, 0xff,
  0x8a, 0xfe, 0xff, 0x8a, 0xfe, 0xff, 0x8a, 0xfe, 0xff, 0x8a, 0xfe, 0xff, 0x8a, 0xfe, 0xff, 0x8a, 0xfe, 0xff, 0x8a, 0xfe, 0xff, 0x8a, 0xfe, 0xff,
  0x8a, 0xfe, 0xff, 0x8a, 0xfe, 0xff, 0x8a, 0xfe, 0xff, 0x8a, 0xfe, 0xff, 0x8a, 0xfe, 0xff, 0x8a, 0xfe, 0xff, 0x8a, 0xfe, 0xff, 0x8a, 0xfe, 0xff,
  0x8a, 0xfe, 0xff, 0x69, 0xf6, 0xff, 0x48, 0xcd, 0xfe, 0xa5, 0x8b, 0xfc, 0x21, 0x29, 0xfb, 0x00, 0x08, 0xfe, 0x00, 0x00, 0xff, 0x00, 0x00, 0xff,
  0x00, 0x00, 0xff, 0x00, 0x10, 0xfd, 0x60, 0x48, 0xfc, 0xe2, 0xa0, 0xfd, 0x02, 0xc9, 0xff, 0x02, 0xc9, 0xff, 0x02, 0xc9, 0xff, 0x02, 0xc9, 0xff,
  0x02, 0xc9, 0xff, 0x02, 0xc9, 0xff, 0x02, 0xc9, 0xff, 0x02, 0xc9, 0xff, 0x02, 0xc9, 0xff, 0x02, 0xc9, 0xff, 0x02, 0xc9, 0xff, 0x02, 0xc9, 0xff,
  0x02, 0xc9, 0xff, 0x02, 0xc9, 0xff, 0x02, 0xc9, 0xff, 0x02, 0xc9, 0xff, 0x02, 0xc9, 0xff, 0x02, 0xc9, 0xff, 0x02, 0xc9, 0xff, 0x02, 0xc9, 0xff,
  0xc1, 0x98, 0xfd, 0x20, 0x28, 0xfd, 0x00, 0x00, 0xff, 0x00, 0x00, 0xff, 0x00, 0x00, 0xff, 0x00, 0x00, 0xb5, 0x00, 0x00, 0x24, 0x00, 0x00, 0x02,
  0x00, 0x00, 0x00, 0x00, 0x00, 0x00, 0x00, 0x00, 0x00, 0x00, 0x00, 0x00, 0x00, 0x00, 0x00, 0x00, 0x00, 0x00, 0x00, 0x00, 0x00, 0x00, 0x00, 0x00,
  0x00, 0x00, 0x00, 0x00, 0x00, 0x00, 0x00, 0x00, 0x00, 0x00, 0x00, 0x00, 0x00, 0x00, 0x00, 0x00, 0x00, 0x00, 0x00, 0x00, 0x00, 0x00, 0x00, 0x00,
  0x00, 0x00, 0x00, 0x00, 0x00, 0x00, 0x00, 0x00, 0x00, 0x00, 0x00, 0x00, 0x00, 0x00, 0x00, 0x00, 0x00, 0x00, 0x00, 0x00, 0x00, 0x00, 0x00, 0x00,
  0x00, 0x00, 0x00, 0x00, 0x00, 0x00, 0x00, 0x00, 0x00, 0x00, 0x00, 0x00, 0x00, 0x00, 0x00, 0x00, 0x00, 0x00, 0x00, 0x00, 0x00, 0x00, 0x00, 0x00,
  0x00, 0x00, 0x00, 0x00, 0x00, 0x00, 0x00, 0x00, 0x00, 0x00, 0x00, 0x00, 0x00, 0x00, 0x00, 0x00, 0x00, 0x00, 0x00, 0x00, 0x00, 0x00, 0x00, 0x00,
  0x00, 0x00, 0x00, 0x00, 0x00, 0x00, 0x00, 0x00, 0x00, 0x00, 0x00, 0x00, 0x00, 0x00, 0x00, 0x00, 0x00, 0x00, 0x00, 0x00, 0x00, 0x00, 0x00, 0x00,
  0x00, 0x00, 0x00, 0x00, 0x00, 0x00, 0x00, 0x00, 0x00, 0x00, 0x00, 0x00, 0x00, 0x00, 0x00, 0x00, 0x00, 0x00, 0x00, 0x00, 0x00, 0x00, 0x00, 0x00,
  0x00, 0x00, 0x00, 0x00, 0x00, 0x00, 0x00, 0x00, 0x00, 0x00, 0x00, 0x00, 0x00, 0x00, 0x00, 0x00, 0x00, 0x00, 0x00, 0x00, 0x00, 0x00, 0x00, 0x14,
  0x00, 0x00, 0x7c, 0x00, 0x00, 0xec, 0x00, 0x00, 0xff, 0x00, 0x00, 0xff, 0x20, 0x20, 0xfd, 0xc1, 0x88, 0xfd, 0x02, 0xc1, 0xff, 0x02, 0xc9, 0xff,
  0x02, 0xc9, 0xff, 0x02, 0xc9, 0xff, 0x02, 0xc9, 0xff, 0x02, 0xc9, 0xff, 0x02, 0xc9, 0xff, 0x02, 0xc9, 0xff, 0x02, 0xc9, 0xff, 0x02, 0xc9, 0xff,
  0x02, 0xc9, 0xff, 0x02, 0xc9, 0xff, 0x02, 0xc9, 0xff, 0x02, 0xc9, 0xff, 0x02, 0xc9, 0xff, 0x02, 0xc9, 0xff, 0x02, 0xc9, 0xff, 0x02, 0xc9, 0xff,
  0x02, 0xc9, 0xff, 0x02, 0xb9, 0xff, 0xa1, 0x88, 0xfb, 0x40, 0x38, 0xfd, 0x00, 0x08, 0xfe, 0x00, 0x00, 0xff, 0x00, 0x00, 0xff, 0x00, 0x00, 0xff,
  0xe1, 0x20, 0xfd, 0xc4, 0x6a, 0xfb, 0xe7, 0xbc, 0xfd, 0x29, 0xee, 0xfe, 0x8a, 0xfe, 0xff, 0x8a, 0xfe, 0xff, 0x8a, 0xfe, 0xff, 0x8a, 0xfe, 0xff,
  0x8a, 0xfe, 0xff, 0x8a, 0xfe, 0xff, 0x8a, 0xfe, 0xff, 0x8a, 0xfe, 0xff, 0x8a, 0xfe, 0xff, 0x8a, 0xfe, 0xff, 0x8a, 0xfe, 0xff, 0x8a, 0xfe, 0xff,
  0x8a, 0xfe, 0xff, 0x8a, 0xfe, 0xff, 0x8a, 0xfe, 0xff, 0x8a, 0xfe, 0xff, 0x8a, 0xfe, 0xff, 0x8a, 0xfe, 0xff, 0x8a, 0xfe, 0xff, 0xab, 0xcd, 0xfc,
  0xef, 0x3a, 0xfc, 0xef, 0x3a, 0xfc, 0xab, 0xcd, 0xfc, 0x8a, 0xfe, 0xff, 0x8a, 0xfe, 0xff, 0x8a, 0xfe, 0xff, 0x8a, 0xfe, 0xff, 0x8a, 0xfe, 0xff,
  0x8a, 0xfe, 0xff, 0x8a, 0xfe, 0xff, 0x8a, 0xfe, 0xff, 0x8a, 0xfe, 0xff, 0x8a, 0xfe, 0xff, 0x8a, 0xfe, 0xff, 0x8a, 0xfe, 0xff, 0x8a, 0xfe, 0xff,
  0x8a, 0xfe, 0xff, 0x8a, 0xfe, 0xff, 0x8a, 0xfe, 0xff, 0x8a, 0xfe, 0xff, 0x8a, 0xfe, 0xff, 0x8a, 0xfe, 0xff, 0x8a, 0xfe, 0xff, 0x8a, 0xfe, 0xff,
  0x8a, 0xfe, 0xff, 0x8a, 0xfe, 0xff, 0x8a, 0xfe, 0xff, 0x8a, 0xfe, 0xff, 0x8a, 0xfe, 0xff, 0x8a, 0xfe, 0xff, 0x8a, 0xfe, 0xff, 0x8a, 0xfe, 0xff,
  0x8a, 0xfe, 0xff, 0x8a, 0xfe, 0xff, 0x8a, 0xfe, 0xff, 0x8a, 0xfe, 0xff, 0x8a, 0xfe, 0xff, 0x8a, 0xfe, 0xff, 0x8a, 0xfe, 0xff, 0x8a, 0xfe, 0xff,
  0x8a, 0xfe, 0xff, 0x8a, 0xfe, 0xff, 0x8a, 0xfe, 0xff, 0x69, 0xf6, 0xff, 0x48, 0xcd, 0xfe, 0xa5, 0x8b, 0xfc, 0x62, 0x31, 0xfc, 0x40, 0x08, 0xfe,
  0x00, 0x00, 0xff, 0x00, 0x00, 0xff, 0x00, 0x00, 0xff, 0x20, 0x20, 0xfd, 0x81, 0x68, 0xfd, 0xe2, 0xb0, 0xfe, 0x02, 0xc9, 0xff, 0x02, 0xc9, 0xff,
  0x02, 0xc9, 0xff, 0x02, 0xc9, 0xff, 0x02, 0xc9, 0xff, 0x02, 0xc9, 0xff, 0x02, 0xc9, 0xff, 0x02, 0xc9, 0xff, 0x02, 0xc9, 0xff, 0x02, 0xc9, 0xff,
  0x02, 0xc9, 0xff, 0x02, 0xc9, 0xff, 0x02, 0xc9, 0xff, 0x02, 0xc9, 0xff, 0x02, 0xc9, 0xff, 0x02, 0xc9, 0xff, 0x02, 0xc9, 0xff, 0x02, 0xc9, 0xff,
  0x02, 0xc9, 0xff, 0xe2, 0xa0, 0xfd, 0x40, 0x40, 0xfd, 0x00, 0x00, 0xff, 0x00, 0x00, 0xff, 0x00, 0x00, 0xff, 0x00, 0x00, 0xac, 0x00, 0x00, 0x24,
  0x00, 0x00, 0x02, 0x00, 0x00, 0x00, 0x00, 0x00, 0x00, 0x00, 0x00, 0x00, 0x00, 0x00, 0x00, 0x00, 0x00, 0x00, 0x00, 0x00, 0x00, 0x00, 0x00, 0x00,
  0x00, 0x00, 0x00, 0x00, 0x00, 0x00, 0x00, 0x00, 0x00, 0x00, 0x00, 0x00, 0x00, 0x00, 0x00, 0x00, 0x00, 0x00, 0x00, 0x00, 0x00, 0x00, 0x00, 0x00,
  0x00, 0x00, 0x00, 0x00, 0x00, 0x00, 0x00, 0x00, 0x00, 0x00, 0x00, 0x00, 0x00, 0x00, 0x00, 0x00, 0x00, 0x00, 0x00, 0x00, 0x00, 0x00, 0x00, 0x00,
  0x00, 0x00, 0x00, 0x00, 0x00, 0x00, 0x00, 0x00, 0x00, 0x00, 0x00, 0x00, 0x00, 0x00, 0x00, 0x00, 0x00, 0x00, 0x00, 0x00, 0x00, 0x00, 0x00, 0x00,
  0x00, 0x00, 0x00, 0x00, 0x00, 0x00, 0x00, 0x00, 0x00, 0x00, 0x00, 0x00, 0x00, 0x00, 0x00, 0x00, 0x00, 0x00, 0x00, 0x00, 0x00, 0x00, 0x00, 0x00,
  0x00, 0x00, 0x00, 0x00, 0x00, 0x00, 0x00, 0x00, 0x00, 0x00, 0x00, 0x00, 0x00, 0x00, 0x00, 0x00, 0x00, 0x00, 0x00, 0x00, 0x00, 0x00, 0x00, 0x00,
  0x00, 0x00, 0x00, 0x00, 0x00, 0x00, 0x00, 0x00, 0x00, 0x00, 0x00, 0x00, 0x00, 0x00, 0x00, 0x00, 0x00, 0x00, 0x00, 0x00, 0x00, 0x00, 0x00, 0x00,
  0x00, 0x00, 0x00, 0x00, 0x00, 0x00, 0x00, 0x00, 0x00, 0x00, 0x00, 0x00, 0x00, 0x00, 0x00, 0x00, 0x00, 0x00, 0x00, 0x00, 0x1c, 0x00, 0x00, 0x9c,
  0x00, 0x00, 0xec, 0x00, 0x00, 0xff, 0x00, 0x00, 0xff, 0x20, 0x28, 0xfd, 0xc1, 0x90, 0xfd, 0x02, 0xc9, 0xff, 0x02, 0xc9, 0xff, 0x02, 0xc9, 0xff,
  0x02, 0xc9, 0xff, 0x02, 0xc9, 0xff, 0x02, 0xc9, 0xff, 0x02, 0xc9, 0xff, 0x02, 0xc9, 0xff, 0x02, 0xc9, 0xff, 0x02, 0xc9, 0xff, 0x02, 0xc9, 0xff,
  0x02, 0xc9, 0xff, 0x02, 0xc9, 0xff, 0x02, 0xc9, 0xff, 0x02, 0xc9, 0xff, 0x02, 0xc9, 0xff, 0x02, 0xc9, 0xff, 0x02, 0xc9, 0xff, 0x02, 0xc1, 0xff,
  0xc1, 0x90, 0xfd, 0x40, 0x38, 0xfd, 0x00, 0x08, 0xfe, 0x00, 0x00, 0xff, 0x00, 0x00, 0xff, 0x00, 0x00, 0xff, 0xe1, 0x20, 0xfd, 0x24, 0x7b, 0xfa,
  0x48, 0xcd, 0xfe, 0x69, 0xf6, 0xff, 0x8a, 0xfe, 0xff, 0x8a, 0xfe, 0xff, 0x8a, 0xfe, 0xff, 0x8a, 0xfe, 0xff, 0x8a, 0xfe, 0xff, 0x8a, 0xfe, 0xff,
  0x8a, 0xfe, 0xff, 0x8a, 0xfe, 0xff, 0x8a, 0xfe, 0xff, 0x8a, 0xfe, 0xff, 0x8a, 0xfe, 0xff, 0x8a, 0xfe, 0xff, 0x8a, 0xfe, 0xff, 0x8a, 0xfe, 0xff,
  0x8a, 0xfe, 0xff, 0x8a, 0xfe, 0xff, 0x8a, 0xfe, 0xff, 0x8a, 0xfe, 0xff, 0x8a, 0xfe, 0xff, 0x8a, 0xfe, 0xff, 0x4a, 0xee, 0xff, 0xcd, 0x6b, 0xfa,
  0x10, 0x0a, 0xfe, 0x10, 0x0a, 0xfe, 0x6b, 0xbd, 0xfc, 0x8a, 0xfe, 0xff, 0x8a, 0xfe, 0xff, 0x8a, 0xfe, 0xff, 0x8a, 0xfe, 0xff, 0x8a, 0xfe, 0xff,
  0x8a, 0xfe, 0xff, 0x8a, 0xfe, 0xff, 0x8a, 0xfe, 0xff, 0x8a, 0xfe, 0xff, 0x8a, 0xfe, 0xff, 0x8a, 0xfe, 0xff, 0x8a, 0xfe, 0xff, 0x8a, 0xfe, 0xff,
  0x8a, 0xfe, 0xff, 0x8a, 0xfe, 0xff, 0x8a, 0xfe, 0xff, 0x8a, 0xfe, 0xff, 0x8a, 0xfe, 0xff, 0x8a, 0xfe, 0xff, 0x8a, 0xfe, 0xff, 0x8a, 0xfe, 0xff,
  0x8a, 0xfe, 0xff, 0x8a, 0xfe, 0xff, 0x8a, 0xfe, 0xff, 0x8a, 0xfe, 0xff, 0x8a, 0xfe, 0xff, 0x8a, 0xfe, 0xff, 0x8a, 0xfe, 0xff, 0x8a, 0xfe, 0xff,
  0x8a, 0xfe, 0xff, 0x8a, 0xfe, 0xff, 0x8a, 0xfe, 0xff, 0x8a, 0xfe, 0xff, 0x8a, 0xfe, 0xff, 0x8a, 0xfe, 0xff, 0x8a, 0xfe, 0xff, 0x8a, 0xfe, 0xff,
  0x8a, 0xfe, 0xff, 0x8a, 0xfe, 0xff, 0x8a, 0xfe, 0xff, 0x8a, 0xfe, 0xff, 0x8a, 0xfe, 0xff, 0x6a, 0xf6, 0xff, 0xa8, 0xdd, 0xfe, 0xc5, 0x8b, 0xfb,
  0x82, 0x39, 0xfc, 0x40, 0x08, 0xfe, 0x00, 0x00, 0xff, 0x00, 0x00, 0xff, 0x00, 0x08, 0xfe, 0x20, 0x28, 0xfd, 0x81, 0x70, 0xfc, 0x02, 0xb9, 0xff,
  0x02, 0xc9, 0xff, 0x02, 0xc9, 0xff, 0x02, 0xc9, 0xff, 0x02, 0xc9, 0xff, 0x02, 0xc9, 0xff, 0x02, 0xc9, 0xff, 0x02, 0xc9, 0xff, 0x02, 0xc9, 0xff,
  0x02, 0xc9, 0xff, 0x02, 0xc9, 0xff, 0x02, 0xc9, 0xff, 0x02, 0xc9, 0xff, 0x02, 0xc9, 0xff, 0x02, 0xc9, 0xff, 0x02, 0xc9, 0xff, 0x02, 0xc9, 0xff,
  0x02, 0xc9, 0xff, 0x02, 0xc9, 0xff, 0xe2, 0xb0, 0xfe, 0x61, 0x50, 0xfc, 0x00, 0x08, 0xfe, 0x00, 0x00, 0xff, 0x00, 0x00, 0xff, 0x00, 0x00, 0xb5,
  0x00, 0x00, 0x3c, 0x00, 0x00, 0x03, 0x00, 0x00, 0x00, 0x00, 0x00, 0x00, 0x00, 0x00, 0x00, 0x00, 0x00, 0x00, 0x00, 0x00, 0x00, 0x00, 0x00, 0x00,
  0x00, 0x00, 0x00, 0x00, 0x00, 0x00, 0x00, 0x00, 0x00, 0x00, 0x00, 0x00, 0x00, 0x00, 0x00, 0x00, 0x00, 0x00, 0x00, 0x00, 0x00, 0x00, 0x00, 0x00,
  0x00, 0x00, 0x00, 0x00, 0x00, 0x00, 0x00, 0x00, 0x00, 0x00, 0x00, 0x00, 0x00, 0x00, 0x00, 0x00, 0x00, 0x00, 0x00, 0x00, 0x00, 0x00, 0x00, 0x00,
  0x00, 0x00, 0x00, 0x00, 0x00, 0x00, 0x00, 0x00, 0x00, 0x00, 0x00, 0x00, 0x00, 0x00, 0x00, 0x00, 0x00, 0x00, 0x00, 0x00, 0x00, 0x00, 0x00, 0x00,
  0x00, 0x00, 0x00, 0x00, 0x00, 0x00, 0x00, 0x00, 0x00, 0x00, 0x00, 0x00, 0x00, 0x00, 0x00, 0x00, 0x00, 0x00, 0x00, 0x00, 0x00, 0x00, 0x00, 0x00,
  0x00, 0x00, 0x00, 0x00, 0x00, 0x00, 0x00, 0x00, 0x00, 0x00, 0x00, 0x00, 0x00, 0x00, 0x00, 0x00, 0x00, 0x00, 0x00, 0x00, 0x00, 0x00, 0x00, 0x00,
  0x00, 0x00, 0x00, 0x00, 0x00, 0x00, 0x00, 0x00, 0x00, 0x00, 0x00, 0x00, 0x00, 0x00, 0x00, 0x00, 0x00, 0x00, 0x00, 0x00, 0x00, 0x00, 0x00, 0x00,
  0x00, 0x00, 0x00, 0x00, 0x00, 0x00, 0x00, 0x00, 0x00, 0x00, 0x00, 0x00, 0x00, 0x00, 0x00, 0x00, 0x00, 0x1c, 0x00, 0x00, 0xa4, 0x00, 0x00, 0xf4,
  0x00, 0x00, 0xff, 0x00, 0x00, 0xff, 0x40, 0x40, 0xfd, 0xe2, 0xa0, 0xfd, 0x02, 0xc9, 0xff, 0x02, 0xc9, 0xff, 0x02, 0xc9, 0xff, 0x02, 0xc9, 0xff,
  0x02, 0xc9, 0xff, 0x02, 0xc9, 0xff, 0x02, 0xc9, 0xff, 0x02, 0xc9, 0xff, 0x02, 0xc9, 0xff, 0x02, 0xc9, 0xff, 0x02, 0xc9, 0xff, 0x02, 0xc9, 0xff,
  0x02, 0xc9, 0xff, 0x02, 0xc9, 0xff, 0x02, 0xc9, 0xff, 0x02, 0xc9, 0xff, 0x02, 0xc9, 0xff, 0x02, 0xc9, 0xff, 0xe2, 0xa0, 0xfd, 0x81, 0x58, 0xfc,
  0x00, 0x10, 0xfd, 0x00, 0x00, 0xff, 0x00, 0x00, 0xff, 0x00, 0x00, 0xff, 0xe1, 0x20, 0xfd, 0x24, 0x7b, 0xfa, 0x48, 0xcd, 0xfe, 0x69, 0xf6, 0xff,
  0x8a, 0xfe, 0xff, 0x8a, 0xfe, 0xff, 0x8a, 0xfe, 0xff, 0x8a, 0xfe, 0xff, 0x8a, 0xfe, 0xff, 0x8a, 0xfe, 0xff, 0x8a, 0xfe, 0xff, 0x8a, 0xfe, 0xff,
  0x8a, 0xfe, 0xff, 0x8a, 0xfe, 0xff, 0x8a, 0xfe, 0xff, 0x8a, 0xfe, 0xff, 0x8a, 0xfe, 0xff, 0x8a, 0xfe, 0xff, 0x8a, 0xfe, 0xff, 0x8a, 0xfe, 0xff,
  0x8a, 0xfe, 0xff, 0x8a, 0xfe, 0xff, 0x8a, 0xfe, 0xff, 0x8a, 0xfe, 0xff, 0x8a, 0xfe, 0xff, 0x8a, 0xfe, 0xff, 0x2b, 0xad, 0xfb, 0x4f, 0x1a, 0xfc,
  0xf0, 0x01, 0xff, 0x10, 0x0a, 0xfe, 0xec, 0xa4, 0xfc, 0x8a, 0xfe, 0xff, 0x8a, 0xfe, 0xff, 0x8a, 0xfe, 0xff, 0x8a, 0xfe, 0xff, 0x8a, 0xfe, 0xff,
  0x8a, 0xfe, 0xff, 0x8a, 0xfe, 0xff, 0x8a, 0xfe, 0xff, 0x8a, 0xfe, 0xff, 0x8a, 0xfe, 0xff, 0x8a, 0xfe, 0xff, 0x8a, 0xfe, 0xff, 0x8a, 0xfe, 0xff,
  0x8a, 0xfe, 0xff, 0x8a, 0xfe, 0xff, 0x8a, 0xfe, 0xff, 0x8a, 0xfe, 0xff, 0x8a, 0xfe, 0xff, 0x8a, 0xfe, 0xff, 0x8a, 0xfe, 0xff, 0x8a, 0xfe, 0xff,
  0x8a, 0xfe, 0xff, 0x8a, 0xfe, 0xff, 0x8a, 0xfe, 0xff, 0x8a, 0xfe, 0xff, 0x8a, 0xfe, 0xff, 0x8a, 0xfe, 0xff, 0x8a, 0xfe, 0xff, 0x8a, 0xfe, 0xff,
  0x8a, 0xfe, 0xff, 0x8a, 0xfe, 0xff, 0x8a, 0xfe, 0xff, 0x8a, 0xfe, 0xff, 0x8a, 0xfe, 0xff, 0x8a, 0xfe, 0xff, 0x8a, 0xfe, 0xff, 0x8a, 0xfe, 0xff,
  0x8a, 0xfe, 0xff, 0x8a, 0xfe, 0xff, 0x8a, 0xfe, 0xff, 0x8a, 0xfe, 0xff, 0x8a, 0xfe, 0xff, 0x8a, 0xfe, 0xff, 0x8a, 0xfe, 0xff, 0x8a, 0xf6, 0xff,
  0xe9, 0xe5, 0xfe, 0xc5, 0x8b, 0xfb, 0x82, 0x39, 0xfc, 0x00, 0x08, 0xfe, 0x00, 0x00, 0xff, 0x00, 0x00, 0xff, 0x00, 0x08, 0xfe, 0x40, 0x38, 0xfd,
  0xc1, 0x90, 0xfd, 0x02, 0xc1, 0xff, 0x02, 0xc9, 0xff, 0x02, 0xc9, 0xff, 0x02, 0xc9, 0xff, 0x02, 0xc9, 0xff, 0x02, 0xc9, 0xff, 0x02, 0xc9, 0xff,
  0x02, 0xc9, 0xff, 0x02, 0xc9, 0xff, 0x02, 0xc9, 0xff, 0x02, 0xc9, 0xff, 0x02, 0xc9, 0xff, 0x02, 0xc9, 0xff, 0x02, 0xc9, 0xff, 0x02, 0xc9, 0xff,
  0x02, 0xc9, 0xff, 0x02, 0xc9, 0xff, 0x02, 0xc9, 0xff, 0x02, 0xb9, 0xff, 0x81, 0x58, 0xfc, 0x00, 0x08, 0xfe, 0x00, 0x00, 0xff, 0x00, 0x00, 0xff,
  0x00, 0x00, 0xcc, 0x00, 0x00, 0x45, 0x00, 0x00, 0x03, 0x00, 0x00, 0x00, 0x00, 0x00, 0x00, 0x00, 0x00, 0x00, 0x00, 0x00, 0x00, 0x00, 0x00, 0x00,
  0x00, 0x00, 0x00, 0x00, 0x00, 0x00, 0x00, 0x00, 0x00, 0x00, 0x00, 0x00, 0x00, 0x00, 0x00, 0x00, 0x00, 0x00, 0x00, 0x00, 0x00, 0x00, 0x00, 0x00,
  0x00, 0x00, 0x00, 0x00, 0x00, 0x00, 0x00, 0x00, 0x00, 0x00, 0x00, 0x00, 0x00, 0x00, 0x00, 0x00, 0x00, 0x00, 0x00, 0x00, 0x00, 0x00, 0x00, 0x00,
  0x00, 0x00, 0x00, 0x00, 0x00, 0x00, 0x00, 0x00, 0x00, 0x00, 0x00, 0x00, 0x00, 0x00, 0x00, 0x00, 0x00, 0x00, 0x00, 0x00, 0x00, 0x00, 0x00, 0x00,
  0x00, 0x00, 0x00, 0x00, 0x00, 0x00, 0x00, 0x00, 0x00, 0x00, 0x00, 0x00, 0x00, 0x00, 0x00, 0x00, 0x00, 0x00, 0x00, 0x00, 0x00, 0x00, 0x00, 0x00,
  0x00, 0x00, 0x00, 0x00, 0x00, 0x00, 0x00, 0x00, 0x00, 0x00, 0x00, 0x00, 0x00, 0x00, 0x00, 0x00, 0x00, 0x00, 0x00, 0x00, 0x00, 0x00, 0x00, 0x00,
  0x00, 0x00, 0x00, 0x00, 0x00, 0x00, 0x00, 0x00, 0x00, 0x00, 0x00, 0x00, 0x00, 0x00, 0x00, 0x00, 0x00, 0x00, 0x00, 0x00, 0x00, 0x00, 0x00, 0x00,
  0x00, 0x00, 0x00, 0x00, 0x00, 0x00, 0x00, 0x00, 0x00, 0x00, 0x00, 0x00, 0x00, 0x00, 0x14, 0x00, 0x00, 0x8d, 0x00, 0x00, 0xf4, 0x00, 0x00, 0xff,
  0x00, 0x00, 0xff, 0x40, 0x38, 0xfd, 0xe2, 0xb0, 0xfe, 0x02, 0xc9, 0xff, 0x02, 0xc9, 0xff, 0x02, 0xc9, 0xff, 0x02, 0xc9, 0xff, 0x02, 0xc9, 0xff,
  0x02, 0xc9, 0xff, 0x02, 0xc9, 0xff, 0x02, 0xc9, 0xff, 0x02, 0xc9, 0xff, 0x02, 0xc9, 0xff, 0x02, 0xc9, 0xff, 0x02, 0xc9, 0xff, 0x02, 0xc9, 0xff,
  0x02, 0xc9, 0xff, 0x02, 0xc9, 0xff, 0x02, 0xc9, 0xff, 0x02, 0xc9, 0xff, 0x02, 0xc1, 0xff, 0xc1, 0x90, 0xfd, 0x20, 0x28, 0xfd, 0x00, 0x00, 0xff,
  0x00, 0x00, 0xff, 0x00, 0x00, 0xff, 0x40, 0x08, 0xfe, 0xc2, 0x41, 0xfc, 0xe7, 0xbc, 0xfd, 0x69, 0xf6, 0xff, 0x8a, 0xfe, 0xff, 0x8a, 0xfe, 0xff,
  0x8a, 0xfe, 0xff, 0x8a, 0xfe, 0xff, 0x8a, 0xfe, 0xff, 0x8a, 0xfe, 0xff, 0x8a, 0xfe, 0xff, 0x8a, 0xfe, 0xff, 0x8a, 0xfe, 0xff, 0x8a, 0xfe, 0xff,
  0x8a, 0xfe, 0xff, 0x8a, 0xfe, 0xff, 0x8a, 0xfe, 0xff, 0x8a, 0xfe, 0xff, 0x8a, 0xfe, 0xff, 0x8a, 0xfe, 0xff, 0x8a, 0xfe, 0xff, 0x8a, 0xfe, 0xff,
  0x8a, 0xfe, 0xff, 0x8a, 0xfe, 0xff, 0x8a, 0xfe, 0xff, 0x8a, 0xfe, 0xff, 0x8a, 0xfe, 0xff, 0x4a, 0xee, 0xfe, 0x6e, 0x53, 0xfb, 0xf0, 0x09, 0xff,
  0xf0, 0x01, 0xff, 0x10, 0x0a, 0xfe, 0xac, 0x9c, 0xfc, 0x8a, 0xf6, 0xff, 0x8a, 0xfe, 0xff, 0x8a, 0xfe, 0xff, 0x8a, 0xfe, 0xff, 0x8a, 0xfe, 0xff,
  0x8a, 0xfe, 0xff, 0x8a, 0xfe, 0xff, 0x8a, 0xfe, 0xff, 0x8a, 0xfe, 0xff, 0x8a, 0xfe, 0xff, 0x8a, 0xfe, 0xff, 0x8a, 0xfe, 0xff, 0x8a, 0xfe, 0xff,
  0x8a, 0xfe, 0xff, 0x8a, 0xfe, 0xff, 0x8a, 0xfe, 0xff, 0x8a, 0xfe, 0xff, 0x8a, 0xfe, 0xff, 0x8a, 0xfe, 0xff, 0x8a, 0xfe, 0xff, 0x8a, 0xfe, 0xff,
  0x8a, 0xfe, 0xff, 0x8a, 0xfe, 0xff, 0x8a, 0xfe, 0xff, 0x8a, 0xfe, 0xff, 0x8a, 0xfe, 0xff, 0x8a, 0xfe, 0xff, 0x8a, 0xfe, 0xff, 0x8a, 0xfe, 0xff,
  0x8a, 0xfe, 0xff, 0x8a, 0xfe, 0xff, 0x8a, 0xfe, 0xff, 0x8a, 0xfe, 0xff, 0x8a, 0xfe, 0xff, 0x8a, 0xfe, 0xff, 0x8a, 0xfe, 0xff, 0x8a, 0xfe, 0xff,
  0x8a, 0xfe, 0xff, 0x8a, 0xfe, 0xff, 0x8a, 0xfe, 0xff, 0x8a, 0xfe, 0xff, 0x8a, 0xfe, 0xff, 0x8a, 0xfe, 0xff, 0x8a, 0xfe, 0xff, 0x8a, 0xfe, 0xff,
  0x8a, 0xfe, 0xff, 0x6a, 0xf6, 0xff, 0xa8, 0xdd, 0xfe, 0x04, 0x73, 0xfc, 0xa1, 0x18, 0xfd, 0x00, 0x00, 0xff, 0x00, 0x00, 0xff, 0x00, 0x00, 0xff,
  0x20, 0x18, 0xfd, 0x81, 0x68, 0xfd, 0x02, 0xb9, 0xff, 0x02, 0xc9, 0xff, 0x02, 0xc9, 0xff, 0x02, 0xc9, 0xff, 0x02, 0xc9, 0xff, 0x02, 0xc9, 0xff,
  0x02, 0xc9, 0xff, 0x02, 0xc9, 0xff, 0x02, 0xc9, 0xff, 0x02, 0xc9, 0xff, 0x02, 0xc9, 0xff, 0x02, 0xc9, 0xff, 0x02, 0xc9, 0xff, 0x02, 0xc9, 0xff,
  0x02, 0xc9, 0xff, 0x02, 0xc9, 0xff, 0x02, 0xc9, 0xff, 0x02, 0xc9, 0xff, 0x02, 0xb9, 0xff, 0x81, 0x60, 0xfd, 0x00, 0x08, 0xfe, 0x00, 0x00, 0xff,
  0x00, 0x00, 0xff, 0x00, 0x00, 0xc5, 0x00, 0x00, 0x34, 0x00, 0x00, 0x02, 0x00, 0x00, 0x00, 0x00, 0x00, 0x00, 0x00, 0x00, 0x00, 0x00, 0x00, 0x00,
  0x00, 0x00, 0x00, 0x00, 0x00, 0x00, 0x00, 0x00, 0x00, 0x00, 0x00, 0x00, 0x00, 0x00, 0x00, 0x00, 0x00, 0x00, 0x00, 0x00, 0x00, 0x00, 0x00, 0x00,
  0x00, 0x00, 0x00, 0x00, 0x00, 0x00, 0x00, 0x00, 0x00, 0x00, 0x00, 0x00, 0x00, 0x00, 0x00, 0x00, 0x00, 0x00, 0x00, 0x00, 0x00, 0x00, 0x00, 0x00,
  0x00, 0x00, 0x00, 0x00, 0x00, 0x00, 0x00, 0x00, 0x00, 0x00, 0x00, 0x00, 0x00, 0x00, 0x00, 0x00, 0x00, 0x00, 0x00, 0x00, 0x00, 0x00, 0x00, 0x00,
  0x00, 0x00, 0x00, 0x00, 0x00, 0x00, 0x00, 0x00, 0x00, 0x00, 0x00, 0x00, 0x00, 0x00, 0x00, 0x00, 0x00, 0x00, 0x00, 0x00, 0x00, 0x00, 0x00, 0x00,
  0x00, 0x00, 0x00, 0x00, 0x00, 0x00, 0x00, 0x00, 0x00, 0x00, 0x00, 0x00, 0x00, 0x00, 0x00, 0x00, 0x00, 0x00, 0x00, 0x00, 0x00, 0x00, 0x00, 0x00,
  0x00, 0x00, 0x00, 0x00, 0x00, 0x00, 0x00, 0x00, 0x00, 0x00, 0x00, 0x00, 0x00, 0x00, 0x00, 0x00, 0x00, 0x00, 0x00, 0x00, 0x00, 0x00, 0x00, 0x00,
  0x00, 0x00, 0x00, 0x00, 0x00, 0x00, 0x00, 0x00, 0x00, 0x00, 0x00, 0x1c, 0x00, 0x00, 0x94, 0x00, 0x00, 0xf4, 0x00, 0x00, 0xff, 0x00, 0x00, 0xff,
  0x00, 0x00, 0xff, 0x40, 0x38, 0xfd, 0xa1, 0x80, 0xfd, 0xe2, 0xa8, 0xfe, 0x02, 0xc1, 0xff, 0x02, 0xc9, 0xff, 0x02, 0xc9, 0xff, 0x02, 0xc9, 0xff,
  0x02, 0xc9, 0xff, 0x02, 0xc9, 0xff, 0x02, 0xc9, 0xff, 0x02, 0xc9, 0xff, 0x02, 0xc9, 0xff, 0x02, 0xc9, 0xff, 0x02, 0xc9, 0xff, 0x02, 0xc9, 0xff,
  0x02, 0xc9, 0xff, 0x02, 0xc9, 0xff, 0x02, 0xc9, 0xff, 0xe2, 0xb0, 0xfe, 0x81, 0x60, 0xfd, 0x00, 0x10, 0xfd, 0x00, 0x00, 0xff, 0x00, 0x00, 0xff,
  0x00, 0x08, 0xfe, 0x82, 0x39, 0xfc, 0x26, 0x9c, 0xfc, 0xe9, 0xe5, 0xfe, 0x8a, 0xf6, 0xff, 0x8a, 0xfe, 0xff, 0x8a, 0xfe, 0xff, 0x8a, 0xfe, 0xff,
  0x8a, 0xfe, 0xff, 0x8a, 0xfe, 0xff, 0x8a, 0xfe, 0xff, 0x8a, 0xfe, 0xff, 0x8a, 0xfe, 0xff, 0x8a, 0xfe, 0xff, 0x8a, 0xfe, 0xff, 0x8a, 0xfe, 0xff,
  0x8a, 0xfe, 0xff, 0x8a, 0xfe, 0xff, 0x8a, 0xfe, 0xff, 0x8a, 0xfe, 0xff, 0x8a, 0xfe, 0xff, 0x8a, 0xfe, 0xff, 0x8a, 0xfe, 0xff, 0x8a, 0xfe, 0xff,
  0x8a, 0xfe, 0xff, 0x8a, 0xfe, 0xff, 0x2a, 0xe6, 0xff, 0x4a, 0xee, 0xff, 0x8a, 0xf6, 0xff, 0xec, 0xa4, 0xfc, 0x30, 0x12, 0xfc, 0xf0, 0x01, 0xff,
  0xf0, 0x01, 0xff, 0x10, 0x0a, 0xfe, 0x6d, 0x8c, 0xfb, 0x8a, 0xf6, 0xff, 0x8a, 0xfe, 0xff, 0x8a, 0xfe, 0xff, 0x8a, 0xfe, 0xff, 0x8a, 0xfe, 0xff,
  0x8a, 0xfe, 0xff, 0x8a, 0xfe, 0xff, 0x8a, 0xfe, 0xff, 0x8a, 0xfe, 0xff, 0x8a, 0xfe, 0xff, 0x8a, 0xfe, 0xff, 0x8a, 0xfe, 0xff, 0x8a, 0xfe, 0xff,
  0x8a, 0xfe, 0xff, 0x8a, 0xfe, 0xff, 0x8a, 0xfe, 0xff, 0x8a, 0xfe, 0xff, 0x8a, 0xfe, 0xff, 0x8a, 0xfe, 0xff, 0x8a, 0xfe, 0xff, 0x8a, 0xfe, 0xff,
  0x8a, 0xfe, 0xff, 0x8a, 0xfe, 0xff, 0x8a, 0xfe, 0xff, 0x8a, 0xfe, 0xff, 0x8a, 0xfe, 0xff, 0x8a, 0xfe, 0xff, 0x8a, 0xfe, 0xff, 0x8a, 0xfe, 0xff,
  0x8a, 0xfe, 0xff, 0x8a, 0xfe, 0xff, 0x8a, 0xfe, 0xff, 0x8a, 0xfe, 0xff, 0x8a, 0xfe, 0xff, 0x8a, 0xfe, 0xff, 0x8a, 0xfe, 0xff, 0x8a, 0xfe, 0xff,
  0x8a, 0xfe, 0xff, 0x8a, 0xfe, 0xff, 0x8a, 0xfe, 0xff, 0x8a, 0xfe, 0xff, 0x8a, 0xfe, 0xff, 0x8a, 0xfe, 0xff, 0x8a, 0xfe, 0xff, 0x8a, 0xfe, 0xff,
  0x8a, 0xfe, 0xff, 0x8a, 0xfe, 0xff, 0x8a, 0xfe, 0xff, 0x49, 0xee, 0xff, 0xe7, 0xbc, 0xfd, 0x23, 0x52, 0xfb, 0x60, 0x10, 0xfc, 0x00, 0x00, 0xff,
  0x00, 0x00, 0xff, 0x00, 0x08, 0xfe, 0x40, 0x40, 0xfd, 0xe2, 0xa0, 0xfd, 0x02, 0xc9, 0xff, 0x02, 0xc9, 0xff, 0x02, 0xc9, 0xff, 0x02, 0xc9, 0xff,
  0x02, 0xc9, 0xff, 0x02, 0xc9, 0xff, 0x02, 0xc9, 0xff, 0x02, 0xc9, 0xff, 0x02, 0xc9, 0xff, 0x02, 0xc9, 0xff, 0x02, 0xc9, 0xff, 0x02, 0xc9, 0xff,
  0x02, 0xc9, 0xff, 0x02, 0xc9, 0xff, 0x02, 0xc9, 0xff, 0x02, 0xb9, 0xff, 0xe2, 0xa0, 0xfd, 0x81, 0x68, 0xfd, 0x00, 0x10, 0xfd, 0x00, 0x00, 0xff,
  0x00, 0x00, 0xff, 0x00, 0x00, 0xff, 0x00, 0x00, 0xbc, 0x00, 0x00, 0x2c, 0x00, 0x00, 0x03, 0x00, 0x00, 0x00, 0x00, 0x00, 0x00, 0x00, 0x00, 0x00,
  0x00, 0x00, 0x00, 0x00, 0x00, 0x00, 0x00, 0x00, 0x00, 0x00, 0x00, 0x00, 0x00, 0x00, 0x00, 0x00, 0x00, 0x00, 0x00, 0x00, 0x00, 0x00, 0x00, 0x00,
  0x00, 0x00, 0x00, 0x00, 0x00, 0x00, 0x00, 0x00, 0x00, 0x00, 0x00, 0x00, 0x00, 0x00, 0x00, 0x00, 0x00, 0x00, 0x00, 0x00, 0x00, 0x00, 0x00, 0x00,
  0x00, 0x00, 0x00, 0x00, 0x00, 0x00, 0x00, 0x00, 0x00, 0x00, 0x00, 0x00, 0x00, 0x00, 0x00, 0x00, 0x00, 0x00, 0x00, 0x00, 0x00, 0x00, 0x00, 0x00,
  0x00, 0x00, 0x00, 0x00, 0x00, 0x00, 0x00, 0x00, 0x00, 0x00, 0x00, 0x00, 0x00, 0x00, 0x00, 0x00, 0x00, 0x00, 0x00, 0x00, 0x00, 0x00, 0x00, 0x00,
  0x00, 0x00, 0x00, 0x00, 0x00, 0x00, 0x00, 0x00, 0x00, 0x00, 0x00, 0x00, 0x00, 0x00, 0x00, 0x00, 0x00, 0x00, 0x00, 0x00, 0x00, 0x00, 0x00, 0x00,
  0x00, 0x00, 0x00, 0x00, 0x00, 0x00, 0x00, 0x00, 0x00, 0x00, 0x00, 0x00, 0x00, 0x00, 0x00, 0x00, 0x00, 0x00, 0x00, 0x00, 0x00, 0x00, 0x00, 0x00,
  0x00, 0x00, 0x00, 0x00, 0x00, 0x00, 0x00, 0x00, 0x14, 0x00, 0x00, 0x94, 0x00, 0x00, 0xf4, 0x00, 0x00, 0xff, 0x00, 0x00, 0xff, 0x00, 0x00, 0xff,
  0x00, 0x00, 0xff, 0x40, 0x08, 0xfe, 0x00, 0x08, 0xfe, 0x20, 0x18, 0xfd, 0x40, 0x40, 0xfd, 0xa1, 0x78, 0xfd, 0xe2, 0xa0, 0xfd, 0x02, 0xc1, 0xff,
  0x02, 0xc9, 0xff, 0x02, 0xc9, 0xff, 0x02, 0xc9, 0xff, 0x02, 0xc9, 0xff, 0x02, 0xc9, 0xff, 0x02, 0xc9, 0xff, 0x02, 0xc9, 0xff, 0x02, 0xc9, 0xff,
  0x02, 0xc9, 0xff, 0x02, 0xc1, 0xff, 0xc1, 0x88, 0xfd, 0x40, 0x30, 0xfd, 0x00, 0x08, 0xfe, 0x00, 0x00, 0xff, 0x00, 0x00, 0xff, 0xa1, 0x18, 0xfd,
  0x24, 0x7b, 0xfa, 0xa8, 0xdd, 0xfe, 0x8a, 0xf6, 0xff, 0x8a, 0xfe, 0xff, 0x8a, 0xfe, 0xff, 0x8a, 0xfe, 0xff, 0x8a, 0xfe, 0xff, 0x8a, 0xfe, 0xff,
  0x8a, 0xfe, 0xff, 0x8a, 0xfe, 0xff, 0x8a, 0xfe, 0xff, 0x8a, 0xfe, 0xff, 0x8a, 0xfe, 0xff, 0x8a, 0xfe, 0xff, 0x8a, 0xfe, 0xff, 0x8a, 0xfe, 0xff,
  0x8a, 0xfe, 0xff, 0x8a, 0xfe, 0xff, 0x8a, 0xfe, 0xff, 0x8a, 0xfe, 0xff, 0x8a, 0xfe, 0xff, 0x8a, 0xfe, 0xff, 0x8a, 0xfe, 0xff, 0x8a, 0xfe, 0xff,
  0x8a, 0xfe, 0xff, 0xea, 0xd5, 0xfd, 0xac, 0x9c, 0xfc, 0x2a, 0xe6, 0xff, 0xab, 0xcd, 0xfc, 0xef, 0x3a, 0xfc, 0xf0, 0x01, 0xff, 0xf0, 0x01, 0xff,
  0xf0, 0x01, 0xff, 0xf0, 0x09, 0xff, 0xcd, 0x6b, 0xfa, 0x8a, 0xf6, 0xff, 0x8a, 0xfe, 0xff, 0x8a, 0xfe, 0xff, 0x8a, 0xfe, 0xff, 0x8a, 0xfe, 0xff,
  0x8a, 0xfe, 0xff, 0x8a, 0xfe, 0xff, 0x8a, 0xfe, 0xff, 0x8a, 0xfe, 0xff, 0x8a, 0xfe, 0xff, 0x8a, 0xfe, 0xff, 0x8a, 0xfe, 0xff, 0x8a, 0xfe, 0xff,
  0x8a, 0xfe, 0xff, 0x8a, 0xfe, 0xff, 0x8a, 0xfe, 0xff, 0x8a, 0xfe, 0xff, 0x8a, 0xfe, 0xff, 0x8a, 0xfe, 0xff, 0x8a, 0xfe, 0xff, 0x8a, 0xfe, 0xff,
  0x8a, 0xfe, 0xff, 0x8a, 0xfe, 0xff, 0x8a, 0xfe, 0xff, 0x8a, 0xfe, 0xff, 0x8a, 0xfe, 0xff, 0x8a, 0xfe, 0xff, 0x8a, 0xfe, 0xff, 0x8a, 0xfe, 0xff,
  0x8a, 0xfe, 0xff, 0x8a, 0xfe, 0xff, 0x8a, 0xfe, 0xff, 0x8a, 0xfe, 0xff, 0x8a, 0xfe, 0xff, 0x8a, 0xfe, 0xff, 0x8a, 0xfe, 0xff, 0x8a, 0xfe, 0xff,
  0x8a, 0xfe, 0xff, 0x8a, 0xfe, 0xff, 0x8a, 0xfe, 0xff, 0x8a, 0xfe, 0xff, 0x8a, 0xfe, 0xff, 0x8a, 0xfe, 0xff, 0x8a, 0xfe, 0xff, 0x8a, 0xfe, 0xff,
  0x8a, 0xfe, 0xff, 0x8a, 0xfe, 0xff, 0x8a, 0xfe, 0xff, 0x8a, 0xfe, 0xff, 0x8a, 0xfe, 0xff, 0x29, 0xee, 0xfe, 0x66, 0xac, 0xfc, 0x62, 0x31, 0xfc,
  0x00, 0x00, 0xff, 0x00, 0x00, 0xff, 0x00, 0x00, 0xff, 0x20, 0x20, 0xfd, 0x81, 0x70, 0xfc, 0x02, 0xb9, 0xff, 0x02, 0xc9, 0xff, 0x02, 0xc9, 0xff,
  0x02, 0xc9, 0xff, 0x02, 0xc9, 0xff, 0x02, 0xc9, 0xff, 0x02, 0xc9, 0xff, 0x02, 0xc9, 0xff, 0x02, 0xc9, 0xff, 0x02, 0xc9, 0xff, 0x02, 0xc9, 0xff,
  0x02, 0xb9, 0xff, 0xc1, 0x98, 0xfd, 0x81, 0x68, 0xfd, 0x40, 0x38, 0xfd, 0x00, 0x10, 0xfd, 0x00, 0x08, 0xfe, 0x00, 0x08, 0xfe, 0x00, 0x00, 0xff,
  0x00, 0x00, 0xff, 0x00, 0x00, 0xff, 0x00, 0x00, 0xff, 0x00, 0x00, 0xbc, 0x00, 0x00, 0x3c, 0x00, 0x00, 0x02, 0x00, 0x00, 0x00, 0x00, 0x00, 0x00,
  0x00, 0x00, 0x00, 0x00, 0x00, 0x00, 0x00, 0x00, 0x00, 0x00, 0x00, 0x00, 0x00, 0x00, 0x00, 0x00, 0x00, 0x00, 0x00, 0x00, 0x00, 0x00, 0x00, 0x00,
  0x00, 0x00, 0x00, 0x00, 0x00, 0x00, 0x00, 0x00, 0x00, 0x00, 0x00, 0x00, 0x00, 0x00, 0x00, 0x00, 0x00, 0x00, 0x00, 0x00, 0x00, 0x00, 0x00, 0x00,
  0x00, 0x00, 0x00, 0x00, 0x00, 0x00, 0x00, 0x00, 0x00, 0x00, 0x00, 0x00, 0x00, 0x00, 0x00, 0x00, 0x00, 0x00, 0x00, 0x00, 0x00, 0x00, 0x00, 0x00,
  0x00, 0x00, 0x00, 0x00, 0x00, 0x00, 0x00, 0x00, 0x00, 0x00, 0x00, 0x00, 0x00, 0x00, 0x00, 0x00, 0x00, 0x00, 0x00, 0x00, 0x00, 0x00, 0x00, 0x00,
  0x00, 0x00, 0x00, 0x00, 0x00, 0x00, 0x00, 0x00, 0x00, 0x00, 0x00, 0x00, 0x00, 0x00, 0x00, 0x00, 0x00, 0x00, 0x00, 0x00, 0x00, 0x00, 0x00, 0x00,
  0x00, 0x00, 0x00, 0x00, 0x00, 0x00, 0x00, 0x00, 0x00, 0x00, 0x00, 0x00, 0x00, 0x00, 0x00, 0x00, 0x00, 0x00, 0x00, 0x00, 0x00, 0x00, 0x00, 0x00,
  0x00, 0x00, 0x00, 0x00, 0x00, 0x0c, 0x00, 0x00, 0x84, 0x00, 0x00, 0xf4, 0x00, 0x00, 0xff, 0x00, 0x00, 0xff, 0x40, 0x40, 0xfd, 0x20, 0x28, 0xfd,
  0x00, 0x08, 0xfe, 0x24, 0x7b, 0xfa, 0xc4, 0x6a, 0xfb, 0x62, 0x31, 0xfc, 0x40, 0x08, 0xfe, 0x00, 0x08, 0xfe, 0x00, 0x10, 0xfd, 0x40, 0x38, 0xfd,
  0x81, 0x70, 0xfc, 0xe2, 0xa8, 0xfe, 0x02, 0xc1, 0xff, 0x02, 0xc9, 0xff, 0x02, 0xc9, 0xff, 0x02, 0xc9, 0xff, 0x02, 0xc9, 0xff, 0x02, 0xc9, 0xff,
  0x02, 0xc1, 0xff, 0x81, 0x70, 0xfc, 0x00, 0x10, 0xfd, 0x00, 0x00, 0xff, 0x00, 0x00, 0xff, 0x00, 0x08, 0xfe, 0xc2, 0x41, 0xfc, 0x87, 0xac, 0xfc,
  0x69, 0xf6, 0xff, 0x8a, 0xfe, 0xff, 0x8a, 0xfe, 0xff, 0x8a, 0xfe, 0xff, 0x8a, 0xfe, 0xff, 0x8a, 0xfe, 0xff, 0x8a, 0xfe, 0xff, 0x8a, 0xfe, 0xff,
  0x8a, 0xfe, 0xff, 0x8a, 0xfe, 0xff, 0x8a, 0xfe, 0xff, 0x8a, 0xfe, 0xff, 0x8a, 0xfe, 0xff, 0x8a, 0xfe, 0xff, 0x8a, 0xfe, 0xff, 0x8a, 0xfe, 0xff,
  0x8a, 0xfe, 0xff, 0x8a, 0xfe, 0xff, 0x8a, 0xfe, 0xff, 0x8a, 0xfe, 0xff, 0x8a, 0xfe, 0xff, 0x8a, 0xfe, 0xff, 0x8a, 0xfe, 0xff, 0x8a, 0xfe, 0xff,
  0xea, 0xd5, 0xfd, 0x6e, 0x53, 0xf7, 0xec, 0xa4, 0xfc, 0x4a, 0xee, 0xff, 0xae, 0x63, 0xff, 0x10, 0x0a, 0xfe, 0xf0, 0x01, 0xff, 0xf0, 0x01, 0xff,
  0xf0, 0x01, 0xff, 0xf0, 0x01, 0xff, 0xcd, 0x6b, 0xfa, 0x8a, 0xf6, 0xff, 0x8a, 0xfe, 0xff, 0x8a, 0xfe, 0xff, 0x8a, 0xfe, 0xff, 0x8a, 0xfe, 0xff,
  0x8a, 0xfe, 0xff, 0x8a, 0xfe, 0xff, 0x8a, 0xfe, 0xff, 0x8a, 0xfe, 0xff, 0x8a, 0xfe, 0xff, 0x8a, 0xfe, 0xff, 0x8a, 0xfe, 0xff, 0x8a, 0xfe, 0xff,
  0x8a, 0xfe, 0xff, 0x8a, 0xfe, 0xff, 0x8a, 0xfe, 0xff, 0x8a, 0xfe, 0xff, 0x8a, 0xfe, 0xff, 0x8a, 0xfe, 0xff, 0x8a, 0xfe, 0xff, 0x8a, 0xfe, 0xff,
  0x8a, 0xfe, 0xff, 0x8a, 0xfe, 0xff, 0x8a, 0xfe, 0xff, 0x8a, 0xfe, 0xff, 0x8a, 0xfe, 0xff, 0x8a, 0xfe, 0xff, 0x8a, 0xfe, 0xff, 0x8a, 0xfe, 0xff,
  0x8a, 0xfe, 0xff, 0x8a, 0xfe, 0xff, 0x8a, 0xfe, 0xff, 0x8a, 0xfe, 0xff, 0x8a, 0xfe, 0xff, 0x8a, 0xfe, 0xff, 0x8a, 0xfe, 0xff, 0x8a, 0xfe, 0xff,
  0x8a, 0xfe, 0xff, 0x8a, 0xfe, 0xff, 0x8a, 0xfe, 0xff, 0x8a, 0xfe, 0xff, 0x8a, 0xfe, 0xff, 0x8a, 0xfe, 0xff, 0x8a, 0xfe, 0xff, 0x8a, 0xfe, 0xff,
  0x8a, 0xfe, 0xff, 0x8a, 0xfe, 0xff, 0x8a, 0xfe, 0xff, 0x8a, 0xfe, 0xff, 0x8a, 0xfe, 0xff, 0x8a, 0xfe, 0xff, 0x8a, 0xf6, 0xff, 0xa8, 0xdd, 0xfe,
  0xc4, 0x6a, 0xfb, 0x60, 0x10, 0xfc, 0x00, 0x00, 0xff, 0x00, 0x00, 0xff, 0x00, 0x08, 0xfe, 0x40, 0x40, 0xfd, 0xe2, 0xa8, 0xfe, 0x02, 0xc9, 0xff,
  0x02, 0xc9, 0xff, 0x02, 0xc9, 0xff, 0x02, 0xc9, 0xff, 0x02, 0xc9, 0xff, 0x02, 0xc9, 0xff, 0x02, 0xb9, 0xff, 0xc1, 0x98, 0xfd, 0x81, 0x60, 0xfd,
  0x40, 0x30, 0xfd, 0x00, 0x10, 0xfd, 0x00, 0x08, 0xfe, 0x60, 0x10, 0xfc, 0xc2, 0x41, 0xfc, 0x24, 0x7b, 0xfa, 0x23, 0x52, 0xfb, 0x00, 0x08, 0xfe,
  0x20, 0x28, 0xfd, 0x00, 0x08, 0xfe, 0x00, 0x00, 0xff, 0x00, 0x00, 0xff, 0x00, 0x00, 0xbc, 0x00, 0x00, 0x24, 0x00, 0x00, 0x00, 0x00, 0x00, 0x00,
  0x00, 0x00, 0x00, 0x00, 0x00, 0x00, 0x00, 0x00, 0x00, 0x00, 0x00, 0x00, 0x00, 0x00, 0x00, 0x00, 0x00, 0x00, 0x00, 0x00, 0x00, 0x00, 0x00, 0x00,
  0x00, 0x00, 0x00, 0x00, 0x00, 0x00, 0x00, 0x00, 0x00, 0x00, 0x00, 0x00, 0x00, 0x00, 0x00, 0x00, 0x00, 0x00, 0x00, 0x00, 0x00, 0x00, 0x00, 0x00,
  0x00, 0x00, 0x00, 0x00, 0x00, 0x00, 0x00, 0x00, 0x00, 0x00, 0x00, 0x00, 0x00, 0x00, 0x00, 0x00, 0x00, 0x00, 0x00, 0x00, 0x00, 0x00, 0x00, 0x00,
  0x00, 0x00, 0x00, 0x00, 0x00, 0x00, 0x00, 0x00, 0x00, 0x00, 0x00, 0x00, 0x00, 0x00, 0x00, 0x00, 0x00, 0x00, 0x00, 0x00, 0x00, 0x00, 0x00, 0x00,
  0x00, 0x00, 0x00, 0x00, 0x00, 0x00, 0x00, 0x00, 0x00, 0x00, 0x00, 0x00, 0x00, 0x00, 0x00, 0x00, 0x00, 0x00, 0x00, 0x00, 0x00, 0x00, 0x00, 0x00,
  0x00, 0x00, 0x00, 0x00, 0x00, 0x00, 0x00, 0x00, 0x00, 0x00, 0x00, 0x00, 0x00, 0x00, 0x00, 0x00, 0x00, 0x00, 0x00, 0x00, 0x00, 0x00, 0x00, 0x00,
  0x00, 0x00, 0x0c, 0x00, 0x00, 0x63, 0x00, 0x00, 0xe4, 0x00, 0x00, 0xff, 0x00, 0x00, 0xff, 0x40, 0x30, 0xfd, 0xe2, 0xa8, 0xfe, 0x81, 0x68, 0xfd,
  0x00, 0x08, 0xfe, 0x24, 0x7b, 0xfa, 0x49, 0xee, 0xff, 0xa8, 0xdd, 0xfe, 0x26, 0x9c, 0xfc, 0x43, 0x52, 0xfb, 0x21, 0x29, 0xfb, 0x40, 0x08, 0xfe,
  0x00, 0x08, 0xfe, 0x20, 0x20, 0xfd, 0x60, 0x48, 0xfc, 0xa1, 0x80, 0xfd, 0xe2, 0xa8, 0xfe, 0x02, 0xc1, 0xff, 0x02, 0xc9, 0xff, 0xe2, 0xb0, 0xfe,
  0x81, 0x58, 0xfc, 0x00, 0x10, 0xfd, 0x00, 0x00, 0xff, 0x00, 0x00, 0xff, 0x60, 0x10, 0xfc, 0xc4, 0x6a, 0xfb, 0xa8, 0xdd, 0xfe, 0x8a, 0xf6, 0xff,
  0x8a, 0xfe, 0xff, 0x8a, 0xfe, 0xff, 0x8a, 0xfe, 0xff, 0x8a, 0xfe, 0xff, 0x8a, 0xfe, 0xff, 0x8a, 0xfe, 0xff, 0x8a, 0xfe, 0xff, 0x8a, 0xfe, 0xff,
  0x8a, 0xfe, 0xff, 0x8a, 0xfe, 0xff, 0x8a, 0xfe, 0xff, 0x8a, 0xfe, 0xff, 0x8a, 0xfe, 0xff, 0x8a, 0xfe, 0xff, 0x8a, 0xfe, 0xff, 0x8a, 0xfe, 0xff,
  0x8a, 0xfe, 0xff, 0x8a, 0xfe, 0xff, 0x8a, 0xfe, 0xff, 0x8a, 0xfe, 0xff, 0x8a, 0xfe, 0xff, 0x8a, 0xfe, 0xff, 0x8a, 0xfe, 0xff, 0x2a, 0xe6, 0xff,
  0xae, 0x63, 0xff, 0x6e, 0x53, 0xfb, 0x2a, 0xe6, 0xff, 0x6b, 0xbd, 0xfc, 0x4f, 0x1a, 0xfc, 0xf0, 0x01, 0xff, 0xf0, 0x01, 0xff, 0xf0, 0x01, 0xff,
  0xf0, 0x01, 0xff, 0xf0, 0x01, 0xff, 0xae, 0x5b, 0xfa, 0x6a, 0xf6, 0xff, 0x8a, 0xfe, 0xff, 0x8a, 0xfe, 0xff, 0x8a, 0xfe, 0xff, 0x8a, 0xfe, 0xff,
  0x8a, 0xfe, 0xff, 0x8a, 0xfe, 0xff, 0x8a, 0xfe, 0xff, 0x8a, 0xfe, 0xff, 0x8a, 0xfe, 0xff, 0x8a, 0xfe, 0xff, 0x8a, 0xfe, 0xff, 0x8a, 0xfe, 0xff,
  0x8a, 0xfe, 0xff, 0x8a, 0xfe, 0xff, 0x8a, 0xfe, 0xff, 0x8a, 0xfe, 0xff, 0x8a, 0xfe, 0xff, 0x8a, 0xfe, 0xff, 0x8a, 0xfe, 0xff, 0x8a, 0xfe, 0xff,
  0x8a, 0xfe, 0xff, 0x8a, 0xfe, 0xff, 0x8a, 0xfe, 0xff, 0x8a, 0xfe, 0xff, 0x8a, 0xfe, 0xff, 0x8a, 0xfe, 0xff, 0x8a, 0xfe, 0xff, 0x8a, 0xfe, 0xff,
  0x8a, 0xfe, 0xff, 0x8a, 0xfe, 0xff, 0x8a, 0xfe, 0xff, 0x8a, 0xfe, 0xff, 0x8a, 0xfe, 0xff, 0x8a, 0xfe, 0xff, 0x8a, 0xfe, 0xff, 0x8a, 0xfe, 0xff,
  0x8a, 0xfe, 0xff, 0x8a, 0xfe, 0xff, 0x8a, 0xfe, 0xff, 0x8a, 0xfe, 0xff, 0x8a, 0xfe, 0xff, 0x8a, 0xfe, 0xff, 0x8a, 0xfe, 0xff, 0x8a, 0xfe, 0xff,
  0x8a, 0xfe, 0xff, 0x8a, 0xfe, 0xff, 0x8a, 0xfe, 0xff, 0x8a, 0xfe, 0xff, 0x8a, 0xfe, 0xff, 0x8a, 0xfe, 0xff, 0x8a, 0xfe, 0xff, 0x8a, 0xfe, 0xff,
  0x29, 0xee, 0xfe, 0xc5, 0x8b, 0xfb, 0x21, 0x29, 0xfb, 0x00, 0x00, 0xff, 0x00, 0x00, 0xff, 0x00, 0x00, 0xff, 0x40, 0x38, 0xfd, 0xe2, 0xa0, 0xfd,
  0x02, 0xc9, 0xff, 0x02, 0xc9, 0xff, 0x02, 0xb9, 0xff, 0xe2, 0xa0, 0xfd, 0x81, 0x70, 0xfc, 0x40, 0x38, 0xfd, 0x00, 0x10, 0xfd, 0x00, 0x08, 0xfe,
  0x60, 0x10, 0xfc, 0x82, 0x39, 0xfc, 0xc4, 0x6a, 0xfb, 0x87, 0xac, 0xfc, 0xa8, 0xdd, 0xfe, 0x29, 0xee, 0xfe, 0xc2, 0x41, 0xfc, 0x20, 0x18, 0xfd,
  0xc1, 0x90, 0xfd, 0x81, 0x58, 0xfc, 0x00, 0x08, 0xfe, 0x00, 0x00, 0xff, 0x00, 0x00, 0xf4, 0x00, 0x00, 0x9c, 0x00, 0x00, 0x14, 0x00, 0x00, 0x00,
  0x00, 0x00, 0x00, 0x00, 0x00, 0x00, 0x00, 0x00, 0x00, 0x00, 0x00, 0x00, 0x00, 0x00, 0x00, 0x00, 0x00, 0x00, 0x00, 0x00, 0x00, 0x00, 0x00, 0x00,
  0x00, 0x00, 0x00, 0x00, 0x00, 0x00, 0x00, 0x00, 0x00, 0x00, 0x00, 0x00, 0x00, 0x00, 0x00, 0x00, 0x00, 0x00, 0x00, 0x00, 0x00, 0x00, 0x00, 0x00,
  0x00, 0x00, 0x00, 0x00, 0x00, 0x00, 0x00, 0x00, 0x00, 0x00, 0x00, 0x00, 0x00, 0x00, 0x00, 0x00, 0x00, 0x00, 0x00, 0x00, 0x00, 0x00, 0x00, 0x00,
  0x00, 0x00, 0x00, 0x00, 0x00, 0x00, 0x00, 0x00, 0x00, 0x00, 0x00, 0x00, 0x00, 0x00, 0x00, 0x00, 0x00, 0x00, 0x00, 0x00, 0x00, 0x00, 0x00, 0x00,
  0x00, 0x00, 0x00, 0x00, 0x00, 0x00, 0x00, 0x00, 0x00, 0x00, 0x00, 0x00, 0x00, 0x00, 0x00, 0x00, 0x00, 0x00, 0x00, 0x00, 0x00, 0x00, 0x00, 0x00,
  0x00, 0x00, 0x00, 0x00, 0x00, 0x00, 0x00, 0x00, 0x00, 0x00, 0x00, 0x00, 0x00, 0x00, 0x00, 0x00, 0x00, 0x00, 0x00, 0x00, 0x00, 0x00, 0x00, 0x03,
  0x00, 0x00, 0x63, 0x00, 0x00, 0xe4, 0x00, 0x00, 0xff, 0x00, 0x00, 0xff, 0x40, 0x30, 0xfd, 0xe2, 0xa0, 0xfd, 0x02, 0xc9, 0xff, 0xe2, 0xa8, 0xfe,
  0x20, 0x18, 0xfd, 0x82, 0x39, 0xfc, 0x29, 0xee, 0xfe, 0x8a, 0xfe, 0xff, 0x8a, 0xfe, 0xff, 0x69, 0xf6, 0xff, 0xa8, 0xdd, 0xfe, 0x66, 0xac, 0xfc,
  0xc4, 0x6a, 0xfb, 0x62, 0x31, 0xfc, 0x60, 0x10, 0xfc, 0x00, 0x08, 0xfe, 0x20, 0x18, 0xfd, 0x40, 0x40, 0xfd, 0x81, 0x68, 0xfd, 0x40, 0x30, 0xfd,
  0x00, 0x00, 0xff, 0x00, 0x00, 0xff, 0x00, 0x00, 0xff, 0x21, 0x29, 0xfb, 0x26, 0x9c, 0xfc, 0x49, 0xee, 0xff, 0x8a, 0xfe, 0xff, 0x8a, 0xfe, 0xff,
  0x8a, 0xfe, 0xff, 0x8a, 0xfe, 0xff, 0x8a, 0xfe, 0xff, 0x8a, 0xfe, 0xff, 0x8a, 0xfe, 0xff, 0x8a, 0xfe, 0xff, 0x8a, 0xfe, 0xff, 0x8a, 0xfe, 0xff,
  0x8a, 0xfe, 0xff, 0x8a, 0xfe, 0xff, 0x8a, 0xfe, 0xff, 0x8a, 0xfe, 0xff, 0x8a, 0xfe, 0xff, 0x8a, 0xfe, 0xff, 0x8a, 0xfe, 0xff, 0x8a, 0xfe, 0xff,
  0x8a, 0xfe, 0xff, 0x8a, 0xfe, 0xff, 0x8a, 0xfe, 0xff, 0x8a, 0xfe, 0xff, 0x8a, 0xfe, 0xff, 0x8a, 0xfe, 0xff, 0x2a, 0xe6, 0xff, 0xae, 0x63, 0xff,
  0xaf, 0x2a, 0xfb, 0x6b, 0xbd, 0xfc, 0x2a, 0xe6, 0xff, 0x6e, 0x53, 0xfb, 0xf0, 0x09, 0xff, 0xf0, 0x01, 0xff, 0xf0, 0x01, 0xff, 0xf0, 0x01, 0xff,
  0xf0, 0x01, 0xff, 0xf0, 0x01, 0xff, 0x6e, 0x53, 0xfb, 0x4a, 0xee, 0xff, 0x8a, 0xfe, 0xff, 0x8a, 0xfe, 0xff, 0x8a, 0xfe, 0xff, 0x8a, 0xfe, 0xff,
  0x8a, 0xfe, 0xff, 0x8a, 0xfe, 0xff, 0x8a, 0xfe, 0xff, 0x8a, 0xfe, 0xff, 0x8a, 0xfe, 0xff, 0x8a, 0xfe, 0xff, 0x8a, 0xfe, 0xff, 0x8a, 0xfe, 0xff,
  0x8a, 0xfe, 0xff, 0x8a, 0xfe, 0xff, 0x8a, 0xfe, 0xff, 0x8a, 0xfe, 0xff, 0x8a, 0xfe, 0xff, 0x8a, 0xfe, 0xff, 0x8a, 0xfe, 0xff, 0x8a, 0xfe, 0xff,
  0x8a, 0xfe, 0xff, 0x8a, 0xfe, 0xff, 0x8a, 0xfe, 0xff, 0x8a, 0xfe, 0xff, 0x8a, 0xfe, 0xff, 0x8a, 0xfe, 0xff, 0x8a, 0xfe, 0xff, 0x8a, 0xfe, 0xff,
  0x8a, 0xfe, 0xff, 0x8a, 0xfe, 0xff, 0x8a, 0xfe, 0xff, 0x8a, 0xfe, 0xff, 0x8a, 0xfe, 0xff, 0x8a, 0xfe, 0xff, 0x8a, 0xfe, 0xff, 0x8a, 0xfe, 0xff,
  0x8a, 0xfe, 0xff, 0x8a, 0xfe, 0xff, 0x8a, 0xfe, 0xff, 0x8a, 0xfe, 0xff, 0x8a, 0xfe, 0xff, 0x8a, 0xfe, 0xff, 0x8a, 0xfe, 0xff, 0x8a, 0xfe, 0xff,
  0x8a, 0xfe, 0xff, 0x8a, 0xfe, 0xff, 0x8a, 0xfe, 0xff, 0x8a, 0xfe, 0xff, 0x8a, 0xfe, 0xff, 0x8a, 0xfe, 0xff, 0x8a, 0xfe, 0xff, 0x8a, 0xfe, 0xff,
  0x8a, 0xfe, 0xff, 0x6a, 0xf6, 0xff, 0x27, 0xc5, 0xfd, 0xc2, 0x41, 0xfc, 0x00, 0x08, 0xfe, 0x00, 0x00, 0xff, 0x00, 0x00, 0xff, 0x20, 0x20, 0xfd,
  0x81, 0x68, 0xfd, 0x81, 0x68, 0xfd, 0x40, 0x30, 0xfd, 0x00, 0x10, 0xfd, 0x00, 0x08, 0xfe, 0xa1, 0x18, 0xfd, 0xc2, 0x41, 0xfc, 0x24, 0x7b, 0xfa,
  0xe7, 0xbc, 0xfd, 0x29, 0xee, 0xfe, 0x6a, 0xf6, 0xff, 0x8a, 0xfe, 0xff, 0x8a, 0xfe, 0xff, 0x48, 0xcd, 0xfe, 0xa1, 0x18, 0xfd, 0x40, 0x38, 0xfd,
  0x02, 0xc1, 0xff, 0x02, 0xb9, 0xff, 0x61, 0x50, 0xfc, 0x00, 0x00, 0xff, 0x00, 0x00, 0xff, 0x00, 0x00, 0xf4, 0x00, 0x00, 0x84, 0x00, 0x00, 0x14,
  0x00, 0x00, 0x00, 0x00, 0x00, 0x00, 0x00, 0x00, 0x00, 0x00, 0x00, 0x00, 0x00, 0x00, 0x00, 0x00, 0x00, 0x00, 0x00, 0x00, 0x00, 0x00, 0x00, 0x00,
  0x00, 0x00, 0x00, 0x00, 0x00, 0x00, 0x00, 0x00, 0x00, 0x00, 0x00, 0x00, 0x00, 0x00, 0x00, 0x00, 0x00, 0x00, 0x00, 0x00, 0x00, 0x00, 0x00, 0x00,
  0x00, 0x00, 0x00, 0x00, 0x00, 0x00, 0x00, 0x00, 0x00, 0x00, 0x00, 0x00, 0x00, 0x00, 0x00, 0x00, 0x00, 0x00, 0x00, 0x00, 0x00, 0x00, 0x00, 0x00,
  0x00, 0x00, 0x00, 0x00, 0x00, 0x00, 0x00, 0x00, 0x00, 0x00, 0x00, 0x00, 0x00, 0x00, 0x00, 0x00, 0x00, 0x00, 0x00, 0x00, 0x00, 0x00, 0x00, 0x00,
  0x00, 0x00, 0x00, 0x00, 0x00, 0x00, 0x00, 0x00, 0x00, 0x00, 0x00, 0x00, 0x00, 0x00, 0x00, 0x00, 0x00, 0x00, 0x00, 0x00, 0x00, 0x00, 0x00, 0x00,
  0x00, 0x00, 0x00, 0x00, 0x00, 0x00, 0x00, 0x00, 0x00, 0x00, 0x00, 0x00, 0x00, 0x00, 0x00, 0x00, 0x00, 0x00, 0x00, 0x00, 0x03, 0x00, 0x00, 0x4c,
  0x00, 0x00, 0xe4, 0x00, 0x00, 0xff, 0x00, 0x00, 0xff, 0x40, 0x30, 0xfd, 0xe2, 0xa0, 0xfd, 0x02, 0xc9, 0xff, 0x02, 0xc9, 0xff, 0x02, 0xc1, 0xff,
  0x60, 0x48, 0xfc, 0x60, 0x10, 0xfc, 0xe7, 0xbc, 0xfd, 0x8a, 0xfe, 0xff, 0x8a, 0xfe, 0xff, 0x8a, 0xfe, 0xff, 0x8a, 0xfe, 0xff, 0x8a, 0xfe, 0xff,
  0x69, 0xf6, 0xff, 0xe9, 0xe5, 0xfe, 0xe7, 0xbc, 0xfd, 0x24, 0x7b, 0xfa, 0x62, 0x31, 0xfc, 0x00, 0x08, 0xfe, 0x00, 0x00, 0xff, 0x00, 0x00, 0xff,
  0x00, 0x00, 0xff, 0x40, 0x08, 0xfe, 0x43, 0x52, 0xfb, 0x48, 0xcd, 0xfe, 0x6a, 0xf6, 0xff, 0x8a, 0xfe, 0xff, 0x8a, 0xfe, 0xff, 0x8a, 0xfe, 0xff,
  0x8a, 0xfe, 0xff, 0x8a, 0xfe, 0xff, 0x8a, 0xfe, 0xff, 0x8a, 0xfe, 0xff, 0x8a, 0xfe, 0xff, 0x8a, 0xfe, 0xff, 0x8a, 0xfe, 0xff, 0x8a, 0xfe, 0xff,
  0x8a, 0xfe, 0xff, 0x8a, 0xfe, 0xff, 0x8a, 0xfe, 0xff, 0x8a, 0xfe, 0xff, 0x8a, 0xfe, 0xff, 0x8a, 0xfe, 0xff, 0x8a, 0xfe, 0xff, 0x8a, 0xfe, 0xff,
  0x8a, 0xfe, 0xff, 0x8a, 0xfe, 0xff, 0x8a, 0xfe, 0xff, 0x8a, 0xfe, 0xff, 0x8a, 0xfe, 0xff, 0xea, 0xd5, 0xfd, 0x6e, 0x53, 0xf7, 0x10, 0x0a, 0xfe,
  0x0d, 0x74, 0xf9, 0x4a, 0xee, 0xff, 0xac, 0x9c, 0xfc, 0x30, 0x12, 0xfe, 0xf0, 0x01, 0xff, 0xf0, 0x01, 0xff, 0xf0, 0x01, 0xff, 0xf0, 0x01, 0xff,
  0xf0, 0x01, 0xff, 0xf0, 0x01, 0xff, 0x0e, 0x43, 0xfd, 0x4a, 0xee, 0xfe, 0x8a, 0xfe, 0xff, 0x8a, 0xfe, 0xff, 0x8a, 0xfe, 0xff, 0x8a, 0xfe, 0xff,
  0x8a, 0xfe, 0xff, 0x8a, 0xfe, 0xff, 0x8a, 0xfe, 0xff, 0x8a, 0xfe, 0xff, 0x8a, 0xfe, 0xff, 0x8a, 0xfe, 0xff, 0x8a, 0xfe, 0xff, 0x8a, 0xfe, 0xff,
  0x8a, 0xfe, 0xff, 0x8a, 0xfe, 0xff, 0x8a, 0xfe, 0xff, 0x8a, 0xfe, 0xff, 0x8a, 0xfe, 0xff, 0x8a, 0xfe, 0xff, 0x8a, 0xfe, 0xff, 0x8a, 0xfe, 0xff,
  0x8a, 0xfe, 0xff, 0x8a, 0xfe, 0xff, 0x8a, 0xfe, 0xff, 0x8a, 0xfe, 0xff, 0x8a, 0xfe, 0xff, 0x8a, 0xfe, 0xff, 0x8a, 0xfe, 0xff, 0x8a, 0xfe, 0xff,
  0x8a, 0xfe, 0xff, 0x8a, 0xfe, 0xff, 0x8a, 0xfe, 0xff, 0x8a, 0xfe, 0xff, 0x8a, 0xfe, 0xff, 0x8a, 0xfe, 0xff, 0x8a, 0xfe, 0xff, 0x8a, 0xfe, 0xff,
  0x8a, 0xfe, 0xff, 0x8a, 0xfe, 0xff, 0x8a, 0xfe, 0xff, 0x8a, 0xfe, 0xff, 0x8a, 0xfe, 0xff, 0x8a, 0xfe, 0xff, 0x8a, 0xfe, 0xff, 0x8a, 0xfe, 0xff,
  0x8a, 0xfe, 0xff, 0x8a, 0xfe, 0xff, 0x8a, 0xfe, 0xff, 0x8a, 0xfe, 0xff, 0x8a, 0xfe, 0xff, 0x8a, 0xfe, 0xff, 0x8a, 0xfe, 0xff, 0x8a, 0xfe, 0xff,
  0x8a, 0xfe, 0xff, 0x8a, 0xfe, 0xff, 0x8a, 0xfe, 0xff, 0xa8, 0xdd, 0xfe, 0xa5, 0x8b, 0xfc, 0xa1, 0x18, 0xfd, 0x00, 0x00, 0xff, 0x00, 0x00, 0xff,
  0x00, 0x00, 0xff, 0x00, 0x00, 0xff, 0xa1, 0x18, 0xfd, 0xc2, 0x41, 0xfc, 0xa5, 0x8b, 0xfc, 0x48, 0xcd, 0xfe, 0x29, 0xee, 0xfe, 0x8a, 0xf6, 0xff,
  0x8a, 0xfe, 0xff, 0x8a, 0xfe, 0xff, 0x8a, 0xfe, 0xff, 0x8a, 0xfe, 0xff, 0x8a, 0xf6, 0xff, 0xa5, 0x8b, 0xfc, 0x00, 0x08, 0xfe, 0x81, 0x70, 0xfc,
  0x02, 0xc9, 0xff, 0x02, 0xc9, 0xff, 0x02, 0xb9, 0xff, 0x61, 0x50, 0xfc, 0x00, 0x08, 0xfe, 0x00, 0x00, 0xff, 0x00, 0x00, 0xf4, 0x00, 0x00, 0x8d,
  0x00, 0x00, 0x0c, 0x00, 0x00, 0x00, 0x00, 0x00, 0x00, 0x00, 0x00, 0x00, 0x00, 0x00, 0x00, 0x00, 0x00, 0x00, 0x00, 0x00, 0x00, 0x00, 0x00, 0x00,
  0x00, 0x00, 0x00, 0x00, 0x00, 0x00, 0x00, 0x00, 0x00, 0x00, 0x00, 0x00, 0x00, 0x00, 0x00, 0x00, 0x00, 0x00, 0x00, 0x00, 0x00, 0x00, 0x00, 0x00,
  0x00, 0x00, 0x00, 0x00, 0x00, 0x00, 0x00, 0x00, 0x00, 0x00, 0x00, 0x00, 0x00, 0x00, 0x00, 0x00, 0x00, 0x00, 0x00, 0x00, 0x00, 0x00, 0x00, 0x00,
  0x00, 0x00, 0x00, 0x00, 0x00, 0x00, 0x00, 0x00, 0x00, 0x00, 0x00, 0x00, 0x00, 0x00, 0x00, 0x00, 0x00, 0x00, 0x00, 0x00, 0x00, 0x00, 0x00, 0x00,
  0x00, 0x00, 0x00, 0x00, 0x00, 0x00, 0x00, 0x00, 0x00, 0x00, 0x00, 0x00, 0x00, 0x00, 0x00, 0x00, 0x00, 0x00, 0x00, 0x00, 0x00, 0x00, 0x00, 0x00,
  0x00, 0x00, 0x00, 0x00, 0x00, 0x00, 0x00, 0x00, 0x00, 0x00, 0x00, 0x00, 0x00, 0x00, 0x00, 0x00, 0x00, 0x00, 0x00, 0x00, 0x24, 0x00, 0x00, 0xc5,
  0x00, 0x00, 0xff, 0x00, 0x00, 0xff, 0x20, 0x18, 0xfd, 0xc1, 0x90, 0xfd, 0x02, 0xc9, 0xff, 0x02, 0xc9, 0xff, 0x02, 0xc9, 0xff, 0x02, 0xc9, 0xff,
  0xa1, 0x78, 0xfd, 0x00, 0x08, 0xfe, 0xa5, 0x8b, 0xfc, 0x8a, 0xf6, 0xff, 0x8a, 0xfe, 0xff, 0x8a, 0xfe, 0xff, 0x8a, 0xfe, 0xff, 0x8a, 0xfe, 0xff,
  0x8a, 0xfe, 0xff, 0x8a, 0xfe, 0xff, 0x8a, 0xfe, 0xff, 0x49, 0xee, 0xff, 0xa5, 0x8b, 0xfc, 0x40, 0x08, 0xfe, 0x00, 0x00, 0xff, 0x00, 0x00, 0xff,
  0x40, 0x08, 0xfe, 0x43, 0x52, 0xfb, 0xa8, 0xdd, 0xfe, 0x8a, 0xfe, 0xff, 0x8a, 0xfe, 0xff, 0x8a, 0xfe, 0xff, 0x8a, 0xfe, 0xff, 0x8a, 0xfe, 0xff,
  0x8a, 0xfe, 0xff, 0x8a, 0xfe, 0xff, 0x8a, 0xfe, 0xff, 0x8a, 0xfe, 0xff, 0x8a, 0xfe, 0xff, 0x8a, 0xfe, 0xff, 0x8a, 0xfe, 0xff, 0x8a, 0xfe, 0xff,
  0x8a, 0xfe, 0xff, 0x8a, 0xfe, 0xff, 0x8a, 0xfe, 0xff, 0x8a, 0xfe, 0xff, 0x8a, 0xfe, 0xff, 0x8a, 0xfe, 0xff, 0x8a, 0xfe, 0xff, 0x8a, 0xfe, 0xff,
  0x8a, 0xfe, 0xff, 0x8a, 0xfe, 0xff, 0x8a, 0xfe, 0xff, 0x8a, 0xfe, 0xff, 0x4a, 0xee, 0xfe, 0xcd, 0x6b, 0xfa, 0x10, 0x0a, 0xfe, 0x6f, 0x22, 0xfb,
  0xab, 0xcd, 0xfc, 0xea, 0xd5, 0xfd, 0x0e, 0x43, 0xfd, 0xf0, 0x01, 0xff, 0xf0, 0x01, 0xff, 0xf0, 0x01, 0xff, 0xf0, 0x01, 0xff, 0xf0, 0x01, 0xff,
  0xf0, 0x01, 0xff, 0xf0, 0x01, 0xff, 0xef, 0x3a, 0xfc, 0x0a, 0xde, 0xfe, 0x8a, 0xfe, 0xff, 0x8a, 0xfe, 0xff, 0x8a, 0xfe, 0xff, 0x8a, 0xfe, 0xff,
  0x8a, 0xfe, 0xff, 0x8a, 0xfe, 0xff, 0x8a, 0xfe, 0xff, 0x8a, 0xfe, 0xff, 0x8a, 0xfe, 0xff, 0x8a, 0xfe, 0xff, 0x8a, 0xfe, 0xff, 0x8a, 0xfe, 0xff,
  0x8a, 0xfe, 0xff, 0x8a, 0xfe, 0xff, 0x8a, 0xfe, 0xff, 0x8a, 0xfe, 0xff, 0x8a, 0xfe, 0xff, 0x8a, 0xfe, 0xff, 0x8a, 0xfe, 0xff, 0x8a, 0xfe, 0xff,
  0x8a, 0xfe, 0xff, 0x8a, 0xfe, 0xff, 0x8a, 0xfe, 0xff, 0x8a, 0xfe, 0xff, 0x8a, 0xfe, 0xff, 0x8a, 0xfe, 0xff, 0x8a, 0xfe, 0xff, 0x8a, 0xfe, 0xff,
  0x8a, 0xfe, 0xff, 0x8a, 0xfe, 0xff, 0x8a, 0xfe, 0xff, 0x8a, 0xfe, 0xff, 0x8a, 0xfe, 0xff, 0x8a, 0xfe, 0xff, 0x8a, 0xfe, 0xff, 0x8a, 0xfe, 0xff,
  0x8a, 0xfe, 0xff, 0x8a, 0xfe, 0xff, 0x8a, 0xfe, 0xff, 0x8a, 0xfe, 0xff, 0x8a, 0xfe, 0xff, 0x8a, 0xfe, 0xff, 0x8a, 0xfe, 0xff, 0x8a, 0xfe, 0xff,
  0x8a, 0xfe, 0xff, 0x8a, 0xfe, 0xff, 0x8a, 0xfe, 0xff, 0x8a, 0xfe, 0xff, 0x8a, 0xfe, 0xff, 0x8a, 0xfe, 0xff, 0x8a, 0xfe, 0xff, 0x8a, 0xfe, 0xff,
  0x8a, 0xfe, 0xff, 0x8a, 0xfe, 0xff, 0x8a, 0xfe, 0xff, 0x8a, 0xfe, 0xff, 0x69, 0xf6, 0xff, 0xc5, 0x8b, 0xfb, 0xa1, 0x18, 0xfd, 0x00, 0x00, 0xff,
  0x00, 0x00, 0xff, 0x00, 0x00, 0xff, 0x23, 0x52, 0xfb, 0x48, 0xcd, 0xfe, 0x8a, 0xf6, 0xff, 0x8a, 0xfe, 0xff, 0x8a, 0xfe, 0xff, 0x8a, 0xfe, 0xff,
  0x8a, 0xfe, 0xff, 0x8a, 0xfe, 0xff, 0x8a, 0xfe, 0xff, 0x8a, 0xfe, 0xff, 0x29, 0xee, 0xfe, 0x23, 0x52, 0xfb, 0x00, 0x10, 0xfd, 0xc1, 0x98, 0xfd,
  0x02, 0xc9, 0xff, 0x02, 0xc9, 0xff, 0x02, 0xc9, 0xff, 0xe2, 0xb0, 0xfe, 0x40, 0x38, 0xfd, 0x00, 0x00, 0xff, 0x00, 0x00, 0xff, 0x00, 0x00, 0xec,
  0x00, 0x00, 0x54, 0x00, 0x00, 0x03, 0x00, 0x00, 0x00, 0x00, 0x00, 0x00, 0x00, 0x00, 0x00, 0x00, 0x00, 0x00, 0x00, 0x00, 0x00, 0x00, 0x00, 0x00,
  0x00, 0x00, 0x00, 0x00, 0x00, 0x00, 0x00, 0x00, 0x00, 0x00, 0x00, 0x00, 0x00, 0x00, 0x00, 0x00, 0x00, 0x00, 0x00, 0x00, 0x00, 0x00, 0x00, 0x00,
  0x00, 0x00, 0x00, 0x00, 0x00, 0x00, 0x00, 0x00, 0x00, 0x00, 0x00, 0x00, 0x00, 0x00, 0x00, 0x00, 0x00, 0x00, 0x00, 0x00, 0x00, 0x00, 0x00, 0x00,
  0x00, 0x00, 0x00, 0x00, 0x00, 0x00, 0x00, 0x00, 0x00, 0x00, 0x00, 0x00, 0x00, 0x00, 0x00, 0x00, 0x00, 0x00, 0x00, 0x00, 0x00, 0x00, 0x00, 0x00,
  0x00, 0x00, 0x00, 0x00, 0x00, 0x00, 0x00, 0x00, 0x00, 0x00, 0x00, 0x00, 0x00, 0x00, 0x00, 0x00, 0x00, 0x00, 0x00, 0x00, 0x00, 0x00, 0x00, 0x00,
  0x00, 0x00, 0x00, 0x00, 0x00, 0x00, 0x00, 0x00, 0x00, 0x00, 0x00, 0x00, 0x00, 0x00, 0x00, 0x00, 0x00, 0x14, 0x00, 0x00, 0x9c, 0x00, 0x00, 0xff,
  0x00, 0x00, 0xff, 0x00, 0x10, 0xfd, 0xa1, 0x78, 0xfd, 0x02, 0xc1, 0xff, 0x02, 0xc9, 0xff, 0x02, 0xc9, 0xff, 0x02, 0xc9, 0xff, 0x02, 0xc9, 0xff,
  0xe2, 0xa0, 0xfd, 0x20, 0x18, 0xfd, 0xc2, 0x41, 0xfc, 0xe9, 0xe5, 0xfe, 0x8a, 0xfe, 0xff, 0x8a, 0xfe, 0xff, 0x8a, 0xfe, 0xff, 0x8a, 0xfe, 0xff,
  0x8a, 0xfe, 0xff, 0x8a, 0xfe, 0xff, 0x49, 0xee, 0xff, 0xc5, 0x8b, 0xfb, 0xa1, 0x18, 0xfd, 0x00, 0x00, 0xff, 0x00, 0x00, 0xff, 0xa1, 0x18, 0xfd,
  0xa5, 0x8b, 0xfc, 0x29, 0xee, 0xfe, 0x8a, 0xfe, 0xff, 0x8a, 0xfe, 0xff, 0x8a, 0xfe, 0xff, 0x8a, 0xfe, 0xff, 0x8a, 0xfe, 0xff, 0x8a, 0xfe, 0xff,
  0x8a, 0xfe, 0xff, 0x8a, 0xfe, 0xff, 0x8a, 0xfe, 0xff, 0x8a, 0xfe, 0xff, 0x8a, 0xfe, 0xff, 0x8a, 0xfe, 0xff, 0x8a, 0xfe, 0xff, 0x8a, 0xfe, 0xff,
  0x8a, 0xfe, 0xff, 0x8a, 0xfe, 0xff, 0x8a, 0xfe, 0xff, 0x8a, 0xfe, 0xff, 0x8a, 0xfe, 0xff, 0x8a, 0xfe, 0xff, 0x8a, 0xfe, 0xff, 0x8a, 0xfe, 0xff,
  0x8a, 0xfe, 0xff, 0x8a, 0xfe, 0xff, 0x8a, 0xfe, 0xff, 0x4a, 0xee, 0xfe, 0x0d, 0x74, 0xf9, 0x30, 0x12, 0xfe, 0xf0, 0x09, 0xff, 0xcd, 0x6b, 0xfa,
  0x2a, 0xe6, 0xff, 0x2d, 0x7c, 0xfb, 0x10, 0x0a, 0xfe, 0xf0, 0x01, 0xff, 0xf0, 0x01, 0xff, 0xf0, 0x01, 0xff, 0xf0, 0x01, 0xff, 0xf0, 0x01, 0xff,
  0xf0, 0x01, 0xff, 0xf0, 0x01, 0xff, 0xaf, 0x2a, 0xfb, 0xea, 0xd5, 0xfd, 0x8a, 0xfe, 0xff, 0x8a, 0xfe, 0xff, 0x8a, 0xfe, 0xff, 0x8a, 0xfe, 0xff,
  0x8a, 0xfe, 0xff, 0x8a, 0xfe, 0xff, 0x8a, 0xfe, 0xff, 0x8a, 0xfe, 0xff, 0x8a, 0xfe, 0xff, 0x8a, 0xfe, 0xff, 0x8a, 0xfe, 0xff, 0x8a, 0xfe, 0xff,
  0x8a, 0xfe, 0xff, 0x8a, 0xfe, 0xff, 0x8a, 0xfe, 0xff, 0x8a, 0xfe, 0xff, 0x8a, 0xfe, 0xff, 0x8a, 0xfe, 0xff, 0x8a, 0xfe, 0xff, 0x8a, 0xfe, 0xff,
  0x8a, 0xfe, 0xff, 0x8a, 0xfe, 0xff, 0x8a, 0xfe, 0xff, 0x8a, 0xfe, 0xff, 0x8a, 0xfe, 0xff, 0x8a, 0xfe, 0xff, 0x8a, 0xfe, 0xff, 0x8a, 0xfe, 0xff,
  0x8a, 0xfe, 0xff, 0x8a, 0xfe, 0xff, 0x8a, 0xfe, 0xff, 0x8a, 0xfe, 0xff, 0x8a, 0xfe, 0xff, 0x8a, 0xfe, 0xff, 0x8a, 0xfe, 0xff, 0x8a, 0xfe, 0xff,
  0x8a, 0xfe, 0xff, 0x8a, 0xfe, 0xff, 0x8a, 0xfe, 0xff, 0x8a, 0xfe, 0xff, 0x8a, 0xfe, 0xff, 0x8a, 0xfe, 0xff, 0x8a, 0xfe, 0xff, 0x8a, 0xfe, 0xff,
  0x8a, 0xfe, 0xff, 0x8a, 0xfe, 0xff, 0x8a, 0xfe, 0xff, 0x8a, 0xfe, 0xff, 0x8a, 0xfe, 0xff, 0x8a, 0xfe, 0xff, 0x8a, 0xfe, 0xff, 0x8a, 0xfe, 0xff,
  0x8a, 0xfe, 0xff, 0x8a, 0xfe, 0xff, 0x8a, 0xfe, 0xff, 0x8a, 0xfe, 0xff, 0x8a, 0xfe, 0xff, 0x69, 0xf6, 0xff, 0x66, 0xac, 0xfc, 0x21, 0x29, 0xfb,
  0x00, 0x00, 0xff, 0x00, 0x00, 0xff, 0x40, 0x08, 0xfe, 0x43, 0x52, 0xfb, 0xa8, 0xdd, 0xfe, 0x8a, 0xfe, 0xff, 0x8a, 0xfe, 0xff, 0x8a, 0xfe, 0xff,
  0x8a, 0xfe, 0xff, 0x8a, 0xfe, 0xff, 0x8a, 0xfe, 0xff, 0x8a, 0xfe, 0xff, 0xe7, 0xbc, 0xfd, 0xa1, 0x18, 0xfd, 0x40, 0x30, 0xfd, 0x02, 0xb9, 0xff,
  0x02, 0xc9, 0xff, 0x02, 0xc9, 0xff, 0x02, 0xc9, 0xff, 0x02, 0xc9, 0xff, 0xe2, 0xa0, 0xfd, 0x20, 0x28, 0xfd, 0x00, 0x00, 0xff, 0x00, 0x00, 0xff,
  0x00, 0x00, 0xd5, 0x00, 0x00, 0x34, 0x00, 0x00, 0x02, 0x00, 0x00, 0x00, 0x00, 0x00, 0x00, 0x00, 0x00, 0x00, 0x00, 0x00, 0x00, 0x00, 0x00, 0x00,
  0x00, 0x00, 0x00, 0x00, 0x00, 0x00, 0x00, 0x00, 0x00, 0x00, 0x00, 0x00, 0x00, 0x00, 0x00, 0x00, 0x00, 0x00, 0x00, 0x00, 0x00, 0x00, 0x00, 0x00,
  0x00, 0x00, 0x00, 0x00, 0x00, 0x00, 0x00, 0x00, 0x00, 0x00, 0x00, 0x00, 0x00, 0x00, 0x00, 0x00, 0x00, 0x00, 0x00, 0x00, 0x00, 0x00, 0x00, 0x00,
  0x00, 0x00, 0x00, 0x00, 0x00, 0x00, 0x00, 0x00, 0x00, 0x00, 0x00, 0x00, 0x00, 0x00, 0x00, 0x00, 0x00, 0x00, 0x00, 0x00, 0x00, 0x00, 0x00, 0x00,
  0x00, 0x00, 0x00, 0x00, 0x00, 0x00, 0x00, 0x00, 0x00, 0x00, 0x00, 0x00, 0x00, 0x00, 0x00, 0x00, 0x00, 0x00, 0x00, 0x00, 0x00, 0x00, 0x00, 0x00,
  0x00, 0x00, 0x00, 0x00, 0x00, 0x00, 0x00, 0x00, 0x00, 0x00, 0x00, 0x00, 0x00, 0x00, 0x14, 0x00, 0x00, 0x8d, 0x00, 0x00, 0xf4, 0x00, 0x00, 0xff,
  0x00, 0x08, 0xfe, 0x81, 0x60, 0xfd, 0x02, 0xc1, 0xff, 0x02, 0xc9, 0xff, 0x02, 0xc9, 0xff, 0x02, 0xc9, 0xff, 0x02, 0xc9, 0xff, 0x02, 0xc9, 0xff,
  0x02, 0xc1, 0xff, 0x40, 0x38, 0xfd, 0xa1, 0x18, 0xfd, 0x87, 0xac, 0xfc, 0x8a, 0xfe, 0xff, 0x8a, 0xfe, 0xff, 0x8a, 0xfe, 0xff, 0x8a, 0xfe, 0xff,
  0x8a, 0xfe, 0xff, 0x29, 0xee, 0xfe, 0xa5, 0x8b, 0xfc, 0x60, 0x10, 0xfc, 0x00, 0x00, 0xff, 0x00, 0x00, 0xff, 0x21, 0x29, 0xfb, 0x87, 0xac, 0xfc,
  0x69, 0xf6, 0xff, 0x8a, 0xfe, 0xff, 0x8a, 0xfe, 0xff, 0x8a, 0xfe, 0xff, 0x8a, 0xfe, 0xff, 0x8a, 0xfe, 0xff, 0x8a, 0xfe, 0xff, 0x8a, 0xfe, 0xff,
  0x8a, 0xfe, 0xff, 0x8a, 0xfe, 0xff, 0x8a, 0xfe, 0xff, 0x8a, 0xfe, 0xff, 0x8a, 0xfe, 0xff, 0x8a, 0xfe, 0xff, 0x8a, 0xfe, 0xff, 0x8a, 0xfe, 0xff,
  0x8a, 0xfe, 0xff, 0x8a, 0xfe, 0xff, 0x8a, 0xfe, 0xff, 0x8a, 0xfe, 0xff, 0x8a, 0xfe, 0xff, 0x8a, 0xfe, 0xff, 0x8a, 0xfe, 0xff, 0x8a, 0xfe, 0xff,
  0x8a, 0xfe, 0xff, 0x8a, 0xfe, 0xff, 0x2a, 0xe6, 0xff, 0x2d, 0x7c, 0xfb, 0x30, 0x12, 0xfe, 0xf0, 0x01, 0xff, 0xaf, 0x2a, 0xfb, 0xab, 0xcd, 0xfc,
  0x2b, 0xad, 0xfb, 0x4f, 0x1a, 0xfc, 0xf0, 0x01, 0xff, 0xf0, 0x01, 0xff, 0xf0, 0x01, 0xff, 0xf0, 0x01, 0xff, 0xf0, 0x01, 0xff, 0xf0, 0x01, 0xff,
  0xf0, 0x01, 0xff, 0xf0, 0x01, 0xff, 0x6f, 0x22, 0xfb, 0xea, 0xd5, 0xfd, 0x8a, 0xfe, 0xff, 0x8a, 0xfe, 0xff, 0x8a, 0xfe, 0xff, 0x8a, 0xfe, 0xff,
  0x8a, 0xfe, 0xff, 0x8a, 0xfe, 0xff, 0x8a, 0xfe, 0xff, 0x8a, 0xfe, 0xff, 0x8a, 0xfe, 0xff, 0x8a, 0xfe, 0xff, 0x8a, 0xfe, 0xff, 0x8a, 0xfe, 0xff,
  0x8a, 0xfe, 0xff, 0x8a, 0xfe, 0xff, 0x8a, 0xfe, 0xff, 0x8a, 0xfe, 0xff, 0x8a, 0xfe, 0xff, 0x8a, 0xfe, 0xff, 0x8a, 0xfe, 0xff, 0x8a, 0xfe, 0xff,
  0x8a, 0xfe, 0xff, 0x8a, 0xfe, 0xff, 0x8a, 0xfe, 0xff, 0x8a, 0xfe, 0xff, 0x8a, 0xfe, 0xff, 0x8a, 0xfe, 0xff, 0x8a, 0xfe, 0xff, 0x8a, 0xfe, 0xff,
  0x8a, 0xfe, 0xff, 0x8a, 0xfe, 0xff, 0x8a, 0xfe, 0xff, 0x8a, 0xfe, 0xff, 0x8a, 0xfe, 0xff, 0x8a, 0xfe, 0xff, 0x8a, 0xfe, 0xff, 0x8a, 0xfe, 0xff,
  0x8a, 0xfe, 0xff, 0x8a, 0xfe, 0xff, 0x8a, 0xfe, 0xff, 0x8a, 0xfe, 0xff, 0x8a, 0xfe, 0xff, 0x8a, 0xfe, 0xff, 0x8a, 0xfe, 0xff, 0x8a, 0xfe, 0xff,
  0x8a, 0xfe, 0xff, 0x8a, 0xfe, 0xff, 0x8a, 0xfe, 0xff, 0x8a, 0xfe, 0xff, 0x8a, 0xfe, 0xff, 0x8a, 0xfe, 0xff, 0x8a, 0xfe, 0xff, 0x8a, 0xfe, 0xff,
  0x8a, 0xfe, 0xff, 0x8a, 0xfe, 0xff, 0x8a, 0xfe, 0xff, 0x8a, 0xfe, 0xff, 0x8a, 0xfe, 0xff, 0x8a, 0xfe, 0xff, 0x8a, 0xf6, 0xff, 0x48, 0xcd, 0xfe,
  0x23, 0x52, 0xfb, 0x00, 0x08, 0xfe, 0x00, 0x00, 0xff, 0x00, 0x00, 0xff, 0x23, 0x52, 0xfb, 0xa8, 0xdd, 0xfe, 0x8a, 0xfe, 0xff, 0x8a, 0xfe, 0xff,
  0x8a, 0xfe, 0xff, 0x8a, 0xfe, 0xff, 0x8a, 0xfe, 0xff, 0x6a, 0xf6, 0xff, 0x24, 0x7b, 0xfa, 0x00, 0x08, 0xfe, 0x81, 0x68, 0xfd, 0x02, 0xc9, 0xff,
  0x02, 0xc9, 0xff, 0x02, 0xc9, 0xff, 0x02, 0xc9, 0xff, 0x02, 0xc9, 0xff, 0x02, 0xc9, 0xff, 0xc1, 0x90, 0xfd, 0x20, 0x18, 0xfd, 0x00, 0x00, 0xff,
  0x00, 0x00, 0xff, 0x00, 0x00, 0xb5, 0x00, 0x00, 0x24, 0x00, 0x00, 0x02, 0x00, 0x00, 0x00, 0x00, 0x00, 0x00, 0x00, 0x00, 0x00, 0x00, 0x00, 0x00,
  0x00, 0x00, 0x00, 0x00, 0x00, 0x00, 0x00, 0x00, 0x00, 0x00, 0x00, 0x00, 0x00, 0x00, 0x00, 0x00, 0x00, 0x00, 0x00, 0x00, 0x00, 0x00, 0x00, 0x00,
  0x00, 0x00, 0x00, 0x00, 0x00, 0x00, 0x00, 0x00, 0x00, 0x00, 0x00, 0x00, 0x00, 0x00, 0x00, 0x00, 0x00, 0x00, 0x00, 0x00, 0x00, 0x00, 0x00, 0x00,
  0x00, 0x00, 0x00, 0x00, 0x00, 0x00, 0x00, 0x00, 0x00, 0x00, 0x00, 0x00, 0x00, 0x00, 0x00, 0x00, 0x00, 0x00, 0x00, 0x00, 0x00, 0x00, 0x00, 0x00,
  0x00, 0x00, 0x00, 0x00, 0x00, 0x00, 0x00, 0x00, 0x00, 0x00, 0x00, 0x00, 0x00, 0x00, 0x00, 0x00, 0x00, 0x00, 0x00, 0x00, 0x00, 0x00, 0x00, 0x00,
  0x00, 0x00, 0x00, 0x00, 0x00, 0x00, 0x00, 0x00, 0x00, 0x00, 0x00, 0x03, 0x00, 0x00, 0x6c, 0x00, 0x00, 0xf4, 0x00, 0x00, 0xff, 0x00, 0x00, 0xff,
  0x81, 0x58, 0xfc, 0x02, 0xb9, 0xff, 0x02, 0xc9, 0xff, 0x02, 0xc9, 0xff, 0x02, 0xc9, 0xff, 0x02, 0xc9, 0xff, 0x02, 0xc9, 0xff, 0x02, 0xc9, 0xff,
  0x02, 0xc9, 0xff, 0x81, 0x70, 0xfc, 0x00, 0x00, 0xff, 0xc4, 0x6a, 0xfb, 0x69, 0xf6, 0xff, 0x8a, 0xfe, 0xff, 0x8a, 0xfe, 0xff, 0x8a, 0xfe, 0xff,
  0x29, 0xee, 0xfe, 0xc4, 0x6a, 0xfb, 0x60, 0x10, 0xfc, 0x00, 0x00, 0xff, 0x00, 0x00, 0xff, 0x21, 0x29, 0xfb, 0xe7, 0xbc, 0xfd, 0x6a, 0xf6, 0xff,
  0x8a, 0xfe, 0xff, 0x8a, 0xfe, 0xff, 0x8a, 0xfe, 0xff, 0x8a, 0xfe, 0xff, 0x8a, 0xfe, 0xff, 0x8a, 0xfe, 0xff, 0x8a, 0xfe, 0xff, 0x8a, 0xfe, 0xff,
  0x8a, 0xfe, 0xff, 0x8a, 0xfe, 0xff, 0x8a, 0xfe, 0xff, 0x8a, 0xfe, 0xff, 0x8a, 0xfe, 0xff, 0x8a, 0xfe, 0xff, 0x8a, 0xfe, 0xff, 0x8a, 0xfe, 0xff,
  0x8a, 0xfe, 0xff, 0x8a, 0xfe, 0xff, 0x8a, 0xfe, 0xff, 0x8a, 0xfe, 0xff, 0x8a, 0xfe, 0xff, 0x8a, 0xfe, 0xff, 0x8a, 0xfe, 0xff, 0x8a, 0xfe, 0xff,
  0x8a, 0xfe, 0xff, 0x4a, 0xee, 0xfe, 0x0d, 0x74, 0xf9, 0x30, 0x12, 0xfe, 0xf0, 0x01, 0xff, 0x30, 0x12, 0xfe, 0x6d, 0x8c, 0xfb, 0x2a, 0xe6, 0xff,
  0x2e, 0x4b, 0xfb, 0xf0, 0x01, 0xff, 0xf0, 0x01, 0xff, 0xf0, 0x01, 0xff, 0xf0, 0x01, 0xff, 0xf0, 0x01, 0xff, 0xf0, 0x01, 0xff, 0xf0, 0x01, 0xff,
  0xf0, 0x01, 0xff, 0xf0, 0x01, 0xff, 0x4f, 0x1a, 0xfc, 0xea, 0xd5, 0xfd, 0x8a, 0xfe, 0xff, 0x8a, 0xfe, 0xff, 0x8a, 0xfe, 0xff, 0x8a, 0xfe, 0xff,
  0x8a, 0xfe, 0xff, 0x8a, 0xfe, 0xff, 0x8a, 0xfe, 0xff, 0x8a, 0xfe, 0xff, 0x8a, 0xfe, 0xff, 0x8a, 0xfe, 0xff, 0x8a, 0xfe, 0xff, 0x8a, 0xfe, 0xff,
  0x8a, 0xfe, 0xff, 0x8a, 0xfe, 0xff, 0x8a, 0xfe, 0xff, 0x8a, 0xfe, 0xff, 0x8a, 0xfe, 0xff, 0x8a, 0xfe, 0xff, 0x8a, 0xfe, 0xff, 0x8a, 0xfe, 0xff,
  0x8a, 0xfe, 0xff, 0x8a, 0xfe, 0xff, 0x8a, 0xfe, 0xff, 0x8a, 0xfe, 0xff, 0x8a, 0xfe, 0xff, 0x8a, 0xfe, 0xff, 0x8a, 0xfe, 0xff, 0x8a, 0xfe, 0xff,
  0x8a, 0xfe, 0xff, 0x8a, 0xfe, 0xff, 0x8a, 0xfe, 0xff, 0x8a, 0xfe, 0xff, 0x8a, 0xfe, 0xff, 0x8a, 0xfe, 0xff, 0x8a, 0xfe, 0xff, 0x8a, 0xfe, 0xff,
  0x8a, 0xfe, 0xff, 0x8a, 0xfe, 0xff, 0x8a, 0xfe, 0xff, 0x8a, 0xfe, 0xff, 0x8a, 0xfe, 0xff, 0x8a, 0xfe, 0xff, 0x8a, 0xfe, 0xff, 0x8a, 0xfe, 0xff,
  0x8a, 0xfe, 0xff, 0x8a, 0xfe, 0xff, 0x8a, 0xfe, 0xff, 0x8a, 0xfe, 0xff, 0x8a, 0xfe, 0xff, 0x8a, 0xfe, 0xff, 0x8a, 0xfe, 0xff, 0x8a, 0xfe, 0xff,
  0x8a, 0xfe, 0xff, 0x8a, 0xfe, 0xff, 0x8a, 0xfe, 0xff, 0x8a, 0xfe, 0xff, 0x8a, 0xfe, 0xff, 0x8a, 0xfe, 0xff, 0x8a, 0xfe, 0xff, 0x8a, 0xfe, 0xff,
  0xa8, 0xdd, 0xfe, 0x43, 0x52, 0xfb, 0x00, 0x08, 0xfe, 0x00, 0x00, 0xff, 0x00, 0x00, 0xff, 0x23, 0x52, 0xfb, 0x48, 0xcd, 0xfe, 0x8a, 0xf6, 0xff,
  0x8a, 0xfe, 0xff, 0x8a, 0xfe, 0xff, 0x8a, 0xfe, 0xff, 0x29, 0xee, 0xfe, 0x82, 0x39, 0xfc, 0x00, 0x10, 0xfd, 0xc1, 0x98, 0xfd, 0x02, 0xc9, 0xff,
  0x02, 0xc9, 0xff, 0x02, 0xc9, 0xff, 0x02, 0xc9, 0xff, 0x02, 0xc9, 0xff, 0x02, 0xc9, 0xff, 0x02, 0xc1, 0xff, 0xa1, 0x78, 0xf8, 0x00, 0x10, 0xfd,
  0x00, 0x00, 0xff, 0x00, 0x00, 0xf4, 0x00, 0x00, 0xa4, 0x00, 0x00, 0x14, 0x00, 0x00, 0x00, 0x00, 0x00, 0x00, 0x00, 0x00, 0x00, 0x00, 0x00, 0x00,
  0x00, 0x00, 0x00, 0x00, 0x00, 0x00, 0x00, 0x00, 0x00, 0x00, 0x00, 0x00, 0x00, 0x00, 0x00, 0x00, 0x00, 0x00, 0x00, 0x00, 0x00, 0x00, 0x00, 0x00,
  0x00, 0x00, 0x00, 0x00, 0x00, 0x00, 0x00, 0x00, 0x00, 0x00, 0x00, 0x00, 0x00, 0x00, 0x00, 0x00, 0x00, 0x00, 0x00, 0x00, 0x00, 0x00, 0x00, 0x00,
  0x00, 0x00, 0x00, 0x00, 0x00, 0x00, 0x00, 0x00, 0x00, 0x00, 0x00, 0x00, 0x00, 0x00, 0x00, 0x00, 0x00, 0x00, 0x00, 0x00, 0x00, 0x00, 0x00, 0x00,
  0x00, 0x00, 0x00, 0x00, 0x00, 0x00, 0x00, 0x00, 0x00, 0x00, 0x00, 0x00, 0x00, 0x00, 0x00, 0x00, 0x00, 0x00, 0x00, 0x00, 0x00, 0x00, 0x00, 0x00,
  0x00, 0x00, 0x00, 0x00, 0x00, 0x00, 0x00, 0x00, 0x00, 0x00, 0x00, 0x34, 0x00, 0x00, 0xd5, 0x00, 0x00, 0xff, 0x00, 0x00, 0xff, 0x40, 0x30, 0xfd,
  0xe2, 0xb0, 0xfe, 0x02, 0xc9, 0xff, 0x02, 0xc9, 0xff, 0x02, 0xc9, 0xff, 0x02, 0xc9, 0xff, 0x02, 0xc9, 0xff, 0x02, 0xc9, 0xff, 0x02, 0xc9, 0xff,
  0x02, 0xc9, 0xff, 0xc1, 0x98, 0xfd, 0x00, 0x10, 0xfd, 0x62, 0x31, 0xfc, 0xe9, 0xe5, 0xfe, 0x8a, 0xfe, 0xff, 0x8a, 0xfe, 0xff, 0x29, 0xee, 0xfe,
  0x24, 0x7b, 0xfa, 0x40, 0x08, 0xfe, 0x00, 0x00, 0xff, 0x00, 0x00, 0xff, 0x62, 0x31, 0xfc, 0x87, 0xac, 0xfc, 0x6a, 0xf6, 0xff, 0x8a, 0xfe, 0xff,
  0x8a, 0xfe, 0xff, 0x8a, 0xfe, 0xff, 0x8a, 0xfe, 0xff, 0x8a, 0xfe, 0xff, 0x8a, 0xfe, 0xff, 0x8a, 0xfe, 0xff, 0x8a, 0xfe, 0xff, 0x8a, 0xfe, 0xff,
  0x8a, 0xfe, 0xff, 0x8a, 0xfe, 0xff, 0x8a, 0xfe, 0xff, 0x8a, 0xfe, 0xff, 0x8a, 0xfe, 0xff, 0x8a, 0xfe, 0xff, 0x8a, 0xfe, 0xff, 0x8a, 0xfe, 0xff,
  0x8a, 0xfe, 0xff, 0x8a, 0xfe, 0xff, 0x8a, 0xfe, 0xff, 0x8a, 0xfe, 0xff, 0x8a, 0xfe, 0xff, 0x8a, 0xfe, 0xff, 0x8a, 0xfe, 0xff, 0x8a, 0xfe, 0xff,
  0x4a, 0xee, 0xff, 0x6d, 0x8c, 0xfb, 0x4f, 0x12, 0xff, 0xf0, 0x01, 0xff, 0xf0, 0x01, 0xff, 0x0e, 0x3b, 0xfe, 0xea, 0xd5, 0xfd, 0xec, 0xa4, 0xfc,
  0x30, 0x12, 0xfc, 0xf0, 0x01, 0xff, 0xf0, 0x01, 0xff, 0xf0, 0x01, 0xff, 0xf0, 0x01, 0xff, 0xf0, 0x01, 0xff, 0xf0, 0x01, 0xff, 0xf0, 0x01, 0xff,
  0xf0, 0x01, 0xff, 0xf0, 0x01, 0xff, 0x4f, 0x1a, 0xfc, 0xab, 0xcd, 0xfc, 0x8a, 0xfe, 0xff, 0x8a, 0xfe, 0xff, 0x8a, 0xfe, 0xff, 0x8a, 0xfe, 0xff,
  0x8a, 0xfe, 0xff, 0x8a, 0xfe, 0xff, 0x8a, 0xfe, 0xff, 0x8a, 0xfe, 0xff, 0x8a, 0xfe, 0xff, 0x8a, 0xfe, 0xff, 0x8a, 0xfe, 0xff, 0x8a, 0xfe, 0xff,
  0x8a, 0xfe, 0xff, 0x8a, 0xfe, 0xff, 0x8a, 0xfe, 0xff, 0x8a, 0xfe, 0xff, 0x8a, 0xfe, 0xff, 0x8a, 0xfe, 0xff, 0x8a, 0xfe, 0xff, 0x8a, 0xfe, 0xff,
  0x8a, 0xfe, 0xff, 0x8a, 0xfe, 0xff, 0x8a, 0xfe, 0xff, 0x8a, 0xfe, 0xff, 0x8a, 0xfe, 0xff, 0x8a, 0xfe, 0xff, 0x8a, 0xfe, 0xff, 0x8a, 0xfe, 0xff,
  0x8a, 0xfe, 0xff, 0x8a, 0xfe, 0xff, 0x8a, 0xfe, 0xff, 0x8a, 0xfe, 0xff, 0x8a, 0xfe, 0xff, 0x8a, 0xfe, 0xff, 0x8a, 0xfe, 0xff, 0x8a, 0xfe, 0xff,
  0x8a, 0xfe, 0xff, 0x8a, 0xfe, 0xff, 0x8a, 0xfe, 0xff, 0x8a, 0xfe, 0xff, 0x8a, 0xfe, 0xff, 0x8a, 0xfe, 0xff, 0x8a, 0xfe, 0xff, 0x8a, 0xfe, 0xff,
  0x8a, 0xfe, 0xff, 0x8a, 0xfe, 0xff, 0x8a, 0xfe, 0xff, 0x8a, 0xfe, 0xff, 0x8a, 0xfe, 0xff, 0x8a, 0xfe, 0xff, 0x8a, 0xfe, 0xff, 0x8a, 0xfe, 0xff,
  0x8a, 0xfe, 0xff, 0x8a, 0xfe, 0xff, 0x8a, 0xfe, 0xff, 0x8a, 0xfe, 0xff, 0x8a, 0xfe, 0xff, 0x8a, 0xfe, 0xff, 0x8a, 0xfe, 0xff, 0x8a, 0xfe, 0xff,
  0x8a, 0xfe, 0xff, 0xa8, 0xdd, 0xfe, 0x23, 0x52, 0xfb, 0x00, 0x08, 0xfe, 0x00, 0x00, 0xff, 0x00, 0x08, 0xfe, 0x23, 0x52, 0xfb, 0xa8, 0xdd, 0xfe,
  0x8a, 0xfe, 0xff, 0x8a, 0xfe, 0xff, 0x8a, 0xfe, 0xff, 0x27, 0xc5, 0xfd, 0xa1, 0x18, 0xfd, 0x20, 0x28, 0xfd, 0x02, 0xb9, 0xff, 0x02, 0xc9, 0xff,
  0x02, 0xc9, 0xff, 0x02, 0xc9, 0xff, 0x02, 0xc9, 0xff, 0x02, 0xc9, 0xff, 0x02, 0xc9, 0xff, 0x02, 0xc9, 0xff, 0x02, 0xb9, 0xff, 0x81, 0x58, 0xfc,
  0x00, 0x08, 0xfe, 0x00, 0x00, 0xff, 0x00, 0x00, 0xf4, 0x00, 0x00, 0x6c, 0x00, 0x00, 0x03, 0x00, 0x00, 0x00, 0x00, 0x00, 0x00, 0x00, 0x00, 0x00,
  0x00, 0x00, 0x00, 0x00, 0x00, 0x00, 0x00, 0x00, 0x00, 0x00, 0x00, 0x00, 0x00, 0x00, 0x00, 0x00, 0x00, 0x00, 0x00, 0x00, 0x00, 0x00, 0x00, 0x00,
  0x00, 0x00, 0x00, 0x00, 0x00, 0x00, 0x00, 0x00, 0x00, 0x00, 0x00, 0x00, 0x00, 0x00, 0x00, 0x00, 0x00, 0x00, 0x00, 0x00, 0x00, 0x00, 0x00, 0x00,
  0x00, 0x00, 0x00, 0x00, 0x00, 0x00, 0x00, 0x00, 0x00, 0x00, 0x00, 0x00, 0x00, 0x00, 0x00, 0x00, 0x00, 0x00, 0x00, 0x00, 0x00, 0x00, 0x00, 0x00,
  0x00, 0x00, 0x00, 0x00, 0x00, 0x00, 0x00, 0x00, 0x00, 0x00, 0x00, 0x00, 0x00, 0x00, 0x00, 0x00, 0x00, 0x00, 0x00, 0x00, 0x00, 0x00, 0x00, 0x00,
  0x00, 0x00, 0x00, 0x00, 0x00, 0x00, 0x00, 0x00, 0x14, 0x00, 0x00, 0xac, 0x00, 0x00, 0xff, 0x00, 0x00, 0xff, 0x20, 0x18, 0xfd, 0xc1, 0x98, 0xfd,
  0x02, 0xc9, 0xff, 0x02, 0xc9, 0xff, 0x02, 0xc9, 0xff, 0x02, 0xc9, 0xff, 0x02, 0xc9, 0xff, 0x02, 0xc9, 0xff, 0x02, 0xc9, 0xff, 0x02, 0xc9, 0xff,
  0x02, 0xc9, 0xff, 0x02, 0xb9, 0xff, 0x40, 0x30, 0xfd, 0x60, 0x10, 0xfc, 0xe7, 0xbc, 0xfd, 0x8a, 0xfe, 0xff, 0x49, 0xee, 0xff, 0xa5, 0x8b, 0xfc,
  0x40, 0x08, 0xfe, 0x00, 0x00, 0xff, 0x00, 0x00, 0xff, 0xc2, 0x41, 0xfc, 0x48, 0xcd, 0xfe, 0x8a, 0xf6, 0xff, 0x8a, 0xfe, 0xff, 0x8a, 0xfe, 0xff,
  0x8a, 0xfe, 0xff, 0x8a, 0xfe, 0xff, 0x8a, 0xfe, 0xff, 0x8a, 0xfe, 0xff, 0x8a, 0xfe, 0xff, 0x8a, 0xfe, 0xff, 0x8a, 0xfe, 0xff, 0x8a, 0xfe, 0xff,
  0x8a, 0xfe, 0xff, 0x8a, 0xfe, 0xff, 0x8a, 0xfe, 0xff, 0x8a, 0xfe, 0xff, 0x8a, 0xfe, 0xff, 0x8a, 0xfe, 0xff, 0x8a, 0xfe, 0xff, 0x8a, 0xfe, 0xff,
  0x8a, 0xfe, 0xff, 0x8a, 0xfe, 0xff, 0x8a, 0xfe, 0xff, 0x8a, 0xfe, 0xff, 0x8a, 0xfe, 0xff, 0x8a, 0xfe, 0xff, 0x8a, 0xfe, 0xff, 0x4a, 0xee, 0xff,
  0x6d, 0x8c, 0xfb, 0x4f, 0x1a, 0xfc, 0xf0, 0x01, 0xff, 0xf0, 0x01, 0xff, 0x30, 0x12, 0xfe, 0xac, 0x9c, 0xfc, 0xea, 0xd5, 0xfd, 0xef, 0x3a, 0xfc,
  0xf0, 0x01, 0xff, 0xf0, 0x01, 0xff, 0xf0, 0x01, 0xff, 0xf0, 0x01, 0xff, 0xf0, 0x01, 0xff, 0xf0, 0x01, 0xff, 0xf0, 0x01, 0xff, 0xf0, 0x01, 0xff,
  0xf0, 0x01, 0xff, 0xf0, 0x01, 0xff, 0x4f, 0x12, 0xff, 0x2b, 0xad, 0xfb, 0x8a, 0xf6, 0xff, 0x8a, 0xfe, 0xff, 0x8a, 0xfe, 0xff, 0x8a, 0xfe, 0xff,
  0x8a, 0xfe, 0xff, 0x8a, 0xfe, 0xff, 0x8a, 0xfe, 0xff, 0x8a, 0xfe, 0xff, 0x8a, 0xfe, 0xff, 0x8a, 0xfe, 0xff, 0x8a, 0xfe, 0xff, 0x8a, 0xfe, 0xff,
  0x8a, 0xfe, 0xff, 0x8a, 0xfe, 0xff, 0x8a, 0xfe, 0xff, 0x8a, 0xfe, 0xff, 0x8a, 0xfe, 0xff, 0x8a, 0xfe, 0xff, 0x8a, 0xfe, 0xff, 0x8a, 0xfe, 0xff,
  0x8a, 0xfe, 0xff, 0x8a, 0xfe, 0xff, 0x8a, 0xfe, 0xff, 0x8a, 0xfe, 0xff, 0x8a, 0xfe, 0xff, 0x8a, 0xfe, 0xff, 0x8a, 0xfe, 0xff, 0x8a, 0xfe, 0xff,
  0x8a, 0xfe, 0xff, 0x8a, 0xfe, 0xff, 0x8a, 0xfe, 0xff, 0x8a, 0xfe, 0xff, 0x8a, 0xfe, 0xff, 0x8a, 0xfe, 0xff, 0x8a, 0xfe, 0xff, 0x8a, 0xfe, 0xff,
  0x8a, 0xfe, 0xff, 0x8a, 0xfe, 0xff, 0x8a, 0xfe, 0xff, 0x8a, 0xfe, 0xff, 0x8a, 0xfe, 0xff, 0x8a, 0xfe, 0xff, 0x8a, 0xfe, 0xff, 0x8a, 0xfe, 0xff,
  0x8a, 0xfe, 0xff, 0x8a, 0xfe, 0xff, 0x8a, 0xfe, 0xff, 0x8a, 0xfe, 0xff, 0x8a, 0xfe, 0xff, 0x8a, 0xfe, 0xff, 0x8a, 0xfe, 0xff, 0x8a, 0xfe, 0xff,
  0x8a, 0xfe, 0xff, 0x8a, 0xfe, 0xff, 0x8a, 0xfe, 0xff, 0x8a, 0xfe, 0xff, 0x8a, 0xfe, 0xff, 0x8a, 0xfe, 0xff, 0x8a, 0xfe, 0xff, 0x8a, 0xfe, 0xff,
  0x8a, 0xfe, 0xff, 0x8a, 0xfe, 0xff, 0xa8, 0xdd, 0xfe, 0x24, 0x7b, 0xfa, 0x40, 0x08, 0xfe, 0x00, 0x00, 0xff, 0x00, 0x00, 0xff, 0x23, 0x52, 0xfb,
  0xa8, 0xdd, 0xfe, 0x8a, 0xfe, 0xff, 0x8a, 0xf6, 0xff, 0xa5, 0x8b, 0xfc, 0x00, 0x08, 0xfe, 0x81, 0x58, 0xfc, 0x02, 0xc9, 0xff, 0x02, 0xc9, 0xff,
  0x02, 0xc9, 0xff, 0x02, 0xc9, 0xff, 0x02, 0xc9, 0xff, 0x02, 0xc9, 0xff, 0x02, 0xc9, 0xff, 0x02, 0xc9, 0xff, 0x02, 0xc9, 0xff, 0xe2, 0xb8, 0xfe,
  0x40, 0x40, 0xfd, 0x00, 0x00, 0xff, 0x00, 0x00, 0xff, 0x00, 0x00, 0xdb, 0x00, 0x00, 0x3c, 0x00, 0x00, 0x02, 0x00, 0x00, 0x00, 0x00, 0x00, 0x00,
  0x00, 0x00, 0x00, 0x00, 0x00, 0x00, 0x00, 0x00, 0x00, 0x00, 0x00, 0x00, 0x00, 0x00, 0x00, 0x00, 0x00, 0x00, 0x00, 0x00, 0x00, 0x00, 0x00, 0x00,
  0x00, 0x00, 0x00, 0x00, 0x00, 0x00, 0x00, 0x00, 0x00, 0x00, 0x00, 0x00, 0x00, 0x00, 0x00, 0x00, 0x00, 0x00, 0x00, 0x00, 0x00, 0x00, 0x00, 0x00,
  0x00, 0x00, 0x00, 0x00, 0x00, 0x00, 0x00, 0x00, 0x00, 0x00, 0x00, 0x00, 0x00, 0x00, 0x00, 0x00, 0x00, 0x00, 0x00, 0x00, 0x00, 0x00, 0x00, 0x00,
  0x00, 0x00, 0x00, 0x00, 0x00, 0x00, 0x00, 0x00, 0x00, 0x00, 0x00, 0x00, 0x00, 0x00, 0x00, 0x00, 0x00, 0x00, 0x00, 0x00, 0x00, 0x00, 0x00, 0x00,
  0x00, 0x00, 0x00, 0x00, 0x00, 0x0c, 0x00, 0x00, 0x84, 0x00, 0x00, 0xf4, 0x00, 0x00, 0xff, 0x00, 0x08, 0xfe, 0x81, 0x70, 0xfc, 0x02, 0xc9, 0xff,
  0x02, 0xc9, 0xff, 0x02, 0xc9, 0xff, 0x02, 0xc9, 0xff, 0x02, 0xc9, 0xff, 0x02, 0xc9, 0xff, 0x02, 0xc9, 0xff, 0x02, 0xc9, 0xff, 0x02, 0xc9, 0xff,
  0x02, 0xc9, 0xff, 0x02, 0xc9, 0xff, 0x81, 0x60, 0xfd, 0x00, 0x08, 0xfe, 0x24, 0x7b, 0xfa, 0x29, 0xee, 0xfe, 0xa5, 0x8b, 0xfc, 0x60, 0x10, 0xfc,
  0x00, 0x00, 0xff, 0x00, 0x00, 0xff, 0xc2, 0x41, 0xfc, 0x48, 0xcd, 0xfe, 0x8a, 0xfe, 0xff, 0x8a, 0xfe, 0xff, 0x8a, 0xfe, 0xff, 0x8a, 0xfe, 0xff,
  0x8a, 0xfe, 0xff, 0x8a, 0xfe, 0xff, 0x8a, 0xfe, 0xff, 0x8a, 0xfe, 0xff, 0x8a, 0xfe, 0xff, 0x8a, 0xfe, 0xff, 0x8a, 0xfe, 0xff, 0x8a, 0xfe, 0xff,
  0x8a, 0xfe, 0xff, 0x8a, 0xfe, 0xff, 0x8a, 0xfe, 0xff, 0x8a, 0xfe, 0xff, 0x8a, 0xfe, 0xff, 0x8a, 0xfe, 0xff, 0x8a, 0xfe, 0xff, 0x8a, 0xfe, 0xff,
  0x8a, 0xfe, 0xff, 0x8a, 0xfe, 0xff, 0x8a, 0xfe, 0xff, 0x8a, 0xfe, 0xff, 0x8a, 0xfe, 0xff, 0x8a, 0xfe, 0xff, 0x4a, 0xee, 0xfe, 0x6d, 0x8c, 0xfb,
  0x4f, 0x1a, 0xfc, 0xf0, 0x01, 0xff, 0xf0, 0x01, 0xff, 0xf0, 0x01, 0xff, 0x2e, 0x4b, 0xfb, 0xea, 0xd5, 0xfd, 0x2d, 0x7c, 0xfb, 0x10, 0x0a, 0xfe,
  0xf0, 0x01, 0xff, 0xf0, 0x01, 0xff, 0xf0, 0x01, 0xff, 0xf0, 0x01, 0xff, 0xf0, 0x01, 0xff, 0xf0, 0x01, 0xff, 0xf0, 0x01, 0xff, 0xf0, 0x01, 0xff,
  0xf0, 0x01, 0xff, 0xf0, 0x01, 0xff, 0x10, 0x0a, 0xfe, 0x8c, 0x94, 0xfd, 0x8a, 0xf6, 0xff, 0x8a, 0xfe, 0xff, 0x8a, 0xfe, 0xff, 0x8a, 0xfe, 0xff,
  0x8a, 0xfe, 0xff, 0x8a, 0xfe, 0xff, 0x8a, 0xfe, 0xff, 0x8a, 0xfe, 0xff, 0x8a, 0xfe, 0xff, 0x8a, 0xfe, 0xff, 0x8a, 0xfe, 0xff, 0x8a, 0xfe, 0xff,
  0x8a, 0xfe, 0xff, 0x8a, 0xfe, 0xff, 0x8a, 0xfe, 0xff, 0x8a, 0xfe, 0xff, 0x8a, 0xfe, 0xff, 0x8a, 0xfe, 0xff, 0x8a, 0xfe, 0xff, 0x8a, 0xfe, 0xff,
  0x8a, 0xfe, 0xff, 0x8a, 0xfe, 0xff, 0x8a, 0xfe, 0xff, 0x8a, 0xfe, 0xff, 0x8a, 0xfe, 0xff, 0x8a, 0xfe, 0xff, 0x8a, 0xfe, 0xff, 0x8a, 0xfe, 0xff,
  0x8a, 0xfe, 0xff, 0x8a, 0xfe, 0xff, 0x8a, 0xfe, 0xff, 0x8a, 0xfe, 0xff, 0x8a, 0xfe, 0xff, 0x8a, 0xfe, 0xff, 0x8a, 0xfe, 0xff, 0x8a, 0xfe, 0xff,
  0x8a, 0xfe, 0xff, 0x8a, 0xfe, 0xff, 0x8a, 0xfe, 0xff, 0x8a, 0xfe, 0xff, 0x8a, 0xfe, 0xff, 0x8a, 0xfe, 0xff, 0x8a, 0xfe, 0xff, 0x8a, 0xfe, 0xff,
  0x8a, 0xfe, 0xff, 0x8a, 0xfe, 0xff, 0x8a, 0xfe, 0xff, 0x8a, 0xfe, 0xff, 0x8a, 0xfe, 0xff, 0x8a, 0xfe, 0xff, 0x8a, 0xfe, 0xff, 0x8a, 0xfe, 0xff,
  0x8a, 0xfe, 0xff, 0x8a, 0xfe, 0xff, 0x8a, 0xfe, 0xff, 0x8a, 0xfe, 0xff, 0x8a, 0xfe, 0xff, 0x8a, 0xfe, 0xff, 0x8a, 0xfe, 0xff, 0x8a, 0xfe, 0xff,
  0x8a, 0xfe, 0xff, 0x8a, 0xfe, 0xff, 0x8a, 0xfe, 0xff, 0x29, 0xee, 0xfe, 0x24, 0x7b, 0xfa, 0x40, 0x08, 0xfe, 0x00, 0x00, 0xff, 0x00, 0x00, 0xff,
  0x43, 0x52, 0xfb, 0xa8, 0xdd, 0xfe, 0x29, 0xee, 0xfe, 0xc2, 0x41, 0xfc, 0x00, 0x10, 0xfd, 0xc1, 0x90, 0xfd, 0x02, 0xc9, 0xff, 0x02, 0xc9, 0xff,
  0x02, 0xc9, 0xff, 0x02, 0xc9, 0xff, 0x02, 0xc9, 0xff, 0x02, 0xc9, 0xff, 0x02, 0xc9, 0xff, 0x02, 0xc9, 0xff, 0x02, 0xc9, 0xff, 0x02, 0xc9, 0xff,
  0xe2, 0xa0, 0xfd, 0x20, 0x20, 0xfd, 0x00, 0x00, 0xff, 0x00, 0x00, 0xff, 0x00, 0x00, 0xb5, 0x00, 0x00, 0x1c, 0x00, 0x00, 0x00, 0x00, 0x00, 0x00,
  0x00, 0x00, 0x00, 0x00, 0x00, 0x00, 0x00, 0x00, 0x00, 0x00, 0x00, 0x00, 0x00, 0x00, 0x00, 0x00, 0x00, 0x00, 0x00, 0x00, 0x00, 0x00, 0x00, 0x00,
  0x00, 0x00, 0x00, 0x00, 0x00, 0x00, 0x00, 0x00, 0x00, 0x00, 0x00, 0x00, 0x00, 0x00, 0x00, 0x00, 0x00, 0x00, 0x00, 0x00, 0x00, 0x00, 0x00, 0x00,
  0x00, 0x00, 0x00, 0x00, 0x00, 0x00, 0x00, 0x00, 0x00, 0x00, 0x00, 0x00, 0x00, 0x00, 0x00, 0x00, 0x00, 0x00, 0x00, 0x00, 0x00, 0x00, 0x00, 0x00,
  0x00, 0x00, 0x00, 0x00, 0x00, 0x00, 0x00, 0x00, 0x00, 0x00, 0x00, 0x00, 0x00, 0x00, 0x00, 0x00, 0x00, 0x00, 0x00, 0x00, 0x00, 0x00, 0x00, 0x00,
  0x00, 0x00, 0x02, 0x00, 0x00, 0x54, 0x00, 0x00, 0xec, 0x00, 0x00, 0xff, 0x00, 0x00, 0xff, 0x61, 0x50, 0xfc, 0x02, 0xb9, 0xff, 0x02, 0xc9, 0xff,
  0x02, 0xc9, 0xff, 0x02, 0xc9, 0xff, 0x02, 0xc9, 0xff, 0x02, 0xc9, 0xff, 0x02, 0xc9, 0xff, 0x02, 0xc9, 0xff, 0x02, 0xc9, 0xff, 0x02, 0xc9, 0xff,
  0x02, 0xc9, 0xff, 0x02, 0xc9, 0xff, 0xc1, 0x98, 0xfd, 0x00, 0x10, 0xfd, 0x82, 0x39, 0xfc, 0x24, 0x7b, 0xfa, 0x60, 0x10, 0xfc, 0x00, 0x00, 0xff,
  0x00, 0x00, 0xff, 0x62, 0x31, 0xfc, 0x48, 0xcd, 0xfe, 0x8a, 0xfe, 0xff, 0x8a, 0xfe, 0xff, 0x8a, 0xfe, 0xff, 0x8a, 0xfe, 0xff, 0x8a, 0xfe, 0xff,
  0x8a, 0xfe, 0xff, 0x8a, 0xfe, 0xff, 0x8a, 0xfe, 0xff, 0x8a, 0xfe, 0xff, 0x8a, 0xfe, 0xff, 0x8a, 0xfe, 0xff, 0x8a, 0xfe, 0xff, 0x8a, 0xfe, 0xff,
  0x8a, 0xfe, 0xff, 0x8a, 0xfe, 0xff, 0x8a, 0xfe, 0xff, 0x8a, 0xfe, 0xff, 0x8a, 0xfe, 0xff, 0x8a, 0xfe, 0xff, 0x8a, 0xfe, 0xff, 0x8a, 0xfe, 0xff,
  0x8a, 0xfe, 0xff, 0x8a, 0xfe, 0xff, 0x8a, 0xfe, 0xff, 0x8a, 0xfe, 0xff, 0x8a, 0xfe, 0xff, 0x6a, 0xf6, 0xff, 0x8c, 0x94, 0xfd, 0x30, 0x12, 0xfc,
  0xf0, 0x01, 0xff, 0xf0, 0x01, 0xff, 0xf0, 0x01, 0xff, 0x30, 0x12, 0xfe, 0xec, 0xa4, 0xf6, 0x2b, 0xad, 0xfb, 0x4f, 0x1a, 0xfc, 0xf0, 0x01, 0xff,
  0xf0, 0x01, 0xff, 0xf0, 0x01, 0xff, 0xf0, 0x01, 0xff, 0xf0, 0x01, 0xff, 0xf0, 0x01, 0xff, 0xf0, 0x01, 0xff, 0xf0, 0x01, 0xff, 0xf0, 0x01, 0xff,
  0xf0, 0x01, 0xff, 0xf0, 0x01, 0xff, 0x10, 0x0a, 0xfe, 0x6d, 0x8c, 0xfb, 0x8a, 0xf6, 0xff, 0x8a, 0xfe, 0xff, 0x8a, 0xfe, 0xff, 0x8a, 0xfe, 0xff,
  0x8a, 0xfe, 0xff, 0x8a, 0xfe, 0xff, 0x8a, 0xfe, 0xff, 0x8a, 0xfe, 0xff, 0x8a, 0xfe, 0xff, 0x8a, 0xfe, 0xff, 0x8a, 0xfe, 0xff, 0x8a, 0xfe, 0xff,
  0x8a, 0xfe, 0xff, 0x8a, 0xfe, 0xff, 0x8a, 0xfe, 0xff, 0x8a, 0xfe, 0xff, 0x8a, 0xfe, 0xff, 0x8a, 0xfe, 0xff, 0x8a, 0xfe, 0xff, 0x8a, 0xfe, 0xff,
  0x8a, 0xfe, 0xff, 0x8a, 0xfe, 0xff, 0x8a, 0xfe, 0xff, 0x8a, 0xfe, 0xff, 0x8a, 0xfe, 0xff, 0x8a, 0xfe, 0xff, 0x8a, 0xfe, 0xff, 0x8a, 0xfe, 0xff,
  0x8a, 0xfe, 0xff, 0x8a, 0xfe, 0xff, 0x8a, 0xfe, 0xff, 0x8a, 0xfe, 0xff, 0x8a, 0xfe, 0xff, 0x8a, 0xfe, 0xff, 0x8a, 0xfe, 0xff, 0x8a, 0xfe, 0xff,
  0x8a, 0xfe, 0xff, 0x8a, 0xfe, 0xff, 0x8a, 0xfe, 0xff, 0x8a, 0xfe, 0xff, 0x8a, 0xfe, 0xff, 0x8a, 0xfe, 0xff, 0x8a, 0xfe, 0xff, 0x8a, 0xfe, 0xff,
  0x8a, 0xfe, 0xff, 0x8a, 0xfe, 0xff, 0x8a, 0xfe, 0xff, 0x8a, 0xfe, 0xff, 0x8a, 0xfe, 0xff, 0x8a, 0xfe, 0xff, 0x8a, 0xfe, 0xff, 0x8a, 0xfe, 0xff,
  0x8a, 0xfe, 0xff, 0x8a, 0xfe, 0xff, 0x8a, 0xfe, 0xff, 0x8a, 0xfe, 0xff, 0x8a, 0xfe, 0xff, 0x8a, 0xfe, 0xff, 0x8a, 0xfe, 0xff, 0x8a, 0xfe, 0xff,
  0x8a, 0xfe, 0xff, 0x8a, 0xfe, 0xff, 0x8a, 0xfe, 0xff, 0x8a, 0xfe, 0xff, 0x29, 0xee, 0xfe, 0x43, 0x52, 0xfb, 0x00, 0x00, 0xff, 0x00, 0x00, 0xff,
  0x00, 0x08, 0xfe, 0xc4, 0x6a, 0xfb, 0x87, 0xac, 0xfc, 0xa1, 0x18, 0xfd, 0x40, 0x30, 0xfd, 0x02, 0xb9, 0xff, 0x02, 0xc9, 0xff, 0x02, 0xc9, 0xff,
  0x02, 0xc9, 0xff, 0x02, 0xc9, 0xff, 0x02, 0xc9, 0xff, 0x02, 0xc9, 0xff, 0x02, 0xc9, 0xff, 0x02, 0xc9, 0xff, 0x02, 0xc9, 0xff, 0x02, 0xc9, 0xff,
  0x02, 0xc9, 0xff, 0x81, 0x70, 0xfc, 0x00, 0x08, 0xfe, 0x00, 0x00, 0xff, 0x00, 0x00, 0xf4, 0x00, 0x00, 0x74, 0x00, 0x00, 0x0c, 0x00, 0x00, 0x00,
  0x00, 0x00, 0x00, 0x00, 0x00, 0x00, 0x00, 0x00, 0x00, 0x00, 0x00, 0x00, 0x00, 0x00, 0x00, 0x00, 0x00, 0x00, 0x00, 0x00, 0x00, 0x00, 0x00, 0x00,
  0x00, 0x00, 0x00, 0x00, 0x00, 0x00, 0x00, 0x00, 0x00, 0x00, 0x00, 0x00, 0x00, 0x00, 0x00, 0x00, 0x00, 0x00, 0x00, 0x00, 0x00, 0x00, 0x00, 0x00,
  0x00, 0x00, 0x00, 0x00, 0x00, 0x00, 0x00, 0x00, 0x00, 0x00, 0x00, 0x00, 0x00, 0x00, 0x00, 0x00, 0x00, 0x00, 0x00, 0x00, 0x00, 0x00, 0x00, 0x00,
  0x00, 0x00, 0x00, 0x00, 0x00, 0x00, 0x00, 0x00, 0x00, 0x00, 0x00, 0x00, 0x00, 0x00, 0x00, 0x00, 0x00, 0x00, 0x00, 0x00, 0x00, 0x00, 0x00, 0x00,
  0x00, 0x00, 0x1c, 0x00, 0x00, 0xbc, 0x00, 0x00, 0xff, 0x00, 0x00, 0xff, 0x20, 0x28, 0xfd, 0xe2, 0xa8, 0xfe, 0x02, 0xc9, 0xff, 0x02, 0xc9, 0xff,
  0x02, 0xc9, 0xff, 0x02, 0xc9, 0xff, 0x02, 0xc9, 0xff, 0x02, 0xc9, 0xff, 0x02, 0xc9, 0xff, 0x02, 0xc9, 0xff, 0x02, 0xc9, 0xff, 0x02, 0xc9, 0xff,
  0x02, 0xc9, 0xff, 0x02, 0xc9, 0xff, 0x02, 0xb9, 0xff, 0x40, 0x40, 0xfd, 0x40, 0x08, 0xfe, 0x40, 0x08, 0xfe, 0x00, 0x00, 0xff, 0x00, 0x00, 0xff,
  0x62, 0x31, 0xfc, 0x07, 0xc5, 0xfd, 0x6a, 0xf6, 0xff, 0x8a, 0xfe, 0xff, 0x8a, 0xfe, 0xff, 0x8a, 0xfe, 0xff, 0x8a, 0xfe, 0xff, 0x8a, 0xfe, 0xff,
  0x8a, 0xfe, 0xff, 0x8a, 0xfe, 0xff, 0x8a, 0xfe, 0xff, 0x8a, 0xfe, 0xff, 0x8a, 0xfe, 0xff, 0x8a, 0xfe, 0xff, 0x8a, 0xfe, 0xff, 0x8a, 0xfe, 0xff,
  0x8a, 0xfe, 0xff, 0x8a, 0xfe, 0xff, 0x8a, 0xfe, 0xff, 0x8a, 0xfe, 0xff, 0x8a, 0xfe, 0xff, 0x8a, 0xfe, 0xff, 0x8a, 0xfe, 0xff, 0x8a, 0xfe, 0xff,
  0x8a, 0xfe, 0xff, 0x8a, 0xfe, 0xff, 0x8a, 0xfe, 0xff, 0x8a, 0xfe, 0xff, 0x6a, 0xf6, 0xff, 0xac, 0x9c, 0xfc, 0x4f, 0x1a, 0xfc, 0xf0, 0x01, 0xff,
  0xf0, 0x01, 0xff, 0xf0, 0x01, 0xff, 0xf0, 0x01, 0xff, 0x2e, 0x4b, 0xfb, 0xea, 0xd5, 0xfd, 0x6e, 0x53, 0xfb, 0xf0, 0x09, 0xff, 0xf0, 0x01, 0xff,
  0xf0, 0x01, 0xff, 0xf0, 0x01, 0xff, 0xf0, 0x01, 0xff, 0xf0, 0x01, 0xff, 0xf0, 0x01, 0xff, 0xf0, 0x01, 0xff, 0xf0, 0x01, 0xff, 0xf0, 0x01, 0xff,
  0xf0, 0x01, 0xff, 0xf0, 0x01, 0xff, 0xf0, 0x09, 0xff, 0x2d, 0x7c, 0xfb, 0x8a, 0xf6, 0xff, 0x8a, 0xfe, 0xff, 0x8a, 0xfe, 0xff, 0x8a, 0xfe, 0xff,
  0x8a, 0xfe, 0xff, 0x8a, 0xfe, 0xff, 0x8a, 0xfe, 0xff, 0x8a, 0xfe, 0xff, 0x8a, 0xfe, 0xff, 0x8a, 0xfe, 0xff, 0x8a, 0xfe, 0xff, 0x8a, 0xfe, 0xff,
  0x8a, 0xfe, 0xff, 0x8a, 0xfe, 0xff, 0x8a, 0xfe, 0xff, 0x8a, 0xfe, 0xff, 0x8a, 0xfe, 0xff, 0x8a, 0xfe, 0xff, 0x8a, 0xfe, 0xff, 0x8a, 0xfe, 0xff,
  0x8a, 0xfe, 0xff, 0x8a, 0xfe, 0xff, 0x8a, 0xfe, 0xff, 0x8a, 0xfe, 0xff, 0x8a, 0xfe, 0xff, 0x8a, 0xfe, 0xff, 0x8a, 0xfe, 0xff, 0x8a, 0xfe, 0xff,
  0x8a, 0xfe, 0xff, 0x8a, 0xfe, 0xff, 0x8a, 0xfe, 0xff, 0x8a, 0xfe, 0xff, 0x8a, 0xfe, 0xff, 0x8a, 0xfe, 0xff, 0x8a, 0xfe, 0xff, 0x8a, 0xfe, 0xff,
  0x8a, 0xfe, 0xff, 0x8a, 0xfe, 0xff, 0x8a, 0xfe, 0xff, 0x8a, 0xfe, 0xff, 0x8a, 0xfe, 0xff, 0x8a, 0xfe, 0xff, 0x8a, 0xfe, 0xff, 0x8a, 0xfe, 0xff,
  0x8a, 0xfe, 0xff, 0x8a, 0xfe, 0xff, 0x8a, 0xfe, 0xff, 0x8a, 0xfe, 0xff, 0x8a, 0xfe, 0xff, 0x8a, 0xfe, 0xff, 0x8a, 0xfe, 0xff, 0x8a, 0xfe, 0xff,
  0x8a, 0xfe, 0xff, 0x8a, 0xfe, 0xff, 0x8a, 0xfe, 0xff, 0x8a, 0xfe, 0xff, 0x8a, 0xfe, 0xff, 0x8a, 0xfe, 0xff, 0x8a, 0xfe, 0xff, 0x8a, 0xfe, 0xff,
  0x8a, 0xfe, 0xff, 0x8a, 0xfe, 0xff, 0x8a, 0xfe, 0xff, 0x8a, 0xfe, 0xff, 0x8a, 0xfe, 0xff, 0xa8, 0xdd, 0xfe, 0x43, 0x52, 0xfb, 0x40, 0x08, 0xfe,
  0x00, 0x00, 0xff, 0x40, 0x08, 0xfe, 0x21, 0x29, 0xfb, 0x00, 0x08, 0xfe, 0x81, 0x68, 0xfd, 0x02, 0xc9, 0xff, 0x02, 0xc9, 0xff, 0x02, 0xc9, 0xff,
  0x02, 0xc9, 0xff, 0x02, 0xc9, 0xff, 0x02, 0xc9, 0xff, 0x02, 0xc9, 0xff, 0x02, 0xc9, 0xff, 0x02, 0xc9, 0xff, 0x02, 0xc9, 0xff, 0x02, 0xc9, 0xff,
  0x02, 0xc9, 0xff, 0x02, 0xb9, 0xff, 0x61, 0x50, 0xfc, 0x00, 0x00, 0xff, 0x00, 0x00, 0xff, 0x00, 0x00, 0xe4, 0x00, 0x00, 0x4c, 0x00, 0x00, 0x02,
  0x00, 0x00, 0x00, 0x00, 0x00, 0x00, 0x00, 0x00, 0x00, 0x00, 0x00, 0x00, 0x00, 0x00, 0x00, 0x00, 0x00, 0x00, 0x00, 0x00, 0x00, 0x00, 0x00, 0x00,
  0x00, 0x00, 0x00, 0x00, 0x00, 0x00, 0x00, 0x00, 0x00, 0x00, 0x00, 0x00, 0x00, 0x00, 0x00, 0x00, 0x00, 0x00, 0x00, 0x00, 0x00, 0x00, 0x00, 0x00,
  0x00, 0x00, 0x00, 0x00, 0x00, 0x00, 0x00, 0x00, 0x00, 0x00, 0x00, 0x00, 0x00, 0x00, 0x00, 0x00, 0x00, 0x00, 0x00, 0x00, 0x00, 0x00, 0x00, 0x00,
  0x00, 0x00, 0x00, 0x00, 0x00, 0x00, 0x00, 0x00, 0x00, 0x00, 0x00, 0x00, 0x00, 0x00, 0x00, 0x00, 0x00, 0x00, 0x00, 0x00, 0x00, 0x00, 0x00, 0x0c,
  0x00, 0x00, 0x84, 0x00, 0x00, 0xf4, 0x00, 0x00, 0xff, 0x00, 0x10, 0xfd, 0xc1, 0x88, 0xfd, 0x02, 0xc9, 0xff, 0x02, 0xc9, 0xff, 0x02, 0xc9, 0xff,
  0x02, 0xc9, 0xff, 0x02, 0xc9, 0xff, 0x02, 0xc9, 0xff, 0x02, 0xc9, 0xff, 0x02, 0xc9, 0xff, 0x02, 0xc9, 0xff, 0x02, 0xc9, 0xff, 0x02, 0xc9, 0xff,
  0x02, 0xc9, 0xff, 0x02, 0xc9, 0xff, 0x02, 0xc9, 0xff, 0x81, 0x68, 0xfd, 0x00, 0x00, 0xff, 0x00, 0x00, 0xff, 0x00, 0x00, 0xff, 0x21, 0x29, 0xfb,
  0xe7, 0xbc, 0xfd, 0x8a, 0xf6, 0xff, 0x8a, 0xfe, 0xff, 0x8a, 0xfe, 0xff, 0x8a, 0xfe, 0xff, 0x8a, 0xfe, 0xff, 0x8a, 0xfe, 0xff, 0x8a, 0xfe, 0xff,
  0x8a, 0xfe, 0xff, 0x8a, 0xfe, 0xff, 0x8a, 0xfe, 0xff, 0x8a, 0xfe, 0xff, 0x8a, 0xfe, 0xff, 0x8a, 0xfe, 0xff, 0x8a, 0xfe, 0xff, 0x8a, 0xfe, 0xff,
  0x8a, 0xfe, 0xff, 0x8a, 0xfe, 0xff, 0x8a, 0xfe, 0xff, 0x8a, 0xfe, 0xff, 0x8a, 0xfe, 0xff, 0x8a, 0xfe, 0xff, 0x8a, 0xfe, 0xff, 0x8a, 0xfe, 0xff,
  0x8a, 0xfe, 0xff, 0x8a, 0xfe, 0xff, 0x8a, 0xfe, 0xff, 0x4a, 0xee, 0xff, 0xac, 0x9c, 0xfc, 0x6f, 0x22, 0xfb, 0xf0, 0x01, 0xff, 0xf0, 0x01, 0xff,
  0xf0, 0x01, 0xff, 0xf0, 0x01, 0xff, 0x6f, 0x22, 0xfb, 0x2b, 0xad, 0xfb, 0xac, 0x9c, 0xfc, 0x30, 0x12, 0xfe, 0xf0, 0x01, 0xff, 0xf0, 0x01, 0xff,
  0xf0, 0x01, 0xff, 0xf0, 0x01, 0xff, 0xf0, 0x01, 0xff, 0xf0, 0x01, 0xff, 0xf0, 0x01, 0xff, 0xf0, 0x01, 0xff, 0xf0, 0x01, 0xff, 0xf0, 0x01, 0xff,
  0xf0, 0x01, 0xff, 0xf0, 0x01, 0xff, 0xf0, 0x01, 0xff, 0x0d, 0x74, 0xf9, 0x6a, 0xf6, 0xff, 0x8a, 0xfe, 0xff, 0x8a, 0xfe, 0xff, 0x8a, 0xfe, 0xff,
  0x8a, 0xfe, 0xff, 0x8a, 0xfe, 0xff, 0x8a, 0xfe, 0xff, 0x8a, 0xfe, 0xff, 0x8a, 0xfe, 0xff, 0x8a, 0xfe, 0xff, 0x8a, 0xfe, 0xff, 0x8a, 0xfe, 0xff,
  0x8a, 0xfe, 0xff, 0x8a, 0xfe, 0xff, 0x8a, 0xfe, 0xff, 0x8a, 0xfe, 0xff, 0x8a, 0xfe, 0xff, 0x8a, 0xfe, 0xff, 0x8a, 0xfe, 0xff, 0x8a, 0xfe, 0xff,
  0x8a, 0xfe, 0xff, 0x8a, 0xfe, 0xff, 0x8a, 0xfe, 0xff, 0x8a, 0xfe, 0xff, 0x8a, 0xfe, 0xff, 0x8a, 0xfe, 0xff, 0x8a, 0xfe, 0xff, 0x8a, 0xfe, 0xff,
  0x8a, 0xfe, 0xff, 0x8a, 0xfe, 0xff, 0x8a, 0xfe, 0xff, 0x8a, 0xfe, 0xff, 0x8a, 0xfe, 0xff, 0x8a, 0xfe, 0xff, 0x8a, 0xfe, 0xff, 0x8a, 0xfe, 0xff,
  0x8a, 0xfe, 0xff, 0x8a, 0xfe, 0xff, 0x8a, 0xfe, 0xff, 0x8a, 0xfe, 0xff, 0x8a, 0xfe, 0xff, 0x8a, 0xfe, 0xff, 0x8a, 0xfe, 0xff, 0x8a, 0xfe, 0xff,
  0x8a, 0xfe, 0xff, 0x8a, 0xfe, 0xff, 0x8a, 0xfe, 0xff, 0x8a, 0xfe, 0xff, 0x8a, 0xfe, 0xff, 0x8a, 0xfe, 0xff, 0x8a, 0xfe, 0xff, 0x8a, 0xfe, 0xff,
  0x8a, 0xfe, 0xff, 0x8a, 0xfe, 0xff, 0x8a, 0xfe, 0xff, 0x8a, 0xfe, 0xff, 0x8a, 0xfe, 0xff, 0x8a, 0xfe, 0xff, 0x8a, 0xfe, 0xff, 0x8a, 0xfe, 0xff,
  0x8a, 0xfe, 0xff, 0x8a, 0xfe, 0xff, 0x8a, 0xfe, 0xff, 0x8a, 0xfe, 0xff, 0x8a, 0xfe, 0xff, 0x8a, 0xfe, 0xff, 0xe9, 0xe5, 0xfe, 0x43, 0x52, 0xfb,
  0x00, 0x00, 0xff, 0x00, 0x00, 0xff, 0x00, 0x00, 0xff, 0x00, 0x10, 0xfd, 0xc1, 0x98, 0xfd, 0x02, 0xc9, 0xff, 0x02, 0xc9, 0xff, 0x02, 0xc9, 0xff,
  0x02, 0xc9, 0xff, 0x02, 0xc9, 0xff, 0x02, 0xc9, 0xff, 0x02, 0xc9, 0xff, 0x02, 0xc9, 0xff, 0x02, 0xc9, 0xff, 0x02, 0xc9, 0xff, 0x02, 0xc9, 0xff,
  0x02, 0xc9, 0xff, 0x02, 0xc9, 0xff, 0xe2, 0xb0, 0xfe, 0x40, 0x30, 0xfd, 0x00, 0x00, 0xff, 0x00, 0x00, 0xff, 0x00, 0x00, 0xbc, 0x00, 0x00, 0x1c,
  0x00, 0x00, 0x00, 0x00, 0x00, 0x00, 0x00, 0x00, 0x00, 0x00, 0x00, 0x00, 0x00, 0x00, 0x00, 0x00, 0x00, 0x00, 0x00, 0x00, 0x00, 0x00, 0x00, 0x00,
  0x00, 0x00, 0x00, 0x00, 0x00, 0x00, 0x00, 0x00, 0x00, 0x00, 0x00, 0x00, 0x00, 0x00, 0x00, 0x00, 0x00, 0x00, 0x00, 0x00, 0x00, 0x00, 0x00, 0x00,
  0x00, 0x00, 0x00, 0x00, 0x00, 0x00, 0x00, 0x00, 0x00, 0x00, 0x00, 0x00, 0x00, 0x00, 0x00, 0x00, 0x00, 0x00, 0x00, 0x00, 0x00, 0x00, 0x00, 0x00,
  0x00, 0x00, 0x00, 0x00, 0x00, 0x00, 0x00, 0x00, 0x00, 0x00, 0x00, 0x00, 0x00, 0x00, 0x00, 0x00, 0x00, 0x00, 0x00, 0x00, 0x02, 0x00, 0x00, 0x3c,
  0x00, 0x00, 0xe4, 0x00, 0x00, 0xff, 0x00, 0x00, 0xff, 0x81, 0x58, 0xfc, 0x02, 0xc1, 0xff, 0x02, 0xc9, 0xff, 0x02, 0xc9, 0xff, 0x02, 0xc9, 0xff,
  0x02, 0xc9, 0xff, 0x02, 0xc9, 0xff, 0x02, 0xc9, 0xff, 0x02, 0xc9, 0xff, 0x02, 0xc9, 0xff, 0x02, 0xc9, 0xff, 0x02, 0xc9, 0xff, 0x02, 0xc9, 0xff,
  0x02, 0xc9, 0xff, 0x02, 0xc9, 0xff, 0xe2, 0xa0, 0xfd, 0x40, 0x30, 0xfd, 0x00, 0x00, 0xff, 0x00, 0x00, 0xff, 0xa1, 0x18, 0xfd, 0x87, 0xac, 0xfc,
  0x6a, 0xf6, 0xff, 0x8a, 0xfe, 0xff, 0x8a, 0xfe, 0xff, 0x8a, 0xfe, 0xff, 0x8a, 0xfe, 0xff, 0x8a, 0xfe, 0xff, 0x8a, 0xfe, 0xff, 0x8a, 0xfe, 0xff,
  0x8a, 0xfe, 0xff, 0x8a, 0xfe, 0xff, 0x8a, 0xfe, 0xff, 0x8a, 0xfe, 0xff, 0x8a, 0xfe, 0xff, 0x8a, 0xfe, 0xff, 0x8a, 0xfe, 0xff, 0x8a, 0xfe, 0xff,
  0x8a, 0xfe, 0xff, 0x8a, 0xfe, 0xff, 0x8a, 0xfe, 0xff, 0x8a, 0xfe, 0xff, 0x8a, 0xfe, 0xff, 0x8a, 0xfe, 0xff, 0x8a, 0xfe, 0xff, 0x8a, 0xfe, 0xff,
  0x8a, 0xfe, 0xff, 0x8a, 0xfe, 0xff, 0x6a, 0xf6, 0xff, 0x6d, 0x8c, 0xfb, 0x4f, 0x1a, 0xfc, 0xf0, 0x01, 0xff, 0xf0, 0x01, 0xff, 0xf0, 0x01, 0xff,
  0xf0, 0x01, 0xff, 0x10, 0x0a, 0xfe, 0x2d, 0x7c, 0xfb, 0xab, 0xcd, 0xfc, 0xef, 0x3a, 0xfc, 0xf0, 0x01, 0xff, 0xf0, 0x01, 0xff, 0xf0, 0x01, 0xff,
  0xf0, 0x01, 0xff, 0xf0, 0x01, 0xff, 0xf0, 0x01, 0xff, 0xf0, 0x01, 0xff, 0xf0, 0x01, 0xff, 0xf0, 0x01, 0xff, 0xf0, 0x01, 0xff, 0xf0, 0x01, 0xff,
  0xf0, 0x01, 0xff, 0xf0, 0x01, 0xff, 0xf0, 0x01, 0xff, 0xae, 0x63, 0xff, 0x4a, 0xee, 0xff, 0x8a, 0xfe, 0xff, 0x8a, 0xfe, 0xff, 0x8a, 0xfe, 0xff,
  0x8a, 0xfe, 0xff, 0x8a, 0xfe, 0xff, 0x8a, 0xfe, 0xff, 0x8a, 0xfe, 0xff, 0x8a, 0xfe, 0xff, 0x8a, 0xfe, 0xff, 0x8a, 0xfe, 0xff, 0x8a, 0xfe, 0xff,
  0x8a, 0xfe, 0xff, 0x8a, 0xfe, 0xff, 0x8a, 0xfe, 0xff, 0x8a, 0xfe, 0xff, 0x8a, 0xfe, 0xff, 0x8a, 0xfe, 0xff, 0x8a, 0xfe, 0xff, 0x8a, 0xfe, 0xff,
  0x8a, 0xfe, 0xff, 0x8a, 0xfe, 0xff, 0x8a, 0xfe, 0xff, 0x8a, 0xfe, 0xff, 0x8a, 0xfe, 0xff, 0x8a, 0xfe, 0xff, 0x8a, 0xfe, 0xff, 0x8a, 0xfe, 0xff,
  0x8a, 0xfe, 0xff, 0x8a, 0xfe, 0xff, 0x8a, 0xfe, 0xff, 0x8a, 0xfe, 0xff, 0x8a, 0xfe, 0xff, 0x8a, 0xfe, 0xff, 0x8a, 0xfe, 0xff, 0x8a, 0xfe, 0xff,
  0x8a, 0xfe, 0xff, 0x8a, 0xfe, 0xff, 0x8a, 0xfe, 0xff, 0x8a, 0xfe, 0xff, 0x8a, 0xfe, 0xff, 0x8a, 0xfe, 0xff, 0x8a, 0xfe, 0xff, 0x8a, 0xfe, 0xff,
  0x8a, 0xfe, 0xff, 0x8a, 0xfe, 0xff, 0x8a, 0xfe, 0xff, 0x8a, 0xfe, 0xff, 0x8a, 0xfe, 0xff, 0x8a, 0xfe, 0xff, 0x8a, 0xfe, 0xff, 0x8a, 0xfe, 0xff,
  0x8a, 0xfe, 0xff, 0x8a, 0xfe, 0xff, 0x8a, 0xfe, 0xff, 0x8a, 0xfe, 0xff, 0x8a, 0xfe, 0xff, 0x8a, 0xfe, 0xff, 0x8a, 0xfe, 0xff, 0x8a, 0xfe, 0xff,
  0x8a, 0xfe, 0xff, 0x8a, 0xfe, 0xff, 0x8a, 0xfe, 0xff, 0x8a, 0xfe, 0xff, 0x8a, 0xfe, 0xff, 0x8a, 0xfe, 0xff, 0x8a, 0xfe, 0xff, 0xa8, 0xdd, 0xfe,
  0xc2, 0x41, 0xfc, 0x00, 0x00, 0xff, 0x00, 0x00, 0xff, 0x00, 0x08, 0xfe, 0xa1, 0x88, 0xfb, 0x02, 0xc9, 0xff, 0x02, 0xc9, 0xff, 0x02, 0xc9, 0xff,
  0x02, 0xc9, 0xff, 0x02, 0xc9, 0xff, 0x02, 0xc9, 0xff, 0x02, 0xc9, 0xff, 0x02, 0xc9, 0xff, 0x02, 0xc9, 0xff, 0x02, 0xc9, 0xff, 0x02, 0xc9, 0xff,
  0x02, 0xc9, 0xff, 0x02, 0xc9, 0xff, 0x02, 0xc9, 0xff, 0xc1, 0x88, 0xfd, 0x00, 0x10, 0xfd, 0x00, 0x00, 0xff, 0x00, 0x00, 0xf4, 0x00, 0x00, 0x7c,
  0x00, 0x00, 0x03, 0x00, 0x00, 0x00, 0x00, 0x00, 0x00, 0x00, 0x00, 0x00, 0x00, 0x00, 0x00, 0x00, 0x00, 0x00, 0x00, 0x00, 0x00, 0x00, 0x00, 0x00,
  0x00, 0x00, 0x00, 0x00, 0x00, 0x00, 0x00, 0x00, 0x00, 0x00, 0x00, 0x00, 0x00, 0x00, 0x00, 0x00, 0x00, 0x00, 0x00, 0x00, 0x00, 0x00, 0x00, 0x00,
  0x00, 0x00, 0x00, 0x00, 0x00, 0x00, 0x00, 0x00, 0x00, 0x00, 0x00, 0x00, 0x00, 0x00, 0x00, 0x00, 0x00, 0x00, 0x00, 0x00, 0x00, 0x00, 0x00, 0x00,
  0x00, 0x00, 0x00, 0x00, 0x00, 0x00, 0x00, 0x00, 0x00, 0x00, 0x00, 0x00, 0x00, 0x00, 0x00, 0x00, 0x00, 0x00, 0x00, 0x00, 0x14, 0x00, 0x00, 0x9c,
  0x00, 0x00, 0xff, 0x00, 0x00, 0xff, 0x20, 0x20, 0xfd, 0xe2, 0xa0, 0xfd, 0x02, 0xc9, 0xff, 0x02, 0xc9, 0xff, 0x02, 0xc9, 0xff, 0x02, 0xc9, 0xff,
  0x02, 0xc9, 0xff, 0x02, 0xc9, 0xff, 0x02, 0xc9, 0xff, 0x02, 0xc9, 0xff, 0x02, 0xc9, 0xff, 0x02, 0xc9, 0xff, 0x02, 0xc9, 0xff, 0x02, 0xc9, 0xff,
  0x02, 0xc9, 0xff, 0x02, 0xb9, 0xff, 0x40, 0x40, 0xfd, 0x00, 0x00, 0xff, 0x00, 0x00, 0xff, 0xa1, 0x18, 0xfd, 0xa5, 0x8b, 0xfc, 0x69, 0xf6, 0xff,
  0x8a, 0xfe, 0xff, 0x8a, 0xfe, 0xff, 0x8a, 0xfe, 0xff, 0x8a, 0xfe, 0xff, 0x8a, 0xfe, 0xff, 0x8a, 0xfe, 0xff, 0x8a, 0xfe, 0xff, 0x8a, 0xfe, 0xff,
  0x8a, 0xfe, 0xff, 0x8a, 0xfe, 0xff, 0x8a, 0xfe, 0xff, 0x8a, 0xfe, 0xff, 0x8a, 0xfe, 0xff, 0x8a, 0xfe, 0xff, 0x8a, 0xfe, 0xff, 0x8a, 0xfe, 0xff,
  0x8a, 0xfe, 0xff, 0x8a, 0xfe, 0xff, 0x8a, 0xfe, 0xff, 0x8a, 0xfe, 0xff, 0x8a, 0xfe, 0xff, 0x8a, 0xfe, 0xff, 0x8a, 0xfe, 0xff, 0x8a, 0xfe, 0xff,
  0x8a, 0xfe, 0xff, 0x8a, 0xf6, 0xff, 0xec, 0xa4, 0xfc, 0x4f, 0x1a, 0xfc, 0xf0, 0x01, 0xff, 0xf0, 0x01, 0xff, 0xf0, 0x01, 0xff, 0xf0, 0x01, 0xff,
  0xf0, 0x01, 0xff, 0x6f, 0x22, 0xfb, 0xab, 0xcd, 0xfc, 0x6d, 0x8c, 0xfb, 0x10, 0x0a, 0xfe, 0xf0, 0x01, 0xff, 0xf0, 0x01, 0xff, 0xf0, 0x01, 0xff,
  0xf0, 0x01, 0xff, 0xf0, 0x01, 0xff, 0xf0, 0x01, 0xff, 0xf0, 0x01, 0xff, 0xf0, 0x01, 0xff, 0xf0, 0x01, 0xff, 0xf0, 0x01, 0xff, 0xf0, 0x01, 0xff,
  0xf0, 0x01, 0xff, 0xf0, 0x01, 0xff, 0xf0, 0x01, 0xff, 0x6e, 0x53, 0xfb, 0x2a, 0xe6, 0xff, 0x8a, 0xfe, 0xff, 0x8a, 0xfe, 0xff, 0x8a, 0xfe, 0xff,
  0x8a, 0xfe, 0xff, 0x8a, 0xfe, 0xff, 0x8a, 0xfe, 0xff, 0x8a, 0xfe, 0xff, 0x8a, 0xfe, 0xff, 0x8a, 0xfe, 0xff, 0x8a, 0xfe, 0xff, 0x8a, 0xfe, 0xff,
  0x8a, 0xfe, 0xff, 0x8a, 0xfe, 0xff, 0x8a, 0xfe, 0xff, 0x8a, 0xfe, 0xff, 0x8a, 0xfe, 0xff, 0x8a, 0xfe, 0xff, 0x8a, 0xfe, 0xff, 0x8a, 0xfe, 0xff,
  0x8a, 0xfe, 0xff, 0x8a, 0xfe, 0xff, 0x8a, 0xfe, 0xff, 0x8a, 0xfe, 0xff, 0x8a, 0xfe, 0xff, 0x8a, 0xfe, 0xff, 0x8a, 0xfe, 0xff, 0x8a, 0xfe, 0xff,
  0x8a, 0xfe, 0xff, 0x8a, 0xfe, 0xff, 0x8a, 0xfe, 0xff, 0x8a, 0xfe, 0xff, 0x8a, 0xfe, 0xff, 0x8a, 0xfe, 0xff, 0x8a, 0xfe, 0xff, 0x8a, 0xfe, 0xff,
  0x8a, 0xfe, 0xff, 0x8a, 0xfe, 0xff, 0x8a, 0xfe, 0xff, 0x8a, 0xfe, 0xff, 0x8a, 0xfe, 0xff, 0x8a, 0xfe, 0xff, 0x8a, 0xfe, 0xff, 0x8a, 0xfe, 0xff,
  0x8a, 0xfe, 0xff, 0x8a, 0xfe, 0xff, 0x8a, 0xfe, 0xff, 0x8a, 0xfe, 0xff, 0x8a, 0xfe, 0xff, 0x8a, 0xfe, 0xff, 0x8a, 0xfe, 0xff, 0x8a, 0xfe, 0xff,
  0x8a, 0xfe, 0xff, 0x8a, 0xfe, 0xff, 0x8a, 0xfe, 0xff, 0x8a, 0xfe, 0xff, 0x8a, 0xfe, 0xff, 0x8a, 0xfe, 0xff, 0x8a, 0xfe, 0xff, 0x8a, 0xfe, 0xff,
  0x8a, 0xfe, 0xff, 0x8a, 0xfe, 0xff, 0x8a, 0xfe, 0xff, 0x8a, 0xfe, 0xff, 0x8a, 0xfe, 0xff, 0x8a, 0xfe, 0xff, 0x8a, 0xfe, 0xff, 0x8a, 0xf6, 0xff,
  0xe7, 0xbc, 0xfd, 0xe1, 0x20, 0xfd, 0x00, 0x00, 0xff, 0x00, 0x00, 0xff, 0x20, 0x28, 0xfd, 0xc1, 0xa0, 0xfd, 0x02, 0xc9, 0xff, 0x02, 0xc9, 0xff,
  0x02, 0xc9, 0xff, 0x02, 0xc9, 0xff, 0x02, 0xc9, 0xff, 0x02, 0xc9, 0xff, 0x02, 0xc9, 0xff, 0x02, 0xc9, 0xff, 0x02, 0xc9, 0xff, 0x02, 0xc9, 0xff,
  0x02, 0xc9, 0xff, 0x02, 0xc9, 0xff, 0x02, 0xc9, 0xff, 0x02, 0xc1, 0xff, 0x60, 0x48, 0xfc, 0x00, 0x00, 0xff, 0x00, 0x00, 0xff, 0x00, 0x00, 0xd5,
  0x00, 0x00, 0x2c, 0x00, 0x00, 0x00, 0x00, 0x00, 0x00, 0x00, 0x00, 0x00, 0x00, 0x00, 0x00, 0x00, 0x00, 0x00, 0x00, 0x00, 0x00, 0x00, 0x00, 0x00,
  0x00, 0x00, 0x00, 0x00, 0x00, 0x00, 0x00, 0x00, 0x00, 0x00, 0x00, 0x00, 0x00, 0x00, 0x00, 0x00, 0x00, 0x00, 0x00, 0x00, 0x00, 0x00, 0x00, 0x00,
  0x00, 0x00, 0x00, 0x00, 0x00, 0x00, 0x00, 0x00, 0x00, 0x00, 0x00, 0x00, 0x00, 0x00, 0x00, 0x00, 0x00, 0x00, 0x00, 0x00, 0x00, 0x00, 0x00, 0x00,
  0x00, 0x00, 0x00, 0x00, 0x00, 0x00, 0x00, 0x00, 0x00, 0x00, 0x00, 0x00, 0x00, 0x00, 0x00, 0x00, 0x00, 0x03, 0x00, 0x00, 0x74, 0x00, 0x00, 0xf4,
  0x00, 0x00, 0xff, 0x00, 0x10, 0xfd, 0xa1, 0x80, 0xfd, 0x02, 0xc9, 0xff, 0x02, 0xc9, 0xff, 0x02, 0xc9, 0xff, 0x02, 0xc9, 0xff, 0x02, 0xc9, 0xff,
  0x02, 0xc9, 0xff, 0x02, 0xc9, 0xff, 0x02, 0xc9, 0xff, 0x02, 0xc9, 0xff, 0x02, 0xc9, 0xff, 0x02, 0xc9, 0xff, 0x02, 0xc9, 0xff, 0x02, 0xc9, 0xff,
  0x02, 0xc1, 0xff, 0x81, 0x60, 0xfd, 0x00, 0x08, 0xfe, 0x00, 0x00, 0xff, 0x40, 0x08, 0xfe, 0x24, 0x7b, 0xfa, 0x49, 0xee, 0xff, 0x8a, 0xfe, 0xff,
  0x8a, 0xfe, 0xff, 0x8a, 0xfe, 0xff, 0x8a, 0xfe, 0xff, 0x8a, 0xfe, 0xff, 0x8a, 0xfe, 0xff, 0x8a, 0xfe, 0xff, 0x8a, 0xfe, 0xff, 0x8a, 0xfe, 0xff,
  0x8a, 0xfe, 0xff, 0x8a, 0xfe, 0xff, 0x8a, 0xfe, 0xff, 0x8a, 0xfe, 0xff, 0x8a, 0xfe, 0xff, 0x8a, 0xfe, 0xff, 0x8a, 0xfe, 0xff, 0x8a, 0xfe, 0xff,
  0x8a, 0xfe, 0xff, 0x8a, 0xfe, 0xff, 0x8a, 0xfe, 0xff, 0x8a, 0xfe, 0xff, 0x8a, 0xfe, 0xff, 0x8a, 0xfe, 0xff, 0x8a, 0xfe, 0xff, 0x8a, 0xfe, 0xff,
  0x6a, 0xf6, 0xff, 0x2b, 0xad, 0xfb, 0xaf, 0x2a, 0xfb, 0xf0, 0x01, 0xff, 0xf0, 0x01, 0xff, 0xf0, 0x01, 0xff, 0xf0, 0x01, 0xff, 0xf0, 0x01, 0xff,
  0x10, 0x0a, 0xfe, 0x2d, 0x7c, 0xfb, 0x2b, 0xad, 0xfb, 0xaf, 0x2a, 0xfb, 0xf0, 0x01, 0xff, 0xf0, 0x01, 0xff, 0xf0, 0x01, 0xff, 0xf0, 0x01, 0xff,
  0xf0, 0x01, 0xff, 0xf0, 0x01, 0xff, 0xf0, 0x01, 0xff, 0xf0, 0x01, 0xff, 0xf0, 0x01, 0xff, 0xf0, 0x01, 0xff, 0xf0, 0x01, 0xff, 0xf0, 0x01, 0xff,
  0xf0, 0x01, 0xff, 0xf0, 0x01, 0xff, 0xf0, 0x01, 0xff, 0x8d, 0x3a, 0xfd, 0x0a, 0xde, 0xfe, 0x8a, 0xfe, 0xff, 0x8a, 0xfe, 0xff, 0x8a, 0xfe, 0xff,
  0x8a, 0xfe, 0xff, 0x8a, 0xfe, 0xff, 0x8a, 0xfe, 0xff, 0x8a, 0xfe, 0xff, 0x8a, 0xfe, 0xff, 0x8a, 0xfe, 0xff, 0x8a, 0xfe, 0xff, 0x8a, 0xfe, 0xff,
  0x8a, 0xfe, 0xff, 0x8a, 0xfe, 0xff, 0x8a, 0xfe, 0xff, 0x8a, 0xfe, 0xff, 0x8a, 0xfe, 0xff, 0x8a, 0xfe, 0xff, 0x8a, 0xfe, 0xff, 0x8a, 0xfe, 0xff,
  0x8a, 0xfe, 0xff, 0x8a, 0xfe, 0xff, 0x8a, 0xfe, 0xff, 0x8a, 0xfe, 0xff, 0x8a, 0xfe, 0xff, 0x8a, 0xfe, 0xff, 0x8a, 0xfe, 0xff, 0x8a, 0xfe, 0xff,
  0x8a, 0xfe, 0xff, 0x8a, 0xfe, 0xff, 0x8a, 0xfe, 0xff, 0x8a, 0xfe, 0xff, 0x8a, 0xfe, 0xff, 0x8a, 0xfe, 0xff, 0x8a, 0xfe, 0xff, 0x8a, 0xfe, 0xff,
  0x8a, 0xfe, 0xff, 0x8a, 0xfe, 0xff, 0x8a, 0xfe, 0xff, 0x8a, 0xfe, 0xff, 0x8a, 0xfe, 0xff, 0x8a, 0xfe, 0xff, 0x8a, 0xfe, 0xff, 0x8a, 0xfe, 0xff,
  0x8a, 0xfe, 0xff, 0x8a, 0xfe, 0xff, 0x8a, 0xfe, 0xff, 0x8a, 0xfe, 0xff, 0x8a, 0xfe, 0xff, 0x8a, 0xfe, 0xff, 0x8a, 0xfe, 0xff, 0x8a, 0xfe, 0xff,
  0x8a, 0xfe, 0xff, 0x8a, 0xfe, 0xff, 0x8a, 0xfe, 0xff, 0x8a, 0xfe, 0xff, 0x8a, 0xfe, 0xff, 0x8a, 0xfe, 0xff, 0x8a, 0xfe, 0xff, 0x8a, 0xfe, 0xff,
  0x8a, 0xfe, 0xff, 0x8a, 0xfe, 0xff, 0x8a, 0xfe, 0xff, 0x8a, 0xfe, 0xff, 0x8a, 0xfe, 0xff, 0x8a, 0xfe, 0xff, 0x8a, 0xfe, 0xff, 0x8a, 0xfe, 0xff,
  0x6a, 0xf6, 0xff, 0x66, 0xac, 0xfc, 0xe1, 0x20, 0xfd, 0x00, 0x00, 0xff, 0x00, 0x00, 0xff, 0x40, 0x30, 0xfd, 0xe2, 0xb0, 0xfe, 0x02, 0xc9, 0xff,
  0x02, 0xc9, 0xff, 0x02, 0xc9, 0xff, 0x02, 0xc9, 0xff, 0x02, 0xc9, 0xff, 0x02, 0xc9, 0xff, 0x02, 0xc9, 0xff, 0x02, 0xc9, 0xff, 0x02, 0xc9, 0xff,
  0x02, 0xc9, 0xff, 0x02, 0xc9, 0xff, 0x02, 0xc9, 0xff, 0x02, 0xc9, 0xff, 0xe2, 0xa0, 0xfd, 0x20, 0x18, 0xfd, 0x00, 0x00, 0xff, 0x00, 0x00, 0xff,
  0x00, 0x00, 0x94, 0x00, 0x00, 0x14, 0x00, 0x00, 0x00, 0x00, 0x00, 0x00, 0x00, 0x00, 0x00, 0x00, 0x00, 0x00, 0x00, 0x00, 0x00, 0x00, 0x00, 0x00,
  0x00, 0x00, 0x00, 0x00, 0x00, 0x00, 0x00, 0x00, 0x00, 0x00, 0x00, 0x00, 0x00, 0x00, 0x00, 0x00, 0x00, 0x00, 0x00, 0x00, 0x00, 0x00, 0x00, 0x00,
  0x00, 0x00, 0x00, 0x00, 0x00, 0x00, 0x00, 0x00, 0x00, 0x00, 0x00, 0x00, 0x00, 0x00, 0x00, 0x00, 0x00, 0x00, 0x00, 0x00, 0x00, 0x00, 0x00, 0x00,
  0x00, 0x00, 0x00, 0x00, 0x00, 0x00, 0x00, 0x00, 0x00, 0x00, 0x00, 0x00, 0x00, 0x00, 0x00, 0x00, 0x00, 0x34, 0x00, 0x00, 0xd5, 0x00, 0x00, 0xff,
  0x00, 0x00, 0xff, 0x61, 0x50, 0xfc, 0x02, 0xc1, 0xff, 0x02, 0xc9, 0xff, 0x02, 0xc9, 0xff, 0x02, 0xc9, 0xff, 0x02, 0xc9, 0xff, 0x02, 0xc9, 0xff,
  0x02, 0xc9, 0xff, 0x02, 0xc9, 0xff, 0x02, 0xc9, 0xff, 0x02, 0xc9, 0xff, 0x02, 0xc9, 0xff, 0x02, 0xc9, 0xff, 0x02, 0xc9, 0xff, 0x02, 0xc9, 0xff,
  0xa1, 0x88, 0xfb, 0x00, 0x10, 0xfd, 0x00, 0x00, 0xff, 0x00, 0x00, 0xff, 0x43, 0x52, 0xfb, 0x29, 0xee, 0xfe, 0x8a, 0xfe, 0xff, 0x8a, 0xfe, 0xff,
  0x8a, 0xfe, 0xff, 0x8a, 0xfe, 0xff, 0x8a, 0xfe, 0xff, 0x8a, 0xfe, 0xff, 0x8a, 0xfe, 0xff, 0x8a, 0xfe, 0xff, 0x8a, 0xfe, 0xff, 0x8a, 0xfe, 0xff,
  0x8a, 0xfe, 0xff, 0x8a, 0xfe, 0xff, 0x8a, 0xfe, 0xff, 0x8a, 0xfe, 0xff, 0x8a, 0xfe, 0xff, 0x8a, 0xfe, 0xff, 0x8a, 0xfe, 0xff, 0x8a, 0xfe, 0xff,
  0x8a, 0xfe, 0xff, 0x8a, 0xfe, 0xff, 0x8a, 0xfe, 0xff, 0x8a, 0xfe, 0xff, 0x8a, 0xfe, 0xff, 0x8a, 0xfe, 0xff, 0x8a, 0xfe, 0xff, 0x6a, 0xf6, 0xff,
  0xac, 0x9c, 0xfc, 0xaf, 0x2a, 0xfb, 0xf0, 0x01, 0xff, 0xf0, 0x01, 0xff, 0xf0, 0x01, 0xff, 0xf0, 0x01, 0xff, 0xf0, 0x01, 0xff, 0xf0, 0x01, 0xff,
  0xaf, 0x2a, 0xfb, 0x6b, 0xbd, 0xfc, 0x2e, 0x4b, 0xfb, 0xf0, 0x09, 0xff, 0xf0, 0x01, 0xff, 0xf0, 0x01, 0xff, 0xf0, 0x01, 0xff, 0xf0, 0x01, 0xff,
  0xf0, 0x01, 0xff, 0xf0, 0x01, 0xff, 0xf0, 0x01, 0xff, 0xf0, 0x01, 0xff, 0xf0, 0x01, 0xff, 0xf0, 0x01, 0xff, 0xf0, 0x01, 0xff, 0xf0, 0x01, 0xff,
  0xf0, 0x01, 0xff, 0xf0, 0x01, 0xff, 0xf0, 0x01, 0xff, 0xaf, 0x2a, 0xfb, 0xea, 0xd5, 0xfd, 0x8a, 0xfe, 0xff, 0x8a, 0xfe, 0xff, 0x8a, 0xfe, 0xff,
  0x8a, 0xfe, 0xff, 0x8a, 0xfe, 0xff, 0x8a, 0xfe, 0xff, 0x8a, 0xfe, 0xff, 0x8a, 0xfe, 0xff, 0x8a, 0xfe, 0xff, 0x8a, 0xfe, 0xff, 0x8a, 0xfe, 0xff,
  0x8a, 0xfe, 0xff, 0x8a, 0xfe, 0xff, 0x8a, 0xfe, 0xff, 0x8a, 0xfe, 0xff, 0x8a, 0xfe, 0xff, 0x8a, 0xfe, 0xff, 0x8a, 0xfe, 0xff, 0x8a, 0xfe, 0xff,
  0x8a, 0xfe, 0xff, 0x8a, 0xfe, 0xff, 0x8a, 0xfe, 0xff, 0x8a, 0xfe, 0xff, 0x8a, 0xfe, 0xff, 0x8a, 0xfe, 0xff, 0x8a, 0xfe, 0xff, 0x8a, 0xfe, 0xff,
  0x8a, 0xfe, 0xff, 0x8a, 0xfe, 0xff, 0x8a, 0xfe, 0xff, 0x8a, 0xfe, 0xff, 0x8a, 0xfe, 0xff, 0x8a, 0xfe, 0xff, 0x8a, 0xfe, 0xff, 0x8a, 0xfe, 0xff,
  0x8a, 0xfe, 0xff, 0x8a, 0xfe, 0xff, 0x8a, 0xfe, 0xff, 0x8a, 0xfe, 0xff, 0x8a, 0xfe, 0xff, 0x8a, 0xfe, 0xff, 0x8a, 0xfe, 0xff, 0x8a, 0xfe, 0xff,
  0x8a, 0xfe, 0xff, 0x8a, 0xfe, 0xff, 0x8a, 0xfe, 0xff, 0x8a, 0xfe, 0xff, 0x8a, 0xfe, 0xff, 0x8a, 0xfe, 0xff, 0x8a, 0xfe, 0xff, 0x8a, 0xfe, 0xff,
  0x8a, 0xfe, 0xff, 0x8a, 0xfe, 0xff, 0x8a, 0xfe, 0xff, 0x8a, 0xfe, 0xff, 0x8a, 0xfe, 0xff, 0x8a, 0xfe, 0xff, 0x8a, 0xfe, 0xff, 0x8a, 0xfe, 0xff,
  0x8a, 0xfe, 0xff, 0x8a, 0xfe, 0xff, 0x8a, 0xfe, 0xff, 0x8a, 0xfe, 0xff, 0x8a, 0xfe, 0xff, 0x8a, 0xfe, 0xff, 0x8a, 0xfe, 0xff, 0x8a, 0xfe, 0xff,
  0x8a, 0xfe, 0xff, 0x69, 0xf6, 0xff, 0x26, 0x9c, 0xfc, 0x60, 0x10, 0xfc, 0x00, 0x00, 0xff, 0x00, 0x00, 0xff, 0x61, 0x58, 0xfc, 0x02, 0xc1, 0xff,
  0x02, 0xc9, 0xff, 0x02, 0xc9, 0xff, 0x02, 0xc9, 0xff, 0x02, 0xc9, 0xff, 0x02, 0xc9, 0xff, 0x02, 0xc9, 0xff, 0x02, 0xc9, 0xff, 0x02, 0xc9, 0xff,
  0x02, 0xc9, 0xff, 0x02, 0xc9, 0xff, 0x02, 0xc9, 0xff, 0x02, 0xc9, 0xff, 0x02, 0xc9, 0xff, 0xa1, 0x78, 0xfd, 0x00, 0x10, 0xfd, 0x00, 0x00, 0xff,
  0x00, 0x00, 0xec, 0x00, 0x00, 0x63, 0x00, 0x00, 0x03, 0x00, 0x00, 0x00, 0x00, 0x00, 0x00, 0x00, 0x00, 0x00, 0x00, 0x00, 0x00, 0x00, 0x00, 0x00,
  0x00, 0x00, 0x00, 0x00, 0x00, 0x00, 0x00, 0x00, 0x00, 0x00, 0x00, 0x00, 0x00, 0x00, 0x00, 0x00, 0x00, 0x00, 0x00, 0x00, 0x00, 0x00, 0x00, 0x00,
  0x00, 0x00, 0x00, 0x00, 0x00, 0x00, 0x00, 0x00, 0x00, 0x00, 0x00, 0x00, 0x00, 0x00, 0x00, 0x00, 0x00, 0x00, 0x00, 0x00, 0x00, 0x00, 0x00, 0x00,
  0x00, 0x00, 0x00, 0x00, 0x00, 0x00, 0x00, 0x00, 0x00, 0x00, 0x00, 0x00, 0x00, 0x00, 0x03, 0x00, 0x00, 0x84, 0x00, 0x00, 0xff, 0x00, 0x00, 0xff,
  0x20, 0x18, 0xfd, 0xe2, 0xa0, 0xfd, 0x02, 0xc9, 0xff, 0x02, 0xc9, 0xff, 0x02, 0xc9, 0xff, 0x02, 0xc9, 0xff, 0x02, 0xc9, 0xff, 0x02, 0xc9, 0xff,
  0x02, 0xc9, 0xff, 0x02, 0xc9, 0xff, 0x02, 0xc9, 0xff, 0x02, 0xc9, 0xff, 0x02, 0xc9, 0xff, 0x02, 0xc9, 0xff, 0x02, 0xc9, 0xff, 0xe2, 0xb0, 0xfe,
  0x40, 0x30, 0xfd, 0x00, 0x00, 0xff, 0x00, 0x00, 0xff, 0x21, 0x29, 0xfb, 0x48, 0xcd, 0xfe, 0x8a, 0xfe, 0xff, 0x8a, 0xfe, 0xff, 0x8a, 0xfe, 0xff,
  0x8a, 0xfe, 0xff, 0x8a, 0xfe, 0xff, 0x8a, 0xfe, 0xff, 0x8a, 0xfe, 0xff, 0x8a, 0xfe, 0xff, 0x8a, 0xfe, 0xff, 0x8a, 0xfe, 0xff, 0x8a, 0xfe, 0xff,
  0x8a, 0xfe, 0xff, 0x8a, 0xfe, 0xff, 0x8a, 0xfe, 0xff, 0x8a, 0xfe, 0xff, 0x8a, 0xfe, 0xff, 0x8a, 0xfe, 0xff, 0x8a, 0xfe, 0xff, 0x8a, 0xfe, 0xff,
  0x8a, 0xfe, 0xff, 0x8a, 0xfe, 0xff, 0x8a, 0xfe, 0xff, 0x8a, 0xfe, 0xff, 0x8a, 0xfe, 0xff, 0x8a, 0xfe, 0xff, 0x8a, 0xf6, 0xff, 0x2b, 0xad, 0xfb,
  0x6f, 0x22, 0xfb, 0xf0, 0x01, 0xff, 0xf0, 0x01, 0xff, 0xf0, 0x01, 0xff, 0xf0, 0x01, 0xff, 0xf0, 0x01, 0xff, 0xf0, 0x01, 0xff, 0x10, 0x0a, 0xfe,
  0x2d, 0x7c, 0xfb, 0xac, 0x9c, 0xfc, 0x30, 0x12, 0xfe, 0xf0, 0x01, 0xff, 0xf0, 0x01, 0xff, 0xf0, 0x01, 0xff, 0xf0, 0x01, 0xff, 0xf0, 0x01, 0xff,
  0xf0, 0x01, 0xff, 0xf0, 0x01, 0xff, 0xf0, 0x01, 0xff, 0xf0, 0x01, 0xff, 0xf0, 0x01, 0xff, 0xf0, 0x01, 0xff, 0xf0, 0x01, 0xff, 0xf0, 0x01, 0xff,
  0xf0, 0x01, 0xff, 0xf0, 0x01, 0xff, 0xf0, 0x01, 0xff, 0x6f, 0x22, 0xfb, 0xea, 0xd5, 0xfd, 0x8a, 0xfe, 0xff, 0x8a, 0xfe, 0xff, 0x8a, 0xfe, 0xff,
  0x8a, 0xfe, 0xff, 0x8a, 0xfe, 0xff, 0x8a, 0xfe, 0xff, 0x8a, 0xfe, 0xff, 0x8a, 0xfe, 0xff, 0x8a, 0xfe, 0xff, 0x8a, 0xfe, 0xff, 0x8a, 0xfe, 0xff,
  0x8a, 0xfe, 0xff, 0x8a, 0xfe, 0xff, 0x8a, 0xfe, 0xff, 0x8a, 0xfe, 0xff, 0x8a, 0xfe, 0xff, 0x8a, 0xfe, 0xff, 0x8a, 0xfe, 0xff, 0x8a, 0xfe, 0xff,
  0x8a, 0xfe, 0xff, 0x8a, 0xfe, 0xff, 0x8a, 0xfe, 0xff, 0x8a, 0xfe, 0xff, 0x8a, 0xfe, 0xff, 0x8a, 0xfe, 0xff, 0x8a, 0xfe, 0xff, 0x8a, 0xfe, 0xff,
  0x8a, 0xfe, 0xff, 0x8a, 0xfe, 0xff, 0x8a, 0xfe, 0xff, 0x8a, 0xfe, 0xff, 0x8a, 0xfe, 0xff, 0x8a, 0xfe, 0xff, 0x8a, 0xfe, 0xff, 0x8a, 0xfe, 0xff,
  0x8a, 0xfe, 0xff, 0x8a, 0xfe, 0xff, 0x8a, 0xfe, 0xff, 0x8a, 0xfe, 0xff, 0x8a, 0xfe, 0xff, 0x8a, 0xfe, 0xff, 0x8a, 0xfe, 0xff, 0x8a, 0xfe, 0xff,
  0x8a, 0xfe, 0xff, 0x8a, 0xfe, 0xff, 0x8a, 0xfe, 0xff, 0x8a, 0xfe, 0xff, 0x8a, 0xfe, 0xff, 0x8a, 0xfe, 0xff, 0x8a, 0xfe, 0xff, 0x8a, 0xfe, 0xff,
  0x8a, 0xfe, 0xff, 0x8a, 0xfe, 0xff, 0x8a, 0xfe, 0xff, 0x8a, 0xfe, 0xff, 0x8a, 0xfe, 0xff, 0x8a, 0xfe, 0xff, 0x8a, 0xfe, 0xff, 0x8a, 0xfe, 0xff,
  0x8a, 0xfe, 0xff, 0x8a, 0xfe, 0xff, 0x8a, 0xfe, 0xff, 0x8a, 0xfe, 0xff, 0x8a, 0xfe, 0xff, 0x8a, 0xfe, 0xff, 0x8a, 0xfe, 0xff, 0x8a, 0xfe, 0xff,
  0x8a, 0xfe, 0xff, 0x8a, 0xfe, 0xff, 0x49, 0xee, 0xff, 0xc4, 0x6a, 0xfb, 0x00, 0x00, 0xff, 0x00, 0x00, 0xff, 0x00, 0x10, 0xfd, 0xc1, 0x88, 0xfd,
  0x02, 0xc9, 0xff, 0x02, 0xc9, 0xff, 0x02, 0xc9, 0xff, 0x02, 0xc9, 0xff, 0x02, 0xc9, 0xff, 0x02, 0xc9, 0xff, 0x02, 0xc9, 0xff, 0x02, 0xc9, 0xff,
  0x02, 0xc9, 0xff, 0x02, 0xc9, 0xff, 0x02, 0xc9, 0xff, 0x02, 0xc9, 0xff, 0x02, 0xc9, 0xff, 0x02, 0xc1, 0xff, 0x40, 0x40, 0xfd, 0x00, 0x00, 0xff,
  0x00, 0x00, 0xff, 0x00, 0x00, 0xc5, 0x00, 0x00, 0x1c, 0x00, 0x00, 0x00, 0x00, 0x00, 0x00, 0x00, 0x00, 0x00, 0x00, 0x00, 0x00, 0x00, 0x00, 0x00,
  0x00, 0x00, 0x00, 0x00, 0x00, 0x00, 0x00, 0x00, 0x00, 0x00, 0x00, 0x00, 0x00, 0x00, 0x00, 0x00, 0x00, 0x00, 0x00, 0x00, 0x00, 0x00, 0x00, 0x00,
  0x00, 0x00, 0x00, 0x00, 0x00, 0x00, 0x00, 0x00, 0x00, 0x00, 0x00, 0x00, 0x00, 0x00, 0x00, 0x00, 0x00, 0x00, 0x00, 0x00, 0x00, 0x00, 0x00, 0x00,
  0x00, 0x00, 0x00, 0x00, 0x00, 0x00, 0x00, 0x00, 0x00, 0x00, 0x00, 0x00, 0x00, 0x00, 0x34, 0x00, 0x00, 0xd5, 0x00, 0x00, 0xff, 0x00, 0x00, 0xff,
  0x81, 0x60, 0xfd, 0x02, 0xc1, 0xff, 0x02, 0xc9, 0xff, 0x02, 0xc9, 0xff, 0x02, 0xc9, 0xff, 0x02, 0xc9, 0xff, 0x02, 0xc9, 0xff, 0x02, 0xc9, 0xff,
  0x02, 0xc9, 0xff, 0x02, 0xc9, 0xff, 0x02, 0xc9, 0xff, 0x02, 0xc9, 0xff, 0x02, 0xc9, 0xff, 0x02, 0xc9, 0xff, 0x02, 0xb9, 0xff, 0x60, 0x48, 0xfa,
  0x00, 0x00, 0xff, 0x00, 0x00, 0xff, 0xa1, 0x18, 0xfd, 0x26, 0x9c, 0xfc, 0x6a, 0xf6, 0xff, 0x8a, 0xfe, 0xff, 0x8a, 0xfe, 0xff, 0x8a, 0xfe, 0xff,
  0x8a, 0xfe, 0xff, 0x8a, 0xfe, 0xff, 0x8a, 0xfe, 0xff, 0x8a, 0xfe, 0xff, 0x8a, 0xfe, 0xff, 0x8a, 0xfe, 0xff, 0x8a, 0xfe, 0xff, 0x8a, 0xfe, 0xff,
  0x8a, 0xfe, 0xff, 0x8a, 0xfe, 0xff, 0x8a, 0xfe, 0xff, 0x8a, 0xfe, 0xff, 0x8a, 0xfe, 0xff, 0x8a, 0xfe, 0xff, 0x8a, 0xfe, 0xff, 0x8a, 0xfe, 0xff,
  0x8a, 0xfe, 0xff, 0x8a, 0xfe, 0xff, 0x8a, 0xfe, 0xff, 0x8a, 0xfe, 0xff, 0x8a, 0xfe, 0xff, 0x8a, 0xf6, 0xff, 0xab, 0xcd, 0xfc, 0xef, 0x3a, 0xfc,
  0xf0, 0x01, 0xff, 0xf0, 0x01, 0xff, 0xf0, 0x01, 0xff, 0xf0, 0x01, 0xff, 0xf0, 0x01, 0xff, 0xf0, 0x01, 0xff, 0xf0, 0x01, 0xff, 0xef, 0x3a, 0xfc,
  0x2b, 0xad, 0xfb, 0x0e, 0x43, 0xfd, 0xf0, 0x01, 0xff, 0xf0, 0x01, 0xff, 0xf0, 0x01, 0xff, 0xf0, 0x01, 0xff, 0xf0, 0x01, 0xff, 0xf0, 0x01, 0xff,
  0xf0, 0x01, 0xff, 0xf0, 0x01, 0xff, 0xf0, 0x01, 0xff, 0xf0, 0x01, 0xff, 0xf0, 0x01, 0xff, 0xf0, 0x01, 0xff, 0xf0, 0x01, 0xff, 0xf0, 0x01, 0xff,
  0xf0, 0x01, 0xff, 0xf0, 0x01, 0xff, 0xf0, 0x01, 0xff, 0x4f, 0x1a, 0xfc, 0xab, 0xcd, 0xfc, 0x8a, 0xfe, 0xff, 0x8a, 0xfe, 0xff, 0x8a, 0xfe, 0xff,
  0x8a, 0xfe, 0xff, 0x8a, 0xfe, 0xff, 0x8a, 0xfe, 0xff, 0x8a, 0xfe, 0xff, 0x8a, 0xfe, 0xff, 0x8a, 0xfe, 0xff, 0x8a, 0xfe, 0xff, 0x8a, 0xfe, 0xff,
  0x8a, 0xfe, 0xff, 0x8a, 0xfe, 0xff, 0x8a, 0xfe, 0xff, 0x8a, 0xfe, 0xff, 0x8a, 0xfe, 0xff, 0x8a, 0xfe, 0xff, 0x8a, 0xfe, 0xff, 0x8a, 0xfe, 0xff,
  0x8a, 0xfe, 0xff, 0x8a, 0xfe, 0xff, 0x8a, 0xfe, 0xff, 0x8a, 0xfe, 0xff, 0x8a, 0xfe, 0xff, 0x8a, 0xfe, 0xff, 0x8a, 0xfe, 0xff, 0x8a, 0xfe, 0xff,
  0x8a, 0xfe, 0xff, 0x8a, 0xfe, 0xff, 0x8a, 0xfe, 0xff, 0x8a, 0xfe, 0xff, 0x8a, 0xfe, 0xff, 0x8a, 0xfe, 0xff, 0x8a, 0xfe, 0xff, 0x8a, 0xfe, 0xff,
  0x8a, 0xfe, 0xff, 0x8a, 0xfe, 0xff, 0x8a, 0xfe, 0xff, 0x8a, 0xfe, 0xff, 0x8a, 0xfe, 0xff, 0x8a, 0xfe, 0xff, 0x8a, 0xfe, 0xff, 0x8a, 0xfe, 0xff,
  0x8a, 0xfe, 0xff, 0x8a, 0xfe, 0xff, 0x8a, 0xfe, 0xff, 0x8a, 0xfe, 0xff, 0x8a, 0xfe, 0xff, 0x8a, 0xfe, 0xff, 0x8a, 0xfe, 0xff, 0x8a, 0xfe, 0xff,
  0x8a, 0xfe, 0xff, 0x8a, 0xfe, 0xff, 0x8a, 0xfe, 0xff, 0x8a, 0xfe, 0xff, 0x8a, 0xfe, 0xff, 0x8a, 0xfe, 0xff, 0x8a, 0xfe, 0xff, 0x8a, 0xfe, 0xff,
  0x8a, 0xfe, 0xff, 0x8a, 0xfe, 0xff, 0x8a, 0xfe, 0xff, 0x8a, 0xfe, 0xff, 0x8a, 0xfe, 0xff, 0x8a, 0xfe, 0xff, 0x8a, 0xfe, 0xff, 0x8a, 0xfe, 0xff,
  0x8a, 0xfe, 0xff, 0x8a, 0xfe, 0xff, 0x8a, 0xfe, 0xff, 0x48, 0xcd, 0xfe, 0x62, 0x31, 0xfc, 0x00, 0x00, 0xff, 0x00, 0x00, 0xff, 0x40, 0x30, 0xfd,
  0xe2, 0xa8, 0xfe, 0x02, 0xc9, 0xff, 0x02, 0xc9, 0xff, 0x02, 0xc9, 0xff, 0x02, 0xc9, 0xff, 0x02, 0xc9, 0xff, 0x02, 0xc9, 0xff, 0x02, 0xc9, 0xff,
  0x02, 0xc9, 0xff, 0x02, 0xc9, 0xff, 0x02, 0xc9, 0xff, 0x02, 0xc9, 0xff, 0x02, 0xc9, 0xff, 0x02, 0xc9, 0xff, 0xc1, 0x90, 0xfd, 0x00, 0x10, 0xfd,
  0x00, 0x00, 0xff, 0x00, 0x00, 0xf4, 0x00, 0x00, 0x6c, 0x00, 0x00, 0x03, 0x00, 0x00, 0x00, 0x00, 0x00, 0x00, 0x00, 0x00, 0x00, 0x00, 0x00, 0x00,
  0x00, 0x00, 0x00, 0x00, 0x00, 0x00, 0x00, 0x00, 0x00, 0x00, 0x00, 0x00, 0x00, 0x00, 0x00, 0x00, 0x00, 0x00, 0x00, 0x00, 0x00, 0x00, 0x00, 0x00,
  0x00, 0x00, 0x00, 0x00, 0x00, 0x00, 0x00, 0x00, 0x00, 0x00, 0x00, 0x00, 0x00, 0x00, 0x00, 0x00, 0x00, 0x00, 0x00, 0x00, 0x00, 0x00, 0x00, 0x00,
  0x00, 0x00, 0x00, 0x00, 0x00, 0x00, 0x00, 0x00, 0x00, 0x00, 0x00, 0x0c, 0x00, 0x00, 0x8d, 0x00, 0x00, 0xff, 0x00, 0x00, 0xff, 0x20, 0x20, 0xfd,
  0xe2, 0xa8, 0xfe, 0x02, 0xc9, 0xff, 0x02, 0xc9, 0xff, 0x02, 0xc9, 0xff, 0x02, 0xc9, 0xff, 0x02, 0xc9, 0xff, 0x02, 0xc9, 0xff, 0x02, 0xc9, 0xff,
  0x02, 0xc9, 0xff, 0x02, 0xc9, 0xff, 0x02, 0xc9, 0xff, 0x02, 0xc9, 0xff, 0x02, 0xc9, 0xff, 0x02, 0xc9, 0xff, 0x81, 0x70, 0xfc, 0x00, 0x08, 0xfe,
  0x00, 0x00, 0xff, 0x40, 0x08, 0xfe, 0xc5, 0x8b, 0xfb, 0x69, 0xf6, 0xff, 0x8a, 0xfe, 0xff, 0x8a, 0xfe, 0xff, 0x8a, 0xfe, 0xff, 0x8a, 0xfe, 0xff,
  0x8a, 0xfe, 0xff, 0x8a, 0xfe, 0xff, 0x8a, 0xfe, 0xff, 0x8a, 0xfe, 0xff, 0x8a, 0xfe, 0xff, 0x8a, 0xfe, 0xff, 0x8a, 0xfe, 0xff, 0x8a, 0xfe, 0xff,
  0x8a, 0xfe, 0xff, 0x8a, 0xfe, 0xff, 0x8a, 0xfe, 0xff, 0x8a, 0xfe, 0xff, 0x8a, 0xfe, 0xff, 0x8a, 0xfe, 0xff, 0x8a, 0xfe, 0xff, 0x8a, 0xfe, 0xff,
  0x8a, 0xfe, 0xff, 0x8a, 0xfe, 0xff, 0x8a, 0xfe, 0xff, 0x8a, 0xfe, 0xff, 0x6a, 0xf6, 0xff, 0x6b, 0xbd, 0xfc, 0xef, 0x3a, 0xfc, 0xf0, 0x09, 0xff,
  0xf0, 0x01, 0xff, 0xf0, 0x01, 0xff, 0xf0, 0x01, 0xff, 0xf0, 0x01, 0xff, 0xf0, 0x01, 0xff, 0xf0, 0x01, 0xff, 0x30, 0x12, 0xfc, 0x8c, 0x94, 0xfd,
  0x2d, 0x7c, 0xfb, 0x10, 0x0a, 0xfe, 0xf0, 0x01, 0xff, 0xf0, 0x01, 0xff, 0xf0, 0x01, 0xff, 0xf0, 0x01, 0xff, 0xf0, 0x01, 0xff, 0xf0, 0x01, 0xff,
  0xf0, 0x01, 0xff, 0xf0, 0x01, 0xff, 0xf0, 0x01, 0xff, 0xf0, 0x01, 0xff, 0xf0, 0x01, 0xff, 0xf0, 0x01, 0xff, 0xf0, 0x01, 0xff, 0xf0, 0x01, 0xff,
  0xf0, 0x01, 0xff, 0xf0, 0x01, 0xff, 0xf0, 0x01, 0xff, 0x4f, 0x1a, 0xfc, 0x6b, 0xbd, 0xfc, 0x8a, 0xfe, 0xff, 0x8a, 0xfe, 0xff, 0x8a, 0xfe, 0xff,
  0x8a, 0xfe, 0xff, 0x8a, 0xfe, 0xff, 0x8a, 0xfe, 0xff, 0x8a, 0xfe, 0xff, 0x8a, 0xfe, 0xff, 0x8a, 0xfe, 0xff, 0x8a, 0xfe, 0xff, 0x8a, 0xfe, 0xff,
  0x8a, 0xfe, 0xff, 0x8a, 0xfe, 0xff, 0x8a, 0xfe, 0xff, 0x8a, 0xfe, 0xff, 0x8a, 0xfe, 0xff, 0x8a, 0xfe, 0xff, 0x8a, 0xfe, 0xff, 0x8a, 0xfe, 0xff,
  0x8a, 0xfe, 0xff, 0x8a, 0xfe, 0xff, 0x8a, 0xfe, 0xff, 0x8a, 0xfe, 0xff, 0x8a, 0xfe, 0xff, 0x8a, 0xfe, 0xff, 0x8a, 0xfe, 0xff, 0x8a, 0xfe, 0xff,
  0x8a, 0xfe, 0xff, 0x8a, 0xfe, 0xff, 0x8a, 0xfe, 0xff, 0x8a, 0xfe, 0xff, 0x8a, 0xfe, 0xff, 0x8a, 0xfe, 0xff, 0x8a, 0xfe, 0xff, 0x8a, 0xfe, 0xff,
  0x8a, 0xfe, 0xff, 0x8a, 0xfe, 0xff, 0x8a, 0xfe, 0xff, 0x8a, 0xfe, 0xff, 0x8a, 0xfe, 0xff, 0x8a, 0xfe, 0xff, 0x8a, 0xfe, 0xff, 0x8a, 0xfe, 0xff,
  0x8a, 0xfe, 0xff, 0x8a, 0xfe, 0xff, 0x8a, 0xfe, 0xff, 0x8a, 0xfe, 0xff, 0x8a, 0xfe, 0xff, 0x8a, 0xfe, 0xff, 0x8a, 0xfe, 0xff, 0x8a, 0xfe, 0xff,
  0x8a, 0xfe, 0xff, 0x8a, 0xfe, 0xff, 0x8a, 0xfe, 0xff, 0x8a, 0xfe, 0xff, 0x8a, 0xfe, 0xff, 0x8a, 0xfe, 0xff, 0x8a, 0xfe, 0xff, 0x8a, 0xfe, 0xff,
  0x8a, 0xfe, 0xff, 0x8a, 0xfe, 0xff, 0x8a, 0xfe, 0xff, 0x8a, 0xfe, 0xff, 0x8a, 0xfe, 0xff, 0x8a, 0xfe, 0xff, 0x8a, 0xfe, 0xff, 0x8a, 0xfe, 0xff,
  0x8a, 0xfe, 0xff, 0x8a, 0xfe, 0xff, 0x8a, 0xfe, 0xff, 0x8a, 0xf6, 0xff, 0x87, 0xac, 0xfc, 0xe1, 0x20, 0xfd, 0x00, 0x00, 0xff, 0x00, 0x00, 0xff,
  0x40, 0x40, 0xfd, 0x02, 0xb9, 0xff, 0x02, 0xc9, 0xff, 0x02, 0xc9, 0xff, 0x02, 0xc9, 0xff, 0x02, 0xc9, 0xff, 0x02, 0xc9, 0xff, 0x02, 0xc9, 0xff,
  0x02, 0xc9, 0xff, 0x02, 0xc9, 0xff, 0x02, 0xc9, 0xff, 0x02, 0xc9, 0xff, 0x02, 0xc9, 0xff, 0x02, 0xc9, 0xff, 0x02, 0xc1, 0xff, 0x61, 0x50, 0xfc,
  0x00, 0x00, 0xff, 0x00, 0x00, 0xff, 0x00, 0x00, 0xcc, 0x00, 0x00, 0x24, 0x00, 0x00, 0x00, 0x00, 0x00, 0x00, 0x00, 0x00, 0x00, 0x00, 0x00, 0x00,
  0x00, 0x00, 0x00, 0x00, 0x00, 0x00, 0x00, 0x00, 0x00, 0x00, 0x00, 0x00, 0x00, 0x00, 0x00, 0x00, 0x00, 0x00, 0x00, 0x00, 0x00, 0x00, 0x00, 0x00,
  0x00, 0x00, 0x00, 0x00, 0x00, 0x00, 0x00, 0x00, 0x00, 0x00, 0x00, 0x00, 0x00, 0x00, 0x00, 0x00, 0x00, 0x00, 0x00, 0x00, 0x00, 0x00, 0x00, 0x00,
  0x00, 0x00, 0x00, 0x00, 0x00, 0x00, 0x00, 0x00, 0x02, 0x00, 0x00, 0x3c, 0x00, 0x00, 0xdb, 0x00, 0x00, 0xff, 0x00, 0x08, 0xfe, 0x81, 0x68, 0xfd,
  0x02, 0xc9, 0xff, 0x02, 0xc9, 0xff, 0x02, 0xc9, 0xff, 0x02, 0xc9, 0xff, 0x02, 0xc9, 0xff, 0x02, 0xc9, 0xff, 0x02, 0xc9, 0xff, 0x02, 0xc9, 0xff,
  0x02, 0xc9, 0xff, 0x02, 0xc9, 0xff, 0x02, 0xc9, 0xff, 0x02, 0xc9, 0xff, 0x02, 0xc9, 0xff, 0xe2, 0xa0, 0xfd, 0x20, 0x18, 0xfd, 0x00, 0x00, 0xff,
  0x00, 0x00, 0xff, 0x43, 0x52, 0xfb, 0x29, 0xee, 0xfe, 0x8a, 0xfe, 0xff, 0x8a, 0xfe, 0xff, 0x8a, 0xfe, 0xff, 0x8a, 0xfe, 0xff, 0x8a, 0xfe, 0xff,
  0x8a, 0xfe, 0xff, 0x8a, 0xfe, 0xff, 0x8a, 0xfe, 0xff, 0x8a, 0xfe, 0xff, 0x8a, 0xfe, 0xff, 0x8a, 0xfe, 0xff, 0x8a, 0xfe, 0xff, 0x8a, 0xfe, 0xff,
  0x8a, 0xfe, 0xff, 0x8a, 0xfe, 0xff, 0x8a, 0xfe, 0xff, 0x8a, 0xfe, 0xff, 0x8a, 0xfe, 0xff, 0x8a, 0xfe, 0xff, 0x8a, 0xfe, 0xff, 0x8a, 0xfe, 0xff,
  0x8a, 0xfe, 0xff, 0x8a, 0xfe, 0xff, 0x8a, 0xfe, 0xff, 0x8a, 0xf6, 0xff, 0x0c, 0xad, 0xfe, 0xaf, 0x2a, 0xfb, 0xf0, 0x09, 0xff, 0xf0, 0x01, 0xff,
  0xf0, 0x01, 0xff, 0xf0, 0x01, 0xff, 0xf0, 0x01, 0xff, 0xf0, 0x01, 0xff, 0xf0, 0x01, 0xff, 0xf0, 0x01, 0xff, 0x6e, 0x53, 0xfb, 0x2b, 0xad, 0xfb,
  0xaf, 0x2a, 0xfb, 0xf0, 0x01, 0xff, 0xf0, 0x01, 0xff, 0xf0, 0x01, 0xff, 0xf0, 0x01, 0xff, 0xf0, 0x01, 0xff, 0xf0, 0x01, 0xff, 0xf0, 0x01, 0xff,
  0xf0, 0x01, 0xff, 0xf0, 0x01, 0xff, 0xf0, 0x01, 0xff, 0xf0, 0x01, 0xff, 0xf0, 0x01, 0xff, 0xf0, 0x01, 0xff, 0xf0, 0x01, 0xff, 0xf0, 0x01, 0xff,
  0xf0, 0x01, 0xff, 0xf0, 0x01, 0xff, 0xf0, 0x01, 0xff, 0x30, 0x12, 0xfe, 0x2b, 0xad, 0xfb, 0x8a, 0xfe, 0xff, 0x8a, 0xfe, 0xff, 0x8a, 0xfe, 0xff,
  0x8a, 0xfe, 0xff, 0x8a, 0xfe, 0xff, 0x8a, 0xfe, 0xff, 0x8a, 0xfe, 0xff, 0x8a, 0xfe, 0xff, 0x8a, 0xfe, 0xff, 0x8a, 0xfe, 0xff, 0x8a, 0xfe, 0xff,
  0x8a, 0xfe, 0xff, 0x8a, 0xfe, 0xff, 0x8a, 0xfe, 0xff, 0x8a, 0xfe, 0xff, 0x8a, 0xfe, 0xff, 0x4a, 0xee, 0xff, 0xab, 0xcd, 0xfc, 0x2a, 0xe6, 0xff,
  0x8a, 0xf6, 0xff, 0x8a, 0xfe, 0xff, 0x8a, 0xfe, 0xff, 0x8a, 0xfe, 0xff, 0x8a, 0xfe, 0xff, 0x8a, 0xfe, 0xff, 0x8a, 0xfe, 0xff, 0x8a, 0xfe, 0xff,
  0x8a, 0xfe, 0xff, 0x8a, 0xfe, 0xff, 0x8a, 0xfe, 0xff, 0x8a, 0xfe, 0xff, 0x8a, 0xfe, 0xff, 0x8a, 0xfe, 0xff, 0x8a, 0xfe, 0xff, 0x8a, 0xfe, 0xff,
  0x8a, 0xfe, 0xff, 0x8a, 0xfe, 0xff, 0x8a, 0xfe, 0xff, 0x8a, 0xfe, 0xff, 0x8a, 0xfe, 0xff, 0x8a, 0xfe, 0xff, 0x8a, 0xfe, 0xff, 0x8a, 0xfe, 0xff,
  0x8a, 0xfe, 0xff, 0x8a, 0xfe, 0xff, 0x8a, 0xfe, 0xff, 0x8a, 0xfe, 0xff, 0x8a, 0xfe, 0xff, 0x8a, 0xfe, 0xff, 0x8a, 0xfe, 0xff, 0x8a, 0xfe, 0xff,
  0x8a, 0xfe, 0xff, 0x8a, 0xfe, 0xff, 0x8a, 0xfe, 0xff, 0x8a, 0xfe, 0xff, 0x8a, 0xfe, 0xff, 0x8a, 0xfe, 0xff, 0x8a, 0xfe, 0xff, 0x8a, 0xfe, 0xff,
  0x8a, 0xfe, 0xff, 0x8a, 0xfe, 0xff, 0x8a, 0xfe, 0xff, 0x8a, 0xfe, 0xff, 0x8a, 0xfe, 0xff, 0x8a, 0xfe, 0xff, 0x8a, 0xfe, 0xff, 0x8a, 0xfe, 0xff,
  0x8a, 0xfe, 0xff, 0x8a, 0xfe, 0xff, 0x8a, 0xfe, 0xff, 0x8a, 0xfe, 0xff, 0x69, 0xf6, 0xff, 0xc5, 0x8b, 0xfb, 0x40, 0x08, 0xfe, 0x00, 0x00, 0xff,
  0x00, 0x08, 0xfe, 0x81, 0x70, 0xfc, 0x02, 0xc9, 0xff, 0x02, 0xc9, 0xff, 0x02, 0xc9, 0xff, 0x02, 0xc9, 0xff, 0x02, 0xc9, 0xff, 0x02, 0xc9, 0xff,
  0x02, 0xc9, 0xff, 0x02, 0xc9, 0xff, 0x02, 0xc9, 0xff, 0x02, 0xc9, 0xff, 0x02, 0xc9, 0xff, 0x02, 0xc9, 0xff, 0x02, 0xc9, 0xff, 0xe2, 0xa0, 0xfd,
  0x20, 0x18, 0xfd, 0x00, 0x00, 0xff, 0x00, 0x00, 0xf4, 0x00, 0x00, 0x74, 0x00, 0x00, 0x03, 0x00, 0x00, 0x00, 0x00, 0x00, 0x00, 0x00, 0x00, 0x00,
  0x00, 0x00, 0x00, 0x00, 0x00, 0x00, 0x00, 0x00, 0x00, 0x00, 0x00, 0x00, 0x00, 0x00, 0x00, 0x00, 0x00, 0x00, 0x00, 0x00, 0x00, 0x00, 0x00, 0x00,
  0x00, 0x00, 0x00, 0x00, 0x00, 0x00, 0x00, 0x00, 0x00, 0x00, 0x00, 0x00, 0x00, 0x00, 0x00, 0x00, 0x00, 0x00, 0x00, 0x00, 0x00, 0x00, 0x00, 0x00,
  0x00, 0x00, 0x00, 0x00, 0x00, 0x00, 0x00, 0x00, 0x0c, 0x00, 0x00, 0x9c, 0x00, 0x00, 0xff, 0x00, 0x00, 0xff, 0x40, 0x30, 0xfd, 0xe2, 0xb0, 0xfe,
  0x02, 0xc9, 0xff, 0x02, 0xc9, 0xff, 0x02, 0xc9, 0xff, 0x02, 0xc9, 0xff, 0x02, 0xc9, 0xff, 0x02, 0xc9, 0xff, 0x02, 0xc9, 0xff, 0x02, 0xc9, 0xff,
  0x02, 0xc9, 0xff, 0x02, 0xc9, 0xff, 0x02, 0xc9, 0xff, 0x02, 0xc9, 0xff, 0x02, 0xc1, 0xff, 0x61, 0x58, 0xfc, 0x00, 0x00, 0xff, 0x00, 0x00, 0xff,
  0xa1, 0x18, 0xfd, 0xe7, 0xbc, 0xfd, 0x8a, 0xfe, 0xff, 0x8a, 0xfe, 0xff, 0x8a, 0xfe, 0xff, 0x8a, 0xfe, 0xff, 0x8a, 0xfe, 0xff, 0x8a, 0xfe, 0xff,
  0x8a, 0xfe, 0xff, 0x8a, 0xfe, 0xff, 0x8a, 0xfe, 0xff, 0x8a, 0xfe, 0xff, 0x8a, 0xfe, 0xff, 0x8a, 0xfe, 0xff, 0x8a, 0xfe, 0xff, 0x8a, 0xfe, 0xff,
  0x8a, 0xfe, 0xff, 0x8a, 0xfe, 0xff, 0x8a, 0xfe, 0xff, 0x8a, 0xfe, 0xff, 0x8a, 0xfe, 0xff, 0x8a, 0xfe, 0xff, 0x8a, 0xfe, 0xff, 0x8a, 0xfe, 0xff,
  0x8a, 0xfe, 0xff, 0x8a, 0xfe, 0xff, 0x8a, 0xfe, 0xff, 0xab, 0xcd, 0xfc, 0xef, 0x3a, 0xfc, 0xf0, 0x01, 0xff, 0xf0, 0x01, 0xff, 0xf0, 0x01, 0xff,
  0xf0, 0x01, 0xff, 0xf0, 0x01, 0xff, 0xf0, 0x01, 0xff, 0xf0, 0x01, 0xff, 0xf0, 0x01, 0xff, 0x30, 0x12, 0xfc, 0x8c, 0x94, 0xfd, 0xae, 0x5b, 0xfa,
  0x10, 0x0a, 0xfe, 0xf0, 0x01, 0xff, 0xf0, 0x01, 0xff, 0xf0, 0x01, 0xff, 0xf0, 0x01, 0xff, 0xf0, 0x01, 0xff, 0xf0, 0x01, 0xff, 0xf0, 0x01, 0xff,
  0xf0, 0x01, 0xff, 0xf0, 0x01, 0xff, 0xf0, 0x01, 0xff, 0xf0, 0x01, 0xff, 0xf0, 0x01, 0xff, 0xf0, 0x01, 0xff, 0xf0, 0x01, 0xff, 0xf0, 0x01, 0xff,
  0xf0, 0x01, 0xff, 0xf0, 0x01, 0xff, 0xf0, 0x01, 0xff, 0x10, 0x0a, 0xfe, 0xec, 0xa4, 0xf6, 0x8a, 0xfe, 0xff, 0x8a, 0xfe, 0xff, 0x8a, 0xfe, 0xff,
  0x8a, 0xfe, 0xff, 0x8a, 0xfe, 0xff, 0x8a, 0xfe, 0xff, 0x8a, 0xfe, 0xff, 0x8a, 0xfe, 0xff, 0x8a, 0xfe, 0xff, 0x8a, 0xfe, 0xff, 0x8a, 0xfe, 0xff,
  0x8a, 0xfe, 0xff, 0x8a, 0xfe, 0xff, 0x8a, 0xfe, 0xff, 0x8a, 0xfe, 0xff, 0x8a, 0xf6, 0xff, 0xac, 0x9c, 0xfc, 0xaf, 0x2a, 0xfb, 0xae, 0x63, 0xff,
  0x2a, 0xe6, 0xff, 0x8a, 0xfe, 0xff, 0x8a, 0xfe, 0xff, 0x8a, 0xfe, 0xff, 0x8a, 0xfe, 0xff, 0x8a, 0xfe, 0xff, 0x8a, 0xfe, 0xff, 0x8a, 0xfe, 0xff,
  0x8a, 0xfe, 0xff, 0x8a, 0xfe, 0xff, 0x8a, 0xfe, 0xff, 0x8a, 0xfe, 0xff, 0x8a, 0xfe, 0xff, 0x8a, 0xfe, 0xff, 0x8a, 0xfe, 0xff, 0x8a, 0xfe, 0xff,
  0x8a, 0xfe, 0xff, 0x8a, 0xfe, 0xff, 0x8a, 0xfe, 0xff, 0x8a, 0xfe, 0xff, 0x8a, 0xfe, 0xff, 0x8a, 0xfe, 0xff, 0x8a, 0xfe, 0xff, 0x8a, 0xfe, 0xff,
  0x8a, 0xfe, 0xff, 0x8a, 0xfe, 0xff, 0x8a, 0xfe, 0xff, 0x8a, 0xfe, 0xff, 0x8a, 0xfe, 0xff, 0x8a, 0xfe, 0xff, 0x8a, 0xfe, 0xff, 0x8a, 0xfe, 0xff,
  0x8a, 0xfe, 0xff, 0x8a, 0xfe, 0xff, 0x8a, 0xfe, 0xff, 0x8a, 0xfe, 0xff, 0x8a, 0xfe, 0xff, 0x8a, 0xfe, 0xff, 0x8a, 0xfe, 0xff, 0x8a, 0xfe, 0xff,
  0x8a, 0xfe, 0xff, 0x8a, 0xfe, 0xff, 0x8a, 0xfe, 0xff, 0x8a, 0xfe, 0xff, 0x8a, 0xfe, 0xff, 0x8a, 0xfe, 0xff, 0x8a, 0xfe, 0xff, 0x8a, 0xfe, 0xff,
  0x8a, 0xfe, 0xff, 0x8a, 0xfe, 0xff, 0x8a, 0xfe, 0xff, 0x8a, 0xfe, 0xff, 0x8a, 0xfe, 0xff, 0x29, 0xee, 0xfe, 0x23, 0x52, 0xfb, 0x00, 0x00, 0xff,
  0x00, 0x00, 0xff, 0x20, 0x28, 0xfd, 0xe2, 0xa8, 0xfe, 0x02, 0xc9, 0xff, 0x02, 0xc9, 0xff, 0x02, 0xc9, 0xff, 0x02, 0xc9, 0xff, 0x02, 0xc9, 0xff,
  0x02, 0xc9, 0xff, 0x02, 0xc9, 0xff, 0x02, 0xc9, 0xff, 0x02, 0xc9, 0xff, 0x02, 0xc9, 0xff, 0x02, 0xc9, 0xff, 0x02, 0xc9, 0xff, 0x02, 0xc1, 0xff,
  0x60, 0x48, 0xfa, 0x00, 0x00, 0xff, 0x00, 0x00, 0xff, 0x00, 0x00, 0xc5, 0x00, 0x00, 0x24, 0x00, 0x00, 0x00, 0x00, 0x00, 0x00, 0x00, 0x00, 0x00,
  0x00, 0x00, 0x00, 0x00, 0x00, 0x00, 0x00, 0x00, 0x00, 0x00, 0x00, 0x00, 0x00, 0x00, 0x00, 0x00, 0x00, 0x00, 0x00, 0x00, 0x00, 0x00, 0x00, 0x00,
  0x00, 0x00, 0x00, 0x00, 0x00, 0x00, 0x00, 0x00, 0x00, 0x00, 0x00, 0x00, 0x00, 0x00, 0x00, 0x00, 0x00, 0x00, 0x00, 0x00, 0x00, 0x00, 0x00, 0x00,
  0x00, 0x00, 0x00, 0x00, 0x00, 0x02, 0x00, 0x00, 0x45, 0x00, 0x00, 0xe4, 0x00, 0x00, 0xff, 0x00, 0x08, 0xfe, 0xa1, 0x80, 0xfd, 0x02, 0xc9, 0xff,
  0x02, 0xc9, 0xff, 0x02, 0xc9, 0xff, 0x02, 0xc9, 0xff, 0x02, 0xc9, 0xff, 0x02, 0xc9, 0xff, 0x02, 0xc9, 0xff, 0x02, 0xc9, 0xff, 0x02, 0xc9, 0xff,
  0x02, 0xc9, 0xff, 0x02, 0xc9, 0xff, 0x02, 0xc9, 0xff, 0x02, 0xc9, 0xff, 0xa1, 0x88, 0xfb, 0x00, 0x10, 0xfd, 0x00, 0x00, 0xff, 0x00, 0x08, 0xfe,
  0x24, 0x7b, 0xfa, 0x69, 0xf6, 0xff, 0x8a, 0xfe, 0xff, 0x8a, 0xfe, 0xff, 0x8a, 0xfe, 0xff, 0x8a, 0xfe, 0xff, 0x8a, 0xfe, 0xff, 0x8a, 0xfe, 0xff,
  0x8a, 0xfe, 0xff, 0x8a, 0xfe, 0xff, 0x8a, 0xfe, 0xff, 0x8a, 0xfe, 0xff, 0x8a, 0xfe, 0xff, 0x8a, 0xfe, 0xff, 0x8a, 0xfe, 0xff, 0x8a, 0xfe, 0xff,
  0x8a, 0xfe, 0xff, 0x8a, 0xfe, 0xff, 0x8a, 0xfe, 0xff, 0x8a, 0xfe, 0xff, 0x8a, 0xfe, 0xff, 0x8a, 0xfe, 0xff, 0x8a, 0xfe, 0xff, 0x8a, 0xfe, 0xff,
  0x8a, 0xfe, 0xff, 0x8a, 0xf6, 0xff, 0xab, 0xcd, 0xfc, 0x0e, 0x43, 0xfd, 0xf0, 0x09, 0xff, 0xf0, 0x01, 0xff, 0xf0, 0x01, 0xff, 0xf0, 0x01, 0xff,
  0xf0, 0x01, 0xff, 0xf0, 0x01, 0xff, 0xf0, 0x01, 0xff, 0xf0, 0x01, 0xff, 0xf0, 0x01, 0xff, 0x2e, 0x4b, 0xfb, 0x6d, 0x8c, 0xfb, 0x30, 0x12, 0xfc,
  0xf0, 0x01, 0xff, 0xf0, 0x01, 0xff, 0xf0, 0x01, 0xff, 0xf0, 0x01, 0xff, 0xf0, 0x01, 0xff, 0xf0, 0x01, 0xff, 0xf0, 0x01, 0xff, 0xf0, 0x01, 0xff,
  0xf0, 0x01, 0xff, 0xf0, 0x01, 0xff, 0xf0, 0x01, 0xff, 0xf0, 0x01, 0xff, 0xf0, 0x01, 0xff, 0xf0, 0x01, 0xff, 0xf0, 0x01, 0xff, 0xf0, 0x01, 0xff,
  0xf0, 0x01, 0xff, 0xf0, 0x01, 0xff, 0xf0, 0x01, 0xff, 0x10, 0x0a, 0xfe, 0x6d, 0x8c, 0xfb, 0x8a, 0xfe, 0xff, 0x8a, 0xfe, 0xff, 0x8a, 0xfe, 0xff,
  0x8a, 0xfe, 0xff, 0x8a, 0xfe, 0xff, 0x8a, 0xfe, 0xff, 0x8a, 0xfe, 0xff, 0x8a, 0xfe, 0xff, 0x8a, 0xfe, 0xff, 0x8a, 0xfe, 0xff, 0x8a, 0xfe, 0xff,
  0x8a, 0xfe, 0xff, 0x8a, 0xfe, 0xff, 0x8a, 0xfe, 0xff, 0x8a, 0xfe, 0xff, 0xab, 0xcd, 0xfc, 0xef, 0x3a, 0xfc, 0xf0, 0x01, 0xff, 0x6f, 0x22, 0xfb,
  0xab, 0xcd, 0xfc, 0x8a, 0xfe, 0xff, 0x8a, 0xfe, 0xff, 0x8a, 0xfe, 0xff, 0x8a, 0xfe, 0xff, 0x8a, 0xfe, 0xff, 0x8a, 0xfe, 0xff, 0x8a, 0xfe, 0xff,
  0x8a, 0xfe, 0xff, 0x8a, 0xfe, 0xff, 0x8a, 0xfe, 0xff, 0x8a, 0xfe, 0xff, 0x8a, 0xfe, 0xff, 0x8a, 0xfe, 0xff, 0x8a, 0xfe, 0xff, 0x8a, 0xfe, 0xff,
  0x8a, 0xfe, 0xff, 0x8a, 0xfe, 0xff, 0x8a, 0xfe, 0xff, 0x8a, 0xfe, 0xff, 0x8a, 0xfe, 0xff, 0x8a, 0xfe, 0xff, 0x8a, 0xfe, 0xff, 0x8a, 0xfe, 0xff,
  0x8a, 0xfe, 0xff, 0x8a, 0xfe, 0xff, 0x8a, 0xfe, 0xff, 0x8a, 0xfe, 0xff, 0x8a, 0xfe, 0xff, 0x8a, 0xfe, 0xff, 0x8a, 0xfe, 0xff, 0x8a, 0xfe, 0xff,
  0x8a, 0xfe, 0xff, 0x8a, 0xfe, 0xff, 0x8a, 0xfe, 0xff, 0x8a, 0xfe, 0xff, 0x8a, 0xfe, 0xff, 0x8a, 0xfe, 0xff, 0x8a, 0xfe, 0xff, 0x8a, 0xfe, 0xff,
  0x8a, 0xfe, 0xff, 0x8a, 0xfe, 0xff, 0x8a, 0xfe, 0xff, 0x8a, 0xfe, 0xff, 0x8a, 0xfe, 0xff, 0x8a, 0xfe, 0xff, 0x8a, 0xfe, 0xff, 0x8a, 0xfe, 0xff,
  0x8a, 0xfe, 0xff, 0x8a, 0xfe, 0xff, 0x8a, 0xfe, 0xff, 0x8a, 0xfe, 0xff, 0x8a, 0xfe, 0xff, 0x8a, 0xfe, 0xff, 0xe7, 0xbc, 0xfd, 0xa1, 0x18, 0xfd,
  0x00, 0x00, 0xff, 0x00, 0x00, 0xff, 0x81, 0x58, 0xfc, 0x02, 0xc1, 0xff, 0x02, 0xc9, 0xff, 0x02, 0xc9, 0xff, 0x02, 0xc9, 0xff, 0x02, 0xc9, 0xff,
  0x02, 0xc9, 0xff, 0x02, 0xc9, 0xff, 0x02, 0xc9, 0xff, 0x02, 0xc9, 0xff, 0x02, 0xc9, 0xff, 0x02, 0xc9, 0xff, 0x02, 0xc9, 0xff, 0x02, 0xc9, 0xff,
  0xe2, 0xa0, 0xfd, 0x20, 0x20, 0xfd, 0x00, 0x00, 0xff, 0x00, 0x00, 0xf4, 0x00, 0x00, 0x7c, 0x00, 0x00, 0x0c, 0x00, 0x00, 0x00, 0x00, 0x00, 0x00,
  0x00, 0x00, 0x00, 0x00, 0x00, 0x00, 0x00, 0x00, 0x00, 0x00, 0x00, 0x00, 0x00, 0x00, 0x00, 0x00, 0x00, 0x00, 0x00, 0x00, 0x00, 0x00, 0x00, 0x00,
  0x00, 0x00, 0x00, 0x00, 0x00, 0x00, 0x00, 0x00, 0x00, 0x00, 0x00, 0x00, 0x00, 0x00, 0x00, 0x00, 0x00, 0x00, 0x00, 0x00, 0x00, 0x00, 0x00, 0x00,
  0x00, 0x00, 0x00, 0x00, 0x00, 0x0c, 0x00, 0x00, 0xa4, 0x00, 0x00, 0xff, 0x00, 0x00, 0xff, 0x40, 0x38, 0xfd, 0x02, 0xb9, 0xff, 0x02, 0xc9, 0xff,
  0x02, 0xc9, 0xff, 0x02, 0xc9, 0xff, 0x02, 0xc9, 0xff, 0x02, 0xc9, 0xff, 0x02, 0xc9, 0xff, 0x02, 0xc9, 0xff, 0x02, 0xc9, 0xff, 0x02, 0xc9, 0xff,
  0x02, 0xc9, 0xff, 0x02, 0xc9, 0xff, 0x02, 0xc9, 0xff, 0xe2, 0xa0, 0xfd, 0x20, 0x28, 0xfd, 0x00, 0x00, 0xff, 0x00, 0x00, 0xff, 0x23, 0x52, 0xfb,
  0xa8, 0xdd, 0xfe, 0x8a, 0xfe, 0xff, 0x8a, 0xfe, 0xff, 0x8a, 0xfe, 0xff, 0x8a, 0xfe, 0xff, 0x8a, 0xfe, 0xff, 0x8a, 0xfe, 0xff, 0x8a, 0xfe, 0xff,
  0x8a, 0xfe, 0xff, 0x8a, 0xfe, 0xff, 0x8a, 0xfe, 0xff, 0x8a, 0xfe, 0xff, 0x8a, 0xfe, 0xff, 0x8a, 0xfe, 0xff, 0x8a, 0xfe, 0xff, 0x8a, 0xfe, 0xff,
  0x8a, 0xfe, 0xff, 0x8a, 0xfe, 0xff, 0x8a, 0xfe, 0xff, 0x8a, 0xfe, 0xff, 0x8a, 0xfe, 0xff, 0x8a, 0xfe, 0xff, 0x8a, 0xfe, 0xff, 0x8a, 0xfe, 0xff,
  0x8a, 0xf6, 0xff, 0x6b, 0xbd, 0xfc, 0xef, 0x3a, 0xfc, 0xf0, 0x09, 0xff, 0xf0, 0x01, 0xff, 0xf0, 0x01, 0xff, 0xf0, 0x01, 0xff, 0xf0, 0x01, 0xff,
  0xf0, 0x01, 0xff, 0xf0, 0x01, 0xff, 0xf0, 0x01, 0xff, 0xf0, 0x01, 0xff, 0x4f, 0x1a, 0xfc, 0x8c, 0x94, 0xfd, 0xef, 0x3a, 0xfc, 0xf0, 0x01, 0xff,
  0xf0, 0x01, 0xff, 0xf0, 0x01, 0xff, 0xf0, 0x01, 0xff, 0xf0, 0x01, 0xff, 0xf0, 0x01, 0xff, 0xf0, 0x01, 0xff, 0xf0, 0x01, 0xff, 0xf0, 0x01, 0xff,
  0xf0, 0x01, 0xff, 0xf0, 0x01, 0xff, 0xf0, 0x01, 0xff, 0xf0, 0x01, 0xff, 0xf0, 0x01, 0xff, 0xf0, 0x01, 0xff, 0xf0, 0x01, 0xff, 0xf0, 0x01, 0xff,
  0xf0, 0x01, 0xff, 0xf0, 0x01, 0xff, 0xf0, 0x01, 0xff, 0xf0, 0x09, 0xff, 0x6d, 0x8c, 0xfb, 0x8a, 0xfe, 0xff, 0x8a, 0xfe, 0xff, 0x8a, 0xfe, 0xff,
  0x8a, 0xfe, 0xff, 0x8a, 0xfe, 0xff, 0x8a, 0xfe, 0xff, 0x8a, 0xfe, 0xff, 0x8a, 0xfe, 0xff, 0x8a, 0xfe, 0xff, 0x8a, 0xfe, 0xff, 0x8a, 0xfe, 0xff,
  0x8a, 0xfe, 0xff, 0x4a, 0xee, 0xfe, 0xea, 0xd5, 0xfd, 0x2a, 0xe6, 0xff, 0xae, 0x63, 0xff, 0x10, 0x0a, 0xfe, 0xf0, 0x01, 0xff, 0x4f, 0x1a, 0xfc,
  0x8a, 0xcd, 0xfd, 0x8a, 0xfe, 0xff, 0x8a, 0xfe, 0xff, 0x8a, 0xfe, 0xff, 0x8a, 0xfe, 0xff, 0x8a, 0xfe, 0xff, 0x8a, 0xfe, 0xff, 0x8a, 0xfe, 0xff,
  0x8a, 0xfe, 0xff, 0x8a, 0xfe, 0xff, 0x8a, 0xfe, 0xff, 0x8a, 0xfe, 0xff, 0x8a, 0xfe, 0xff, 0x8a, 0xfe, 0xff, 0x8a, 0xfe, 0xff, 0x8a, 0xfe, 0xff,
  0x8a, 0xfe, 0xff, 0x8a, 0xfe, 0xff, 0x8a, 0xfe, 0xff, 0x8a, 0xfe, 0xff, 0x8a, 0xfe, 0xff, 0x8a, 0xfe, 0xff, 0x8a, 0xfe, 0xff, 0x8a, 0xfe, 0xff,
  0x8a, 0xfe, 0xff, 0x8a, 0xfe, 0xff, 0x8a, 0xfe, 0xff, 0x8a, 0xfe, 0xff, 0x8a, 0xfe, 0xff, 0x8a, 0xfe, 0xff, 0x8a, 0xfe, 0xff, 0x8a, 0xfe, 0xff,
  0x8a, 0xfe, 0xff, 0x8a, 0xfe, 0xff, 0x8a, 0xfe, 0xff, 0x8a, 0xfe, 0xff, 0x8a, 0xfe, 0xff, 0x8a, 0xfe, 0xff, 0x8a, 0xfe, 0xff, 0x8a, 0xfe, 0xff,
  0x8a, 0xfe, 0xff, 0x8a, 0xfe, 0xff, 0x8a, 0xfe, 0xff, 0x8a, 0xfe, 0xff, 0x8a, 0xfe, 0xff, 0x8a, 0xfe, 0xff, 0x8a, 0xfe, 0xff, 0x8a, 0xfe, 0xff,
  0x8a, 0xfe, 0xff, 0x8a, 0xfe, 0xff, 0x8a, 0xfe, 0xff, 0x8a, 0xfe, 0xff, 0x8a, 0xfe, 0xff, 0x8a, 0xfe, 0xff, 0x69, 0xf6, 0xff, 0x24, 0x7b, 0xfa,
  0x00, 0x08, 0xfe, 0x00, 0x00, 0xff, 0x00, 0x10, 0xfd, 0xc1, 0x90, 0xfd, 0x02, 0xc9, 0xff, 0x02, 0xc9, 0xff, 0x02, 0xc9, 0xff, 0x02, 0xc9, 0xff,
  0x02, 0xc9, 0xff, 0x02, 0xc9, 0xff, 0x02, 0xc9, 0xff, 0x02, 0xc9, 0xff, 0x02, 0xc9, 0xff, 0x02, 0xc9, 0xff, 0x02, 0xc9, 0xff, 0x02, 0xc9, 0xff,
  0x02, 0xc9, 0xff, 0x81, 0x70, 0xfc, 0x00, 0x08, 0xfe, 0x00, 0x00, 0xff, 0x00, 0x00, 0xdb, 0x00, 0x00, 0x34, 0x00, 0x00, 0x00, 0x00, 0x00, 0x00,
  0x00, 0x00, 0x00, 0x00, 0x00, 0x00, 0x00, 0x00, 0x00, 0x00, 0x00, 0x00, 0x00, 0x00, 0x00, 0x00, 0x00, 0x00, 0x00, 0x00, 0x00, 0x00, 0x00, 0x00,
  0x00, 0x00, 0x00, 0x00, 0x00, 0x00, 0x00, 0x00, 0x00, 0x00, 0x00, 0x00, 0x00, 0x00, 0x00, 0x00, 0x00, 0x00, 0x00, 0x00, 0x00, 0x00, 0x00, 0x00,
  0x00, 0x00, 0x00, 0x00, 0x00, 0x3c, 0x00, 0x00, 0xe4, 0x00, 0x00, 0xff, 0x00, 0x08, 0xfe, 0xa1, 0x80, 0xfd, 0x02, 0xc9, 0xff, 0x02, 0xc9, 0xff,
  0x02, 0xc9, 0xff, 0x02, 0xc9, 0xff, 0x02, 0xc9, 0xff, 0x02, 0xc9, 0xff, 0x02, 0xc9, 0xff, 0x02, 0xc9, 0xff, 0x02, 0xc9, 0xff, 0x02, 0xc9, 0xff,
  0x02, 0xc9, 0xff, 0x02, 0xc9, 0xff, 0x02, 0xc1, 0xff, 0x81, 0x60, 0xfd, 0x00, 0x00, 0xff, 0x00, 0x00, 0xff, 0xa1, 0x18, 0xfd, 0x27, 0xc5, 0xfd,
  0x8a, 0xf6, 0xff, 0x8a, 0xfe, 0xff, 0x8a, 0xfe, 0xff, 0x8a, 0xfe, 0xff, 0x8a, 0xfe, 0xff, 0x8a, 0xfe, 0xff, 0x8a, 0xfe, 0xff, 0x8a, 0xfe, 0xff,
  0x8a, 0xfe, 0xff, 0x8a, 0xfe, 0xff, 0x8a, 0xfe, 0xff, 0x8a, 0xfe, 0xff, 0x8a, 0xfe, 0xff, 0x8a, 0xfe, 0xff, 0x8a, 0xfe, 0xff, 0x8a, 0xfe, 0xff,
  0x8a, 0xfe, 0xff, 0x8a, 0xfe, 0xff, 0x8a, 0xfe, 0xff, 0x8a, 0xfe, 0xff, 0x8a, 0xfe, 0xff, 0x8a, 0xfe, 0xff, 0x8a, 0xfe, 0xff, 0x8a, 0xfe, 0xff,
  0xab, 0xcd, 0xfc, 0xef, 0x3a, 0xfc, 0xf0, 0x01, 0xff, 0xf0, 0x01, 0xff, 0xf0, 0x01, 0xff, 0xf0, 0x01, 0xff, 0xf0, 0x01, 0xff, 0xf0, 0x01, 0xff,
  0xf0, 0x01, 0xff, 0xf0, 0x01, 0xff, 0xf0, 0x01, 0xff, 0x10, 0x0a, 0xfe, 0x6e, 0x53, 0xf7, 0x2d, 0x7c, 0xfb, 0x10, 0x0a, 0xfe, 0xf0, 0x01, 0xff,
  0xf0, 0x01, 0xff, 0xf0, 0x01, 0xff, 0xf0, 0x01, 0xff, 0xf0, 0x01, 0xff, 0xf0, 0x01, 0xff, 0xf0, 0x01, 0xff, 0xf0, 0x01, 0xff, 0xf0, 0x01, 0xff,
  0xf0, 0x01, 0xff, 0xf0, 0x01, 0xff, 0xf0, 0x01, 0xff, 0xf0, 0x01, 0xff, 0xf0, 0x01, 0xff, 0xf0, 0x01, 0xff, 0xf0, 0x01, 0xff, 0xf0, 0x01, 0xff,
  0xf0, 0x01, 0xff, 0xf0, 0x01, 0xff, 0xf0, 0x01, 0xff, 0xf0, 0x01, 0xff, 0x2d, 0x7c, 0xfb, 0x8a, 0xfe, 0xff, 0x8a, 0xfe, 0xff, 0x8a, 0xfe, 0xff,
  0x8a, 0xfe, 0xff, 0x8a, 0xfe, 0xff, 0x8a, 0xfe, 0xff, 0x8a, 0xfe, 0xff, 0x8a, 0xfe, 0xff, 0x8a, 0xfe, 0xff, 0x8a, 0xfe, 0xff, 0x8a, 0xfe, 0xff,
  0x2a, 0xe6, 0xff, 0x8c, 0x94, 0xfd, 0xab, 0xcd, 0xfc, 0xac, 0x9c, 0xfc, 0x30, 0x12, 0xfe, 0xf0, 0x01, 0xff, 0xf0, 0x01, 0xff, 0x30, 0x12, 0xfc,
  0x2b, 0xad, 0xfb, 0x8a, 0xfe, 0xff, 0x8a, 0xfe, 0xff, 0x8a, 0xfe, 0xff, 0x8a, 0xfe, 0xff, 0x8a, 0xfe, 0xff, 0x8a, 0xfe, 0xff, 0x8a, 0xfe, 0xff,
  0x8a, 0xfe, 0xff, 0x8a, 0xfe, 0xff, 0x8a, 0xfe, 0xff, 0x8a, 0xfe, 0xff, 0x8a, 0xfe, 0xff, 0x8a, 0xfe, 0xff, 0x8a, 0xfe, 0xff, 0x8a, 0xfe, 0xff,
  0x8a, 0xfe, 0xff, 0x8a, 0xfe, 0xff, 0x8a, 0xfe, 0xff, 0x8a, 0xfe, 0xff, 0x8a, 0xfe, 0xff, 0x8a, 0xfe, 0xff, 0x8a, 0xfe, 0xff, 0x8a, 0xfe, 0xff,
  0x8a, 0xfe, 0xff, 0x8a, 0xfe, 0xff, 0x8a, 0xfe, 0xff, 0x8a, 0xfe, 0xff, 0x8a, 0xfe, 0xff, 0x8a, 0xfe, 0xff, 0x8a, 0xfe, 0xff, 0x8a, 0xfe, 0xff,
  0x8a, 0xfe, 0xff, 0x8a, 0xfe, 0xff, 0x8a, 0xfe, 0xff, 0x8a, 0xfe, 0xff, 0x8a, 0xfe, 0xff, 0x8a, 0xfe, 0xff, 0x8a, 0xfe, 0xff, 0x8a, 0xfe, 0xff,
  0x8a, 0xfe, 0xff, 0x8a, 0xfe, 0xff, 0x8a, 0xfe, 0xff, 0x8a, 0xfe, 0xff, 0x8a, 0xfe, 0xff, 0x8a, 0xfe, 0xff, 0x8a, 0xfe, 0xff, 0x8a, 0xfe, 0xff,
  0x8a, 0xfe, 0xff, 0x8a, 0xfe, 0xff, 0x8a, 0xfe, 0xff, 0x8a, 0xfe, 0xff, 0x8a, 0xfe, 0xff, 0x8a, 0xfe, 0xff, 0x8a, 0xfe, 0xff, 0xa8, 0xdd, 0xfe,
  0x82, 0x39, 0xfc, 0x00, 0x00, 0xff, 0x00, 0x00, 0xff, 0x40, 0x30, 0xfd, 0xe2, 0xb0, 0xfe, 0x02, 0xc9, 0xff, 0x02, 0xc9, 0xff, 0x02, 0xc9, 0xff,
  0x02, 0xc9, 0xff, 0x02, 0xc9, 0xff, 0x02, 0xc9, 0xff, 0x02, 0xc9, 0xff, 0x02, 0xc9, 0xff, 0x02, 0xc9, 0xff, 0x02, 0xc9, 0xff, 0x02, 0xc9, 0xff,
  0x02, 0xc9, 0xff, 0xe2, 0xa8, 0xfe, 0x20, 0x20, 0xfd, 0x00, 0x00, 0xff, 0x00, 0x00, 0xff, 0x00, 0x00, 0x7c, 0x00, 0x00, 0x03, 0x00, 0x00, 0x00,
  0x00, 0x00, 0x00, 0x00, 0x00, 0x00, 0x00, 0x00, 0x00, 0x00, 0x00, 0x00, 0x00, 0x00, 0x00, 0x00, 0x00, 0x00, 0x00, 0x00, 0x00, 0x00, 0x00, 0x00,
  0x00, 0x00, 0x00, 0x00, 0x00, 0x00, 0x00, 0x00, 0x00, 0x00, 0x00, 0x00, 0x00, 0x00, 0x00, 0x00, 0x00, 0x00, 0x00, 0x00, 0x00, 0x00, 0x00, 0x00,
  0x00, 0x00, 0x03, 0x00, 0x00, 0x84, 0x00, 0x00, 0xff, 0x00, 0x00, 0xff, 0x20, 0x28, 0xfd, 0xe2, 0xb0, 0xfe, 0x02, 0xc9, 0xff, 0x02, 0xc9, 0xff,
  0x02, 0xc9, 0xff, 0x02, 0xc9, 0xff, 0x02, 0xc9, 0xff, 0x02, 0xc9, 0xff, 0x02, 0xc9, 0xff, 0x02, 0xc9, 0xff, 0x02, 0xc9, 0xff, 0x02, 0xc9, 0xff,
  0x02, 0xc9, 0xff, 0x02, 0xc9, 0xff, 0xe2, 0xa0, 0xfd, 0x20, 0x18, 0xfd, 0x00, 0x00, 0xff, 0x00, 0x00, 0xff, 0x04, 0x73, 0xfc, 0x69, 0xf6, 0xff,
  0x8a, 0xfe, 0xff, 0x8a, 0xfe, 0xff, 0x8a, 0xfe, 0xff, 0x8a, 0xfe, 0xff, 0x8a, 0xfe, 0xff, 0x8a, 0xfe, 0xff, 0x8a, 0xfe, 0xff, 0x8a, 0xfe, 0xff,
  0x8a, 0xfe, 0xff, 0x8a, 0xfe, 0xff, 0x8a, 0xfe, 0xff, 0x8a, 0xfe, 0xff, 0x8a, 0xfe, 0xff, 0x8a, 0xfe, 0xff, 0x8a, 0xfe, 0xff, 0x8a, 0xfe, 0xff,
  0x8a, 0xfe, 0xff, 0x8a, 0xfe, 0xff, 0x8a, 0xfe, 0xff, 0x8a, 0xfe, 0xff, 0x8a, 0xfe, 0xff, 0x8a, 0xfe, 0xff, 0x8a, 0xfe, 0xff, 0xea, 0xd5, 0xfd,
  0x6e, 0x53, 0xfb, 0x10, 0x0a, 0xfe, 0xf0, 0x01, 0xff, 0xf0, 0x01, 0xff, 0xf0, 0x01, 0xff, 0xf0, 0x01, 0xff, 0xf0, 0x01, 0xff, 0xf0, 0x01, 0xff,
  0xf0, 0x01, 0xff, 0xf0, 0x01, 0xff, 0xf0, 0x01, 0xff, 0xaf, 0x2a, 0xfb, 0x8c, 0x94, 0xfd, 0xaf, 0x2a, 0xfb, 0xf0, 0x01, 0xff, 0xf0, 0x01, 0xff,
  0xf0, 0x01, 0xff, 0xf0, 0x01, 0xff, 0xf0, 0x01, 0xff, 0xf0, 0x01, 0xff, 0xf0, 0x01, 0xff, 0xf0, 0x01, 0xff, 0xf0, 0x01, 0xff, 0xf0, 0x01, 0xff,
  0xf0, 0x01, 0xff, 0xf0, 0x01, 0xff, 0xf0, 0x01, 0xff, 0xf0, 0x01, 0xff, 0xf0, 0x01, 0xff, 0xf0, 0x01, 0xff, 0xf0, 0x01, 0xff, 0xf0, 0x01, 0xff,
  0xf0, 0x01, 0xff, 0xf0, 0x01, 0xff, 0xf0, 0x01, 0xff, 0xf0, 0x01, 0xff, 0x0d, 0x74, 0xf9, 0x6a, 0xf6, 0xff, 0x8a, 0xfe, 0xff, 0x8a, 0xfe, 0xff,
  0x8a, 0xfe, 0xff, 0x8a, 0xfe, 0xff, 0x8a, 0xfe, 0xff, 0x8a, 0xfe, 0xff, 0x8a, 0xfe, 0xff, 0x8a, 0xfe, 0xff, 0x8a, 0xfe, 0xff, 0x2a, 0xe6, 0xff,
  0x0d, 0x74, 0xf9, 0x2d, 0x7c, 0xfb, 0xea, 0xd5, 0xfd, 0x0e, 0x43, 0xfd, 0xf0, 0x01, 0xff, 0xf0, 0x01, 0xff, 0xf0, 0x01, 0xff, 0x30, 0x12, 0xfc,
  0x2b, 0xad, 0xfb, 0x8a, 0xfe, 0xff, 0x8a, 0xfe, 0xff, 0x8a, 0xfe, 0xff, 0x8a, 0xfe, 0xff, 0x8a, 0xfe, 0xff, 0x8a, 0xfe, 0xff, 0x8a, 0xfe, 0xff,
  0x8a, 0xfe, 0xff, 0x8a, 0xfe, 0xff, 0x8a, 0xfe, 0xff, 0x8a, 0xfe, 0xff, 0x8a, 0xfe, 0xff, 0x8a, 0xfe, 0xff, 0x8a, 0xfe, 0xff, 0x8a, 0xfe, 0xff,
  0x8a, 0xfe, 0xff, 0x8a, 0xfe, 0xff, 0x8a, 0xfe, 0xff, 0x8a, 0xfe, 0xff, 0x8a, 0xfe, 0xff, 0x8a, 0xfe, 0xff, 0x8a, 0xfe, 0xff, 0x8a, 0xfe, 0xff,
  0x8a, 0xfe, 0xff, 0x8a, 0xfe, 0xff, 0x8a, 0xfe, 0xff, 0x8a, 0xfe, 0xff, 0x8a, 0xfe, 0xff, 0x8a, 0xfe, 0xff, 0x8a, 0xfe, 0xff, 0x8a, 0xfe, 0xff,
  0x8a, 0xfe, 0xff, 0x8a, 0xfe, 0xff, 0x8a, 0xfe, 0xff, 0x8a, 0xfe, 0xff, 0x8a, 0xfe, 0xff, 0x8a, 0xfe, 0xff, 0x8a, 0xfe, 0xff, 0x8a, 0xfe, 0xff,
  0x8a, 0xfe, 0xff, 0x8a, 0xfe, 0xff, 0x8a, 0xfe, 0xff, 0x8a, 0xfe, 0xff, 0x8a, 0xfe, 0xff, 0x8a, 0xfe, 0xff, 0x8a, 0xfe, 0xff, 0x8a, 0xfe, 0xff,
  0x8a, 0xfe, 0xff, 0x8a, 0xfe, 0xff, 0x8a, 0xfe, 0xff, 0x8a, 0xfe, 0xff, 0x8a, 0xfe, 0xff, 0x8a, 0xfe, 0xff, 0x8a, 0xfe, 0xff, 0x6a, 0xf6, 0xff,
  0x66, 0xac, 0xfc, 0xa1, 0x18, 0xfd, 0x00, 0x00, 0xff, 0x00, 0x08, 0xfe, 0x81, 0x70, 0xfc, 0x02, 0xc9, 0xff, 0x02, 0xc9, 0xff, 0x02, 0xc9, 0xff,
  0x02, 0xc9, 0xff, 0x02, 0xc9, 0xff, 0x02, 0xc9, 0xff, 0x02, 0xc9, 0xff, 0x02, 0xc9, 0xff, 0x02, 0xc9, 0xff, 0x02, 0xc9, 0xff, 0x02, 0xc9, 0xff,
  0x02, 0xc9, 0xff, 0x02, 0xc1, 0xff, 0x61, 0x58, 0xfc, 0x00, 0x00, 0xff, 0x00, 0x00, 0xff, 0x00, 0x00, 0xc5, 0x00, 0x00, 0x1c, 0x00, 0x00, 0x00,
  0x00, 0x00, 0x00, 0x00, 0x00, 0x00, 0x00, 0x00, 0x00, 0x00, 0x00, 0x00, 0x00, 0x00, 0x00, 0x00, 0x00, 0x00, 0x00, 0x00, 0x00, 0x00, 0x00, 0x00,
  0x00, 0x00, 0x00, 0x00, 0x00, 0x00, 0x00, 0x00, 0x00, 0x00, 0x00, 0x00, 0x00, 0x00, 0x00, 0x00, 0x00, 0x00, 0x00, 0x00, 0x00, 0x00, 0x00, 0x00,
  0x00, 0x00, 0x24, 0x00, 0x00, 0xd5, 0x00, 0x00, 0xff, 0x00, 0x00, 0xff, 0x81, 0x68, 0xfd, 0x02, 0xc9, 0xff, 0x02, 0xc9, 0xff, 0x02, 0xc9, 0xff,
  0x02, 0xc9, 0xff, 0x02, 0xc9, 0xff, 0x02, 0xc9, 0xff, 0x02, 0xc9, 0xff, 0x02, 0xc9, 0xff, 0x02, 0xc9, 0xff, 0x02, 0xc9, 0xff, 0x02, 0xc9, 0xff,
  0x02, 0xc9, 0xff, 0x02, 0xc1, 0xff, 0x61, 0x58, 0xfc, 0x00, 0x00, 0xff, 0x00, 0x00, 0xff, 0x21, 0x29, 0xfb, 0x48, 0xcd, 0xfe, 0x8a, 0xfe, 0xff,
  0x8a, 0xfe, 0xff, 0x8a, 0xfe, 0xff, 0x8a, 0xfe, 0xff, 0x8a, 0xfe, 0xff, 0x8a, 0xfe, 0xff, 0x8a, 0xfe, 0xff, 0x8a, 0xfe, 0xff, 0x8a, 0xfe, 0xff,
  0x8a, 0xfe, 0xff, 0x8a, 0xfe, 0xff, 0x8a, 0xfe, 0xff, 0x8a, 0xfe, 0xff, 0x8a, 0xfe, 0xff, 0x8a, 0xfe, 0xff, 0x8a, 0xfe, 0xff, 0x8a, 0xfe, 0xff,
  0x8a, 0xfe, 0xff, 0x8a, 0xfe, 0xff, 0x8a, 0xfe, 0xff, 0x8a, 0xfe, 0xff, 0x8a, 0xfe, 0xff, 0x8a, 0xf6, 0xff, 0xab, 0xcd, 0xfc, 0x2e, 0x4b, 0xfb,
  0x10, 0x0a, 0xfe, 0xf0, 0x01, 0xff, 0xf0, 0x01, 0xff, 0xf0, 0x01, 0xff, 0xf0, 0x01, 0xff, 0xf0, 0x01, 0xff, 0xf0, 0x01, 0xff, 0xf0, 0x01, 0xff,
  0xf0, 0x01, 0xff, 0xf0, 0x01, 0xff, 0x10, 0x0a, 0xfe, 0xcd, 0x6b, 0xfa, 0x6e, 0x53, 0xf7, 0x10, 0x0a, 0xfe, 0xf0, 0x01, 0xff, 0xf0, 0x01, 0xff,
  0xf0, 0x01, 0xff, 0xf0, 0x01, 0xff, 0xf0, 0x01, 0xff, 0xf0, 0x01, 0xff, 0xf0, 0x01, 0xff, 0xf0, 0x01, 0xff, 0xf0, 0x01, 0xff, 0xf0, 0x01, 0xff,
  0xf0, 0x01, 0xff, 0xf0, 0x01, 0xff, 0xf0, 0x01, 0xff, 0xf0, 0x01, 0xff, 0xf0, 0x01, 0xff, 0xf0, 0x01, 0xff, 0xf0, 0x01, 0xff, 0xf0, 0x01, 0xff,
  0xf0, 0x01, 0xff, 0xf0, 0x01, 0xff, 0xf0, 0x01, 0xff, 0xf0, 0x01, 0xff, 0xae, 0x5b, 0xfa, 0x6a, 0xf6, 0xff, 0x8a, 0xfe, 0xff, 0x8a, 0xfe, 0xff,
  0x8a, 0xfe, 0xff, 0x8a, 0xfe, 0xff, 0x8a, 0xfe, 0xff, 0x8a, 0xfe, 0xff, 0x8a, 0xfe, 0xff, 0x8a, 0xfe, 0xff, 0x2a, 0xe6, 0xff, 0xcd, 0x6b, 0xfa,
  0x0e, 0x43, 0xfd, 0xab, 0xcd, 0xfc, 0x6d, 0x8c, 0xfb, 0x10, 0x0a, 0xfe, 0xf0, 0x01, 0xff, 0xf0, 0x01, 0xff, 0xf0, 0x01, 0xff, 0x10, 0x0a, 0xfe,
  0xec, 0xa4, 0xf6, 0x8a, 0xfe, 0xff, 0x8a, 0xfe, 0xff, 0x8a, 0xfe, 0xff, 0x8a, 0xfe, 0xff, 0x8a, 0xfe, 0xff, 0x8a, 0xfe, 0xff, 0x8a, 0xfe, 0xff,
  0x8a, 0xfe, 0xff, 0x8a, 0xfe, 0xff, 0x8a, 0xfe, 0xff, 0x8a, 0xfe, 0xff, 0x8a, 0xfe, 0xff, 0x8a, 0xfe, 0xff, 0x8a, 0xfe, 0xff, 0x8a, 0xfe, 0xff,
  0x8a, 0xfe, 0xff, 0x8a, 0xfe, 0xff, 0x8a, 0xfe, 0xff, 0x8a, 0xfe, 0xff, 0x8a, 0xfe, 0xff, 0x8a, 0xfe, 0xff, 0x8a, 0xfe, 0xff, 0x8a, 0xfe, 0xff,
  0x8a, 0xfe, 0xff, 0x8a, 0xfe, 0xff, 0x8a, 0xfe, 0xff, 0x8a, 0xfe, 0xff, 0x8a, 0xfe, 0xff, 0x8a, 0xfe, 0xff, 0x8a, 0xfe, 0xff, 0x8a, 0xfe, 0xff,
  0x8a, 0xfe, 0xff, 0x8a, 0xfe, 0xff, 0x8a, 0xfe, 0xff, 0x8a, 0xfe, 0xff, 0x8a, 0xfe, 0xff, 0x8a, 0xfe, 0xff, 0x8a, 0xfe, 0xff, 0x8a, 0xfe, 0xff,
  0x8a, 0xfe, 0xff, 0x8a, 0xfe, 0xff, 0x8a, 0xfe, 0xff, 0x8a, 0xfe, 0xff, 0x8a, 0xfe, 0xff, 0x8a, 0xfe, 0xff, 0x8a, 0xfe, 0xff, 0x8a, 0xfe, 0xff,
  0x8a, 0xfe, 0xff, 0x8a, 0xfe, 0xff, 0x8a, 0xfe, 0xff, 0x8a, 0xfe, 0xff, 0x8a, 0xfe, 0xff, 0x8a, 0xfe, 0xff, 0x8a, 0xfe, 0xff, 0x8a, 0xfe, 0xff,
  0x49, 0xee, 0xff, 0xc4, 0x6a, 0xfb, 0x00, 0x00, 0xff, 0x00, 0x00, 0xff, 0x20, 0x28, 0xfd, 0xe2, 0xa8, 0xfe, 0x02, 0xc9, 0xff, 0x02, 0xc9, 0xff,
  0x02, 0xc9, 0xff, 0x02, 0xc9, 0xff, 0x02, 0xc9, 0xff, 0x02, 0xc9, 0xff, 0x02, 0xc9, 0xff, 0x02, 0xc9, 0xff, 0x02, 0xc9, 0xff, 0x02, 0xc9, 0xff,
  0x02, 0xc9, 0xff, 0x02, 0xc9, 0xff, 0xc1, 0x98, 0xfd, 0x00, 0x10, 0xfd, 0x00, 0x00, 0xff, 0x00, 0x00, 0xf4, 0x00, 0x00, 0x5c, 0x00, 0x00, 0x02,
  0x00, 0x00, 0x00, 0x00, 0x00, 0x00, 0x00, 0x00, 0x00, 0x00, 0x00, 0x00, 0x00, 0x00, 0x00, 0x00, 0x00, 0x00, 0x00, 0x00, 0x00, 0x00, 0x00, 0x00,
  0x00, 0x00, 0x00, 0x00, 0x00, 0x00, 0x00, 0x00, 0x00, 0x00, 0x00, 0x00, 0x00, 0x00, 0x00, 0x00, 0x00, 0x00, 0x00, 0x00, 0x00, 0x00, 0x00, 0x03,
  0x00, 0x00, 0x74, 0x00, 0x00, 0xf4, 0x00, 0x00, 0xff, 0x20, 0x20, 0xfd, 0xe2, 0xa8, 0xfe, 0x02, 0xc9, 0xff, 0x02, 0xc9, 0xff, 0x02, 0xc9, 0xff,
  0x02, 0xc9, 0xff, 0x02, 0xc9, 0xff, 0x02, 0xc9, 0xff, 0x02, 0xc9, 0xff, 0x02, 0xc9, 0xff, 0x02, 0xc9, 0xff, 0x02, 0xc9, 0xff, 0x02, 0xc9, 0xff,
  0x02, 0xc9, 0xff, 0xc1, 0xa0, 0xfd, 0x20, 0x18, 0xfd, 0x00, 0x00, 0xff, 0x00, 0x08, 0xfe, 0xa5, 0x8b, 0xfc, 0x6a, 0xf6, 0xff, 0x8a, 0xfe, 0xff,
  0x8a, 0xfe, 0xff, 0x8a, 0xfe, 0xff, 0x8a, 0xfe, 0xff, 0x8a, 0xfe, 0xff, 0x8a, 0xfe, 0xff, 0x8a, 0xfe, 0xff, 0x8a, 0xfe, 0xff, 0x8a, 0xfe, 0xff,
  0x8a, 0xfe, 0xff, 0x8a, 0xfe, 0xff, 0x8a, 0xfe, 0xff, 0x8a, 0xfe, 0xff, 0x8a, 0xfe, 0xff, 0x8a, 0xfe, 0xff, 0x8a, 0xfe, 0xff, 0x8a, 0xfe, 0xff,
  0x8a, 0xfe, 0xff, 0x8a, 0xfe, 0xff, 0x8a, 0xfe, 0xff, 0x8a, 0xfe, 0xff, 0x8a, 0xfe, 0xff, 0xab, 0xcd, 0xfc, 0xef, 0x3a, 0xfc, 0xf0, 0x09, 0xff,
  0xf0, 0x01, 0xff, 0xf0, 0x01, 0xff, 0xf0, 0x01, 0xff, 0xf0, 0x01, 0xff, 0xf0, 0x01, 0xff, 0xf0, 0x01, 0xff, 0xf0, 0x01, 0xff, 0xf0, 0x01, 0xff,
  0xf0, 0x01, 0xff, 0xf0, 0x01, 0xff, 0xaf, 0x2a, 0xfb, 0x0d, 0x74, 0xf9, 0x30, 0x12, 0xfe, 0xf0, 0x01, 0xff, 0xf0, 0x01, 0xff, 0xf0, 0x01, 0xff,
  0xf0, 0x01, 0xff, 0xf0, 0x01, 0xff, 0xf0, 0x01, 0xff, 0xf0, 0x01, 0xff, 0xf0, 0x01, 0xff, 0xf0, 0x01, 0xff, 0xf0, 0x01, 0xff, 0xf0, 0x01, 0xff,
  0xf0, 0x01, 0xff, 0xf0, 0x01, 0xff, 0xf0, 0x01, 0xff, 0xf0, 0x01, 0xff, 0xf0, 0x01, 0xff, 0xf0, 0x01, 0xff, 0xf0, 0x01, 0xff, 0xf0, 0x01, 0xff,
  0xf0, 0x01, 0xff, 0xf0, 0x01, 0xff, 0xf0, 0x01, 0xff, 0xf0, 0x01, 0xff, 0x2e, 0x4b, 0xfb, 0x4a, 0xee, 0xfe, 0x8a, 0xfe, 0xff, 0x8a, 0xfe, 0xff,
  0x8a, 0xfe, 0xff, 0x8a, 0xfe, 0xff, 0x8a, 0xfe, 0xff, 0x8a, 0xfe, 0xff, 0x8a, 0xfe, 0xff, 0x2a, 0xe6, 0xff, 0xcd, 0x6b, 0xfa, 0x4f, 0x1a, 0xfc,
  0xac, 0x9c, 0xfc, 0xab, 0xcd, 0xfc, 0xaf, 0x2a, 0xfb, 0xf0, 0x01, 0xff, 0xf0, 0x01, 0xff, 0xf0, 0x01, 0xff, 0xf0, 0x01, 0xff, 0x10, 0x0a, 0xfe,
  0xac, 0x9c, 0xfc, 0x8a, 0xfe, 0xff, 0x8a, 0xfe, 0xff, 0x8a, 0xfe, 0xff, 0x8a, 0xfe, 0xff, 0x8a, 0xfe, 0xff, 0x8a, 0xfe, 0xff, 0x8a, 0xfe, 0xff,
  0x8a, 0xfe, 0xff, 0x8a, 0xfe, 0xff, 0x8a, 0xfe, 0xff, 0x8a, 0xfe, 0xff, 0x8a, 0xfe, 0xff, 0x8a, 0xfe, 0xff, 0x8a, 0xfe, 0xff, 0x8a, 0xfe, 0xff,
  0x8a, 0xfe, 0xff, 0x8a, 0xfe, 0xff, 0x8a, 0xfe, 0xff, 0x8a, 0xfe, 0xff, 0x8a, 0xfe, 0xff, 0x8a, 0xfe, 0xff, 0x8a, 0xfe, 0xff, 0x8a, 0xfe, 0xff,
  0x8a, 0xfe, 0xff, 0x8a, 0xfe, 0xff, 0x8a, 0xfe, 0xff, 0x8a, 0xfe, 0xff, 0x8a, 0xfe, 0xff, 0x8a, 0xfe, 0xff, 0x8a, 0xfe, 0xff, 0x8a, 0xfe, 0xff,
  0x8a, 0xfe, 0xff, 0x8a, 0xfe, 0xff, 0x8a, 0xfe, 0xff, 0x8a, 0xfe, 0xff, 0x8a, 0xfe, 0xff, 0x8a, 0xfe, 0xff, 0x8a, 0xfe, 0xff, 0x8a, 0xfe, 0xff,
  0x8a, 0xfe, 0xff, 0x8a, 0xfe, 0xff, 0x8a, 0xfe, 0xff, 0x8a, 0xfe, 0xff, 0x8a, 0xfe, 0xff, 0x8a, 0xfe, 0xff, 0x8a, 0xfe, 0xff, 0x8a, 0xfe, 0xff,
  0x8a, 0xfe, 0xff, 0x8a, 0xfe, 0xff, 0x8a, 0xfe, 0xff, 0x8a, 0xfe, 0xff, 0x8a, 0xfe, 0xff, 0x8a, 0xfe, 0xff, 0x8a, 0xfe, 0xff, 0x8a, 0xfe, 0xff,
  0x8a, 0xfe, 0xff, 0x48, 0xcd, 0xfe, 0xe1, 0x20, 0xfd, 0x00, 0x00, 0xff, 0x00, 0x00, 0xff, 0x81, 0x68, 0xfd, 0x02, 0xc9, 0xff, 0x02, 0xc9, 0xff,
  0x02, 0xc9, 0xff, 0x02, 0xc9, 0xff, 0x02, 0xc9, 0xff, 0x02, 0xc9, 0xff, 0x02, 0xc9, 0xff, 0x02, 0xc9, 0xff, 0x02, 0xc9, 0xff, 0x02, 0xc9, 0xff,
  0x02, 0xc9, 0xff, 0x02, 0xc9, 0xff, 0x02, 0xc1, 0xff, 0x60, 0x48, 0xfc, 0x00, 0x00, 0xff, 0x00, 0x00, 0xff, 0x00, 0x00, 0xac, 0x00, 0x00, 0x0c,
  0x00, 0x00, 0x00, 0x00, 0x00, 0x00, 0x00, 0x00, 0x00, 0x00, 0x00, 0x00, 0x00, 0x00, 0x00, 0x00, 0x00, 0x00, 0x00, 0x00, 0x00, 0x00, 0x00, 0x00,
  0x00, 0x00, 0x00, 0x00, 0x00, 0x00, 0x00, 0x00, 0x00, 0x00, 0x00, 0x00, 0x00, 0x00, 0x00, 0x00, 0x00, 0x00, 0x00, 0x00, 0x00, 0x00, 0x00, 0x1c,
  0x00, 0x00, 0xcc, 0x00, 0x00, 0xff, 0x00, 0x00, 0xff, 0x81, 0x58, 0xfc, 0x02, 0xc1, 0xff, 0x02, 0xc9, 0xff, 0x02, 0xc9, 0xff, 0x02, 0xc9, 0xff,
  0x02, 0xc9, 0xff, 0x02, 0xc9, 0xff, 0x02, 0xc9, 0xff, 0x02, 0xc9, 0xff, 0x02, 0xc9, 0xff, 0x02, 0xc9, 0xff, 0x02, 0xc9, 0xff, 0x02, 0xc9, 0xff,
  0x02, 0xc1, 0xff, 0x61, 0x58, 0xfc, 0x00, 0x00, 0xff, 0x00, 0x00, 0xff, 0x21, 0x29, 0xfb, 0xa8, 0xdd, 0xfe, 0x8a, 0xfe, 0xff, 0x8a, 0xfe, 0xff,
  0x8a, 0xfe, 0xff, 0x8a, 0xfe, 0xff, 0x8a, 0xfe, 0xff, 0x8a, 0xfe, 0xff, 0x8a, 0xfe, 0xff, 0x8a, 0xfe, 0xff, 0x8a, 0xfe, 0xff, 0x8a, 0xfe, 0xff,
  0x8a, 0xfe, 0xff, 0x8a, 0xfe, 0xff, 0x8a, 0xfe, 0xff, 0x8a, 0xfe, 0xff, 0x8a, 0xfe, 0xff, 0x8a, 0xfe, 0xff, 0x8a, 0xfe, 0xff, 0x8a, 0xfe, 0xff,
  0x8a, 0xfe, 0xff, 0x8a, 0xfe, 0xff, 0x8a, 0xfe, 0xff, 0x8a, 0xfe, 0xff, 0x0a, 0xde, 0xfe, 0x6e, 0x53, 0xf7, 0x10, 0x0a, 0xfe, 0xf0, 0x01, 0xff,
  0xf0, 0x01, 0xff, 0xf0, 0x01, 0xff, 0xf0, 0x01, 0xff, 0xf0, 0x01, 0xff, 0xf0, 0x01, 0xff, 0xf0, 0x01, 0xff, 0xf0, 0x01, 0xff, 0xf0, 0x01, 0xff,
  0xf0, 0x01, 0xff, 0x10, 0x0a, 0xfe, 0xae, 0x63, 0xff, 0xef, 0x3a, 0xfc, 0xf0, 0x01, 0xff, 0xf0, 0x01, 0xff, 0xf0, 0x01, 0xff, 0xf0, 0x01, 0xff,
  0xf0, 0x01, 0xff, 0xf0, 0x01, 0xff, 0xf0, 0x01, 0xff, 0xf0, 0x01, 0xff, 0xf0, 0x01, 0xff, 0xf0, 0x01, 0xff, 0xf0, 0x01, 0xff, 0xf0, 0x01, 0xff,
  0xf0, 0x01, 0xff, 0xf0, 0x01, 0xff, 0xf0, 0x01, 0xff, 0xf0, 0x01, 0xff, 0xf0, 0x01, 0xff, 0xf0, 0x01, 0xff, 0xf0, 0x01, 0xff, 0xf0, 0x01, 0xff,
  0xf0, 0x01, 0xff, 0xf0, 0x01, 0xff, 0xf0, 0x01, 0xff, 0xf0, 0x01, 0xff, 0xef, 0x3a, 0xfc, 0x4a, 0xee, 0xfe, 0x8a, 0xfe, 0xff, 0x8a, 0xfe, 0xff,
  0x8a, 0xfe, 0xff, 0x8a, 0xfe, 0xff, 0x8a, 0xfe, 0xff, 0x8a, 0xfe, 0xff, 0x2a, 0xe6, 0xff, 0x0d, 0x74, 0xf9, 0x30, 0x12, 0xfe, 0x0e, 0x43, 0xfd,
  0xea, 0xd5, 0xfd, 0xcd, 0x6b, 0xfa, 0x10, 0x0a, 0xfe, 0xf0, 0x01, 0xff, 0xf0, 0x01, 0xff, 0xf0, 0x01, 0xff, 0xf0, 0x01, 0xff, 0x10, 0x0a, 0xfe,
  0xac, 0x9c, 0xfc, 0x8a, 0xfe, 0xff, 0x8a, 0xfe, 0xff, 0x8a, 0xfe, 0xff, 0x8a, 0xfe, 0xff, 0x8a, 0xfe, 0xff, 0x8a, 0xfe, 0xff, 0x8a, 0xfe, 0xff,
  0x8a, 0xfe, 0xff, 0x8a, 0xfe, 0xff, 0x8a, 0xfe, 0xff, 0x8a, 0xfe, 0xff, 0x8a, 0xfe, 0xff, 0x8a, 0xfe, 0xff, 0x8a, 0xfe, 0xff, 0x8a, 0xfe, 0xff,
  0x8a, 0xfe, 0xff, 0x8a, 0xfe, 0xff, 0x8a, 0xfe, 0xff, 0x8a, 0xfe, 0xff, 0x8a, 0xfe, 0xff, 0x8a, 0xfe, 0xff, 0x8a, 0xfe, 0xff, 0x8a, 0xfe, 0xff,
  0x8a, 0xfe, 0xff, 0x8a, 0xfe, 0xff, 0x8a, 0xfe, 0xff, 0x8a, 0xfe, 0xff, 0x8a, 0xfe, 0xff, 0x8a, 0xfe, 0xff, 0x8a, 0xfe, 0xff, 0x8a, 0xfe, 0xff,
  0x8a, 0xfe, 0xff, 0x8a, 0xfe, 0xff, 0x8a, 0xfe, 0xff, 0x8a, 0xfe, 0xff, 0x8a, 0xfe, 0xff, 0x8a, 0xfe, 0xff, 0x8a, 0xfe, 0xff, 0x8a, 0xfe, 0xff,
  0x8a, 0xfe, 0xff, 0x8a, 0xfe, 0xff, 0x8a, 0xfe, 0xff, 0x8a, 0xfe, 0xff, 0x8a, 0xfe, 0xff, 0x8a, 0xfe, 0xff, 0x8a, 0xfe, 0xff, 0x8a, 0xfe, 0xff,
  0x8a, 0xfe, 0xff, 0x8a, 0xfe, 0xff, 0x8a, 0xfe, 0xff, 0x8a, 0xfe, 0xff, 0x8a, 0xfe, 0xff, 0x8a, 0xfe, 0xff, 0x8a, 0xfe, 0xff, 0x8a, 0xfe, 0xff,
  0x8a, 0xfe, 0xff, 0x49, 0xee, 0xff, 0xc4, 0x6a, 0xfb, 0x00, 0x00, 0xff, 0x00, 0x00, 0xff, 0x20, 0x28, 0xfd, 0xe2, 0xb0, 0xfe, 0x02, 0xc9, 0xff,
  0x02, 0xc9, 0xff, 0x02, 0xc9, 0xff, 0x02, 0xc9, 0xff, 0x02, 0xc9, 0xff, 0x02, 0xc9, 0xff, 0x02, 0xc9, 0xff, 0x02, 0xc9, 0xff, 0x02, 0xc9, 0xff,
  0x02, 0xc9, 0xff, 0x02, 0xc9, 0xff, 0x02, 0xc9, 0xff, 0xa1, 0x80, 0xfd, 0x00, 0x08, 0xfe, 0x00, 0x00, 0xff, 0x00, 0x00, 0xe4, 0x00, 0x00, 0x34,
  0x00, 0x00, 0x02, 0x00, 0x00, 0x00, 0x00, 0x00, 0x00, 0x00, 0x00, 0x00, 0x00, 0x00, 0x00, 0x00, 0x00, 0x00, 0x00, 0x00, 0x00, 0x00, 0x00, 0x00,
  0x00, 0x00, 0x00, 0x00, 0x00, 0x00, 0x00, 0x00, 0x00, 0x00, 0x00, 0x00, 0x00, 0x00, 0x00, 0x00, 0x00, 0x00, 0x00, 0x00, 0x02, 0x00, 0x00, 0x5c,
  0x00, 0x00, 0xf4, 0x00, 0x00, 0xff, 0x20, 0x18, 0xfd, 0xe2, 0xa0, 0xfd, 0x02, 0xc9, 0xff, 0x02, 0xc9, 0xff, 0x02, 0xc9, 0xff, 0x02, 0xc9, 0xff,
  0x02, 0xc9, 0xff, 0x02, 0xc9, 0xff, 0x02, 0xc9, 0xff, 0x02, 0xc9, 0xff, 0x02, 0xc9, 0xff, 0x02, 0xc9, 0xff, 0x02, 0xc9, 0xff, 0x02, 0xc9, 0xff,
  0xc1, 0x90, 0xfd, 0x20, 0x18, 0xfd, 0x00, 0x00, 0xff, 0x40, 0x08, 0xfe, 0xc5, 0x8b, 0xfb, 0x69, 0xf6, 0xff, 0x8a, 0xfe, 0xff, 0x8a, 0xfe, 0xff,
  0x8a, 0xfe, 0xff, 0x8a, 0xfe, 0xff, 0x8a, 0xfe, 0xff, 0x8a, 0xfe, 0xff, 0x8a, 0xfe, 0xff, 0x8a, 0xfe, 0xff, 0x8a, 0xfe, 0xff, 0x8a, 0xfe, 0xff,
  0x8a, 0xfe, 0xff, 0x8a, 0xfe, 0xff, 0x8a, 0xfe, 0xff, 0x8a, 0xfe, 0xff, 0x8a, 0xfe, 0xff, 0x8a, 0xfe, 0xff, 0x8a, 0xfe, 0xff, 0x8a, 0xfe, 0xff,
  0x8a, 0xfe, 0xff, 0x8a, 0xfe, 0xff, 0x8a, 0xfe, 0xff, 0xea, 0xd5, 0xfd, 0xae, 0x63, 0xff, 0x10, 0x0a, 0xfe, 0xf0, 0x01, 0xff, 0xf0, 0x01, 0xff,
  0xf0, 0x01, 0xff, 0xf0, 0x01, 0xff, 0xf0, 0x01, 0xff, 0xf0, 0x01, 0xff, 0xf0, 0x01, 0xff, 0xf0, 0x01, 0xff, 0xf0, 0x01, 0xff, 0xf0, 0x01, 0xff,
  0xf0, 0x01, 0xff, 0xaf, 0x2a, 0xfb, 0xae, 0x63, 0xff, 0x10, 0x0a, 0xfe, 0xf0, 0x01, 0xff, 0xf0, 0x01, 0xff, 0xf0, 0x01, 0xff, 0xf0, 0x01, 0xff,
  0xf0, 0x01, 0xff, 0xf0, 0x01, 0xff, 0xf0, 0x01, 0xff, 0xf0, 0x01, 0xff, 0xf0, 0x01, 0xff, 0xf0, 0x01, 0xff, 0xf0, 0x01, 0xff, 0xf0, 0x01, 0xff,
  0xf0, 0x01, 0xff, 0xf0, 0x01, 0xff, 0xf0, 0x01, 0xff, 0xf0, 0x01, 0xff, 0xf0, 0x01, 0xff, 0xf0, 0x01, 0xff, 0xf0, 0x01, 0xff, 0xf0, 0x01, 0xff,
  0xf0, 0x01, 0xff, 0xf0, 0x01, 0xff, 0xf0, 0x01, 0xff, 0xf0, 0x01, 0xff, 0xef, 0x3a, 0xfc, 0x4a, 0xee, 0xfe, 0x8a, 0xfe, 0xff, 0x8a, 0xfe, 0xff,
  0x8a, 0xfe, 0xff, 0x8a, 0xfe, 0xff, 0x8a, 0xfe, 0xff, 0x2a, 0xe6, 0xff, 0xcd, 0x6b, 0xfa, 0x10, 0x0a, 0xfe, 0x30, 0x12, 0xfe, 0xac, 0x9c, 0xfc,
  0xac, 0x9c, 0xfc, 0x4f, 0x1a, 0xfc, 0xf0, 0x01, 0xff, 0xf0, 0x01, 0xff, 0xf0, 0x01, 0xff, 0xf0, 0x01, 0xff, 0xf0, 0x01, 0xff, 0x10, 0x0a, 0xfe,
  0x6d, 0x8c, 0xfb, 0x8a, 0xf6, 0xff, 0x8a, 0xfe, 0xff, 0x8a, 0xfe, 0xff, 0x8a, 0xfe, 0xff, 0x8a, 0xfe, 0xff, 0x8a, 0xfe, 0xff, 0x8a, 0xfe, 0xff,
  0x8a, 0xfe, 0xff, 0x8a, 0xfe, 0xff, 0x8a, 0xfe, 0xff, 0x8a, 0xfe, 0xff, 0x8a, 0xfe, 0xff, 0x8a, 0xfe, 0xff, 0x8a, 0xfe, 0xff, 0x8a, 0xfe, 0xff,
  0x8a, 0xfe, 0xff, 0x8a, 0xfe, 0xff, 0x8a, 0xfe, 0xff, 0x8a, 0xfe, 0xff, 0x8a, 0xfe, 0xff, 0x8a, 0xfe, 0xff, 0x8a, 0xfe, 0xff, 0x8a, 0xfe, 0xff,
  0x8a, 0xfe, 0xff, 0x8a, 0xfe, 0xff, 0x8a, 0xfe, 0xff, 0x8a, 0xfe, 0xff, 0x8a, 0xfe, 0xff, 0x8a, 0xfe, 0xff, 0x8a, 0xfe, 0xff, 0x8a, 0xfe, 0xff,
  0x8a, 0xfe, 0xff, 0x8a, 0xfe, 0xff, 0x8a, 0xfe, 0xff, 0x8a, 0xfe, 0xff, 0x8a, 0xfe, 0xff, 0x8a, 0xfe, 0xff, 0x8a, 0xfe, 0xff, 0x8a, 0xfe, 0xff,
  0x8a, 0xfe, 0xff, 0x8a, 0xfe, 0xff, 0x8a, 0xfe, 0xff, 0x8a, 0xfe, 0xff, 0x8a, 0xfe, 0xff, 0x8a, 0xfe, 0xff, 0x8a, 0xfe, 0xff, 0x8a, 0xfe, 0xff,
  0x8a, 0xfe, 0xff, 0x8a, 0xfe, 0xff, 0x8a, 0xfe, 0xff, 0x8a, 0xfe, 0xff, 0x8a, 0xfe, 0xff, 0x8a, 0xfe, 0xff, 0x8a, 0xfe, 0xff, 0x8a, 0xfe, 0xff,
  0x8a, 0xfe, 0xff, 0x8a, 0xfe, 0xff, 0x07, 0xc5, 0xfd, 0xa1, 0x18, 0xfd, 0x00, 0x00, 0xff, 0x00, 0x08, 0xfe, 0xa1, 0x78, 0xfd, 0x02, 0xc9, 0xff,
  0x02, 0xc9, 0xff, 0x02, 0xc9, 0xff, 0x02, 0xc9, 0xff, 0x02, 0xc9, 0xff, 0x02, 0xc9, 0xff, 0x02, 0xc9, 0xff, 0x02, 0xc9, 0xff, 0x02, 0xc9, 0xff,
  0x02, 0xc9, 0xff, 0x02, 0xc9, 0xff, 0x02, 0xc9, 0xff, 0xe2, 0xb0, 0xfe, 0x40, 0x30, 0xfd, 0x00, 0x00, 0xff, 0x00, 0x00, 0xff, 0x00, 0x00, 0x8d,
  0x00, 0x00, 0x0c, 0x00, 0x00, 0x00, 0x00, 0x00, 0x00, 0x00, 0x00, 0x00, 0x00, 0x00, 0x00, 0x00, 0x00, 0x00, 0x00, 0x00, 0x00, 0x00, 0x00, 0x00,
  0x00, 0x00, 0x00, 0x00, 0x00, 0x00, 0x00, 0x00, 0x00, 0x00, 0x00, 0x00, 0x00, 0x00, 0x00, 0x00, 0x00, 0x00, 0x00, 0x00, 0x0c, 0x00, 0x00, 0xac,
  0x00, 0x00, 0xff, 0x00, 0x00, 0xff, 0x60, 0x48, 0xfa, 0x02, 0xc1, 0xff, 0x02, 0xc9, 0xff, 0x02, 0xc9, 0xff, 0x02, 0xc9, 0xff, 0x02, 0xc9, 0xff,
  0x02, 0xc9, 0xff, 0x02, 0xc9, 0xff, 0x02, 0xc9, 0xff, 0x02, 0xc9, 0xff, 0x02, 0xc9, 0xff, 0x02, 0xc9, 0xff, 0x02, 0xc9, 0xff, 0x02, 0xc1, 0xff,
  0x60, 0x48, 0xfc, 0x00, 0x00, 0xff, 0x00, 0x00, 0xff, 0xc2, 0x41, 0xfc, 0x29, 0xee, 0xfe, 0x8a, 0xfe, 0xff, 0x8a, 0xfe, 0xff, 0x8a, 0xfe, 0xff,
  0x8a, 0xfe, 0xff, 0x8a, 0xfe, 0xff, 0x8a, 0xfe, 0xff, 0x8a, 0xfe, 0xff, 0x8a, 0xfe, 0xff, 0x8a, 0xfe, 0xff, 0x8a, 0xfe, 0xff, 0x8a, 0xfe, 0xff,
  0x8a, 0xfe, 0xff, 0x8a, 0xfe, 0xff, 0x8a, 0xfe, 0xff, 0x8a, 0xfe, 0xff, 0x8a, 0xfe, 0xff, 0x8a, 0xfe, 0xff, 0x8a, 0xfe, 0xff, 0x8a, 0xfe, 0xff,
  0x8a, 0xfe, 0xff, 0x8a, 0xfe, 0xff, 0xea, 0xd5, 0xfd, 0x6e, 0x53, 0xfb, 0x10, 0x0a, 0xfe, 0xf0, 0x01, 0xff, 0xf0, 0x01, 0xff, 0xf0, 0x01, 0xff,
  0xf0, 0x01, 0xff, 0xf0, 0x01, 0xff, 0xf0, 0x01, 0xff, 0xf0, 0x01, 0xff, 0xf0, 0x01, 0xff, 0xf0, 0x01, 0xff, 0xf0, 0x01, 0xff, 0xf0, 0x01, 0xff,
  0x30, 0x12, 0xfe, 0xae, 0x5b, 0xfa, 0x6f, 0x22, 0xfb, 0xf0, 0x01, 0xff, 0xf0, 0x01, 0xff, 0xf0, 0x01, 0xff, 0xf0, 0x01, 0xff, 0xf0, 0x01, 0xff,
  0xf0, 0x01, 0xff, 0xf0, 0x01, 0xff, 0xf0, 0x01, 0xff, 0xf0, 0x01, 0xff, 0xf0, 0x01, 0xff, 0xf0, 0x01, 0xff, 0xf0, 0x01, 0xff, 0xf0, 0x01, 0xff,
  0xf0, 0x01, 0xff, 0xf0, 0x01, 0xff, 0xf0, 0x01, 0xff, 0xf0, 0x01, 0xff, 0xf0, 0x01, 0xff, 0xf0, 0x01, 0xff, 0xf0, 0x01, 0xff, 0xf0, 0x01, 0xff,
  0xf0, 0x01, 0xff, 0xf0, 0x01, 0xff, 0xf0, 0x01, 0xff, 0xf0, 0x01, 0xff, 0xaf, 0x2a, 0xfb, 0x2a, 0xe6, 0xff, 0x8a, 0xfe, 0xff, 0x8a, 0xfe, 0xff,
  0x8a, 0xfe, 0xff, 0x8a, 0xfe, 0xff, 0x2a, 0xe6, 0xff, 0x0d, 0x74, 0xf9, 0x10, 0x0a, 0xfe, 0xf0, 0x01, 0xff, 0x2e, 0x4b, 0xfb, 0x6b, 0xbd, 0xfc,
  0xef, 0x3a, 0xfc, 0xf0, 0x01, 0xff, 0xf0, 0x01, 0xff, 0xf0, 0x01, 0xff, 0xf0, 0x01, 0xff, 0xf0, 0x01, 0xff, 0xf0, 0x01, 0xff, 0xf0, 0x09, 0xff,
  0x2d, 0x7c, 0xfb, 0x6a, 0xf6, 0xff, 0x8a, 0xfe, 0xff, 0x8a, 0xfe, 0xff, 0x8a, 0xfe, 0xff, 0x8a, 0xfe, 0xff, 0x8a, 0xfe, 0xff, 0x8a, 0xfe, 0xff,
  0x8a, 0xfe, 0xff, 0x8a, 0xfe, 0xff, 0x8a, 0xfe, 0xff, 0x8a, 0xfe, 0xff, 0x8a, 0xfe, 0xff, 0x8a, 0xfe, 0xff, 0x8a, 0xfe, 0xff, 0x8a, 0xfe, 0xff,
  0x8a, 0xfe, 0xff, 0x8a, 0xfe, 0xff, 0x8a, 0xfe, 0xff, 0x8a, 0xfe, 0xff, 0x8a, 0xfe, 0xff, 0x8a, 0xfe, 0xff, 0x8a, 0xfe, 0xff, 0x8a, 0xfe, 0xff,
  0x8a, 0xfe, 0xff, 0x8a, 0xfe, 0xff, 0x8a, 0xfe, 0xff, 0x8a, 0xfe, 0xff, 0x8a, 0xfe, 0xff, 0x8a, 0xfe, 0xff, 0x8a, 0xfe, 0xff, 0x8a, 0xfe, 0xff,
  0x8a, 0xfe, 0xff, 0x8a, 0xfe, 0xff, 0x8a, 0xfe, 0xff, 0x8a, 0xfe, 0xff, 0x8a, 0xfe, 0xff, 0x8a, 0xfe, 0xff, 0x8a, 0xfe, 0xff, 0x8a, 0xfe, 0xff,
  0x8a, 0xfe, 0xff, 0x8a, 0xfe, 0xff, 0x8a, 0xfe, 0xff, 0x8a, 0xfe, 0xff, 0x8a, 0xfe, 0xff, 0x8a, 0xfe, 0xff, 0x8a, 0xfe, 0xff, 0x8a, 0xfe, 0xff,
  0x8a, 0xfe, 0xff, 0x8a, 0xfe, 0xff, 0x8a, 0xfe, 0xff, 0x8a, 0xfe, 0xff, 0x8a, 0xfe, 0xff, 0x8a, 0xfe, 0xff, 0x8a, 0xfe, 0xff, 0x8a, 0xfe, 0xff,
  0x8a, 0xfe, 0xff, 0x8a, 0xfe, 0xff, 0x69, 0xf6, 0xff, 0x04, 0x73, 0xfc, 0x00, 0x08, 0xfe, 0x00, 0x00, 0xff, 0x20, 0x28, 0xfd, 0xe2, 0xa8, 0xfe,
  0x02, 0xc9, 0xff, 0x02, 0xc9, 0xff, 0x02, 0xc9, 0xff, 0x02, 0xc9, 0xff, 0x02, 0xc9, 0xff, 0x02, 0xc9, 0xff, 0x02, 0xc9, 0xff, 0x02, 0xc9, 0xff,
  0x02, 0xc9, 0xff, 0x02, 0xc9, 0xff, 0x02, 0xc9, 0xff, 0x02, 0xc9, 0xff, 0xa1, 0x78, 0xfd, 0x00, 0x08, 0xfe, 0x00, 0x00, 0xff, 0x00, 0x00, 0xdb,
  0x00, 0x00, 0x34, 0x00, 0x00, 0x00, 0x00, 0x00, 0x00, 0x00, 0x00, 0x00, 0x00, 0x00, 0x00, 0x00, 0x00, 0x00, 0x00, 0x00, 0x00, 0x00, 0x00, 0x00,
  0x00, 0x00, 0x00, 0x00, 0x00, 0x00, 0x00, 0x00, 0x00, 0x00, 0x00, 0x00, 0x00, 0x00, 0x00, 0x00, 0x00, 0x00, 0x00, 0x00, 0x2c, 0x00, 0x00, 0xe4,
  0x00, 0x00, 0xff, 0x00, 0x08, 0xfe, 0xa1, 0x88, 0xfb, 0x02, 0xc9, 0xff, 0x02, 0xc9, 0xff, 0x02, 0xc9, 0xff, 0x02, 0xc9, 0xff, 0x02, 0xc9, 0xff,
  0x02, 0xc9, 0xff, 0x02, 0xc9, 0xff, 0x02, 0xc9, 0xff, 0x02, 0xc9, 0xff, 0x02, 0xc9, 0xff, 0x02, 0xc9, 0xff, 0x02, 0xc9, 0xff, 0xc1, 0x98, 0xfd,
  0x00, 0x10, 0xfd, 0x00, 0x00, 0xff, 0x40, 0x08, 0xfe, 0x26, 0x9c, 0xfc, 0x8a, 0xf6, 0xff, 0x8a, 0xfe, 0xff, 0x8a, 0xfe, 0xff, 0x8a, 0xfe, 0xff,
  0x8a, 0xfe, 0xff, 0x8a, 0xfe, 0xff, 0x8a, 0xfe, 0xff, 0x8a, 0xfe, 0xff, 0x8a, 0xfe, 0xff, 0x8a, 0xfe, 0xff, 0x8a, 0xfe, 0xff, 0x8a, 0xfe, 0xff,
  0x8a, 0xfe, 0xff, 0x8a, 0xfe, 0xff, 0x8a, 0xfe, 0xff, 0x8a, 0xfe, 0xff, 0x8a, 0xfe, 0xff, 0x8a, 0xfe, 0xff, 0x8a, 0xfe, 0xff, 0x8a, 0xfe, 0xff,
  0x8a, 0xfe, 0xff, 0x2a, 0xe6, 0xff, 0xae, 0x5b, 0xfa, 0x10, 0x0a, 0xfe, 0xf0, 0x01, 0xff, 0xf0, 0x01, 0xff, 0xf0, 0x01, 0xff, 0xf0, 0x01, 0xff,
  0xf0, 0x01, 0xff, 0xf0, 0x01, 0xff, 0xf0, 0x01, 0xff, 0xf0, 0x01, 0xff, 0xf0, 0x01, 0xff, 0xf0, 0x01, 0xff, 0xf0, 0x01, 0xff, 0xf0, 0x01, 0xff,
  0x0e, 0x43, 0xfd, 0x6e, 0x53, 0xfb, 0xf0, 0x09, 0xff, 0xf0, 0x01, 0xff, 0xf0, 0x01, 0xff, 0xf0, 0x01, 0xff, 0xf0, 0x01, 0xff, 0xf0, 0x01, 0xff,
  0xf0, 0x01, 0xff, 0xf0, 0x01, 0xff, 0xf0, 0x01, 0xff, 0xf0, 0x01, 0xff, 0xf0, 0x01, 0xff, 0xf0, 0x01, 0xff, 0xf0, 0x01, 0xff, 0xf0, 0x01, 0xff,
  0xf0, 0x01, 0xff, 0xf0, 0x01, 0xff, 0xf0, 0x01, 0xff, 0xf0, 0x01, 0xff, 0xf0, 0x01, 0xff, 0xf0, 0x01, 0xff, 0xf0, 0x01, 0xff, 0xf0, 0x01, 0xff,
  0xf0, 0x01, 0xff, 0xf0, 0x01, 0xff, 0xf0, 0x01, 0xff, 0xf0, 0x01, 0xff, 0xaf, 0x2a, 0xfb, 0xea, 0xd5, 0xfd, 0x8a, 0xfe, 0xff, 0x8a, 0xfe, 0xff,
  0x8a, 0xfe, 0xff, 0x2a, 0xe6, 0xff, 0xcd, 0x6b, 0xfa, 0x10, 0x0a, 0xfe, 0xf0, 0x01, 0xff, 0x30, 0x12, 0xfc, 0xec, 0xa4, 0xfc, 0x2d, 0x7c, 0xfb,
  0x10, 0x0a, 0xfe, 0xf0, 0x01, 0xff, 0xf0, 0x01, 0xff, 0xf0, 0x01, 0xff, 0xf0, 0x01, 0xff, 0xf0, 0x01, 0xff, 0xf0, 0x01, 0xff, 0xf0, 0x09, 0xff,
  0xcd, 0x6b, 0xfa, 0x6a, 0xf6, 0xff, 0x8a, 0xfe, 0xff, 0x8a, 0xfe, 0xff, 0x8a, 0xfe, 0xff, 0x8a, 0xfe, 0xff, 0x8a, 0xfe, 0xff, 0x8a, 0xfe, 0xff,
  0x8a, 0xfe, 0xff, 0x8a, 0xfe, 0xff, 0x8a, 0xfe, 0xff, 0x8a, 0xfe, 0xff, 0x8a, 0xfe, 0xff, 0x8a, 0xfe, 0xff, 0x8a, 0xfe, 0xff, 0x8a, 0xfe, 0xff,
  0x8a, 0xfe, 0xff, 0x8a, 0xfe, 0xff, 0x8a, 0xfe, 0xff, 0x8a, 0xfe, 0xff, 0x8a, 0xfe, 0xff, 0x8a, 0xfe, 0xff, 0x8a, 0xfe, 0xff, 0x8a, 0xfe, 0xff,
  0x8a, 0xfe, 0xff, 0x8a, 0xfe, 0xff, 0x8a, 0xfe, 0xff, 0x8a, 0xfe, 0xff, 0x8a, 0xfe, 0xff, 0x8a, 0xfe, 0xff, 0x8a, 0xfe, 0xff, 0x8a, 0xfe, 0xff,
  0x8a, 0xfe, 0xff, 0x8a, 0xfe, 0xff, 0x8a, 0xfe, 0xff, 0x8a, 0xfe, 0xff, 0x8a, 0xfe, 0xff, 0x8a, 0xfe, 0xff, 0x8a, 0xfe, 0xff, 0x8a, 0xfe, 0xff,
  0x8a, 0xfe, 0xff, 0x8a, 0xfe, 0xff, 0x8a, 0xfe, 0xff, 0x8a, 0xfe, 0xff, 0x8a, 0xfe, 0xff, 0x8a, 0xfe, 0xff, 0x8a, 0xfe, 0xff, 0x8a, 0xfe, 0xff,
  0x8a, 0xfe, 0xff, 0x8a, 0xfe, 0xff, 0x8a, 0xfe, 0xff, 0x8a, 0xfe, 0xff, 0x8a, 0xfe, 0xff, 0x8a, 0xfe, 0xff, 0x8a, 0xfe, 0xff, 0x8a, 0xfe, 0xff,
  0x8a, 0xfe, 0xff, 0x8a, 0xfe, 0xff, 0x8a, 0xfe, 0xff, 0x48, 0xcd, 0xfe, 0x21, 0x29, 0xfb, 0x00, 0x00, 0xff, 0x00, 0x00, 0xff, 0x81, 0x68, 0xfd,
  0x02, 0xc9, 0xff, 0x02, 0xc9, 0xff, 0x02, 0xc9, 0xff, 0x02, 0xc9, 0xff, 0x02, 0xc9, 0xff, 0x02, 0xc9, 0xff, 0x02, 0xc9, 0xff, 0x02, 0xc9, 0xff,
  0x02, 0xc9, 0xff, 0x02, 0xc9, 0xff, 0x02, 0xc9, 0xff, 0x02, 0xc9, 0xff, 0xe2, 0xb0, 0xfe, 0x20, 0x20, 0xfd, 0x00, 0x00, 0xff, 0x00, 0x00, 0xf4,
  0x00, 0x00, 0x6c, 0x00, 0x00, 0x02, 0x00, 0x00, 0x00, 0x00, 0x00, 0x00, 0x00, 0x00, 0x00, 0x00, 0x00, 0x00, 0x00, 0x00, 0x00, 0x00, 0x00, 0x00,
  0x00, 0x00, 0x00, 0x00, 0x00, 0x00, 0x00, 0x00, 0x00, 0x00, 0x00, 0x00, 0x00, 0x00, 0x00, 0x00, 0x00, 0x02, 0x00, 0x00, 0x6c, 0x00, 0x00, 0xf4,
  0x00, 0x00, 0xff, 0x20, 0x20, 0xfd, 0xe2, 0xb0, 0xfe, 0x02, 0xc9, 0xff, 0x02, 0xc9, 0xff, 0x02, 0xc9, 0xff, 0x02, 0xc9, 0xff, 0x02, 0xc9, 0xff,
  0x02, 0xc9, 0xff, 0x02, 0xc9, 0xff, 0x02, 0xc9, 0xff, 0x02, 0xc9, 0xff, 0x02, 0xc9, 0xff, 0x02, 0xc9, 0xff, 0x02, 0xc9, 0xff, 0x81, 0x60, 0xfd,
  0x00, 0x00, 0xff, 0x00, 0x00, 0xff, 0x62, 0x31, 0xfc, 0xa8, 0xdd, 0xfe, 0x8a, 0xfe, 0xff, 0x8a, 0xfe, 0xff, 0x8a, 0xfe, 0xff, 0x8a, 0xfe, 0xff,
  0x8a, 0xfe, 0xff, 0x8a, 0xfe, 0xff, 0x8a, 0xfe, 0xff, 0x8a, 0xfe, 0xff, 0x8a, 0xfe, 0xff, 0x8a, 0xfe, 0xff, 0x8a, 0xfe, 0xff, 0x8a, 0xfe, 0xff,
  0x8a, 0xfe, 0xff, 0x8a, 0xfe, 0xff, 0x8a, 0xfe, 0xff, 0x8a, 0xfe, 0xff, 0x8a, 0xfe, 0xff, 0x8a, 0xfe, 0xff, 0x8a, 0xfe, 0xff, 0x8a, 0xfe, 0xff,
  0x2a, 0xe6, 0xff, 0x2d, 0x7c, 0xfb, 0x30, 0x12, 0xfe, 0xf0, 0x01, 0xff, 0xf0, 0x01, 0xff, 0xf0, 0x01, 0xff, 0xf0, 0x01, 0xff, 0xf0, 0x01, 0xff,
  0xf0, 0x01, 0xff, 0xf0, 0x01, 0xff, 0xf0, 0x01, 0xff, 0xf0, 0x01, 0xff, 0xf0, 0x01, 0xff, 0xf0, 0x01, 0xff, 0xf0, 0x01, 0xff, 0x30, 0x12, 0xfc,
  0x6e, 0x53, 0xf7, 0x4f, 0x1a, 0xfc, 0xf0, 0x01, 0xff, 0xf0, 0x01, 0xff, 0xf0, 0x01, 0xff, 0xf0, 0x01, 0xff, 0xf0, 0x01, 0xff, 0xf0, 0x01, 0xff,
  0xf0, 0x01, 0xff, 0xf0, 0x01, 0xff, 0xf0, 0x01, 0xff, 0xf0, 0x01, 0xff, 0xf0, 0x01, 0xff, 0xf0, 0x01, 0xff, 0xf0, 0x01, 0xff, 0xf0, 0x01, 0xff,
  0xf0, 0x01, 0xff, 0xf0, 0x01, 0xff, 0xf0, 0x01, 0xff, 0xf0, 0x01, 0xff, 0xf0, 0x01, 0xff, 0xf0, 0x01, 0xff, 0xf0, 0x01, 0xff, 0xf0, 0x01, 0xff,
  0xf0, 0x01, 0xff, 0xf0, 0x01, 0xff, 0xf0, 0x01, 0xff, 0xf0, 0x01, 0xff, 0x6f, 0x22, 0xfb, 0xab, 0xcd, 0xfc, 0x8a, 0xfe, 0xff, 0x8a, 0xfe, 0xff,
  0x2a, 0xe6, 0xff, 0x0d, 0x74, 0xf9, 0x30, 0x12, 0xfe, 0xf0, 0x01, 0xff, 0x10, 0x0a, 0xfe, 0xae, 0x5b, 0xfa, 0x2b, 0xad, 0xfb, 0xaf, 0x2a, 0xfb,
  0xf0, 0x01, 0xff, 0xf0, 0x01, 0xff, 0xf0, 0x01, 0xff, 0xf0, 0x01, 0xff, 0xf0, 0x01, 0xff, 0xf0, 0x01, 0xff, 0xf0, 0x01, 0xff, 0xf0, 0x01, 0xff,
  0x6e, 0x53, 0xf7, 0x6a, 0xf6, 0xff, 0x8a, 0xfe, 0xff, 0x8a, 0xfe, 0xff, 0x8a, 0xfe, 0xff, 0x8a, 0xfe, 0xff, 0x8a, 0xfe, 0xff, 0x8a, 0xfe, 0xff,
  0x8a, 0xfe, 0xff, 0x8a, 0xfe, 0xff, 0x8a, 0xfe, 0xff, 0x8a, 0xfe, 0xff, 0x8a, 0xfe, 0xff, 0x8a, 0xfe, 0xff, 0x8a, 0xfe, 0xff, 0x8a, 0xfe, 0xff,
  0x8a, 0xfe, 0xff, 0x8a, 0xfe, 0xff, 0x8a, 0xfe, 0xff, 0x8a, 0xfe, 0xff, 0x8a, 0xfe, 0xff, 0x8a, 0xfe, 0xff, 0x8a, 0xfe, 0xff, 0x8a, 0xfe, 0xff,
  0x8a, 0xfe, 0xff, 0x8a, 0xfe, 0xff, 0x8a, 0xfe, 0xff, 0x8a, 0xfe, 0xff, 0x8a, 0xfe, 0xff, 0x8a, 0xfe, 0xff, 0x8a, 0xfe, 0xff, 0x8a, 0xfe, 0xff,
  0x8a, 0xfe, 0xff, 0x8a, 0xfe, 0xff, 0x8a, 0xfe, 0xff, 0x8a, 0xfe, 0xff, 0x8a, 0xfe, 0xff, 0x8a, 0xfe, 0xff, 0x8a, 0xfe, 0xff, 0x8a, 0xfe, 0xff,
  0x8a, 0xfe, 0xff, 0x8a, 0xfe, 0xff, 0x8a, 0xfe, 0xff, 0x8a, 0xfe, 0xff, 0x8a, 0xfe, 0xff, 0x8a, 0xfe, 0xff, 0x8a, 0xfe, 0xff, 0x8a, 0xfe, 0xff,
  0x8a, 0xfe, 0xff, 0x8a, 0xfe, 0xff, 0x8a, 0xfe, 0xff, 0x8a, 0xfe, 0xff, 0x8a, 0xfe, 0xff, 0x8a, 0xfe, 0xff, 0x8a, 0xfe, 0xff, 0x8a, 0xfe, 0xff,
  0x8a, 0xfe, 0xff, 0x8a, 0xfe, 0xff, 0x8a, 0xfe, 0xff, 0x69, 0xf6, 0xff, 0x04, 0x73, 0xfc, 0x00, 0x00, 0xff, 0x00, 0x00, 0xff, 0x20, 0x28, 0xfd,
  0xe2, 0xb8, 0xfe, 0x02, 0xc9, 0xff, 0x02, 0xc9, 0xff, 0x02, 0xc9, 0xff, 0x02, 0xc9, 0xff, 0x02, 0xc9, 0xff, 0x02, 0xc9, 0xff, 0x02, 0xc9, 0xff,
  0x02, 0xc9, 0xff, 0x02, 0xc9, 0xff, 0x02, 0xc9, 0xff, 0x02, 0xc9, 0xff, 0x02, 0xc1, 0xff, 0x61, 0x50, 0xfc, 0x00, 0x00, 0xff, 0x00, 0x00, 0xff,
  0x00, 0x00, 0xac, 0x00, 0x00, 0x0c, 0x00, 0x00, 0x00, 0x00, 0x00, 0x00, 0x00, 0x00, 0x00, 0x00, 0x00, 0x00, 0x00, 0x00, 0x00, 0x00, 0x00, 0x00,
  0x00, 0x00, 0x00, 0x00, 0x00, 0x00, 0x00, 0x00, 0x00, 0x00, 0x00, 0x00, 0x00, 0x00, 0x00, 0x00, 0x00, 0x0c, 0x00, 0x00, 0xac, 0x00, 0x00, 0xff,
  0x00, 0x00, 0xff, 0x61, 0x50, 0xfc, 0x02, 0xc1, 0xff, 0x02, 0xc9, 0xff, 0x02, 0xc9, 0xff, 0x02, 0xc9, 0xff, 0x02, 0xc9, 0xff, 0x02, 0xc9, 0xff,
  0x02, 0xc9, 0xff, 0x02, 0xc9, 0xff, 0x02, 0xc9, 0xff, 0x02, 0xc9, 0xff, 0x02, 0xc9, 0xff, 0x02, 0xc9, 0xff, 0xe2, 0xb0, 0xfe, 0x20, 0x20, 0xfd,
  0x00, 0x00, 0xff, 0x00, 0x08, 0xfe, 0xa5, 0x8b, 0xfc, 0x6a, 0xf6, 0xff, 0x8a, 0xfe, 0xff, 0x8a, 0xfe, 0xff, 0x8a, 0xfe, 0xff, 0x8a, 0xfe, 0xff,
  0x8a, 0xfe, 0xff, 0x8a, 0xfe, 0xff, 0x8a, 0xfe, 0xff, 0x8a, 0xfe, 0xff, 0x8a, 0xfe, 0xff, 0x8a, 0xfe, 0xff, 0x8a, 0xfe, 0xff, 0x8a, 0xfe, 0xff,
  0x8a, 0xfe, 0xff, 0x8a, 0xfe, 0xff, 0x8a, 0xfe, 0xff, 0x8a, 0xfe, 0xff, 0x8a, 0xfe, 0xff, 0x8a, 0xfe, 0xff, 0x8a, 0xfe, 0xff, 0x0a, 0xde, 0xfe,
  0xcd, 0x6b, 0xfa, 0x30, 0x12, 0xfe, 0xf0, 0x01, 0xff, 0xf0, 0x01, 0xff, 0xf0, 0x01, 0xff, 0xf0, 0x01, 0xff, 0xf0, 0x01, 0xff, 0xf0, 0x01, 0xff,
  0xf0, 0x01, 0xff, 0xf0, 0x01, 0xff, 0xf0, 0x01, 0xff, 0xf0, 0x01, 0xff, 0xf0, 0x01, 0xff, 0xf0, 0x01, 0xff, 0xf0, 0x09, 0xff, 0xef, 0x3a, 0xfc,
  0xaf, 0x2a, 0xfb, 0xf0, 0x01, 0xff, 0xf0, 0x01, 0xff, 0xf0, 0x01, 0xff, 0xf0, 0x01, 0xff, 0xf0, 0x01, 0xff, 0xf0, 0x01, 0xff, 0xf0, 0x01, 0xff,
  0xf0, 0x01, 0xff, 0xf0, 0x01, 0xff, 0xf0, 0x01, 0xff, 0xf0, 0x01, 0xff, 0xf0, 0x01, 0xff, 0xf0, 0x01, 0xff, 0xf0, 0x01, 0xff, 0xf0, 0x01, 0xff,
  0xf0, 0x01, 0xff, 0xf0, 0x01, 0xff, 0xf0, 0x01, 0xff, 0xf0, 0x01, 0xff, 0xf0, 0x01, 0xff, 0xf0, 0x01, 0xff, 0xf0, 0x01, 0xff, 0xf0, 0x01, 0xff,
  0xf0, 0x01, 0xff, 0xf0, 0x01, 0xff, 0xf0, 0x01, 0xff, 0xf0, 0x01, 0xff, 0x4f, 0x1a, 0xfc, 0x6b, 0xbd, 0xfc, 0x8a, 0xfe, 0xff, 0x2a, 0xe6, 0xff,
  0x0d, 0x74, 0xf9, 0x10, 0x0a, 0xfe, 0xf0, 0x01, 0xff, 0xf0, 0x01, 0xff, 0xaf, 0x2a, 0xfb, 0x6b, 0xbd, 0xfc, 0xae, 0x63, 0xff, 0x10, 0x0a, 0xfe,
  0xf0, 0x01, 0xff, 0xf0, 0x01, 0xff, 0xf0, 0x01, 0xff, 0xf0, 0x01, 0xff, 0xf0, 0x01, 0xff, 0xf0, 0x01, 0xff, 0xf0, 0x01, 0xff, 0xf0, 0x01, 0xff,
  0x6e, 0x53, 0xf7, 0x6a, 0xf6, 0xff, 0x8a, 0xfe, 0xff, 0x8a, 0xfe, 0xff, 0x8a, 0xfe, 0xff, 0x8a, 0xfe, 0xff, 0x8a, 0xfe, 0xff, 0x8a, 0xfe, 0xff,
  0x8a, 0xfe, 0xff, 0x8a, 0xfe, 0xff, 0x8a, 0xfe, 0xff, 0x8a, 0xfe, 0xff, 0x8a, 0xfe, 0xff, 0x8a, 0xfe, 0xff, 0x8a, 0xfe, 0xff, 0x8a, 0xfe, 0xff,
  0x8a, 0xfe, 0xff, 0x8a, 0xfe, 0xff, 0x8a, 0xfe, 0xff, 0x8a, 0xfe, 0xff, 0x8a, 0xfe, 0xff, 0x8a, 0xfe, 0xff, 0x8a, 0xfe, 0xff, 0x6a, 0xf6, 0xff,
  0x4a, 0xee, 0xfe, 0x8a, 0xfe, 0xff, 0x8a, 0xfe, 0xff, 0x8a, 0xfe, 0xff, 0x8a, 0xfe, 0xff, 0x8a, 0xfe, 0xff, 0x8a, 0xfe, 0xff, 0x8a, 0xfe, 0xff,
  0x8a, 0xfe, 0xff, 0x8a, 0xfe, 0xff, 0x8a, 0xfe, 0xff, 0x8a, 0xfe, 0xff, 0x8a, 0xfe, 0xff, 0x8a, 0xfe, 0xff, 0x8a, 0xfe, 0xff, 0x8a, 0xfe, 0xff,
  0x8a, 0xfe, 0xff, 0x8a, 0xfe, 0xff, 0x8a, 0xfe, 0xff, 0x8a, 0xfe, 0xff, 0x8a, 0xfe, 0xff, 0x8a, 0xfe, 0xff, 0x8a, 0xfe, 0xff, 0x8a, 0xfe, 0xff,
  0x8a, 0xfe, 0xff, 0x8a, 0xfe, 0xff, 0x8a, 0xfe, 0xff, 0x8a, 0xfe, 0xff, 0x8a, 0xfe, 0xff, 0x8a, 0xfe, 0xff, 0x8a, 0xfe, 0xff, 0x8a, 0xfe, 0xff,
  0x8a, 0xfe, 0xff, 0x8a, 0xfe, 0xff, 0x8a, 0xfe, 0xff, 0x8a, 0xfe, 0xff, 0x27, 0xc5, 0xfd, 0xa1, 0x18, 0xfd, 0x00, 0x00, 0xff, 0x00, 0x08, 0xfe,
  0xa1, 0x80, 0xfd, 0x02, 0xc9, 0xff, 0x02, 0xc9, 0xff, 0x02, 0xc9, 0xff, 0x02, 0xc9, 0xff, 0x02, 0xc9, 0xff, 0x02, 0xc9, 0xff, 0x02, 0xc9, 0xff,
  0x02, 0xc9, 0xff, 0x02, 0xc9, 0xff, 0x02, 0xc9, 0xff, 0x02, 0xc9, 0xff, 0x02, 0xc9, 0xff, 0xc1, 0x90, 0xfd, 0x00, 0x08, 0xfe, 0x00, 0x00, 0xff,
  0x00, 0x00, 0xe4, 0x00, 0x00, 0x34, 0x00, 0x00, 0x00, 0x00, 0x00, 0x00, 0x00, 0x00, 0x00, 0x00, 0x00, 0x00, 0x00, 0x00, 0x00, 0x00, 0x00, 0x00,
  0x00, 0x00, 0x00, 0x00, 0x00, 0x00, 0x00, 0x00, 0x00, 0x00, 0x00, 0x00, 0x00, 0x00, 0x00, 0x00, 0x00, 0x2c, 0x00, 0x00, 0xe4, 0x00, 0x00, 0xff,
  0x00, 0x08, 0xfe, 0xc1, 0x88, 0xfd, 0x02, 0xc9, 0xff, 0x02, 0xc9, 0xff, 0x02, 0xc9, 0xff, 0x02, 0xc9, 0xff, 0x02, 0xc9, 0xff, 0x02, 0xc9, 0xff,
  0x02, 0xc9, 0xff, 0x02, 0xc9, 0xff, 0x02, 0xc9, 0xff, 0x02, 0xc9, 0xff, 0x02, 0xc9, 0xff, 0x02, 0xc9, 0xff, 0xa1, 0x78, 0xfd, 0x00, 0x08, 0xfe,
  0x00, 0x00, 0xff, 0xe1, 0x20, 0xfd, 0x48, 0xcd, 0xfe, 0x8a, 0xfe, 0xff, 0x8a, 0xfe, 0xff, 0x8a, 0xfe, 0xff, 0x8a, 0xfe, 0xff, 0x8a, 0xfe, 0xff,
  0x8a, 0xfe, 0xff, 0x8a, 0xfe, 0xff, 0x8a, 0xfe, 0xff, 0x8a, 0xfe, 0xff, 0x8a, 0xfe, 0xff, 0x8a, 0xfe, 0xff, 0x8a, 0xfe, 0xff, 0x8a, 0xfe, 0xff,
  0x8a, 0xfe, 0xff, 0x8a, 0xfe, 0xff, 0x8a, 0xfe, 0xff, 0x8a, 0xfe, 0xff, 0x8a, 0xfe, 0xff, 0x8a, 0xfe, 0xff, 0x2a, 0xe6, 0xff, 0xcd, 0x6b, 0xfa,
  0x10, 0x0a, 0xfe, 0xf0, 0x01, 0xff, 0xf0, 0x01, 0xff, 0xf0, 0x01, 0xff, 0xf0, 0x01, 0xff, 0xf0, 0x01, 0xff, 0xf0, 0x01, 0xff, 0xf0, 0x01, 0xff,
  0xf0, 0x01, 0xff, 0xf0, 0x01, 0xff, 0xf0, 0x01, 0xff, 0xf0, 0x01, 0xff, 0xf0, 0x01, 0xff, 0xf0, 0x01, 0xff, 0x30, 0x12, 0xfc, 0xef, 0x3a, 0xfc,
  0x10, 0x0a, 0xfe, 0xf0, 0x01, 0xff, 0xf0, 0x01, 0xff, 0xf0, 0x01, 0xff, 0xf0, 0x01, 0xff, 0xf0, 0x01, 0xff, 0xf0, 0x01, 0xff, 0xf0, 0x01, 0xff,
  0xf0, 0x01, 0xff, 0xf0, 0x01, 0xff, 0xf0, 0x01, 0xff, 0xf0, 0x01, 0xff, 0xf0, 0x01, 0xff, 0xf0, 0x01, 0xff, 0xf0, 0x01, 0xff, 0xf0, 0x01, 0xff,
  0xf0, 0x01, 0xff, 0xf0, 0x01, 0xff, 0xf0, 0x01, 0xff, 0xf0, 0x01, 0xff, 0xf0, 0x01, 0xff, 0xf0, 0x01, 0xff, 0xf0, 0x01, 0xff, 0xf0, 0x01, 0xff,
  0xf0, 0x01, 0xff, 0xf0, 0x01, 0xff, 0xf0, 0x01, 0xff, 0xf0, 0x01, 0xff, 0x30, 0x12, 0xfc, 0x2b, 0xad, 0xfb, 0x0a, 0xde, 0xfe, 0xcd, 0x6b, 0xfa,
  0x10, 0x0a, 0xfe, 0xf0, 0x01, 0xff, 0xf0, 0x01, 0xff, 0x10, 0x0a, 0xfe, 0x2d, 0x7c, 0xfb, 0x8c, 0x94, 0xfd, 0x4f, 0x1a, 0xfc, 0xf0, 0x01, 0xff,
  0xf0, 0x01, 0xff, 0xf0, 0x01, 0xff, 0xf0, 0x01, 0xff, 0xf0, 0x01, 0xff, 0xf0, 0x01, 0xff, 0xf0, 0x01, 0xff, 0xf0, 0x01, 0xff, 0xf0, 0x01, 0xff,
  0x2e, 0x4b, 0xfb, 0x4a, 0xee, 0xff, 0x8a, 0xfe, 0xff, 0x8a, 0xfe, 0xff, 0x8a, 0xfe, 0xff, 0x8a, 0xfe, 0xff, 0x8a, 0xfe, 0xff, 0x8a, 0xfe, 0xff,
  0x8a, 0xfe, 0xff, 0x8a, 0xfe, 0xff, 0x8a, 0xfe, 0xff, 0x8a, 0xfe, 0xff, 0x8a, 0xfe, 0xff, 0x8a, 0xfe, 0xff, 0x8a, 0xfe, 0xff, 0x8a, 0xfe, 0xff,
  0x8a, 0xfe, 0xff, 0x8a, 0xfe, 0xff, 0x8a, 0xfe, 0xff, 0x8a, 0xfe, 0xff, 0x8a, 0xfe, 0xff, 0x8a, 0xfe, 0xff, 0xea, 0xd5, 0xfd, 0xcd, 0x6b, 0xfa,
  0xcd, 0x6b, 0xfa, 0x4a, 0xee, 0xff, 0x8a, 0xfe, 0xff, 0x8a, 0xfe, 0xff, 0x8a, 0xfe, 0xff, 0x8a, 0xfe, 0xff, 0x8a, 0xfe, 0xff, 0x8a, 0xfe, 0xff,
  0x8a, 0xfe, 0xff, 0x8a, 0xfe, 0xff, 0x8a, 0xfe, 0xff, 0x8a, 0xfe, 0xff, 0x8a, 0xfe, 0xff, 0x8a, 0xfe, 0xff, 0x8a, 0xfe, 0xff, 0x8a, 0xfe, 0xff,
  0x8a, 0xfe, 0xff, 0x8a, 0xfe, 0xff, 0x8a, 0xfe, 0xff, 0x8a, 0xfe, 0xff, 0x8a, 0xfe, 0xff, 0x8a, 0xfe, 0xff, 0x8a, 0xfe, 0xff, 0x8a, 0xfe, 0xff,
  0x8a, 0xfe, 0xff, 0x8a, 0xfe, 0xff, 0x8a, 0xfe, 0xff, 0x8a, 0xfe, 0xff, 0x8a, 0xfe, 0xff, 0x8a, 0xfe, 0xff, 0x8a, 0xfe, 0xff, 0x8a, 0xfe, 0xff,
  0x8a, 0xfe, 0xff, 0x8a, 0xfe, 0xff, 0x8a, 0xfe, 0xff, 0x8a, 0xfe, 0xff, 0x49, 0xee, 0xff, 0x43, 0x52, 0xfb, 0x00, 0x00, 0xff, 0x00, 0x00, 0xff,
  0x40, 0x40, 0xfd, 0x02, 0xc1, 0xff, 0x02, 0xc9, 0xff, 0x02, 0xc9, 0xff, 0x02, 0xc9, 0xff, 0x02, 0xc9, 0xff, 0x02, 0xc9, 0xff, 0x02, 0xc9, 0xff,
  0x02, 0xc9, 0xff, 0x02, 0xc9, 0xff, 0x02, 0xc9, 0xff, 0x02, 0xc9, 0xff, 0x02, 0xc9, 0xff, 0xe2, 0xb8, 0xfe, 0x20, 0x28, 0xfd, 0x00, 0x00, 0xff,
  0x00, 0x00, 0xff, 0x00, 0x00, 0x74, 0x00, 0x00, 0x02, 0x00, 0x00, 0x00, 0x00, 0x00, 0x00, 0x00, 0x00, 0x00, 0x00, 0x00, 0x00, 0x00, 0x00, 0x00,
  0x00, 0x00, 0x00, 0x00, 0x00, 0x00, 0x00, 0x00, 0x00, 0x00, 0x00, 0x00, 0x00, 0x00, 0x02, 0x00, 0x00, 0x5c, 0x00, 0x00, 0xf4, 0x00, 0x00, 0xff,
  0x20, 0x20, 0xfd, 0xe2, 0xb0, 0xfe, 0x02, 0xc9, 0xff, 0x02, 0xc9, 0xff, 0x02, 0xc9, 0xff, 0x02, 0xc9, 0xff, 0x02, 0xc9, 0xff, 0x02, 0xc9, 0xff,
  0x02, 0xc9, 0xff, 0x02, 0xc9, 0xff, 0x02, 0xc9, 0xff, 0x02, 0xc9, 0xff, 0x02, 0xc9, 0xff, 0x02, 0xc1, 0xff, 0x40, 0x40, 0xfd, 0x00, 0x00, 0xff,
  0x00, 0x00, 0xff, 0x43, 0x52, 0xfb, 0x49, 0xee, 0xff, 0x8a, 0xfe, 0xff, 0x8a, 0xfe, 0xff, 0x8a, 0xfe, 0xff, 0x8a, 0xfe, 0xff, 0x8a, 0xfe, 0xff,
  0x8a, 0xfe, 0xff, 0x8a, 0xfe, 0xff, 0x8a, 0xfe, 0xff, 0x8a, 0xfe, 0xff, 0x8a, 0xfe, 0xff, 0x8a, 0xfe, 0xff, 0x8a, 0xfe, 0xff, 0x8a, 0xfe, 0xff,
  0x8a, 0xfe, 0xff, 0x8a, 0xfe, 0xff, 0x8a, 0xfe, 0xff, 0x8a, 0xfe, 0xff, 0x8a, 0xfe, 0xff, 0x4a, 0xee, 0xff, 0x2d, 0x7c, 0xfb, 0x30, 0x12, 0xfe,
  0xf0, 0x01, 0xff, 0xf0, 0x01, 0xff, 0xf0, 0x01, 0xff, 0xf0, 0x01, 0xff, 0xf0, 0x01, 0xff, 0xf0, 0x01, 0xff, 0xf0, 0x01, 0xff, 0xf0, 0x01, 0xff,
  0xf0, 0x01, 0xff, 0xf0, 0x01, 0xff, 0xf0, 0x01, 0xff, 0xf0, 0x01, 0xff, 0xf0, 0x01, 0xff, 0xf0, 0x01, 0xff, 0xaf, 0x2a, 0xfb, 0x4f, 0x1a, 0xfc,
  0xf0, 0x01, 0xff, 0xf0, 0x01, 0xff, 0xf0, 0x01, 0xff, 0xf0, 0x01, 0xff, 0xf0, 0x01, 0xff, 0xf0, 0x01, 0xff, 0xf0, 0x01, 0xff, 0xf0, 0x01, 0xff,
  0xf0, 0x01, 0xff, 0xf0, 0x01, 0xff, 0xf0, 0x01, 0xff, 0xf0, 0x01, 0xff, 0xf0, 0x01, 0xff, 0xf0, 0x01, 0xff, 0xf0, 0x01, 0xff, 0xf0, 0x01, 0xff,
  0xf0, 0x01, 0xff, 0xf0, 0x01, 0xff, 0xf0, 0x01, 0xff, 0xf0, 0x01, 0xff, 0xf0, 0x01, 0xff, 0xf0, 0x01, 0xff, 0xf0, 0x01, 0xff, 0xf0, 0x01, 0xff,
  0xf0, 0x01, 0xff, 0xf0, 0x01, 0xff, 0xf0, 0x01, 0xff, 0xf0, 0x01, 0xff, 0x10, 0x0a, 0xfe, 0xac, 0x9c, 0xfc, 0xcd, 0x6b, 0xfa, 0x10, 0x0a, 0xfe,
  0xf0, 0x01, 0xff, 0xf0, 0x01, 0xff, 0xf0, 0x01, 0xff, 0xaf, 0x2a, 0xfb, 0x2b, 0xad, 0xfb, 0xef, 0x3a, 0xfc, 0xf0, 0x01, 0xff, 0xf0, 0x01, 0xff,
  0xf0, 0x01, 0xff, 0xf0, 0x01, 0xff, 0xf0, 0x01, 0xff, 0xf0, 0x01, 0xff, 0xf0, 0x01, 0xff, 0xf0, 0x01, 0xff, 0xf0, 0x01, 0xff, 0xf0, 0x01, 0xff,
  0x0e, 0x43, 0xfd, 0x4a, 0xee, 0xff, 0x8a, 0xfe, 0xff, 0x8a, 0xfe, 0xff, 0x8a, 0xfe, 0xff, 0x8a, 0xfe, 0xff, 0x8a, 0xfe, 0xff, 0x8a, 0xfe, 0xff,
  0x8a, 0xfe, 0xff, 0x8a, 0xfe, 0xff, 0x8a, 0xfe, 0xff, 0x8a, 0xfe, 0xff, 0x8a, 0xfe, 0xff, 0x8a, 0xfe, 0xff, 0x8a, 0xfe, 0xff, 0x8a, 0xfe, 0xff,
  0x8a, 0xfe, 0xff, 0x8a, 0xfe, 0xff, 0x8a, 0xfe, 0xff, 0x8a, 0xfe, 0xff, 0x8a, 0xf6, 0xff, 0x6a, 0xf6, 0xff, 0x2d, 0x7c, 0xfb, 0x10, 0x0a, 0xfe,
  0xef, 0x3a, 0xfc, 0x2a, 0xe6, 0xff, 0x8a, 0xfe, 0xff, 0x8a, 0xfe, 0xff, 0x8a, 0xfe, 0xff, 0x8a, 0xfe, 0xff, 0x8a, 0xfe, 0xff, 0x8a, 0xfe, 0xff,
  0x8a, 0xfe, 0xff, 0x8a, 0xfe, 0xff, 0x8a, 0xfe, 0xff, 0x8a, 0xfe, 0xff, 0x8a, 0xfe, 0xff, 0x8a, 0xfe, 0xff, 0x8a, 0xfe, 0xff, 0x8a, 0xfe, 0xff,
  0x8a, 0xfe, 0xff, 0x8a, 0xfe, 0xff, 0x8a, 0xfe, 0xff, 0x8a, 0xfe, 0xff, 0x8a, 0xfe, 0xff, 0x8a, 0xfe, 0xff, 0x8a, 0xfe, 0xff, 0x8a, 0xfe, 0xff,
  0x8a, 0xfe, 0xff, 0x8a, 0xfe, 0xff, 0x8a, 0xfe, 0xff, 0x8a, 0xfe, 0xff, 0x8a, 0xfe, 0xff, 0x8a, 0xfe, 0xff, 0x8a, 0xfe, 0xff, 0x8a, 0xfe, 0xff,
  0x8a, 0xfe, 0xff, 0x8a, 0xfe, 0xff, 0x8a, 0xfe, 0xff, 0x8a, 0xfe, 0xff, 0x8a, 0xfe, 0xff, 0x66, 0xac, 0xfc, 0x40, 0x08, 0xfe, 0x00, 0x00, 0xff,
  0x20, 0x18, 0xfd, 0xe2, 0xa0, 0xfd, 0x02, 0xc9, 0xff, 0x02, 0xc9, 0xff, 0x02, 0xc9, 0xff, 0x02, 0xc9, 0xff, 0x02, 0xc9, 0xff, 0x02, 0xc9, 0xff,
  0x02, 0xc9, 0xff, 0x02, 0xc9, 0xff, 0x02, 0xc9, 0xff, 0x02, 0xc9, 0xff, 0x02, 0xc9, 0xff, 0x02, 0xc1, 0xff, 0x61, 0x58, 0xfc, 0x00, 0x00, 0xff,
  0x00, 0x00, 0xff, 0x00, 0x00, 0xac, 0x00, 0x00, 0x0c, 0x00, 0x00, 0x00, 0x00, 0x00, 0x00, 0x00, 0x00, 0x00, 0x00, 0x00, 0x00, 0x00, 0x00, 0x00,
  0x00, 0x00, 0x00, 0x00, 0x00, 0x00, 0x00, 0x00, 0x00, 0x00, 0x00, 0x00, 0x00, 0x00, 0x0c, 0x00, 0x00, 0xa4, 0x00, 0x00, 0xff, 0x00, 0x00, 0xff,
  0x61, 0x50, 0xfc, 0x02, 0xc1, 0xff, 0x02, 0xc9, 0xff, 0x02, 0xc9, 0xff, 0x02, 0xc9, 0xff, 0x02, 0xc9, 0xff, 0x02, 0xc9, 0xff, 0x02, 0xc9, 0xff,
  0x02, 0xc9, 0xff, 0x02, 0xc9, 0xff, 0x02, 0xc9, 0xff, 0x02, 0xc9, 0xff, 0x02, 0xc9, 0xff, 0xc1, 0x98, 0xfd, 0x20, 0x18, 0xfd, 0x00, 0x00, 0xff,
  0x60, 0x10, 0xfc, 0x66, 0xac, 0xfc, 0x8a, 0xfe, 0xff, 0x8a, 0xfe, 0xff, 0x8a, 0xfe, 0xff, 0x8a, 0xfe, 0xff, 0x8a, 0xfe, 0xff, 0x8a, 0xfe, 0xff,
  0x8a, 0xfe, 0xff, 0x8a, 0xfe, 0xff, 0x8a, 0xfe, 0xff, 0x8a, 0xfe, 0xff, 0x8a, 0xfe, 0xff, 0x8a, 0xfe, 0xff, 0x8a, 0xfe, 0xff, 0x8a, 0xfe, 0xff,
  0x8a, 0xfe, 0xff, 0x8a, 0xfe, 0xff, 0x8a, 0xfe, 0xff, 0x8a, 0xfe, 0xff, 0x4a, 0xee, 0xfe, 0x6d, 0x8c, 0xfb, 0x30, 0x12, 0xfc, 0xf0, 0x01, 0xff,
  0xf0, 0x01, 0xff, 0xf0, 0x01, 0xff, 0xf0, 0x01, 0xff, 0xf0, 0x01, 0xff, 0xf0, 0x01, 0xff, 0xf0, 0x01, 0xff, 0xf0, 0x01, 0xff, 0xf0, 0x01, 0xff,
  0xf0, 0x01, 0xff, 0xf0, 0x01, 0xff, 0xf0, 0x01, 0xff, 0xf0, 0x01, 0xff, 0xf0, 0x01, 0xff, 0x30, 0x12, 0xfc, 0xaf, 0x2a, 0xfb, 0x10, 0x0a, 0xfe,
  0xf0, 0x01, 0xff, 0xf0, 0x01, 0xff, 0xf0, 0x01, 0xff, 0xf0, 0x01, 0xff, 0xf0, 0x01, 0xff, 0xf0, 0x01, 0xff, 0xf0, 0x01, 0xff, 0xf0, 0x01, 0xff,
  0xf0, 0x01, 0xff, 0xf0, 0x01, 0xff, 0xf0, 0x01, 0xff, 0xf0, 0x01, 0xff, 0xf0, 0x01, 0xff, 0xf0, 0x01, 0xff, 0xf0, 0x01, 0xff, 0xf0, 0x01, 0xff,
  0xf0, 0x01, 0xff, 0xf0, 0x01, 0xff, 0xf0, 0x01, 0xff, 0xf0, 0x01, 0xff, 0xf0, 0x01, 0xff, 0xf0, 0x01, 0xff, 0xf0, 0x01, 0xff, 0xf0, 0x01, 0xff,
  0xf0, 0x01, 0xff, 0xf0, 0x01, 0xff, 0xf0, 0x01, 0xff, 0xf0, 0x01, 0xff, 0xf0, 0x09, 0xff, 0xef, 0x3a, 0xfc, 0x10, 0x0a, 0xfe, 0xf0, 0x01, 0xff,
  0xf0, 0x01, 0xff, 0xf0, 0x01, 0xff, 0x10, 0x0a, 0xfe, 0x2d, 0x7c, 0xfb, 0x0d, 0x74, 0xf9, 0x10, 0x0a, 0xfe, 0xf0, 0x01, 0xff, 0xf0, 0x01, 0xff,
  0xf0, 0x01, 0xff, 0xf0, 0x01, 0xff, 0xf0, 0x01, 0xff, 0xf0, 0x01, 0xff, 0xf0, 0x01, 0xff, 0xf0, 0x01, 0xff, 0xf0, 0x01, 0xff, 0xf0, 0x01, 0xff,
  0xef, 0x3a, 0xfc, 0x2a, 0xe6, 0xff, 0x8a, 0xfe, 0xff, 0x8a, 0xfe, 0xff, 0x8a, 0xfe, 0xff, 0x8a, 0xfe, 0xff, 0x8a, 0xfe, 0xff, 0x8a, 0xfe, 0xff,
  0x8a, 0xfe, 0xff, 0x8a, 0xfe, 0xff, 0x8a, 0xfe, 0xff, 0x8a, 0xfe, 0xff, 0x8a, 0xfe, 0xff, 0x8a, 0xfe, 0xff, 0x8a, 0xfe, 0xff, 0x8a, 0xfe, 0xff,
  0x8a, 0xfe, 0xff, 0x8a, 0xfe, 0xff, 0x8a, 0xfe, 0xff, 0x6a, 0xf6, 0xff, 0xab, 0xcd, 0xfc, 0x6b, 0xbd, 0xfc, 0xaf, 0x2a, 0xfb, 0xf0, 0x01, 0xff,
  0xef, 0x3a, 0xfc, 0x2a, 0xe6, 0xff, 0x8a, 0xfe, 0xff, 0x8a, 0xfe, 0xff, 0x8a, 0xfe, 0xff, 0x8a, 0xfe, 0xff, 0x8a, 0xfe, 0xff, 0x8a, 0xfe, 0xff,
  0x8a, 0xfe, 0xff, 0x8a, 0xfe, 0xff, 0x8a, 0xfe, 0xff, 0x8a, 0xfe, 0xff, 0x8a, 0xfe, 0xff, 0x8a, 0xfe, 0xff, 0x8a, 0xfe, 0xff, 0x8a, 0xfe, 0xff,
  0x8a, 0xfe, 0xff, 0x8a, 0xfe, 0xff, 0x8a, 0xfe, 0xff, 0x8a, 0xfe, 0xff, 0x8a, 0xfe, 0xff, 0x8a, 0xfe, 0xff, 0x8a, 0xfe, 0xff, 0x8a, 0xfe, 0xff,
  0x8a, 0xfe, 0xff, 0x8a, 0xfe, 0xff, 0x8a, 0xfe, 0xff, 0x8a, 0xfe, 0xff, 0x8a, 0xfe, 0xff, 0x8a, 0xfe, 0xff, 0x8a, 0xfe, 0xff, 0x8a, 0xfe, 0xff,
  0x8a, 0xfe, 0xff, 0x8a, 0xfe, 0xff, 0x8a, 0xfe, 0xff, 0x8a, 0xfe, 0xff, 0x8a, 0xfe, 0xff, 0xa8, 0xdd, 0xfe, 0x21, 0x29, 0xfb, 0x00, 0x00, 0xff,
  0x00, 0x00, 0xff, 0x81, 0x70, 0xfc, 0x02, 0xc9, 0xff, 0x02, 0xc9, 0xff, 0x02, 0xc9, 0xff, 0x02, 0xc9, 0xff, 0x02, 0xc9, 0xff, 0x02, 0xc9, 0xff,
  0x02, 0xc9, 0xff, 0x02, 0xc9, 0xff, 0x02, 0xc9, 0xff, 0x02, 0xc9, 0xff, 0x02, 0xc9, 0xff, 0x02, 0xc9, 0xff, 0xa1, 0x88, 0xfb, 0x00, 0x08, 0xfe,
  0x00, 0x00, 0xff, 0x00, 0x00, 0xdb, 0x00, 0x00, 0x24, 0x00, 0x00, 0x00, 0x00, 0x00, 0x00, 0x00, 0x00, 0x00, 0x00, 0x00, 0x00, 0x00, 0x00, 0x00,
  0x00, 0x00, 0x00, 0x00, 0x00, 0x00, 0x00, 0x00, 0x00, 0x00, 0x00, 0x00, 0x00, 0x00, 0x3c, 0x00, 0x00, 0xdb, 0x00, 0x00, 0xff, 0x00, 0x10, 0xfd,
  0xc1, 0x98, 0xfd, 0x02, 0xc9, 0xff, 0x02, 0xc9, 0xff, 0x02, 0xc9, 0xff, 0x02, 0xc9, 0xff, 0x02, 0xc9, 0xff, 0x02, 0xc9, 0xff, 0x02, 0xc9, 0xff,
  0x02, 0xc9, 0xff, 0x02, 0xc9, 0xff, 0x02, 0xc9, 0xff, 0x02, 0xc9, 0xff, 0x02, 0xc1, 0xff, 0x61, 0x58, 0xfc, 0x00, 0x00, 0xff, 0x00, 0x00, 0xff,
  0x23, 0x52, 0xfb, 0x29, 0xee, 0xfe, 0x8a, 0xfe, 0xff, 0x8a, 0xfe, 0xff, 0x8a, 0xfe, 0xff, 0x8a, 0xfe, 0xff, 0x8a, 0xfe, 0xff, 0x8a, 0xfe, 0xff,
  0x8a, 0xfe, 0xff, 0x8a, 0xfe, 0xff, 0x8a, 0xfe, 0xff, 0x8a, 0xfe, 0xff, 0x8a, 0xfe, 0xff, 0x8a, 0xfe, 0xff, 0x8a, 0xfe, 0xff, 0x8a, 0xfe, 0xff,
  0x8a, 0xfe, 0xff, 0x8a, 0xfe, 0xff, 0x8a, 0xfe, 0xff, 0x4a, 0xee, 0xfe, 0x2d, 0x7c, 0xfb, 0x30, 0x12, 0xfc, 0xf0, 0x01, 0xff, 0xf0, 0x01, 0xff,
  0xf0, 0x01, 0xff, 0xf0, 0x01, 0xff, 0xf0, 0x01, 0xff, 0xf0, 0x01, 0xff, 0xf0, 0x01, 0xff, 0xf0, 0x01, 0xff, 0xf0, 0x01, 0xff, 0xf0, 0x01, 0xff,
  0xf0, 0x01, 0xff, 0xf0, 0x01, 0xff, 0xf0, 0x01, 0xff, 0xf0, 0x01, 0xff, 0x10, 0x0a, 0xfe, 0xaf, 0x2a, 0xfb, 0x30, 0x12, 0xfc, 0xf0, 0x01, 0xff,
  0xf0, 0x01, 0xff, 0xf0, 0x01, 0xff, 0xf0, 0x01, 0xff, 0xf0, 0x01, 0xff, 0xf0, 0x01, 0xff, 0xf0, 0x01, 0xff, 0xf0, 0x01, 0xff, 0xf0, 0x01, 0xff,
  0xf0, 0x01, 0xff, 0xf0, 0x01, 0xff, 0xf0, 0x01, 0xff, 0xf0, 0x01, 0xff, 0xf0, 0x01, 0xff, 0xf0, 0x01, 0xff, 0xf0, 0x01, 0xff, 0xf0, 0x01, 0xff,
  0xf0, 0x01, 0xff, 0xf0, 0x01, 0xff, 0xf0, 0x01, 0xff, 0xf0, 0x01, 0xff, 0xf0, 0x01, 0xff, 0xf0, 0x01, 0xff, 0xf0, 0x01, 0xff, 0xf0, 0x01, 0xff,
  0xf0, 0x01, 0xff, 0xf0, 0x01, 0xff, 0xf0, 0x01, 0xff, 0xf0, 0x01, 0xff, 0xf0, 0x01, 0xff, 0xf0, 0x01, 0xff, 0xf0, 0x01, 0xff, 0xf0, 0x01, 0xff,
  0xf0, 0x01, 0xff, 0xf0, 0x09, 0xff, 0xef, 0x3a, 0xfc, 0xac, 0x9c, 0xfc, 0x6f, 0x22, 0xfb, 0xf0, 0x01, 0xff, 0xf0, 0x01, 0xff, 0xf0, 0x01, 0xff,
  0xf0, 0x01, 0xff, 0xf0, 0x01, 0xff, 0xf0, 0x01, 0xff, 0xf0, 0x01, 0xff, 0xf0, 0x01, 0xff, 0xf0, 0x01, 0xff, 0xf0, 0x01, 0xff, 0xf0, 0x01, 0xff,
  0xaf, 0x2a, 0xfb, 0xea, 0xd5, 0xfd, 0x8a, 0xfe, 0xff, 0x8a, 0xfe, 0xff, 0x8a, 0xfe, 0xff, 0x8a, 0xfe, 0xff, 0x8a, 0xfe, 0xff, 0x8a, 0xfe, 0xff,
  0x8a, 0xfe, 0xff, 0x8a, 0xfe, 0xff, 0x8a, 0xfe, 0xff, 0x8a, 0xfe, 0xff, 0x8a, 0xfe, 0xff, 0x8a, 0xfe, 0xff, 0x8a, 0xfe, 0xff, 0x8a, 0xfe, 0xff,
  0x8a, 0xfe, 0xff, 0x8a, 0xfe, 0xff, 0x4a, 0xee, 0xff, 0xac, 0x9c, 0xfc, 0x8c, 0x94, 0xfd, 0xae, 0x5b, 0xfa, 0xf0, 0x09, 0xff, 0xf0, 0x01, 0xff,
  0xaf, 0x2a, 0xfb, 0x2a, 0xe6, 0xff, 0x8a, 0xfe, 0xff, 0x8a, 0xfe, 0xff, 0x8a, 0xfe, 0xff, 0x8a, 0xfe, 0xff, 0x8a, 0xfe, 0xff, 0x8a, 0xfe, 0xff,
  0x8a, 0xfe, 0xff, 0x8a, 0xfe, 0xff, 0x8a, 0xfe, 0xff, 0x8a, 0xfe, 0xff, 0x8a, 0xfe, 0xff, 0x8a, 0xfe, 0xff, 0x8a, 0xfe, 0xff, 0x8a, 0xfe, 0xff,
  0x8a, 0xfe, 0xff, 0x8a, 0xfe, 0xff, 0x8a, 0xfe, 0xff, 0x8a, 0xfe, 0xff, 0x8a, 0xfe, 0xff, 0x8a, 0xfe, 0xff, 0x8a, 0xfe, 0xff, 0x8a, 0xfe, 0xff,
  0x8a, 0xfe, 0xff, 0x8a, 0xfe, 0xff, 0x8a, 0xfe, 0xff, 0x8a, 0xfe, 0xff, 0x8a, 0xfe, 0xff, 0x8a, 0xfe, 0xff, 0x8a, 0xfe, 0xff, 0x8a, 0xfe, 0xff,
  0x8a, 0xfe, 0xff, 0x8a, 0xfe, 0xff, 0x8a, 0xfe, 0xff, 0x8a, 0xfe, 0xff, 0x8a, 0xfe, 0xff, 0x69, 0xf6, 0xff, 0x24, 0x7b, 0xfa, 0x00, 0x00, 0xff,
  0x00, 0x00, 0xff, 0x40, 0x30, 0xfd, 0x02, 0xb9, 0xff, 0x02, 0xc9, 0xff, 0x02, 0xc9, 0xff, 0x02, 0xc9, 0xff, 0x02, 0xc9, 0xff, 0x02, 0xc9, 0xff,
  0x02, 0xc9, 0xff, 0x02, 0xc9, 0xff, 0x02, 0xc9, 0xff, 0x02, 0xc9, 0xff, 0x02, 0xc9, 0xff, 0x02, 0xc9, 0xff, 0xe2, 0xb0, 0xfe, 0x20, 0x20, 0xfd,
  0x00, 0x00, 0xff, 0x00, 0x00, 0xf4, 0x00, 0x00, 0x5c, 0x00, 0x00, 0x02, 0x00, 0x00, 0x00, 0x00, 0x00, 0x00, 0x00, 0x00, 0x00, 0x00, 0x00, 0x00,
  0x00, 0x00, 0x00, 0x00, 0x00, 0x00, 0x00, 0x00, 0x00, 0x00, 0x00, 0x03, 0x00, 0x00, 0x74, 0x00, 0x00, 0xff, 0x00, 0x00, 0xff, 0x40, 0x30, 0xfd,
  0x02, 0xb9, 0xff, 0x02, 0xc9, 0xff, 0x02, 0xc9, 0xff, 0x02, 0xc9, 0xff, 0x02, 0xc9, 0xff, 0x02, 0xc9, 0xff, 0x02, 0xc9, 0xff, 0x02, 0xc9, 0xff,
  0x02, 0xc9, 0xff, 0x02, 0xc9, 0xff, 0x02, 0xc9, 0xff, 0x02, 0xc9, 0xff, 0xe2, 0xb0, 0xfe, 0x20, 0x20, 0xfd, 0x00, 0x00, 0xff, 0x00, 0x08, 0xfe,
  0x26, 0x9c, 0xfc, 0x8a, 0xf6, 0xff, 0x8a, 0xfe, 0xff, 0x8a, 0xfe, 0xff, 0x8a, 0xfe, 0xff, 0x8a, 0xfe, 0xff, 0x8a, 0xfe, 0xff, 0x8a, 0xfe, 0xff,
  0x8a, 0xfe, 0xff, 0x8a, 0xfe, 0xff, 0x8a, 0xfe, 0xff, 0x8a, 0xfe, 0xff, 0x8a, 0xfe, 0xff, 0x8a, 0xfe, 0xff, 0x8a, 0xfe, 0xff, 0x8a, 0xfe, 0xff,
  0x8a, 0xfe, 0xff, 0x8a, 0xfe, 0xff, 0x4a, 0xee, 0xff, 0x2d, 0x7c, 0xfb, 0x30, 0x12, 0xfe, 0xf0, 0x01, 0xff, 0xf0, 0x01, 0xff, 0xf0, 0x01, 0xff,
  0xf0, 0x01, 0xff, 0xf0, 0x01, 0xff, 0xf0, 0x01, 0xff, 0xf0, 0x01, 0xff, 0xf0, 0x01, 0xff, 0xf0, 0x01, 0xff, 0xf0, 0x01, 0xff, 0xf0, 0x01, 0xff,
  0xf0, 0x01, 0xff, 0xf0, 0x01, 0xff, 0xf0, 0x01, 0xff, 0xf0, 0x01, 0xff, 0x30, 0x12, 0xfc, 0x4f, 0x1a, 0xfc, 0xf0, 0x01, 0xff, 0xf0, 0x01, 0xff,
  0xf0, 0x01, 0xff, 0xf0, 0x01, 0xff, 0xf0, 0x01, 0xff, 0xf0, 0x01, 0xff, 0xf0, 0x01, 0xff, 0xf0, 0x01, 0xff, 0xf0, 0x01, 0xff, 0xf0, 0x01, 0xff,
  0xf0, 0x01, 0xff, 0xf0, 0x01, 0xff, 0xf0, 0x01, 0xff, 0xf0, 0x01, 0xff, 0xf0, 0x01, 0xff, 0xf0, 0x01, 0xff, 0xf0, 0x01, 0xff, 0xf0, 0x01, 0xff,
  0xf0, 0x01, 0xff, 0xf0, 0x01, 0xff, 0xf0, 0x01, 0xff, 0xf0, 0x01, 0xff, 0xf0, 0x01, 0xff, 0xf0, 0x01, 0xff, 0xf0, 0x01, 0xff, 0xf0, 0x01, 0xff,
  0xf0, 0x01, 0xff, 0xf0, 0x01, 0xff, 0xf0, 0x01, 0xff, 0xf0, 0x01, 0xff, 0xf0, 0x01, 0xff, 0xf0, 0x01, 0xff, 0xf0, 0x01, 0xff, 0xf0, 0x01, 0xff,
  0xf0, 0x01, 0xff, 0x4f, 0x1a, 0xfc, 0xac, 0x9c, 0xfc, 0x6e, 0x53, 0xfb, 0xf0, 0x09, 0xff, 0xf0, 0x01, 0xff, 0xf0, 0x01, 0xff, 0xf0, 0x01, 0xff,
  0xf0, 0x01, 0xff, 0xf0, 0x01, 0xff, 0xf0, 0x01, 0xff, 0xf0, 0x01, 0xff, 0xf0, 0x01, 0xff, 0xf0, 0x01, 0xff, 0xf0, 0x01, 0xff, 0xf0, 0x01, 0xff,
  0x6f, 0x22, 0xfb, 0xab, 0xcd, 0xfc, 0x8a, 0xfe, 0xff, 0x8a, 0xfe, 0xff, 0x8a, 0xfe, 0xff, 0x8a, 0xfe, 0xff, 0x8a, 0xfe, 0xff, 0x8a, 0xfe, 0xff,
  0x8a, 0xfe, 0xff, 0x8a, 0xfe, 0xff, 0x8a, 0xfe, 0xff, 0x8a, 0xfe, 0xff, 0x8a, 0xfe, 0xff, 0x8a, 0xfe, 0xff, 0x8a, 0xfe, 0xff, 0x8a, 0xfe, 0xff,
  0x8a, 0xfe, 0xff, 0x6a, 0xf6, 0xff, 0x8c, 0x94, 0xfd, 0x0e, 0x43, 0xfd, 0x6d, 0x8c, 0xfb, 0x4f, 0x1a, 0xfc, 0xf0, 0x01, 0xff, 0xf0, 0x01, 0xff,
  0xaf, 0x2a, 0xfb, 0xea, 0xd5, 0xfd, 0x8a, 0xfe, 0xff, 0x8a, 0xfe, 0xff, 0x8a, 0xfe, 0xff, 0x8a, 0xfe, 0xff, 0x8a, 0xfe, 0xff, 0x8a, 0xfe, 0xff,
  0x8a, 0xfe, 0xff, 0x8a, 0xfe, 0xff, 0x8a, 0xfe, 0xff, 0x8a, 0xfe, 0xff, 0x8a, 0xfe, 0xff, 0x8a, 0xfe, 0xff, 0x8a, 0xfe, 0xff, 0x8a, 0xfe, 0xff,
  0x8a, 0xfe, 0xff, 0x8a, 0xfe, 0xff, 0x8a, 0xfe, 0xff, 0x8a, 0xfe, 0xff, 0x8a, 0xfe, 0xff, 0x8a, 0xfe, 0xff, 0x8a, 0xfe, 0xff, 0x8a, 0xfe, 0xff,
  0x8a, 0xfe, 0xff, 0x8a, 0xfe, 0xff, 0x8a, 0xfe, 0xff, 0x8a, 0xfe, 0xff, 0x8a, 0xfe, 0xff, 0x8a, 0xfe, 0xff, 0x8a, 0xfe, 0xff, 0x8a, 0xfe, 0xff,
  0x8a, 0xfe, 0xff, 0x8a, 0xfe, 0xff, 0x8a, 0xfe, 0xff, 0x8a, 0xfe, 0xff, 0x8a, 0xfe, 0xff, 0x8a, 0xfe, 0xff, 0xe7, 0xbc, 0xfd, 0xa1, 0x18, 0xfd,
  0x00, 0x00, 0xff, 0x00, 0x10, 0xfd, 0xc1, 0x90, 0xfd, 0x02, 0xc9, 0xff, 0x02, 0xc9, 0xff, 0x02, 0xc9, 0xff, 0x02, 0xc9, 0xff, 0x02, 0xc9, 0xff,
  0x02, 0xc9, 0xff, 0x02, 0xc9, 0xff, 0x02, 0xc9, 0xff, 0x02, 0xc9, 0xff, 0x02, 0xc9, 0xff, 0x02, 0xc9, 0xff, 0x02, 0xc1, 0xff, 0x60, 0x48, 0xfa,
  0x00, 0x00, 0xff, 0x00, 0x00, 0xff, 0x00, 0x00, 0x94, 0x00, 0x00, 0x03, 0x00, 0x00, 0x00, 0x00, 0x00, 0x00, 0x00, 0x00, 0x00, 0x00, 0x00, 0x00,
  0x00, 0x00, 0x00, 0x00, 0x00, 0x00, 0x00, 0x00, 0x00, 0x00, 0x00, 0x0c, 0x00, 0x00, 0xa4, 0x00, 0x00, 0xff, 0x00, 0x00, 0xff, 0x61, 0x50, 0xfc,
  0x02, 0xc9, 0xff, 0x02, 0xc9, 0xff, 0x02, 0xc9, 0xff, 0x02, 0xc9, 0xff, 0x02, 0xc9, 0xff, 0x02, 0xc9, 0xff, 0x02, 0xc9, 0xff, 0x02, 0xc9, 0xff,
  0x02, 0xc9, 0xff, 0x02, 0xc9, 0xff, 0x02, 0xc9, 0xff, 0x02, 0xc9, 0xff, 0xa1, 0x88, 0xfb, 0x00, 0x08, 0xfe, 0x00, 0x00, 0xff, 0xe1, 0x20, 0xfd,
  0x48, 0xcd, 0xfe, 0x8a, 0xfe, 0xff, 0x8a, 0xfe, 0xff, 0x8a, 0xfe, 0xff, 0x8a, 0xfe, 0xff, 0x8a, 0xfe, 0xff, 0x8a, 0xfe, 0xff, 0x8a, 0xfe, 0xff,
  0x8a, 0xfe, 0xff, 0x8a, 0xfe, 0xff, 0x8a, 0xfe, 0xff, 0x8a, 0xfe, 0xff, 0x8a, 0xfe, 0xff, 0x8a, 0xfe, 0xff, 0x8a, 0xfe, 0xff, 0x8a, 0xfe, 0xff,
  0x8a, 0xfe, 0xff, 0x6a, 0xf6, 0xff, 0x8c, 0x94, 0xfd, 0x4f, 0x1a, 0xfc, 0xf0, 0x01, 0xff, 0xf0, 0x01, 0xff, 0xf0, 0x01, 0xff, 0xf0, 0x01, 0xff,
  0xf0, 0x01, 0xff, 0xf0, 0x01, 0xff, 0xf0, 0x01, 0xff, 0xf0, 0x01, 0xff, 0xf0, 0x01, 0xff, 0xf0, 0x01, 0xff, 0xf0, 0x01, 0xff, 0xf0, 0x01, 0xff,
  0xf0, 0x01, 0xff, 0xf0, 0x01, 0xff, 0xf0, 0x01, 0xff, 0xf0, 0x09, 0xff, 0x4f, 0x1a, 0xfc, 0x10, 0x0a, 0xfe, 0xf0, 0x01, 0xff, 0xf0, 0x01, 0xff,
  0xf0, 0x01, 0xff, 0xf0, 0x01, 0xff, 0xf0, 0x01, 0xff, 0xf0, 0x01, 0xff, 0xf0, 0x01, 0xff, 0xf0, 0x01, 0xff, 0xf0, 0x01, 0xff, 0xf0, 0x01, 0xff,
  0xf0, 0x01, 0xff, 0xf0, 0x01, 0xff, 0xf0, 0x01, 0xff, 0xf0, 0x01, 0xff, 0xf0, 0x01, 0xff, 0xf0, 0x01, 0xff, 0xf0, 0x01, 0xff, 0xf0, 0x01, 0xff,
  0xf0, 0x01, 0xff, 0xf0, 0x01, 0xff, 0xf0, 0x01, 0xff, 0xf0, 0x01, 0xff, 0xf0, 0x01, 0xff, 0xf0, 0x01, 0xff, 0xf0, 0x01, 0xff, 0xf0, 0x01, 0xff,
  0xf0, 0x01, 0xff, 0xf0, 0x01, 0xff, 0xf0, 0x01, 0xff, 0xf0, 0x01, 0xff, 0xf0, 0x01, 0xff, 0xf0, 0x01, 0xff, 0xf0, 0x01, 0xff, 0xf0, 0x01, 0xff,
  0xf0, 0x09, 0xff, 0x6e, 0x53, 0xfb, 0x8c, 0x94, 0xfd, 0x4f, 0x1a, 0xfc, 0xf0, 0x01, 0xff, 0xf0, 0x01, 0xff, 0xf0, 0x01, 0xff, 0xf0, 0x01, 0xff,
  0xf0, 0x01, 0xff, 0xf0, 0x01, 0xff, 0xf0, 0x01, 0xff, 0xf0, 0x01, 0xff, 0xf0, 0x01, 0xff, 0xf0, 0x01, 0xff, 0xf0, 0x01, 0xff, 0xf0, 0x01, 0xff,
  0x4f, 0x1a, 0xfc, 0x8a, 0xcd, 0xfd, 0x8a, 0xfe, 0xff, 0x8a, 0xfe, 0xff, 0x8a, 0xfe, 0xff, 0x8a, 0xfe, 0xff, 0x8a, 0xfe, 0xff, 0x8a, 0xfe, 0xff,
  0x8a, 0xfe, 0xff, 0x8a, 0xfe, 0xff, 0x8a, 0xfe, 0xff, 0x8a, 0xfe, 0xff, 0x8a, 0xfe, 0xff, 0x8a, 0xfe, 0xff, 0x8a, 0xfe, 0xff, 0x8a, 0xfe, 0xff,
  0x8a, 0xf6, 0xff, 0x0c, 0xad, 0xfe, 0xaf, 0x2a, 0xfb, 0x6d, 0x8c, 0xfb, 0x2e, 0x4b, 0xfb, 0xf0, 0x09, 0xff, 0xf0, 0x01, 0xff, 0xf0, 0x01, 0xff,
  0xaf, 0x2a, 0xfb, 0xea, 0xd5, 0xfd, 0x8a, 0xfe, 0xff, 0x8a, 0xfe, 0xff, 0x8a, 0xfe, 0xff, 0x8a, 0xfe, 0xff, 0x8a, 0xfe, 0xff, 0x8a, 0xfe, 0xff,
  0x8a, 0xfe, 0xff, 0x8a, 0xfe, 0xff, 0x8a, 0xfe, 0xff, 0x8a, 0xfe, 0xff, 0x8a, 0xfe, 0xff, 0x8a, 0xfe, 0xff, 0x8a, 0xfe, 0xff, 0x8a, 0xfe, 0xff,
  0x8a, 0xfe, 0xff, 0x8a, 0xfe, 0xff, 0x8a, 0xfe, 0xff, 0x8a, 0xfe, 0xff, 0x8a, 0xfe, 0xff, 0x8a, 0xfe, 0xff, 0x8a, 0xfe, 0xff, 0x8a, 0xfe, 0xff,
  0x8a, 0xfe, 0xff, 0x8a, 0xfe, 0xff, 0x8a, 0xfe, 0xff, 0x8a, 0xfe, 0xff, 0x8a, 0xfe, 0xff, 0x8a, 0xfe, 0xff, 0x8a, 0xfe, 0xff, 0x8a, 0xfe, 0xff,
  0x8a, 0xfe, 0xff, 0x8a, 0xfe, 0xff, 0x8a, 0xfe, 0xff, 0x8a, 0xfe, 0xff, 0x8a, 0xfe, 0xff, 0x8a, 0xfe, 0xff, 0x29, 0xee, 0xfe, 0x23, 0x52, 0xfb,
  0x00, 0x00, 0xff, 0x00, 0x00, 0xff, 0x81, 0x58, 0xfc, 0x02, 0xc1, 0xff, 0x02, 0xc9, 0xff, 0x02, 0xc9, 0xff, 0x02, 0xc9, 0xff, 0x02, 0xc9, 0xff,
  0x02, 0xc9, 0xff, 0x02, 0xc9, 0xff, 0x02, 0xc9, 0xff, 0x02, 0xc9, 0xff, 0x02, 0xc9, 0xff, 0x02, 0xc9, 0xff, 0x02, 0xc9, 0xff, 0xa1, 0x80, 0xfd,
  0x00, 0x08, 0xfe, 0x00, 0x00, 0xff, 0x00, 0x00, 0xc5, 0x00, 0x00, 0x24, 0x00, 0x00, 0x00, 0x00, 0x00, 0x00, 0x00, 0x00, 0x00, 0x00, 0x00, 0x00,
  0x00, 0x00, 0x00, 0x00, 0x00, 0x00, 0x00, 0x00, 0x00, 0x00, 0x00, 0x24, 0x00, 0x00, 0xd5, 0x00, 0x00, 0xff, 0x00, 0x08, 0xfe, 0xa1, 0x88, 0xfb,
  0x02, 0xc9, 0xff, 0x02, 0xc9, 0xff, 0x02, 0xc9, 0xff, 0x02, 0xc9, 0xff, 0x02, 0xc9, 0xff, 0x02, 0xc9, 0xff, 0x02, 0xc9, 0xff, 0x02, 0xc9, 0xff,
  0x02, 0xc9, 0xff, 0x02, 0xc9, 0xff, 0x02, 0xc9, 0xff, 0x02, 0xc1, 0xff, 0x61, 0x50, 0xfc, 0x00, 0x00, 0xff, 0x00, 0x00, 0xff, 0x23, 0x52, 0xfb,
  0x49, 0xee, 0xff, 0x8a, 0xfe, 0xff, 0x8a, 0xfe, 0xff, 0x8a, 0xfe, 0xff, 0x8a, 0xfe, 0xff, 0x8a, 0xfe, 0xff, 0x8a, 0xfe, 0xff, 0x8a, 0xfe, 0xff,
  0x8a, 0xfe, 0xff, 0x8a, 0xfe, 0xff, 0x8a, 0xfe, 0xff, 0x8a, 0xfe, 0xff, 0x8a, 0xfe, 0xff, 0x8a, 0xfe, 0xff, 0x8a, 0xfe, 0xff, 0x8a, 0xfe, 0xff,
  0x4a, 0xee, 0xff, 0x8c, 0x94, 0xfd, 0x4f, 0x1a, 0xfc, 0xf0, 0x01, 0xff, 0xf0, 0x01, 0xff, 0xf0, 0x01, 0xff, 0xf0, 0x01, 0xff, 0xf0, 0x01, 0xff,
  0xf0, 0x01, 0xff, 0xf0, 0x01, 0xff, 0xf0, 0x01, 0xff, 0xf0, 0x01, 0xff, 0xf0, 0x01, 0xff, 0xf0, 0x01, 0xff, 0xf0, 0x01, 0xff, 0xf0, 0x01, 0xff,
  0xf0, 0x01, 0xff, 0xf0, 0x01, 0xff, 0xf0, 0x01, 0xff, 0x10, 0x0a, 0xfe, 0x10, 0x0a, 0xfe, 0xf0, 0x01, 0xff, 0xf0, 0x01, 0xff, 0xf0, 0x01, 0xff,
  0xf0, 0x01, 0xff, 0xf0, 0x01, 0xff, 0xf0, 0x01, 0xff, 0xf0, 0x01, 0xff, 0xf0, 0x01, 0xff, 0xf0, 0x01, 0xff, 0xf0, 0x01, 0xff, 0xf0, 0x01, 0xff,
  0xf0, 0x01, 0xff, 0xf0, 0x01, 0xff, 0xf0, 0x01, 0xff, 0xf0, 0x01, 0xff, 0xf0, 0x01, 0xff, 0xf0, 0x01, 0xff, 0xf0, 0x01, 0xff, 0xf0, 0x01, 0xff,
  0xf0, 0x01, 0xff, 0xf0, 0x01, 0xff, 0xf0, 0x01, 0xff, 0xf0, 0x01, 0xff, 0xf0, 0x01, 0xff, 0xf0, 0x01, 0xff, 0xf0, 0x01, 0xff, 0xf0, 0x01, 0xff,
  0xf0, 0x01, 0xff, 0xf0, 0x01, 0xff, 0xf0, 0x01, 0xff, 0xf0, 0x01, 0xff, 0xf0, 0x01, 0xff, 0xf0, 0x01, 0xff, 0xf0, 0x01, 0xff, 0xf0, 0x01, 0xff,
  0x4f, 0x1a, 0xfc, 0x6d, 0x8c, 0xfb, 0xef, 0x3a, 0xfc, 0xf0, 0x01, 0xff, 0xf0, 0x01, 0xff, 0xf0, 0x01, 0xff, 0xf0, 0x01, 0xff, 0xf0, 0x01, 0xff,
  0xf0, 0x01, 0xff, 0xf0, 0x01, 0xff, 0xf0, 0x01, 0xff, 0xf0, 0x01, 0xff, 0xf0, 0x01, 0xff, 0xf0, 0x01, 0xff, 0xf0, 0x01, 0xff, 0xf0, 0x01, 0xff,
  0x4f, 0x1a, 0xfc, 0x8a, 0xcd, 0xfd, 0x8a, 0xfe, 0xff, 0x8a, 0xfe, 0xff, 0x8a, 0xfe, 0xff, 0x8a, 0xfe, 0xff, 0x8a, 0xfe, 0xff, 0x8a, 0xfe, 0xff,
  0x8a, 0xfe, 0xff, 0x8a, 0xfe, 0xff, 0x8a, 0xfe, 0xff, 0x8a, 0xfe, 0xff, 0x8a, 0xfe, 0xff, 0x8a, 0xfe, 0xff, 0x8a, 0xfe, 0xff, 0x6a, 0xf6, 0xff,
  0x2b, 0xad, 0xfb, 0xaf, 0x2a, 0xfb, 0x0e, 0x43, 0xfd, 0x2d, 0x7c, 0xfb, 0x30, 0x12, 0xfe, 0xf0, 0x01, 0xff, 0xf0, 0x01, 0xff, 0xf0, 0x01, 0xff,
  0x4f, 0x1a, 0xfc, 0x8a, 0xcd, 0xfd, 0x8a, 0xfe, 0xff, 0x8a, 0xfe, 0xff, 0x8a, 0xfe, 0xff, 0x8a, 0xfe, 0xff, 0x8a, 0xfe, 0xff, 0x8a, 0xfe, 0xff,
  0x8a, 0xfe, 0xff, 0x8a, 0xfe, 0xff, 0x8a, 0xfe, 0xff, 0x8a, 0xfe, 0xff, 0x8a, 0xfe, 0xff, 0x8a, 0xfe, 0xff, 0x8a, 0xfe, 0xff, 0x8a, 0xfe, 0xff,
  0x8a, 0xfe, 0xff, 0x8a, 0xfe, 0xff, 0x8a, 0xfe, 0xff, 0x8a, 0xfe, 0xff, 0x8a, 0xfe, 0xff, 0x8a, 0xfe, 0xff, 0x8a, 0xfe, 0xff, 0x8a, 0xfe, 0xff,
  0x8a, 0xfe, 0xff, 0x8a, 0xfe, 0xff, 0x8a, 0xfe, 0xff, 0x8a, 0xfe, 0xff, 0x8a, 0xfe, 0xff, 0x8a, 0xfe, 0xff, 0x8a, 0xfe, 0xff, 0x8a, 0xfe, 0xff,
  0x8a, 0xfe, 0xff, 0x8a, 0xfe, 0xff, 0x8a, 0xfe, 0xff, 0x8a, 0xfe, 0xff, 0x8a, 0xfe, 0xff, 0x8a, 0xfe, 0xff, 0x8a, 0xf6, 0xff, 0x26, 0x9c, 0xfc,
  0x40, 0x08, 0xfe, 0x00, 0x00, 0xff, 0x20, 0x20, 0xfd, 0xe2, 0xb0, 0xfe, 0x02, 0xc9, 0xff, 0x02, 0xc9, 0xff, 0x02, 0xc9, 0xff, 0x02, 0xc9, 0xff,
  0x02, 0xc9, 0xff, 0x02, 0xc9, 0xff, 0x02, 0xc9, 0xff, 0x02, 0xc9, 0xff, 0x02, 0xc9, 0xff, 0x02, 0xc9, 0xff, 0x02, 0xc9, 0xff, 0xe2, 0xb0, 0xfe,
  0x20, 0x20, 0xfd, 0x00, 0x00, 0xff, 0x00, 0x00, 0xf4, 0x00, 0x00, 0x54, 0x00, 0x00, 0x02, 0x00, 0x00, 0x00, 0x00, 0x00, 0x00, 0x00, 0x00, 0x00,
  0x00, 0x00, 0x00, 0x00, 0x00, 0x00, 0x00, 0x00, 0x00, 0x00, 0x00, 0x45, 0x00, 0x00, 0xec, 0x00, 0x00, 0xff, 0x20, 0x18, 0xfd, 0xe2, 0xa8, 0xfe,
  0x02, 0xc9, 0xff, 0x02, 0xc9, 0xff, 0x02, 0xc9, 0xff, 0x02, 0xc9, 0xff, 0x02, 0xc9, 0xff, 0x02, 0xc9, 0xff, 0x02, 0xc9, 0xff, 0x02, 0xc9, 0xff,
  0x02, 0xc9, 0xff, 0x02, 0xc9, 0xff, 0x02, 0xc9, 0xff, 0xe2, 0xb0, 0xfe, 0x20, 0x28, 0xfd, 0x00, 0x00, 0xff, 0x00, 0x08, 0xfe, 0xc5, 0x8b, 0xfb,
  0x8a, 0xf6, 0xff, 0x8a, 0xfe, 0xff, 0x8a, 0xfe, 0xff, 0x8a, 0xfe, 0xff, 0x8a, 0xfe, 0xff, 0x8a, 0xfe, 0xff, 0x8a, 0xfe, 0xff, 0x8a, 0xfe, 0xff,
  0x8a, 0xfe, 0xff, 0x8a, 0xfe, 0xff, 0x8a, 0xfe, 0xff, 0x8a, 0xfe, 0xff, 0x8a, 0xfe, 0xff, 0x8a, 0xfe, 0xff, 0x8a, 0xfe, 0xff, 0x4a, 0xee, 0xff,
  0x6d, 0x8c, 0xfb, 0x4f, 0x1a, 0xfc, 0xf0, 0x01, 0xff, 0xf0, 0x01, 0xff, 0xf0, 0x01, 0xff, 0xf0, 0x01, 0xff, 0xf0, 0x01, 0xff, 0xf0, 0x01, 0xff,
  0xf0, 0x01, 0xff, 0xf0, 0x01, 0xff, 0xf0, 0x01, 0xff, 0xf0, 0x01, 0xff, 0xf0, 0x01, 0xff, 0xf0, 0x01, 0xff, 0xf0, 0x01, 0xff, 0xf0, 0x01, 0xff,
  0xf0, 0x01, 0xff, 0xf0, 0x01, 0xff, 0xf0, 0x01, 0xff, 0xf0, 0x09, 0xff, 0xf0, 0x01, 0xff, 0xf0, 0x01, 0xff, 0xf0, 0x01, 0xff, 0xf0, 0x01, 0xff,
  0xf0, 0x01, 0xff, 0xf0, 0x01, 0xff, 0xf0, 0x01, 0xff, 0xf0, 0x01, 0xff, 0xf0, 0x01, 0xff, 0xf0, 0x01, 0xff, 0xf0, 0x01, 0xff, 0xf0, 0x01, 0xff,
  0xf0, 0x01, 0xff, 0xf0, 0x01, 0xff, 0xf0, 0x01, 0xff, 0xf0, 0x01, 0xff, 0xf0, 0x01, 0xff, 0xf0, 0x01, 0xff, 0xf0, 0x01, 0xff, 0xf0, 0x01, 0xff,
  0xf0, 0x01, 0xff, 0xf0, 0x01, 0xff, 0xf0, 0x01, 0xff, 0xf0, 0x01, 0xff, 0xf0, 0x01, 0xff, 0xf0, 0x01, 0xff, 0xf0, 0x01, 0xff, 0xf0, 0x01, 0xff,
  0xf0, 0x01, 0xff, 0xf0, 0x01, 0xff, 0xf0, 0x01, 0xff, 0xf0, 0x01, 0xff, 0xf0, 0x01, 0xff, 0xf0, 0x01, 0xff, 0xf0, 0x01, 0xff, 0x10, 0x0a, 0xfe,
  0xae, 0x5b, 0xfa, 0xae, 0x5b, 0xfa, 0x10, 0x0a, 0xfe, 0xf0, 0x01, 0xff, 0xf0, 0x01, 0xff, 0xf0, 0x01, 0xff, 0xf0, 0x01, 0xff, 0xf0, 0x01, 0xff,
  0xf0, 0x01, 0xff, 0xf0, 0x01, 0xff, 0xf0, 0x01, 0xff, 0xf0, 0x01, 0xff, 0xf0, 0x01, 0xff, 0xf0, 0x01, 0xff, 0xf0, 0x01, 0xff, 0xf0, 0x01, 0xff,
  0x4f, 0x12, 0xff, 0xab, 0xcd, 0xfc, 0x8a, 0xfe, 0xff, 0x8a, 0xfe, 0xff, 0x8a, 0xfe, 0xff, 0x8a, 0xfe, 0xff, 0x8a, 0xfe, 0xff, 0x8a, 0xfe, 0xff,
  0x8a, 0xfe, 0xff, 0x8a, 0xfe, 0xff, 0x8a, 0xfe, 0xff, 0x8a, 0xfe, 0xff, 0x8a, 0xfe, 0xff, 0x8a, 0xfe, 0xff, 0x6a, 0xf6, 0xff, 0x8c, 0x94, 0xfd,
  0x6f, 0x22, 0xfb, 0x4f, 0x1a, 0xfc, 0x0d, 0x74, 0xf9, 0x6f, 0x22, 0xfb, 0xf0, 0x01, 0xff, 0xf0, 0x01, 0xff, 0xf0, 0x01, 0xff, 0xf0, 0x01, 0xff,
  0x4f, 0x1a, 0xfc, 0x6b, 0xbd, 0xfc, 0x8a, 0xfe, 0xff, 0x8a, 0xfe, 0xff, 0x8a, 0xfe, 0xff, 0x8a, 0xfe, 0xff, 0x8a, 0xfe, 0xff, 0x8a, 0xfe, 0xff,
  0x8a, 0xfe, 0xff, 0x8a, 0xfe, 0xff, 0x8a, 0xfe, 0xff, 0x8a, 0xfe, 0xff, 0x8a, 0xfe, 0xff, 0x8a, 0xfe, 0xff, 0x8a, 0xfe, 0xff, 0x8a, 0xfe, 0xff,
  0x8a, 0xfe, 0xff, 0x8a, 0xfe, 0xff, 0x8a, 0xfe, 0xff, 0x8a, 0xfe, 0xff, 0x8a, 0xfe, 0xff, 0x8a, 0xfe, 0xff, 0x8a, 0xfe, 0xff, 0x8a, 0xfe, 0xff,
  0x8a, 0xfe, 0xff, 0x8a, 0xfe, 0xff, 0x8a, 0xfe, 0xff, 0x8a, 0xfe, 0xff, 0x8a, 0xfe, 0xff, 0x8a, 0xfe, 0xff, 0x8a, 0xfe, 0xff, 0x8a, 0xfe, 0xff,
  0x8a, 0xfe, 0xff, 0x8a, 0xfe, 0xff, 0x8a, 0xfe, 0xff, 0x8a, 0xfe, 0xff, 0x8a, 0xfe, 0xff, 0x8a, 0xfe, 0xff, 0x8a, 0xfe, 0xff, 0x48, 0xcd, 0xfe,
  0xe1, 0x20, 0xfd, 0x00, 0x00, 0xff, 0x00, 0x08, 0xfe, 0xc1, 0x88, 0xfd, 0x02, 0xc9, 0xff, 0x02, 0xc9, 0xff, 0x02, 0xc9, 0xff, 0x02, 0xc9, 0xff,
  0x02, 0xc9, 0xff, 0x02, 0xc9, 0xff, 0x02, 0xc9, 0xff, 0x02, 0xc9, 0xff, 0x02, 0xc9, 0xff, 0x02, 0xc9, 0xff, 0x02, 0xc9, 0xff, 0x02, 0xc1, 0xff,
  0x60, 0x48, 0xfc, 0x00, 0x00, 0xff, 0x00, 0x00, 0xff, 0x00, 0x00, 0x8d, 0x00, 0x00, 0x03, 0x00, 0x00, 0x00, 0x00, 0x00, 0x00, 0x00, 0x00, 0x00,
  0x00, 0x00, 0x00, 0x00, 0x00, 0x00, 0x00, 0x00, 0x02, 0x00, 0x00, 0x74, 0x00, 0x00, 0xff, 0x00, 0x00, 0xff, 0x40, 0x30, 0xfd, 0x02, 0xb9, 0xff,
  0x02, 0xc9, 0xff, 0x02, 0xc9, 0xff, 0x02, 0xc9, 0xff, 0x02, 0xc9, 0xff, 0x02, 0xc9, 0xff, 0x02, 0xc9, 0xff, 0x02, 0xc9, 0xff, 0x02, 0xc9, 0xff,
  0x02, 0xc9, 0xff, 0x02, 0xc9, 0xff, 0x02, 0xc9, 0xff, 0xc1, 0x98, 0xfd, 0x00, 0x08, 0xfe, 0x00, 0x00, 0xff, 0xa1, 0x18, 0xfd, 0x48, 0xcd, 0xfe,
  0x8a, 0xfe, 0xff, 0x8a, 0xfe, 0xff, 0x8a, 0xfe, 0xff, 0x8a, 0xfe, 0xff, 0x8a, 0xfe, 0xff, 0x8a, 0xfe, 0xff, 0x8a, 0xfe, 0xff, 0x8a, 0xfe, 0xff,
  0x8a, 0xfe, 0xff, 0x8a, 0xfe, 0xff, 0x8a, 0xfe, 0xff, 0x8a, 0xfe, 0xff, 0x8a, 0xfe, 0xff, 0x8a, 0xfe, 0xff, 0x6a, 0xf6, 0xff, 0xac, 0x9c, 0xfc,
  0x4f, 0x1a, 0xfc, 0xf0, 0x01, 0xff, 0xf0, 0x01, 0xff, 0xf0, 0x01, 0xff, 0xf0, 0x01, 0xff, 0xf0, 0x01, 0xff, 0xf0, 0x01, 0xff, 0xf0, 0x01, 0xff,
  0xf0, 0x01, 0xff, 0xf0, 0x01, 0xff, 0xf0, 0x01, 0xff, 0xf0, 0x01, 0xff, 0xf0, 0x01, 0xff, 0xf0, 0x01, 0xff, 0xf0, 0x01, 0xff, 0xf0, 0x01, 0xff,
  0xf0, 0x01, 0xff, 0xf0, 0x01, 0xff, 0xf0, 0x01, 0xff, 0xf0, 0x01, 0xff, 0xf0, 0x01, 0xff, 0xf0, 0x01, 0xff, 0xf0, 0x01, 0xff, 0xf0, 0x01, 0xff,
  0xf0, 0x01, 0xff, 0xf0, 0x01, 0xff, 0xf0, 0x01, 0xff, 0xf0, 0x01, 0xff, 0xf0, 0x01, 0xff, 0xf0, 0x01, 0xff, 0xf0, 0x01, 0xff, 0xf0, 0x01, 0xff,
  0xf0, 0x01, 0xff, 0xf0, 0x01, 0xff, 0xf0, 0x01, 0xff, 0xf0, 0x01, 0xff, 0xf0, 0x01, 0xff, 0xf0, 0x01, 0xff, 0xf0, 0x01, 0xff, 0xf0, 0x01, 0xff,
  0xf0, 0x01, 0xff, 0xf0, 0x01, 0xff, 0xf0, 0x01, 0xff, 0xf0, 0x01, 0xff, 0xf0, 0x01, 0xff, 0xf0, 0x01, 0xff, 0xf0, 0x01, 0xff, 0xf0, 0x01, 0xff,
  0xf0, 0x01, 0xff, 0xf0, 0x01, 0xff, 0xf0, 0x01, 0xff, 0xf0, 0x01, 0xff, 0xf0, 0x01, 0xff, 0xf0, 0x01, 0xff, 0xf0, 0x01, 0xff, 0x4f, 0x1a, 0xfc,
  0x6d, 0x8c, 0xfb, 0x4f, 0x1a, 0xfc, 0xf0, 0x01, 0xff, 0xf0, 0x01, 0xff, 0xf0, 0x01, 0xff, 0xf0, 0x01, 0xff, 0xf0, 0x01, 0xff, 0xf0, 0x01, 0xff,
  0xf0, 0x01, 0xff, 0xf0, 0x01, 0xff, 0xf0, 0x01, 0xff, 0xf0, 0x01, 0xff, 0xf0, 0x01, 0xff, 0xf0, 0x01, 0xff, 0xf0, 0x01, 0xff, 0xf0, 0x01, 0xff,
  0x30, 0x12, 0xfe, 0x6b, 0xbd, 0xfc, 0x8a, 0xfe, 0xff, 0x8a, 0xfe, 0xff, 0x8a, 0xfe, 0xff, 0x8a, 0xfe, 0xff, 0x8a, 0xfe, 0xff, 0x8a, 0xfe, 0xff,
  0x8a, 0xfe, 0xff, 0x8a, 0xfe, 0xff, 0x8a, 0xfe, 0xff, 0x8a, 0xfe, 0xff, 0x8a, 0xfe, 0xff, 0x8a, 0xf6, 0xff, 0x2b, 0xad, 0xfb, 0x6f, 0x22, 0xfb,
  0xf0, 0x01, 0xff, 0x0e, 0x43, 0xfd, 0x6e, 0x53, 0xfb, 0xf0, 0x09, 0xff, 0xf0, 0x01, 0xff, 0xf0, 0x01, 0xff, 0xf0, 0x01, 0xff, 0xf0, 0x01, 0xff,
  0x30, 0x12, 0xfc, 0x2b, 0xad, 0xfb, 0x8a, 0xfe, 0xff, 0x8a, 0xfe, 0xff, 0x8a, 0xfe, 0xff, 0x8a, 0xfe, 0xff, 0x8a, 0xfe, 0xff, 0x8a, 0xfe, 0xff,
  0x8a, 0xfe, 0xff, 0x8a, 0xfe, 0xff, 0x8a, 0xfe, 0xff, 0x8a, 0xfe, 0xff, 0x8a, 0xfe, 0xff, 0x8a, 0xfe, 0xff, 0x8a, 0xfe, 0xff, 0x8a, 0xfe, 0xff,
  0x8a, 0xfe, 0xff, 0x8a, 0xfe, 0xff, 0x8a, 0xfe, 0xff, 0x8a, 0xfe, 0xff, 0x8a, 0xfe, 0xff, 0x8a, 0xfe, 0xff, 0x8a, 0xfe, 0xff, 0x8a, 0xfe, 0xff,
  0x8a, 0xfe, 0xff, 0x8a, 0xfe, 0xff, 0x8a, 0xfe, 0xff, 0x8a, 0xfe, 0xff, 0x8a, 0xfe, 0xff, 0x8a, 0xfe, 0xff, 0x8a, 0xfe, 0xff, 0x8a, 0xfe, 0xff,
  0x8a, 0xfe, 0xff, 0x8a, 0xfe, 0xff, 0x8a, 0xfe, 0xff, 0x8a, 0xfe, 0xff, 0x8a, 0xfe, 0xff, 0x8a, 0xfe, 0xff, 0x8a, 0xfe, 0xff, 0x49, 0xee, 0xff,
  0xc2, 0x41, 0xfc, 0x00, 0x00, 0xff, 0x00, 0x00, 0xff, 0x81, 0x60, 0xfd, 0x02, 0xc9, 0xff, 0x02, 0xc9, 0xff, 0x02, 0xc9, 0xff, 0x02, 0xc9, 0xff,
  0x02, 0xc9, 0xff, 0x02, 0xc9, 0xff, 0x02, 0xc9, 0xff, 0x02, 0xc9, 0xff, 0x02, 0xc9, 0xff, 0x02, 0xc9, 0xff, 0x02, 0xc9, 0xff, 0x02, 0xc9, 0xff,
  0x81, 0x70, 0xfc, 0x00, 0x00, 0xff, 0x00, 0x00, 0xff, 0x00, 0x00, 0xbc, 0x00, 0x00, 0x0c, 0x00, 0x00, 0x00, 0x00, 0x00, 0x00, 0x00, 0x00, 0x00,
  0x00, 0x00, 0x00, 0x00, 0x00, 0x00, 0x00, 0x00, 0x0c, 0x00, 0x00, 0x9c, 0x00, 0x00, 0xff, 0x00, 0x00, 0xff, 0x61, 0x58, 0xfc, 0x02, 0xc9, 0xff,
  0x02, 0xc9, 0xff, 0x02, 0xc9, 0xff, 0x02, 0xc9, 0xff, 0x02, 0xc9, 0xff, 0x02, 0xc9, 0xff, 0x02, 0xc9, 0xff, 0x02, 0xc9, 0xff, 0x02, 0xc9, 0xff,
  0x02, 0xc9, 0xff, 0x02, 0xc9, 0xff, 0x02, 0xc9, 0xff, 0x81, 0x70, 0xfc, 0x00, 0x00, 0xff, 0x00, 0x00, 0xff, 0x82, 0x39, 0xfc, 0x29, 0xee, 0xfe,
  0x8a, 0xfe, 0xff, 0x8a, 0xfe, 0xff, 0x8a, 0xfe, 0xff, 0x8a, 0xfe, 0xff, 0x8a, 0xfe, 0xff, 0x8a, 0xfe, 0xff, 0x8a, 0xfe, 0xff, 0x8a, 0xfe, 0xff,
  0x8a, 0xfe, 0xff, 0x8a, 0xfe, 0xff, 0x8a, 0xfe, 0xff, 0x8a, 0xfe, 0xff, 0x8a, 0xfe, 0xff, 0x6a, 0xf6, 0xff, 0x0c, 0xad, 0xfe, 0xaf, 0x2a, 0xfb,
  0xf0, 0x01, 0xff, 0xf0, 0x01, 0xff, 0xf0, 0x01, 0xff, 0xf0, 0x01, 0xff, 0xf0, 0x01, 0xff, 0xf0, 0x01, 0xff, 0xf0, 0x01, 0xff, 0xf0, 0x01, 0xff,
  0xf0, 0x01, 0xff, 0xf0, 0x01, 0xff, 0xf0, 0x01, 0xff, 0xf0, 0x01, 0xff, 0xf0, 0x01, 0xff, 0xf0, 0x01, 0xff, 0xf0, 0x01, 0xff, 0xf0, 0x01, 0xff,
  0xf0, 0x01, 0xff, 0xf0, 0x01, 0xff, 0xf0, 0x01, 0xff, 0xf0, 0x01, 0xff, 0xf0, 0x01, 0xff, 0xf0, 0x01, 0xff, 0xf0, 0x01, 0xff, 0xf0, 0x01, 0xff,
  0xf0, 0x01, 0xff, 0xf0, 0x01, 0xff, 0xf0, 0x01, 0xff, 0xf0, 0x01, 0xff, 0xf0, 0x01, 0xff, 0xf0, 0x01, 0xff, 0xf0, 0x01, 0xff, 0xf0, 0x01, 0xff,
  0xf0, 0x01, 0xff, 0xf0, 0x01, 0xff, 0xf0, 0x01, 0xff, 0xf0, 0x01, 0xff, 0xf0, 0x01, 0xff, 0xf0, 0x01, 0xff, 0xf0, 0x01, 0xff, 0xf0, 0x01, 0xff,
  0xf0, 0x01, 0xff, 0xf0, 0x01, 0xff, 0xf0, 0x01, 0xff, 0xf0, 0x01, 0xff, 0xf0, 0x01, 0xff, 0xf0, 0x01, 0xff, 0xf0, 0x01, 0xff, 0xf0, 0x01, 0xff,
  0xf0, 0x01, 0xff, 0xf0, 0x01, 0xff, 0xf0, 0x01, 0xff, 0xf0, 0x01, 0xff, 0xf0, 0x01, 0xff, 0xf0, 0x01, 0xff, 0x10, 0x0a, 0xfe, 0x6e, 0x53, 0xf7,
  0x2e, 0x4b, 0xfb, 0xf0, 0x09, 0xff, 0xf0, 0x01, 0xff, 0xf0, 0x01, 0xff, 0xf0, 0x01, 0xff, 0xf0, 0x01, 0xff, 0xf0, 0x01, 0xff, 0xf0, 0x01, 0xff,
  0xf0, 0x01, 0xff, 0xf0, 0x01, 0xff, 0xf0, 0x01, 0xff, 0xf0, 0x01, 0xff, 0xf0, 0x01, 0xff, 0xf0, 0x01, 0xff, 0xf0, 0x01, 0xff, 0xf0, 0x01, 0xff,
  0x30, 0x12, 0xfe, 0x0c, 0xad, 0xfe, 0x8a, 0xfe, 0xff, 0x8a, 0xfe, 0xff, 0x8a, 0xfe, 0xff, 0x8a, 0xfe, 0xff, 0x8a, 0xfe, 0xff, 0x8a, 0xfe, 0xff,
  0x8a, 0xfe, 0xff, 0x8a, 0xfe, 0xff, 0x8a, 0xfe, 0xff, 0x8a, 0xfe, 0xff, 0x8a, 0xf6, 0xff, 0x6b, 0xbd, 0xfc, 0xaf, 0x2a, 0xfb, 0xf0, 0x01, 0xff,
  0x30, 0x12, 0xfc, 0xae, 0x5b, 0xfa, 0x4f, 0x1a, 0xfc, 0xf0, 0x01, 0xff, 0xf0, 0x01, 0xff, 0xf0, 0x01, 0xff, 0xf0, 0x01, 0xff, 0xf0, 0x01, 0xff,
  0x10, 0x0a, 0xfb, 0x2b, 0xad, 0xfb, 0x8a, 0xfe, 0xff, 0x8a, 0xfe, 0xff, 0x8a, 0xfe, 0xff, 0x8a, 0xfe, 0xff, 0x8a, 0xfe, 0xff, 0x8a, 0xfe, 0xff,
  0x8a, 0xfe, 0xff, 0x8a, 0xfe, 0xff, 0x8a, 0xfe, 0xff, 0x8a, 0xfe, 0xff, 0x8a, 0xfe, 0xff, 0x8a, 0xfe, 0xff, 0x8a, 0xfe, 0xff, 0x8a, 0xfe, 0xff,
  0x8a, 0xfe, 0xff, 0x8a, 0xfe, 0xff, 0x8a, 0xfe, 0xff, 0x8a, 0xfe, 0xff, 0x8a, 0xfe, 0xff, 0x8a, 0xfe, 0xff, 0x8a, 0xfe, 0xff, 0x8a, 0xfe, 0xff,
  0x8a, 0xfe, 0xff, 0x8a, 0xfe, 0xff, 0x8a, 0xfe, 0xff, 0x8a, 0xfe, 0xff, 0x8a, 0xfe, 0xff, 0x8a, 0xfe, 0xff, 0x8a, 0xfe, 0xff, 0x8a, 0xfe, 0xff,
  0x8a, 0xfe, 0xff, 0x8a, 0xfe, 0xff, 0x8a, 0xfe, 0xff, 0x8a, 0xfe, 0xff, 0x8a, 0xfe, 0xff, 0x8a, 0xfe, 0xff, 0x8a, 0xfe, 0xff, 0x6a, 0xf6, 0xff,
  0xa5, 0x8b, 0xfc, 0x00, 0x00, 0xff, 0x00, 0x00, 0xff, 0x40, 0x30, 0xfd, 0x02, 0xc1, 0xff, 0x02, 0xc9, 0xff, 0x02, 0xc9, 0xff, 0x02, 0xc9, 0xff,
  0x02, 0xc9, 0xff, 0x02, 0xc9, 0xff, 0x02, 0xc9, 0xff, 0x02, 0xc9, 0xff, 0x02, 0xc9, 0xff, 0x02, 0xc9, 0xff, 0x02, 0xc9, 0xff, 0x02, 0xc9, 0xff,
  0xc1, 0x90, 0xfd, 0x00, 0x08, 0xfe, 0x00, 0x00, 0xff, 0x00, 0x00, 0xdb, 0x00, 0x00, 0x24, 0x00, 0x00, 0x00, 0x00, 0x00, 0x00, 0x00, 0x00, 0x00,
  0x00, 0x00, 0x00, 0x00, 0x00, 0x00, 0x00, 0x00, 0x14, 0x00, 0x00, 0xc5, 0x00, 0x00, 0xff, 0x00, 0x08, 0xfe, 0xa1, 0x78, 0xfd, 0x02, 0xc9, 0xff,
  0x02, 0xc9, 0xff, 0x02, 0xc9, 0xff, 0x02, 0xc9, 0xff, 0x02, 0xc9, 0xff, 0x02, 0xc9, 0xff, 0x02, 0xc9, 0xff, 0x02, 0xc9, 0xff, 0x02, 0xc9, 0xff,
  0x02, 0xc9, 0xff, 0x02, 0xc9, 0xff, 0x02, 0xc1, 0xff, 0x40, 0x40, 0xfd, 0x00, 0x00, 0xff, 0x00, 0x00, 0xff, 0x24, 0x7b, 0xfa, 0x6a, 0xf6, 0xff,
  0x8a, 0xfe, 0xff, 0x8a, 0xfe, 0xff, 0x8a, 0xfe, 0xff, 0x8a, 0xfe, 0xff, 0x8a, 0xfe, 0xff, 0x8a, 0xfe, 0xff, 0x8a, 0xfe, 0xff, 0x8a, 0xfe, 0xff,
  0x8a, 0xfe, 0xff, 0x8a, 0xfe, 0xff, 0x8a, 0xfe, 0xff, 0x8a, 0xfe, 0xff, 0x6a, 0xf6, 0xff, 0xac, 0x9c, 0xfc, 0x6f, 0x22, 0xfb, 0xf0, 0x01, 0xff,
  0xf0, 0x01, 0xff, 0xf0, 0x01, 0xff, 0xf0, 0x01, 0xff, 0xf0, 0x01, 0xff, 0xf0, 0x01, 0xff, 0xf0, 0x01, 0xff, 0xf0, 0x01, 0xff, 0xf0, 0x01, 0xff,
  0xf0, 0x01, 0xff, 0xf0, 0x01, 0xff, 0xf0, 0x01, 0xff, 0xf0, 0x01, 0xff, 0xf0, 0x01, 0xff, 0xf0, 0x01, 0xff, 0xf0, 0x01, 0xff, 0xf0, 0x01, 0xff,
  0xf0, 0x01, 0xff, 0xf0, 0x01, 0xff, 0xf0, 0x01, 0xff, 0xf0, 0x01, 0xff, 0xf0, 0x01, 0xff, 0xf0, 0x01, 0xff, 0xf0, 0x01, 0xff, 0xf0, 0x01, 0xff,
  0xf0, 0x01, 0xff, 0xf0, 0x01, 0xff, 0xf0, 0x01, 0xff, 0xf0, 0x01, 0xff, 0xf0, 0x01, 0xff, 0xf0, 0x01, 0xff, 0xf0, 0x01, 0xff, 0xf0, 0x01, 0xff,
  0xf0, 0x01, 0xff, 0xf0, 0x01, 0xff, 0xf0, 0x01, 0xff, 0xf0, 0x01, 0xff, 0xf0, 0x01, 0xff, 0xf0, 0x01, 0xff, 0xf0, 0x01, 0xff, 0xf0, 0x01, 0xff,
  0xf0, 0x01, 0xff, 0xf0, 0x01, 0xff, 0xf0, 0x01, 0xff, 0xf0, 0x01, 0xff, 0xf0, 0x01, 0xff, 0xf0, 0x01, 0xff, 0xf0, 0x01, 0xff, 0xf0, 0x01, 0xff,
  0xf0, 0x01, 0xff, 0xf0, 0x01, 0xff, 0xf0, 0x01, 0xff, 0xf0, 0x01, 0xff, 0xf0, 0x01, 0xff, 0xf0, 0x01, 0xff, 0xef, 0x3a, 0xfc, 0xcd, 0x6b, 0xfa,
  0x30, 0x12, 0xfe, 0xf0, 0x01, 0xff, 0xf0, 0x01, 0xff, 0xf0, 0x01, 0xff, 0xf0, 0x01, 0xff, 0xf0, 0x01, 0xff, 0xf0, 0x01, 0xff, 0xf0, 0x01, 0xff,
  0xf0, 0x01, 0xff, 0xf0, 0x01, 0xff, 0xf0, 0x01, 0xff, 0xf0, 0x01, 0xff, 0xf0, 0x01, 0xff, 0xf0, 0x01, 0xff, 0xf0, 0x01, 0xff, 0xf0, 0x01, 0xff,
  0x10, 0x0a, 0xfe, 0xac, 0x9c, 0xfc, 0x8a, 0xfe, 0xff, 0x8a, 0xfe, 0xff, 0x8a, 0xfe, 0xff, 0x8a, 0xfe, 0xff, 0x8a, 0xfe, 0xff, 0x8a, 0xfe, 0xff,
  0x8a, 0xfe, 0xff, 0x8a, 0xfe, 0xff, 0x8a, 0xfe, 0xff, 0x6a, 0xf6, 0xff, 0xec, 0xa4, 0xfc, 0xaf, 0x2a, 0xfb, 0xf0, 0x09, 0xff, 0x10, 0x0a, 0xfe,
  0x0e, 0x43, 0xfd, 0xef, 0x3a, 0xfc, 0xf0, 0x01, 0xff, 0xf0, 0x01, 0xff, 0xf0, 0x01, 0xff, 0xf0, 0x01, 0xff, 0xf0, 0x01, 0xff, 0xf0, 0x01, 0xff,
  0x10, 0x0a, 0xfe, 0x2b, 0xad, 0xfb, 0x8a, 0xfe, 0xff, 0x8a, 0xfe, 0xff, 0x8a, 0xfe, 0xff, 0x8a, 0xfe, 0xff, 0x8a, 0xfe, 0xff, 0x8a, 0xfe, 0xff,
  0x8a, 0xfe, 0xff, 0x8a, 0xfe, 0xff, 0x8a, 0xfe, 0xff, 0x8a, 0xfe, 0xff, 0x8a, 0xfe, 0xff, 0x8a, 0xfe, 0xff, 0x8a, 0xfe, 0xff, 0x8a, 0xfe, 0xff,
  0x8a, 0xfe, 0xff, 0x8a, 0xfe, 0xff, 0x8a, 0xfe, 0xff, 0x8a, 0xfe, 0xff, 0x8a, 0xfe, 0xff, 0x8a, 0xfe, 0xff, 0x8a, 0xfe, 0xff, 0x8a, 0xfe, 0xff,
  0x8a, 0xfe, 0xff, 0x8a, 0xfe, 0xff, 0x8a, 0xfe, 0xff, 0x8a, 0xfe, 0xff, 0x8a, 0xfe, 0xff, 0x8a, 0xfe, 0xff, 0x8a, 0xfe, 0xff, 0x8a, 0xfe, 0xff,
  0x8a, 0xfe, 0xff, 0x8a, 0xfe, 0xff, 0x8a, 0xfe, 0xff, 0x8a, 0xfe, 0xff, 0x8a, 0xfe, 0xff, 0x8a, 0xfe, 0xff, 0x8a, 0xfe, 0xff, 0x8a, 0xfe, 0xff,
  0xe7, 0xbc, 0xfd, 0x60, 0x10, 0xfc, 0x00, 0x00, 0xff, 0x00, 0x10, 0xfd, 0xe2, 0xa0, 0xfd, 0x02, 0xc9, 0xff, 0x02, 0xc9, 0xff, 0x02, 0xc9, 0xff,
  0x02, 0xc9, 0xff, 0x02, 0xc9, 0xff, 0x02, 0xc9, 0xff, 0x02, 0xc9, 0xff, 0x02, 0xc9, 0xff, 0x02, 0xc9, 0xff, 0x02, 0xc9, 0xff, 0x02, 0xc9, 0xff,
  0xe2, 0xb0, 0xfe, 0x20, 0x18, 0xfd, 0x00, 0x00, 0xff, 0x00, 0x00, 0xf4, 0x00, 0x00, 0x4c, 0x00, 0x00, 0x00, 0x00, 0x00, 0x00, 0x00, 0x00, 0x00,
  0x00, 0x00, 0x00, 0x00, 0x00, 0x00, 0x00, 0x00, 0x2c, 0x00, 0x00, 0xe4, 0x00, 0x00, 0xff, 0x00, 0x10, 0xfd, 0xe2, 0xa0, 0xfd, 0x02, 0xc9, 0xff,
  0x02, 0xc9, 0xff, 0x02, 0xc9, 0xff, 0x02, 0xc9, 0xff, 0x02, 0xc9, 0xff, 0x02, 0xc9, 0xff, 0x02, 0xc9, 0xff, 0x02, 0xc9, 0xff, 0x02, 0xc9, 0xff,
  0x02, 0xc9, 0xff, 0x02, 0xc9, 0xff, 0xe2, 0xb0, 0xfe, 0x20, 0x20, 0xfd, 0x00, 0x00, 0xff, 0x40, 0x08, 0xfe, 0x66, 0xac, 0xfc, 0x8a, 0xfe, 0xff,
  0x8a, 0xfe, 0xff, 0x8a, 0xfe, 0xff, 0x8a, 0xfe, 0xff, 0x8a, 0xfe, 0xff, 0x8a, 0xfe, 0xff, 0x8a, 0xfe, 0xff, 0x8a, 0xfe, 0xff, 0x8a, 0xfe, 0xff,
  0x8a, 0xfe, 0xff, 0x8a, 0xfe, 0xff, 0x8a, 0xfe, 0xff, 0x8a, 0xf6, 0xff, 0xec, 0xa4, 0xfc, 0x4f, 0x1a, 0xfc, 0xf0, 0x01, 0xff, 0xf0, 0x01, 0xff,
  0xf0, 0x01, 0xff, 0xf0, 0x01, 0xff, 0xf0, 0x01, 0xff, 0xf0, 0x01, 0xff, 0xf0, 0x01, 0xff, 0xf0, 0x01, 0xff, 0xf0, 0x01, 0xff, 0xf0, 0x01, 0xff,
  0xf0, 0x01, 0xff, 0xf0, 0x01, 0xff, 0xf0, 0x01, 0xff, 0xf0, 0x01, 0xff, 0xf0, 0x01, 0xff, 0xf0, 0x01, 0xff, 0xf0, 0x01, 0xff, 0xf0, 0x01, 0xff,
  0xf0, 0x01, 0xff, 0xf0, 0x01, 0xff, 0xf0, 0x01, 0xff, 0xf0, 0x01, 0xff, 0xf0, 0x01, 0xff, 0xf0, 0x01, 0xff, 0xf0, 0x01, 0xff, 0xf0, 0x01, 0xff,
  0xf0, 0x01, 0xff, 0xf0, 0x01, 0xff, 0xf0, 0x01, 0xff, 0xf0, 0x01, 0xff, 0xf0, 0x01, 0xff, 0xf0, 0x01, 0xff, 0xf0, 0x01, 0xff, 0xf0, 0x01, 0xff,
  0xf0, 0x01, 0xff, 0xf0, 0x01, 0xff, 0xf0, 0x01, 0xff, 0xf0, 0x01, 0xff, 0xf0, 0x01, 0xff, 0xf0, 0x01, 0xff, 0xf0, 0x01, 0xff, 0xf0, 0x01, 0xff,
  0xf0, 0x01, 0xff, 0xf0, 0x01, 0xff, 0xf0, 0x01, 0xff, 0xf0, 0x01, 0xff, 0xf0, 0x01, 0xff, 0xf0, 0x01, 0xff, 0xf0, 0x01, 0xff, 0xf0, 0x01, 0xff,
  0xf0, 0x01, 0xff, 0xf0, 0x01, 0xff, 0xf0, 0x01, 0xff, 0xf0, 0x01, 0xff, 0xf0, 0x01, 0xff, 0x30, 0x12, 0xfe, 0x0d, 0x74, 0xf9, 0xef, 0x3a, 0xfc,
  0xf0, 0x01, 0xff, 0xf0, 0x01, 0xff, 0xf0, 0x01, 0xff, 0xf0, 0x01, 0xff, 0xf0, 0x01, 0xff, 0xf0, 0x01, 0xff, 0xf0, 0x01, 0xff, 0xf0, 0x01, 0xff,
  0xf0, 0x01, 0xff, 0xf0, 0x01, 0xff, 0xf0, 0x01, 0xff, 0xf0, 0x01, 0xff, 0xf0, 0x01, 0xff, 0xf0, 0x01, 0xff, 0xf0, 0x01, 0xff, 0xf0, 0x01, 0xff,
  0x10, 0x0a, 0xfe, 0x6d, 0x8c, 0xfb, 0x8a, 0xf6, 0xff, 0x8a, 0xfe, 0xff, 0x8a, 0xfe, 0xff, 0x8a, 0xfe, 0xff, 0x8a, 0xfe, 0xff, 0x8a, 0xfe, 0xff,
  0x8a, 0xfe, 0xff, 0x8a, 0xfe, 0xff, 0x8a, 0xf6, 0xff, 0x2b, 0xad, 0xfb, 0x6f, 0x22, 0xfb, 0xf0, 0x01, 0xff, 0xf0, 0x01, 0xff, 0x6f, 0x22, 0xfb,
  0x6e, 0x53, 0xf7, 0x30, 0x12, 0xfe, 0xf0, 0x01, 0xff, 0xf0, 0x01, 0xff, 0xf0, 0x01, 0xff, 0xf0, 0x01, 0xff, 0xf0, 0x01, 0xff, 0xf0, 0x01, 0xff,
  0x10, 0x0a, 0xfe, 0x0c, 0xad, 0xfe, 0x8a, 0xfe, 0xff, 0x8a, 0xfe, 0xff, 0x8a, 0xfe, 0xff, 0x8a, 0xfe, 0xff, 0x8a, 0xfe, 0xff, 0x8a, 0xfe, 0xff,
  0x8a, 0xfe, 0xff, 0x8a, 0xfe, 0xff, 0x8a, 0xfe, 0xff, 0x8a, 0xfe, 0xff, 0x8a, 0xfe, 0xff, 0x8a, 0xfe, 0xff, 0x8a, 0xfe, 0xff, 0x8a, 0xfe, 0xff,
  0x8a, 0xfe, 0xff, 0x8a, 0xfe, 0xff, 0x8a, 0xfe, 0xff, 0x8a, 0xfe, 0xff, 0x8a, 0xfe, 0xff, 0x8a, 0xfe, 0xff, 0x8a, 0xfe, 0xff, 0x8a, 0xfe, 0xff,
  0x8a, 0xfe, 0xff, 0x8a, 0xfe, 0xff, 0x8a, 0xfe, 0xff, 0x8a, 0xfe, 0xff, 0x8a, 0xfe, 0xff, 0x8a, 0xfe, 0xff, 0x8a, 0xfe, 0xff, 0x8a, 0xfe, 0xff,
  0x8a, 0xfe, 0xff, 0x8a, 0xfe, 0xff, 0x8a, 0xfe, 0xff, 0x8a, 0xfe, 0xff, 0x8a, 0xfe, 0xff, 0x8a, 0xfe, 0xff, 0x8a, 0xfe, 0xff, 0x8a, 0xfe, 0xff,
  0xa8, 0xdd, 0xfe, 0x21, 0x29, 0xfb, 0x00, 0x00, 0xff, 0x00, 0x08, 0xfe, 0xa1, 0x80, 0xfd, 0x02, 0xc9, 0xff, 0x02, 0xc9, 0xff, 0x02, 0xc9, 0xff,
  0x02, 0xc9, 0xff, 0x02, 0xc9, 0xff, 0x02, 0xc9, 0xff, 0x02, 0xc9, 0xff, 0x02, 0xc9, 0xff, 0x02, 0xc9, 0xff, 0x02, 0xc9, 0xff, 0x02, 0xc9, 0xff,
  0x02, 0xc1, 0xff, 0x40, 0x30, 0xfd, 0x00, 0x00, 0xff, 0x00, 0x00, 0xff, 0x00, 0x00, 0x74, 0x00, 0x00, 0x02, 0x00, 0x00, 0x00, 0x00, 0x00, 0x00,
  0x00, 0x00, 0x00, 0x00, 0x00, 0x00, 0x00, 0x00, 0x4c, 0x00, 0x00, 0xf4, 0x00, 0x00, 0xff, 0x20, 0x20, 0xfd, 0xe2, 0xb0, 0xfe, 0x02, 0xc9, 0xff,
  0x02, 0xc9, 0xff, 0x02, 0xc9, 0xff, 0x02, 0xc9, 0xff, 0x02, 0xc9, 0xff, 0x02, 0xc9, 0xff, 0x02, 0xc9, 0xff, 0x02, 0xc9, 0xff, 0x02, 0xc9, 0xff,
  0x02, 0xc9, 0xff, 0x02, 0xc9, 0xff, 0xc1, 0x98, 0xfd, 0x00, 0x10, 0xfd, 0x00, 0x00, 0xff, 0xa1, 0x18, 0xfd, 0x48, 0xcd, 0xfe, 0x8a, 0xfe, 0xff,
  0x8a, 0xfe, 0xff, 0x8a, 0xfe, 0xff, 0x8a, 0xfe, 0xff, 0x8a, 0xfe, 0xff, 0x8a, 0xfe, 0xff, 0x8a, 0xfe, 0xff, 0x8a, 0xfe, 0xff, 0x8a, 0xfe, 0xff,
  0x8a, 0xfe, 0xff, 0x8a, 0xfe, 0xff, 0x8a, 0xf6, 0xff, 0x6b, 0xbd, 0xfc, 0xaf, 0x2a, 0xfb, 0xf0, 0x01, 0xff, 0xf0, 0x01, 0xff, 0xf0, 0x01, 0xff,
  0xf0, 0x01, 0xff, 0xf0, 0x01, 0xff, 0xf0, 0x01, 0xff, 0xf0, 0x01, 0xff, 0xf0, 0x01, 0xff, 0xf0, 0x01, 0xff, 0xf0, 0x01, 0xff, 0xf0, 0x01, 0xff,
  0xf0, 0x01, 0xff, 0xf0, 0x01, 0xff, 0xf0, 0x01, 0xff, 0xf0, 0x01, 0xff, 0xf0, 0x01, 0xff, 0xf0, 0x01, 0xff, 0xf0, 0x01, 0xff, 0xf0, 0x01, 0xff,
  0xf0, 0x01, 0xff, 0xf0, 0x01, 0xff, 0xf0, 0x01, 0xff, 0xf0, 0x01, 0xff, 0xf0, 0x01, 0xff, 0xf0, 0x01, 0xff, 0xf0, 0x01, 0xff, 0xf0, 0x01, 0xff,
  0xf0, 0x01, 0xff, 0xf0, 0x01, 0xff, 0xf0, 0x01, 0xff, 0xf0, 0x01, 0xff, 0xf0, 0x01, 0xff, 0xf0, 0x01, 0xff, 0xf0, 0x01, 0xff, 0xf0, 0x01, 0xff,
  0xf0, 0x01, 0xff, 0xf0, 0x01, 0xff, 0xf0, 0x01, 0xff, 0xf0, 0x01, 0xff, 0xf0, 0x01, 0xff, 0xf0, 0x01, 0xff, 0xf0, 0x01, 0xff, 0xf0, 0x01, 0xff,
  0xf0, 0x01, 0xff, 0xf0, 0x01, 0xff, 0xf0, 0x01, 0xff, 0xf0, 0x01, 0xff, 0xf0, 0x01, 0xff, 0xf0, 0x01, 0xff, 0xf0, 0x01, 0xff, 0xf0, 0x01, 0xff,
  0xf0, 0x01, 0xff, 0xf0, 0x01, 0xff, 0xf0, 0x01, 0xff, 0xf0, 0x01, 0xff, 0xf0, 0x01, 0xff, 0xef, 0x3a, 0xfc, 0x6e, 0x53, 0xfb, 0x10, 0x0a, 0xfe,
  0xf0, 0x01, 0xff, 0xf0, 0x01, 0xff, 0xf0, 0x01, 0xff, 0xf0, 0x01, 0xff, 0xf0, 0x01, 0xff, 0xf0, 0x01, 0xff, 0xf0, 0x01, 0xff, 0xf0, 0x01, 0xff,
  0xf0, 0x01, 0xff, 0xf0, 0x01, 0xff, 0xf0, 0x01, 0xff, 0xf0, 0x01, 0xff, 0xf0, 0x01, 0xff, 0xf0, 0x01, 0xff, 0xf0, 0x01, 0xff, 0xf0, 0x01, 0xff,
  0xf0, 0x09, 0xff, 0x2d, 0x7c, 0xfb, 0x8a, 0xf6, 0xff, 0x8a, 0xfe, 0xff, 0x8a, 0xfe, 0xff, 0x8a, 0xfe, 0xff, 0x8a, 0xfe, 0xff, 0x8a, 0xfe, 0xff,
  0x8a, 0xfe, 0xff, 0x8a, 0xf6, 0xff, 0x6b, 0xbd, 0xfc, 0xef, 0x3a, 0xfc, 0xf0, 0x01, 0xff, 0xf0, 0x01, 0xff, 0x10, 0x0a, 0xfe, 0x0e, 0x43, 0xfd,
  0xaf, 0x2a, 0xfb, 0xf0, 0x01, 0xff, 0xf0, 0x01, 0xff, 0xf0, 0x01, 0xff, 0xf0, 0x01, 0xff, 0xf0, 0x01, 0xff, 0xf0, 0x01, 0xff, 0xf0, 0x01, 0xff,
  0x10, 0x0a, 0xfe, 0xec, 0xa4, 0xfc, 0x8a, 0xfe, 0xff, 0x8a, 0xfe, 0xff, 0x8a, 0xfe, 0xff, 0x8a, 0xfe, 0xff, 0x8a, 0xfe, 0xff, 0x8a, 0xfe, 0xff,
  0x8a, 0xfe, 0xff, 0x8a, 0xfe, 0xff, 0x8a, 0xfe, 0xff, 0x8a, 0xfe, 0xff, 0x8a, 0xfe, 0xff, 0x8a, 0xfe, 0xff, 0x8a, 0xfe, 0xff, 0x8a, 0xfe, 0xff,
  0x8a, 0xfe, 0xff, 0x8a, 0xfe, 0xff, 0x8a, 0xfe, 0xff, 0x8a, 0xfe, 0xff, 0x8a, 0xfe, 0xff, 0x8a, 0xfe, 0xff, 0x8a, 0xfe, 0xff, 0x8a, 0xfe, 0xff,
  0x8a, 0xfe, 0xff, 0x8a, 0xfe, 0xff, 0x8a, 0xfe, 0xff, 0x8a, 0xfe, 0xff, 0x8a, 0xfe, 0xff, 0x8a, 0xfe, 0xff, 0x8a, 0xfe, 0xff, 0x8a, 0xfe, 0xff,
  0x8a, 0xfe, 0xff, 0x8a, 0xfe, 0xff, 0x8a, 0xfe, 0xff, 0x8a, 0xfe, 0xff, 0x8a, 0xfe, 0xff, 0x8a, 0xfe, 0xff, 0x8a, 0xfe, 0xff, 0x8a, 0xfe, 0xff,
  0x49, 0xee, 0xff, 0x23, 0x52, 0xfb, 0x00, 0x00, 0xff, 0x00, 0x00, 0xff, 0x81, 0x60, 0xfd, 0x02, 0xc9, 0xff, 0x02, 0xc9, 0xff, 0x02, 0xc9, 0xff,
  0x02, 0xc9, 0xff, 0x02, 0xc9, 0xff, 0x02, 0xc9, 0xff, 0x02, 0xc9, 0xff, 0x02, 0xc9, 0xff, 0x02, 0xc9, 0xff, 0x02, 0xc9, 0xff, 0x02, 0xc9, 0xff,
  0x02, 0xc9, 0xff, 0x61, 0x58, 0xfc, 0x00, 0x00, 0xff, 0x00, 0x00, 0xff, 0x00, 0x00, 0x94, 0x00, 0x00, 0x03, 0x00, 0x00, 0x00, 0x00, 0x00, 0x00,
  0x00, 0x00, 0x00, 0x00, 0x00, 0x03, 0x00, 0x00, 0x74, 0x00, 0x00, 0xff, 0x00, 0x00, 0xff, 0x40, 0x38, 0xfd, 0x02, 0xc1, 0xff, 0x02, 0xc9, 0xff,
  0x02, 0xc9, 0xff, 0x02, 0xc9, 0xff, 0x02, 0xc9, 0xff, 0x02, 0xc9, 0xff, 0x02, 0xc9, 0xff, 0x02, 0xc9, 0xff, 0x02, 0xc9, 0xff, 0x02, 0xc9, 0xff,
  0x02, 0xc9, 0xff, 0x02, 0xc9, 0xff, 0x81, 0x70, 0xfc, 0x00, 0x00, 0xff, 0x00, 0x00, 0xff, 0x23, 0x52, 0xfb, 0x29, 0xee, 0xfe, 0x8a, 0xfe, 0xff,
  0x8a, 0xfe, 0xff, 0x8a, 0xfe, 0xff, 0x8a, 0xfe, 0xff, 0x8a, 0xfe, 0xff, 0x8a, 0xfe, 0xff, 0x8a, 0xfe, 0xff, 0x8a, 0xfe, 0xff, 0x8a, 0xfe, 0xff,
  0x8a, 0xfe, 0xff, 0x6a, 0xf6, 0xff, 0x0c, 0xad, 0xfe, 0xef, 0x3a, 0xfc, 0xf0, 0x09, 0xff, 0xf0, 0x01, 0xff, 0xf0, 0x01, 0xff, 0xf0, 0x01, 0xff,
  0xf0, 0x01, 0xff, 0xf0, 0x01, 0xff, 0xf0, 0x01, 0xff, 0xf0, 0x01, 0xff, 0xf0, 0x01, 0xff, 0xf0, 0x01, 0xff, 0xf0, 0x01, 0xff, 0xf0, 0x01, 0xff,
  0xf0, 0x01, 0xff, 0xf0, 0x01, 0xff, 0xf0, 0x01, 0xff, 0xf0, 0x01, 0xff, 0xf0, 0x01, 0xff, 0xf0, 0x01, 0xff, 0xf0, 0x01, 0xff, 0xf0, 0x01, 0xff,
  0xf0, 0x01, 0xff, 0xf0, 0x01, 0xff, 0xf0, 0x01, 0xff, 0xf0, 0x01, 0xff, 0xf0, 0x01, 0xff, 0xf0, 0x01, 0xff, 0xf0, 0x01, 0xff, 0xf0, 0x01, 0xff,
  0xf0, 0x01, 0xff, 0xf0, 0x01, 0xff, 0xf0, 0x01, 0xff, 0xf0, 0x01, 0xff, 0xf0, 0x01, 0xff, 0xf0, 0x01, 0xff, 0xf0, 0x01, 0xff, 0xf0, 0x01, 0xff,
  0xf0, 0x01, 0xff, 0xf0, 0x01, 0xff, 0xf0, 0x01, 0xff, 0xf0, 0x01, 0xff, 0xf0, 0x01, 0xff, 0xf0, 0x01, 0xff, 0xf0, 0x01, 0xff, 0xf0, 0x01, 0xff,
  0xf0, 0x01, 0xff, 0xf0, 0x01, 0xff, 0xf0, 0x01, 0xff, 0xf0, 0x01, 0xff, 0xf0, 0x01, 0xff, 0xf0, 0x01, 0xff, 0xf0, 0x01, 0xff, 0xf0, 0x01, 0xff,
  0xf0, 0x01, 0xff, 0xf0, 0x01, 0xff, 0xf0, 0x01, 0xff, 0xf0, 0x01, 0xff, 0x30, 0x12, 0xfe, 0x6e, 0x53, 0xf7, 0x4f, 0x1a, 0xfc, 0xf0, 0x01, 0xff,
  0xf0, 0x01, 0xff, 0xf0, 0x01, 0xff, 0xf0, 0x01, 0xff, 0xf0, 0x01, 0xff, 0xf0, 0x01, 0xff, 0xf0, 0x01, 0xff, 0xf0, 0x01, 0xff, 0xf0, 0x01, 0xff,
  0xf0, 0x01, 0xff, 0xf0, 0x01, 0xff, 0xf0, 0x01, 0xff, 0xf0, 0x01, 0xff, 0xf0, 0x01, 0xff, 0xf0, 0x01, 0xff, 0xf0, 0x01, 0xff, 0xf0, 0x01, 0xff,
  0xf0, 0x09, 0xff, 0x2d, 0x7c, 0xfb, 0x8a, 0xf6, 0xff, 0x8a, 0xfe, 0xff, 0x8a, 0xfe, 0xff, 0x8a, 0xfe, 0xff, 0x8a, 0xfe, 0xff, 0x8a, 0xfe, 0xff,
  0x8a, 0xf6, 0xff, 0x6b, 0xbd, 0xfc, 0xef, 0x3a, 0xfc, 0xf0, 0x09, 0xff, 0xf0, 0x01, 0xff, 0xf0, 0x01, 0xff, 0x4f, 0x1a, 0xfc, 0xef, 0x3a, 0xfc,
  0x10, 0x0a, 0xfe, 0xf0, 0x01, 0xff, 0xf0, 0x01, 0xff, 0xf0, 0x01, 0xff, 0xf0, 0x01, 0xff, 0xf0, 0x01, 0xff, 0xf0, 0x01, 0xff, 0xf0, 0x01, 0xff,
  0x10, 0x0a, 0xfe, 0xac, 0x9c, 0xfc, 0x8a, 0xf6, 0xff, 0x8a, 0xfe, 0xff, 0x8a, 0xfe, 0xff, 0x8a, 0xfe, 0xff, 0x8a, 0xfe, 0xff, 0x8a, 0xfe, 0xff,
  0x8a, 0xfe, 0xff, 0x8a, 0xfe, 0xff, 0x8a, 0xfe, 0xff, 0x8a, 0xfe, 0xff, 0x8a, 0xfe, 0xff, 0x8a, 0xfe, 0xff, 0x8a, 0xfe, 0xff, 0x8a, 0xfe, 0xff,
  0x8a, 0xfe, 0xff, 0x8a, 0xfe, 0xff, 0x8a, 0xfe, 0xff, 0x8a, 0xfe, 0xff, 0x8a, 0xfe, 0xff, 0x8a, 0xfe, 0xff, 0x8a, 0xfe, 0xff, 0x8a, 0xfe, 0xff,
  0x8a, 0xfe, 0xff, 0x8a, 0xfe, 0xff, 0x8a, 0xfe, 0xff, 0x8a, 0xfe, 0xff, 0x8a, 0xfe, 0xff, 0x8a, 0xfe, 0xff, 0x8a, 0xfe, 0xff, 0x8a, 0xfe, 0xff,
  0x8a, 0xfe, 0xff, 0x8a, 0xfe, 0xff, 0x8a, 0xfe, 0xff, 0x8a, 0xf6, 0xff, 0x8a, 0xfe, 0xff, 0x8a, 0xfe, 0xff, 0x8a, 0xfe, 0xff, 0x8a, 0xfe, 0xff,
  0x8a, 0xf6, 0xff, 0xa5, 0x8b, 0xfc, 0x00, 0x00, 0xff, 0x00, 0x00, 0xff, 0x40, 0x38, 0xfd, 0x02, 0xc1, 0xff, 0x02, 0xc9, 0xff, 0x02, 0xc9, 0xff,
  0x02, 0xc9, 0xff, 0x02, 0xc9, 0xff, 0x02, 0xc9, 0xff, 0x02, 0xc9, 0xff, 0x02, 0xc9, 0xff, 0x02, 0xc9, 0xff, 0x02, 0xc9, 0xff, 0x02, 0xc9, 0xff,
  0x02, 0xc9, 0xff, 0x81, 0x70, 0xfc, 0x00, 0x00, 0xff, 0x00, 0x00, 0xff, 0x00, 0x00, 0xbc, 0x00, 0x00, 0x14, 0x00, 0x00, 0x00, 0x00, 0x00, 0x00,
  0x00, 0x00, 0x00, 0x00, 0x00, 0x03, 0x00, 0x00, 0x9c, 0x00, 0x00, 0xff, 0x00, 0x00, 0xff, 0x61, 0x58, 0xf7, 0x02, 0xc9, 0xff, 0x02, 0xc9, 0xff,
  0x02, 0xc9, 0xff, 0x02, 0xc9, 0xff, 0x02, 0xc9, 0xff, 0x02, 0xc9, 0xff, 0x02, 0xc9, 0xff, 0x02, 0xc9, 0xff, 0x02, 0xc9, 0xff, 0x02, 0xc9, 0xff,
  0x02, 0xc9, 0xff, 0x02, 0xb9, 0xff, 0x40, 0x38, 0xf6, 0x00, 0x00, 0xff, 0x00, 0x00, 0xff, 0x24, 0x7b, 0xfa, 0x6a, 0xf6, 0xff, 0x8a, 0xfe, 0xff,
  0x8a, 0xfe, 0xff, 0x8a, 0xfe, 0xff, 0x8a, 0xfe, 0xff, 0x8a, 0xfe, 0xff, 0x8a, 0xfe, 0xff, 0x8a, 0xfe, 0xff, 0x8a, 0xfe, 0xff, 0x8a, 0xfe, 0xff,
  0x6a, 0xf6, 0xff, 0xec, 0xa4, 0xfc, 0x6f, 0x22, 0xfb, 0xf0, 0x01, 0xff, 0xf0, 0x01, 0xff, 0xf0, 0x01, 0xff, 0xf0, 0x01, 0xff, 0xf0, 0x01, 0xff,
  0xf0, 0x01, 0xff, 0xf0, 0x01, 0xff, 0xf0, 0x01, 0xff, 0xf0, 0x01, 0xff, 0xf0, 0x01, 0xff, 0xf0, 0x01, 0xff, 0xf0, 0x01, 0xff, 0xf0, 0x01, 0xff,
  0xf0, 0x01, 0xff, 0xf0, 0x01, 0xff, 0xf0, 0x01, 0xff, 0xf0, 0x01, 0xff, 0xf0, 0x01, 0xff, 0xf0, 0x01, 0xff, 0xf0, 0x01, 0xff, 0xf0, 0x01, 0xff,
  0xf0, 0x01, 0xff, 0xf0, 0x01, 0xff, 0xf0, 0x01, 0xff, 0xf0, 0x01, 0xff, 0xf0, 0x01, 0xff, 0xf0, 0x01, 0xff, 0xf0, 0x01, 0xff, 0xf0, 0x01, 0xff,
  0xf0, 0x01, 0xff, 0xf0, 0x01, 0xff, 0xf0, 0x01, 0xff, 0xf0, 0x01, 0xff, 0xf0, 0x01, 0xff, 0xf0, 0x01, 0xff, 0xf0, 0x01, 0xff, 0xf0, 0x01, 0xff,
  0xf0, 0x01, 0xff, 0xf0, 0x01, 0xff, 0xf0, 0x01, 0xff, 0xf0, 0x01, 0xff, 0xf0, 0x01, 0xff, 0xf0, 0x01, 0xff, 0xf0, 0x01, 0xff, 0xf0, 0x01, 0xff,
  0xf0, 0x01, 0xff, 0xf0, 0x01, 0xff, 0xf0, 0x01, 0xff, 0xf0, 0x01, 0xff, 0xf0, 0x01, 0xff, 0xf0, 0x01, 0xff, 0xf0, 0x01, 0xff, 0xf0, 0x01, 0xff,
  0xf0, 0x01, 0xff, 0xf0, 0x01, 0xff, 0xf0, 0x01, 0xff, 0xf0, 0x01, 0xff, 0xef, 0x3a, 0xfc, 0xef, 0x3a, 0xfc, 0xf0, 0x01, 0xff, 0xf0, 0x01, 0xff,
  0xf0, 0x01, 0xff, 0xf0, 0x01, 0xff, 0xf0, 0x01, 0xff, 0xf0, 0x01, 0xff, 0xf0, 0x01, 0xff, 0xf0, 0x01, 0xff, 0xf0, 0x01, 0xff, 0xf0, 0x01, 0xff,
  0xf0, 0x01, 0xff, 0xf0, 0x01, 0xff, 0xf0, 0x01, 0xff, 0xf0, 0x01, 0xff, 0xf0, 0x01, 0xff, 0xf0, 0x01, 0xff, 0xf0, 0x01, 0xff, 0xf0, 0x01, 0xff,
  0xf0, 0x01, 0xff, 0x0d, 0x74, 0xf9, 0x8a, 0xf6, 0xff, 0x8a, 0xfe, 0xff, 0x8a, 0xfe, 0xff, 0x8a, 0xfe, 0xff, 0x8a, 0xfe, 0xff, 0x8a, 0xf6, 0xff,
  0x6b, 0xbd, 0xfc, 0xef, 0x3a, 0xfc, 0xf0, 0x09, 0xff, 0xf0, 0x01, 0xff, 0xf0, 0x01, 0xff, 0x10, 0x0a, 0xfe, 0xaf, 0x2a, 0xfb, 0x30, 0x12, 0xfc,
  0xf0, 0x01, 0xff, 0xf0, 0x01, 0xff, 0xf0, 0x01, 0xff, 0xf0, 0x01, 0xff, 0xf0, 0x01, 0xff, 0xf0, 0x01, 0xff, 0xf0, 0x01, 0xff, 0xf0, 0x01, 0xff,
  0x10, 0x0a, 0xfe, 0x8c, 0x94, 0xfd, 0x8a, 0xf6, 0xff, 0x8a, 0xfe, 0xff, 0x8a, 0xfe, 0xff, 0x8a, 0xfe, 0xff, 0x8a, 0xfe, 0xff, 0x8a, 0xfe, 0xff,
  0x8a, 0xfe, 0xff, 0x8a, 0xfe, 0xff, 0x8a, 0xfe, 0xff, 0x8a, 0xfe, 0xff, 0x8a, 0xfe, 0xff, 0x8a, 0xfe, 0xff, 0x8a, 0xfe, 0xff, 0x8a, 0xfe, 0xff,
  0x8a, 0xfe, 0xff, 0x8a, 0xfe, 0xff, 0x8a, 0xfe, 0xff, 0x8a, 0xfe, 0xff, 0x8a, 0xfe, 0xff, 0x8a, 0xfe, 0xff, 0x8a, 0xfe, 0xff, 0x8a, 0xfe, 0xff,
  0x8a, 0xfe, 0xff, 0x8a, 0xfe, 0xff, 0x8a, 0xfe, 0xff, 0x8a, 0xfe, 0xff, 0x8a, 0xfe, 0xff, 0x8a, 0xfe, 0xff, 0x8a, 0xfe, 0xff, 0x8a, 0xfe, 0xff,
  0x8a, 0xfe, 0xff, 0x8a, 0xfe, 0xff, 0x4a, 0xee, 0xfe, 0x8c, 0x94, 0xfd, 0xab, 0xcd, 0xfc, 0x8a, 0xfe, 0xff, 0x8a, 0xfe, 0xff, 0x8a, 0xfe, 0xff,
  0x8a, 0xfe, 0xff, 0x87, 0xac, 0xfc, 0x40, 0x08, 0xfe, 0x00, 0x00, 0xff, 0x20, 0x20, 0xfd, 0xe2, 0xb0, 0xfe, 0x02, 0xc9, 0xff, 0x02, 0xc9, 0xff,
  0x02, 0xc9, 0xff, 0x02, 0xc9, 0xff, 0x02, 0xc9, 0xff, 0x02, 0xc9, 0xff, 0x02, 0xc9, 0xff, 0x02, 0xc9, 0xff, 0x02, 0xc9, 0xff, 0x02, 0xc9, 0xff,
  0x02, 0xc9, 0xff, 0xc1, 0x90, 0xfd, 0x00, 0x08, 0xfe, 0x00, 0x00, 0xff, 0x00, 0x00, 0xdb, 0x00, 0x00, 0x24, 0x00, 0x00, 0x00, 0x00, 0x00, 0x00,
  0x00, 0x00, 0x00, 0x00, 0x00, 0x0c, 0x00, 0x00, 0xbc, 0x00, 0x00, 0xff, 0x00, 0x00, 0xff, 0x81, 0x70, 0xfc, 0x02, 0xc9, 0xff, 0x02, 0xc9, 0xff,
  0x02, 0xc9, 0xff, 0x02, 0xc9, 0xff, 0x02, 0xc9, 0xff, 0x02, 0xc9, 0xff, 0x02, 0xc9, 0xff, 0x02, 0xc9, 0xff, 0x02, 0xc9, 0xff, 0x02, 0xc9, 0xff,
  0x02, 0xc9, 0xff, 0xe2, 0xb0, 0xfe, 0x20, 0x18, 0xfd, 0x00, 0x00, 0xff, 0x40, 0x08, 0xfe, 0x87, 0xac, 0xfc, 0x8a, 0xf6, 0xff, 0x8a, 0xfe, 0xff,
  0x8a, 0xfe, 0xff, 0x8a, 0xfe, 0xff, 0x8a, 0xfe, 0xff, 0x8a, 0xfe, 0xff, 0x8a, 0xfe, 0xff, 0x8a, 0xfe, 0xff, 0x8a, 0xfe, 0xff, 0x8a, 0xfe, 0xff,
  0xab, 0xcd, 0xfc, 0xaf, 0x2a, 0xfb, 0xf0, 0x01, 0xff, 0xf0, 0x01, 0xff, 0xf0, 0x01, 0xff, 0xf0, 0x01, 0xff, 0xf0, 0x01, 0xff, 0xf0, 0x01, 0xff,
  0xf0, 0x01, 0xff, 0xf0, 0x01, 0xff, 0xf0, 0x01, 0xff, 0xf0, 0x01, 0xff, 0xf0, 0x01, 0xff, 0xf0, 0x01, 0xff, 0xf0, 0x01, 0xff, 0xf0, 0x01, 0xff,
  0xf0, 0x01, 0xff, 0xf0, 0x01, 0xff, 0xf0, 0x01, 0xff, 0xf0, 0x01, 0xff, 0xf0, 0x01, 0xff, 0xf0, 0x01, 0xff, 0xf0, 0x01, 0xff, 0xf0, 0x01, 0xff,
  0xf0, 0x01, 0xff, 0xf0, 0x01, 0xff, 0xf0, 0x01, 0xff, 0xf0, 0x01, 0xff, 0xf0, 0x01, 0xff, 0xf0, 0x01, 0xff, 0xf0, 0x01, 0xff, 0xf0, 0x01, 0xff,
  0xf0, 0x01, 0xff, 0xf0, 0x01, 0xff, 0xf0, 0x01, 0xff, 0xf0, 0x01, 0xff, 0xf0, 0x01, 0xff, 0xf0, 0x01, 0xff, 0xf0, 0x01, 0xff, 0xf0, 0x01, 0xff,
  0xf0, 0x01, 0xff, 0xf0, 0x01, 0xff, 0xf0, 0x01, 0xff, 0xf0, 0x01, 0xff, 0xf0, 0x01, 0xff, 0xf0, 0x01, 0xff, 0xf0, 0x01, 0xff, 0xf0, 0x01, 0xff,
  0xf0, 0x01, 0xff, 0xf0, 0x01, 0xff, 0xf0, 0x01, 0xff, 0xf0, 0x01, 0xff, 0xf0, 0x01, 0xff, 0xf0, 0x01, 0xff, 0xf0, 0x01, 0xff, 0xf0, 0x01, 0xff,
  0xf0, 0x01, 0xff, 0xf0, 0x01, 0xff, 0xf0, 0x01, 0xff, 0x30, 0x12, 0xfc, 0x2e, 0x4b, 0xfb, 0x10, 0x0a, 0xfe, 0xf0, 0x01, 0xff, 0xf0, 0x01, 0xff,
  0xf0, 0x01, 0xff, 0xf0, 0x01, 0xff, 0xf0, 0x01, 0xff, 0xf0, 0x01, 0xff, 0xf0, 0x01, 0xff, 0xf0, 0x01, 0xff, 0xf0, 0x01, 0xff, 0xf0, 0x01, 0xff,
  0xf0, 0x01, 0xff, 0xf0, 0x01, 0xff, 0xf0, 0x01, 0xff, 0xf0, 0x01, 0xff, 0xf0, 0x01, 0xff, 0xf0, 0x01, 0xff, 0xf0, 0x01, 0xff, 0xf0, 0x01, 0xff,
  0xf0, 0x01, 0xff, 0xcd, 0x6b, 0xfa, 0x8a, 0xf6, 0xff, 0x8a, 0xfe, 0xff, 0x8a, 0xfe, 0xff, 0x8a, 0xfe, 0xff, 0x8a, 0xfe, 0xff, 0xab, 0xcd, 0xfc,
  0xef, 0x3a, 0xfc, 0xf0, 0x01, 0xff, 0xf0, 0x01, 0xff, 0xf0, 0x01, 0xff, 0xf0, 0x01, 0xff, 0x4f, 0x1a, 0xfc, 0x6f, 0x22, 0xfb, 0xf0, 0x01, 0xff,
  0xf0, 0x01, 0xff, 0xf0, 0x01, 0xff, 0xf0, 0x01, 0xff, 0xf0, 0x01, 0xff, 0xf0, 0x01, 0xff, 0xf0, 0x01, 0xff, 0xf0, 0x01, 0xff, 0xf0, 0x01, 0xff,
  0xf0, 0x09, 0xff, 0x2d, 0x7c, 0xfb, 0x8a, 0xf6, 0xff, 0x8a, 0xfe, 0xff, 0x8a, 0xfe, 0xff, 0x8a, 0xfe, 0xff, 0x8a, 0xfe, 0xff, 0x8a, 0xfe, 0xff,
  0x8a, 0xfe, 0xff, 0x8a, 0xfe, 0xff, 0x8a, 0xfe, 0xff, 0x8a, 0xfe, 0xff, 0x8a, 0xfe, 0xff, 0x8a, 0xfe, 0xff, 0x8a, 0xfe, 0xff, 0x8a, 0xfe, 0xff,
  0x8a, 0xfe, 0xff, 0x8a, 0xfe, 0xff, 0x8a, 0xfe, 0xff, 0x8a, 0xfe, 0xff, 0x8a, 0xfe, 0xff, 0x8a, 0xfe, 0xff, 0x8a, 0xfe, 0xff, 0x8a, 0xfe, 0xff,
  0x8a, 0xfe, 0xff, 0x8a, 0xfe, 0xff, 0x8a, 0xfe, 0xff, 0x8a, 0xfe, 0xff, 0x8a, 0xfe, 0xff, 0x8a, 0xfe, 0xff, 0x8a, 0xfe, 0xff, 0x8a, 0xfe, 0xff,
  0x8a, 0xfe, 0xff, 0x8a, 0xf6, 0xff, 0xec, 0xa4, 0xfc, 0x4f, 0x1a, 0xfc, 0xac, 0x9c, 0xfc, 0x8a, 0xfe, 0xff, 0x8a, 0xfe, 0xff, 0x8a, 0xfe, 0xff,
  0x8a, 0xfe, 0xff, 0x48, 0xcd, 0xfe, 0xa1, 0x18, 0xfd, 0x00, 0x00, 0xff, 0x00, 0x10, 0xfd, 0xc1, 0x98, 0xf8, 0x02, 0xc9, 0xff, 0x02, 0xc9, 0xff,
  0x02, 0xc9, 0xff, 0x02, 0xc9, 0xff, 0x02, 0xc9, 0xff, 0x02, 0xc9, 0xff, 0x02, 0xc9, 0xff, 0x02, 0xc9, 0xff, 0x02, 0xc9, 0xff, 0x02, 0xc9, 0xff,
  0x02, 0xc9, 0xff, 0xe2, 0xa8, 0xfe, 0x00, 0x10, 0xfd, 0x00, 0x00, 0xff, 0x00, 0x00, 0xe4, 0x00, 0x00, 0x3c, 0x00, 0x00, 0x00, 0x00, 0x00, 0x00,
  0x00, 0x00, 0x00, 0x00, 0x00, 0x24, 0x00, 0x00, 0xcc, 0x00, 0x00, 0xff, 0x00, 0x08, 0xfe, 0xc1, 0x90, 0xfd, 0x02, 0xc9, 0xff, 0x02, 0xc9, 0xff,
  0x02, 0xc9, 0xff, 0x02, 0xc9, 0xff, 0x02, 0xc9, 0xff, 0x02, 0xc9, 0xff, 0x02, 0xc9, 0xff, 0x02, 0xc9, 0xff, 0x02, 0xc9, 0xff, 0x02, 0xc9, 0xff,
  0x02, 0xc9, 0xff, 0xc1, 0x98, 0xf8, 0x00, 0x08, 0xfe, 0x00, 0x00, 0xff, 0xa1, 0x18, 0xfd, 0x48, 0xcd, 0xfe, 0x8a, 0xfe, 0xff, 0x8a, 0xfe, 0xff,
  0x8a, 0xfe, 0xff, 0x8a, 0xfe, 0xff, 0x8a, 0xfe, 0xff, 0x6a, 0xf6, 0xff, 0x4a, 0xee, 0xfe, 0x4a, 0xee, 0xfe, 0x2a, 0xe6, 0xff, 0x6b, 0xbd, 0xfc,
  0x0e, 0x43, 0xfd, 0xf0, 0x09, 0xff, 0xf0, 0x01, 0xff, 0xf0, 0x01, 0xff, 0xf0, 0x01, 0xff, 0xf0, 0x01, 0xff, 0xf0, 0x01, 0xff, 0xf0, 0x01, 0xff,
  0xf0, 0x01, 0xff, 0xf0, 0x01, 0xff, 0xf0, 0x01, 0xff, 0xf0, 0x01, 0xff, 0xf0, 0x01, 0xff, 0xf0, 0x01, 0xff, 0xf0, 0x01, 0xff, 0xf0, 0x01, 0xff,
  0xf0, 0x01, 0xff, 0xf0, 0x01, 0xff, 0xf0, 0x01, 0xff, 0xf0, 0x01, 0xff, 0xf0, 0x01, 0xff, 0xf0, 0x01, 0xff, 0xf0, 0x01, 0xff, 0xf0, 0x01, 0xff,
  0xf0, 0x01, 0xff, 0xf0, 0x01, 0xff, 0xf0, 0x01, 0xff, 0xf0, 0x01, 0xff, 0xf0, 0x01, 0xff, 0xf0, 0x01, 0xff, 0xf0, 0x01, 0xff, 0xf0, 0x01, 0xff,
  0xf0, 0x01, 0xff, 0xf0, 0x01, 0xff, 0xf0, 0x01, 0xff, 0xf0, 0x01, 0xff, 0xf0, 0x01, 0xff, 0xf0, 0x01, 0xff, 0xf0, 0x01, 0xff, 0xf0, 0x01, 0xff,
  0xf0, 0x01, 0xff, 0xf0, 0x01, 0xff, 0xf0, 0x01, 0xff, 0xf0, 0x01, 0xff, 0xf0, 0x01, 0xff, 0xf0, 0x01, 0xff, 0xf0, 0x01, 0xff, 0xf0, 0x01, 0xff,
  0xf0, 0x01, 0xff, 0xf0, 0x01, 0xff, 0xf0, 0x01, 0xff, 0xf0, 0x01, 0xff, 0xf0, 0x01, 0xff, 0xf0, 0x01, 0xff, 0xf0, 0x01, 0xff, 0xf0, 0x01, 0xff,
  0xf0, 0x01, 0xff, 0xf0, 0x01, 0xff, 0x10, 0x0a, 0xfe, 0xef, 0x3a, 0xfc, 0xaf, 0x2a, 0xfb, 0xf0, 0x01, 0xff, 0xf0, 0x01, 0xff, 0xf0, 0x01, 0xff,
  0xf0, 0x01, 0xff, 0xf0, 0x01, 0xff, 0xf0, 0x01, 0xff, 0xf0, 0x01, 0xff, 0xf0, 0x01, 0xff, 0xf0, 0x01, 0xff, 0xf0, 0x01, 0xff, 0xf0, 0x01, 0xff,
  0xf0, 0x01, 0xff, 0xf0, 0x01, 0xff, 0xf0, 0x01, 0xff, 0xf0, 0x01, 0xff, 0xf0, 0x01, 0xff, 0xf0, 0x01, 0xff, 0xf0, 0x01, 0xff, 0xf0, 0x01, 0xff,
  0xf0, 0x01, 0xff, 0xae, 0x63, 0xff, 0x6a, 0xf6, 0xff, 0x8a, 0xfe, 0xff, 0x8a, 0xfe, 0xff, 0x8a, 0xf6, 0xff, 0xab, 0xcd, 0xfc, 0x0e, 0x43, 0xfd,
  0xf0, 0x09, 0xff, 0xf0, 0x01, 0xff, 0xf0, 0x01, 0xff, 0xf0, 0x01, 0xff, 0x10, 0x0a, 0xfe, 0x6f, 0x22, 0xfb, 0x10, 0x0a, 0xfe, 0xf0, 0x01, 0xff,
  0xf0, 0x01, 0xff, 0xf0, 0x01, 0xff, 0xf0, 0x01, 0xff, 0xf0, 0x01, 0xff, 0xf0, 0x01, 0xff, 0xf0, 0x01, 0xff, 0xf0, 0x01, 0xff, 0xf0, 0x01, 0xff,
  0xf0, 0x09, 0xff, 0xcd, 0x6b, 0xfa, 0x6a, 0xf6, 0xff, 0x8a, 0xfe, 0xff, 0x8a, 0xfe, 0xff, 0x8a, 0xfe, 0xff, 0x8a, 0xfe, 0xff, 0x6a, 0xf6, 0xff,
  0x4a, 0xee, 0xff, 0x8a, 0xfe, 0xff, 0x8a, 0xfe, 0xff, 0x8a, 0xfe, 0xff, 0x8a, 0xfe, 0xff, 0x8a, 0xfe, 0xff, 0x8a, 0xfe, 0xff, 0x8a, 0xfe, 0xff,
  0x8a, 0xfe, 0xff, 0x8a, 0xfe, 0xff, 0x8a, 0xfe, 0xff, 0x8a, 0xfe, 0xff, 0x8a, 0xfe, 0xff, 0x8a, 0xfe, 0xff, 0x8a, 0xfe, 0xff, 0x8a, 0xfe, 0xff,
  0x8a, 0xfe, 0xff, 0x8a, 0xfe, 0xff, 0x8a, 0xfe, 0xff, 0x8a, 0xfe, 0xff, 0x8a, 0xfe, 0xff, 0x8a, 0xfe, 0xff, 0x8a, 0xfe, 0xff, 0x8a, 0xf6, 0xff,
  0x0a, 0xde, 0xfe, 0xab, 0xcd, 0xfc, 0x0e, 0x43, 0xfd, 0x10, 0x0a, 0xfe, 0x8c, 0x94, 0xfd, 0x8a, 0xfe, 0xff, 0x8a, 0xfe, 0xff, 0x8a, 0xfe, 0xff,
  0x8a, 0xfe, 0xff, 0x29, 0xee, 0xfe, 0xc2, 0x41, 0xfc, 0x00, 0x00, 0xff, 0x00, 0x00, 0xff, 0xa1, 0x80, 0xfd, 0x02, 0xc9, 0xff, 0x02, 0xc9, 0xff,
  0x02, 0xc9, 0xff, 0x02, 0xc9, 0xff, 0x02, 0xc9, 0xff, 0x02, 0xc9, 0xff, 0x02, 0xc9, 0xff, 0x02, 0xc9, 0xff, 0x02, 0xc9, 0xff, 0x02, 0xc9, 0xff,
  0x02, 0xc9, 0xff, 0xe2, 0xb8, 0xfe, 0x20, 0x28, 0xfd, 0x00, 0x00, 0xff, 0x00, 0x00, 0xf4, 0x00, 0x00, 0x54, 0x00, 0x00, 0x00, 0x00, 0x00, 0x00,
  0x00, 0x00, 0x00, 0x00, 0x00, 0x34, 0x00, 0x00, 0xe4, 0x00, 0x00, 0xff, 0x20, 0x20, 0xfd, 0xe2, 0xa0, 0xfd, 0x02, 0xc9, 0xff, 0x02, 0xc9, 0xff,
  0x02, 0xc9, 0xff, 0x02, 0xc9, 0xff, 0x02, 0xc9, 0xff, 0x02, 0xc9, 0xff, 0x02, 0xc9, 0xff, 0x02, 0xc9, 0xff, 0x02, 0xc9, 0xff, 0x02, 0xc9, 0xff,
  0x02, 0xc9, 0xff, 0xa1, 0x80, 0xfd, 0x00, 0x00, 0xff, 0x00, 0x00, 0xff, 0x82, 0x39, 0xfc, 0x29, 0xee, 0xfe, 0x8a, 0xfe, 0xff, 0x8a, 0xfe, 0xff,
  0x8a, 0xfe, 0xff, 0x8a, 0xfe, 0xff, 0x8a, 0xfe, 0xff, 0x2b, 0xad, 0xfb, 0x0e, 0x43, 0xfd, 0x8d, 0x3a, 0xfd, 0x8d, 0x3a, 0xfd, 0x6f, 0x22, 0xfb,
  0xf0, 0x09, 0xff, 0xf0, 0x01, 0xff, 0xf0, 0x01, 0xff, 0xf0, 0x01, 0xff, 0xf0, 0x01, 0xff, 0xf0, 0x01, 0xff, 0xf0, 0x01, 0xff, 0xf0, 0x01, 0xff,
  0xf0, 0x01, 0xff, 0xf0, 0x01, 0xff, 0xf0, 0x01, 0xff, 0xf0, 0x01, 0xff, 0xf0, 0x01, 0xff, 0xf0, 0x01, 0xff, 0xf0, 0x01, 0xff, 0xf0, 0x01, 0xff,
  0xf0, 0x01, 0xff, 0xf0, 0x01, 0xff, 0xf0, 0x01, 0xff, 0xf0, 0x01, 0xff, 0xf0, 0x01, 0xff, 0xf0, 0x01, 0xff, 0xf0, 0x01, 0xff, 0xf0, 0x01, 0xff,
  0xf0, 0x01, 0xff, 0xf0, 0x01, 0xff, 0xf0, 0x01, 0xff, 0xf0, 0x01, 0xff, 0xf0, 0x01, 0xff, 0xf0, 0x01, 0xff, 0xf0, 0x01, 0xff, 0xf0, 0x01, 0xff,
  0xf0, 0x01, 0xff, 0xf0, 0x01, 0xff, 0xf0, 0x01, 0xff, 0xf0, 0x01, 0xff, 0xf0, 0x01, 0xff, 0xf0, 0x01, 0xff, 0xf0, 0x01, 0xff, 0xf0, 0x01, 0xff,
  0xf0, 0x01, 0xff, 0xf0, 0x01, 0xff, 0xf0, 0x01, 0xff, 0xf0, 0x01, 0xff, 0xf0, 0x01, 0xff, 0xf0, 0x01, 0xff, 0xf0, 0x01, 0xff, 0xf0, 0x01, 0xff,
  0xf0, 0x01, 0xff, 0xf0, 0x01, 0xff, 0xf0, 0x01, 0xff, 0xf0, 0x01, 0xff, 0xf0, 0x01, 0xff, 0xf0, 0x01, 0xff, 0xf0, 0x01, 0xff, 0xf0, 0x01, 0xff,
  0xf0, 0x01, 0xff, 0xf0, 0x01, 0xff, 0x4f, 0x1a, 0xfc, 0xef, 0x3a, 0xfc, 0x10, 0x0a, 0xfe, 0xf0, 0x01, 0xff, 0xf0, 0x01, 0xff, 0xf0, 0x01, 0xff,
  0xf0, 0x01, 0xff, 0xf0, 0x01, 0xff, 0xf0, 0x01, 0xff, 0xf0, 0x01, 0xff, 0xf0, 0x01, 0xff, 0xf0, 0x01, 0xff, 0xf0, 0x01, 0xff, 0xf0, 0x01, 0xff,
  0xf0, 0x01, 0xff, 0xf0, 0x01, 0xff, 0xf0, 0x01, 0xff, 0xf0, 0x01, 0xff, 0xf0, 0x01, 0xff, 0xf0, 0x01, 0xff, 0xf0, 0x01, 0xff, 0xf0, 0x01, 0xff,
  0xf0, 0x01, 0xff, 0x2e, 0x4b, 0xfb, 0x4a, 0xee, 0xfe, 0x8a, 0xfe, 0xff, 0x8a, 0xf6, 0xff, 0x6b, 0xbd, 0xfc, 0xef, 0x3a, 0xfc, 0x10, 0x0a, 0xfe,
  0xf0, 0x01, 0xff, 0xf0, 0x01, 0xff, 0xf0, 0x01, 0xff, 0xf0, 0x01, 0xff, 0x30, 0x12, 0xfc, 0x4f, 0x1a, 0xfc, 0xf0, 0x01, 0xff, 0xf0, 0x01, 0xff,
  0xf0, 0x01, 0xff, 0xf0, 0x01, 0xff, 0xf0, 0x01, 0xff, 0xf0, 0x01, 0xff, 0xf0, 0x01, 0xff, 0xf0, 0x01, 0xff, 0xf0, 0x01, 0xff, 0xf0, 0x01, 0xff,
  0xf0, 0x09, 0xff, 0xcd, 0x6b, 0xfa, 0x6a, 0xf6, 0xff, 0x8a, 0xfe, 0xff, 0x8a, 0xfe, 0xff, 0x8a, 0xfe, 0xff, 0x6a, 0xf6, 0xff, 0xac, 0x9c, 0xfc,
  0x6d, 0x8c, 0xfb, 0x6a, 0xf6, 0xff, 0x8a, 0xfe, 0xff, 0x8a, 0xfe, 0xff, 0x8a, 0xfe, 0xff, 0x8a, 0xfe, 0xff, 0x8a, 0xfe, 0xff, 0x8a, 0xfe, 0xff,
  0x8a, 0xfe, 0xff, 0x8a, 0xfe, 0xff, 0x8a, 0xfe, 0xff, 0x8a, 0xfe, 0xff, 0x8a, 0xfe, 0xff, 0x8a, 0xfe, 0xff, 0x8a, 0xfe, 0xff, 0x8a, 0xfe, 0xff,
  0x8a, 0xfe, 0xff, 0x8a, 0xfe, 0xff, 0x8a, 0xfe, 0xff, 0x8a, 0xfe, 0xff, 0x8a, 0xfe, 0xff, 0x8a, 0xfe, 0xff, 0x8a, 0xf6, 0xff, 0x6b, 0xbd, 0xfc,
  0x6d, 0x8c, 0xfb, 0x2d, 0x7c, 0xfb, 0x10, 0x0a, 0xfe, 0xf0, 0x09, 0xff, 0x6d, 0x8c, 0xfb, 0x8a, 0xf6, 0xff, 0x8a, 0xfe, 0xff, 0x8a, 0xfe, 0xff,
  0x8a, 0xfe, 0xff, 0x69, 0xf6, 0xff, 0xc4, 0x6a, 0xfb, 0x00, 0x00, 0xff, 0x00, 0x00, 0xff, 0x61, 0x58, 0xf7, 0x02, 0xc1, 0xff, 0x02, 0xc9, 0xff,
  0x02, 0xc9, 0xff, 0x02, 0xc9, 0xff, 0x02, 0xc9, 0xff, 0x02, 0xc9, 0xff, 0x02, 0xc9, 0xff, 0x02, 0xc9, 0xff, 0x02, 0xc9, 0xff, 0x02, 0xc9, 0xff,
  0x02, 0xc9, 0xff, 0x02, 0xc1, 0xff, 0x40, 0x38, 0xfd, 0x00, 0x00, 0xff, 0x00, 0x00, 0xff, 0x00, 0x00, 0x6c, 0x00, 0x00, 0x02, 0x00, 0x00, 0x00,
  0x00, 0x00, 0x02, 0x00, 0x00, 0x54, 0x00, 0x00, 0xf4, 0x00, 0x00, 0xff, 0x40, 0x38, 0xfd, 0x02, 0xb9, 0xff, 0x02, 0xc9, 0xff, 0x02, 0xc9, 0xff,
  0x02, 0xc9, 0xff, 0x02, 0xc9, 0xff, 0x02, 0xc9, 0xff, 0x02, 0xc9, 0xff, 0x02, 0xc9, 0xff, 0x02, 0xc9, 0xff, 0x02, 0xc9, 0xff, 0x02, 0xc9, 0xff,
  0x02, 0xc9, 0xff, 0x81, 0x60, 0xfd, 0x00, 0x00, 0xff, 0x00, 0x00, 0xff, 0x43, 0x52, 0xfb, 0x69, 0xf6, 0xff, 0x8a, 0xfe, 0xff, 0x8a, 0xfe, 0xff,
  0x8a, 0xfe, 0xff, 0x8a, 0xfe, 0xff, 0x8a, 0xfe, 0xff, 0xac, 0x9c, 0xfc, 0x10, 0x0a, 0xfe, 0xf0, 0x01, 0xff, 0xf0, 0x01, 0xff, 0xf0, 0x01, 0xff,
  0xf0, 0x01, 0xff, 0xf0, 0x01, 0xff, 0xf0, 0x01, 0xff, 0xf0, 0x01, 0xff, 0xf0, 0x01, 0xff, 0xf0, 0x01, 0xff, 0xf0, 0x01, 0xff, 0xf0, 0x01, 0xff,
  0xf0, 0x01, 0xff, 0xf0, 0x09, 0xff, 0xf0, 0x09, 0xff, 0x10, 0x0a, 0xfe, 0x10, 0x0a, 0xfe, 0x10, 0x0a, 0xfe, 0x30, 0x12, 0xfc, 0x6f, 0x22, 0xfb,
  0xef, 0x3a, 0xfc, 0x0e, 0x3b, 0xfe, 0x2e, 0x4b, 0xfb, 0x6e, 0x53, 0xf7, 0xaf, 0x2a, 0xfb, 0xf0, 0x01, 0xff, 0xf0, 0x01, 0xff, 0xf0, 0x01, 0xff,
  0xf0, 0x01, 0xff, 0xf0, 0x01, 0xff, 0xf0, 0x01, 0xff, 0xf0, 0x01, 0xff, 0xf0, 0x01, 0xff, 0xf0, 0x01, 0xff, 0xf0, 0x01, 0xff, 0xf0, 0x01, 0xff,
  0xf0, 0x01, 0xff, 0xf0, 0x01, 0xff, 0xf0, 0x01, 0xff, 0xf0, 0x01, 0xff, 0xf0, 0x01, 0xff, 0xf0, 0x01, 0xff, 0xf0, 0x01, 0xff, 0xf0, 0x01, 0xff,
  0xf0, 0x01, 0xff, 0xf0, 0x01, 0xff, 0xf0, 0x01, 0xff, 0xf0, 0x01, 0xff, 0xf0, 0x01, 0xff, 0xf0, 0x01, 0xff, 0xf0, 0x01, 0xff, 0xf0, 0x01, 0xff,
  0xf0, 0x01, 0xff, 0xf0, 0x01, 0xff, 0xf0, 0x01, 0xff, 0xf0, 0x01, 0xff, 0xf0, 0x01, 0xff, 0xf0, 0x01, 0xff, 0xf0, 0x01, 0xff, 0xf0, 0x01, 0xff,
  0xf0, 0x01, 0xff, 0x10, 0x0a, 0xfe, 0xaf, 0x2a, 0xfb, 0x30, 0x12, 0xfe, 0xf0, 0x01, 0xff, 0xf0, 0x01, 0xff, 0xf0, 0x01, 0xff, 0xf0, 0x01, 0xff,
  0xf0, 0x01, 0xff, 0xf0, 0x01, 0xff, 0xf0, 0x01, 0xff, 0xf0, 0x01, 0xff, 0xf0, 0x01, 0xff, 0xf0, 0x01, 0xff, 0xf0, 0x01, 0xff, 0xf0, 0x01, 0xff,
  0xf0, 0x01, 0xff, 0xf0, 0x01, 0xff, 0xf0, 0x01, 0xff, 0xf0, 0x01, 0xff, 0xf0, 0x01, 0xff, 0xf0, 0x01, 0xff, 0xf0, 0x01, 0xff, 0xf0, 0x01, 0xff,
  0xf0, 0x01, 0xff, 0x0e, 0x43, 0xfd, 0x2a, 0xe6, 0xff, 0x8a, 0xfe, 0xff, 0xab, 0xcd, 0xfc, 0xef, 0x3a, 0xfc, 0xf0, 0x09, 0xff, 0xf0, 0x01, 0xff,
  0xf0, 0x01, 0xff, 0xf0, 0x01, 0xff, 0xf0, 0x01, 0xff, 0xf0, 0x09, 0xff, 0x10, 0x0a, 0xfb, 0xf0, 0x09, 0xff, 0xf0, 0x01, 0xff, 0xf0, 0x01, 0xff,
  0xf0, 0x01, 0xff, 0xf0, 0x01, 0xff, 0xf0, 0x01, 0xff, 0xf0, 0x01, 0xff, 0xf0, 0x01, 0xff, 0xf0, 0x01, 0xff, 0xf0, 0x01, 0xff, 0xf0, 0x01, 0xff,
  0xf0, 0x01, 0xff, 0x6e, 0x53, 0xf7, 0x6a, 0xf6, 0xff, 0x8a, 0xfe, 0xff, 0x8a, 0xf6, 0xff, 0xea, 0xd5, 0xfd, 0x6b, 0xbd, 0xfc, 0xaf, 0x2a, 0xfb,
  0x6e, 0x53, 0xfb, 0x4a, 0xee, 0xfe, 0x8a, 0xfe, 0xff, 0x8a, 0xfe, 0xff, 0x8a, 0xfe, 0xff, 0x8a, 0xfe, 0xff, 0x8a, 0xfe, 0xff, 0x8a, 0xfe, 0xff,
  0x8a, 0xfe, 0xff, 0x8a, 0xfe, 0xff, 0x8a, 0xfe, 0xff, 0x8a, 0xfe, 0xff, 0x8a, 0xfe, 0xff, 0x8a, 0xfe, 0xff, 0x8a, 0xfe, 0xff, 0x8a, 0xfe, 0xff,
  0x8a, 0xfe, 0xff, 0x8a, 0xfe, 0xff, 0x8a, 0xfe, 0xff, 0x8a, 0xfe, 0xff, 0x8a, 0xfe, 0xff, 0x8a, 0xfe, 0xff, 0xab, 0xcd, 0xfc, 0x6e, 0x53, 0xf7,
  0x6d, 0x8c, 0xfb, 0xaf, 0x2a, 0xfb, 0xf0, 0x01, 0xff, 0xf0, 0x09, 0xff, 0x6d, 0x8c, 0xfb, 0x8a, 0xf6, 0xff, 0x8a, 0xfe, 0xff, 0x8a, 0xfe, 0xff,
  0x8a, 0xfe, 0xff, 0x6a, 0xf6, 0xff, 0xc5, 0x8b, 0xfb, 0x40, 0x08, 0xfe, 0x00, 0x00, 0xff, 0x20, 0x28, 0xfd, 0x02, 0xb9, 0xff, 0x02, 0xc9, 0xff,
  0x02, 0xc9, 0xff, 0x02, 0xc9, 0xff, 0x02, 0xc9, 0xff, 0x02, 0xc9, 0xff, 0x02, 0xc9, 0xff, 0x02, 0xc9, 0xff, 0x02, 0xc9, 0xff, 0x02, 0xc9, 0xff,
  0x02, 0xc9, 0xff, 0x02, 0xc9, 0xff, 0x60, 0x48, 0xfa, 0x00, 0x00, 0xff, 0x00, 0x00, 0xff, 0x00, 0x00, 0x8d, 0x00, 0x00, 0x03, 0x00, 0x00, 0x00,
  0x00, 0x00, 0x03, 0x00, 0x00, 0x6c, 0x00, 0x00, 0xf4, 0x00, 0x00, 0xff, 0x60, 0x48, 0xfc, 0x02, 0xc9, 0xff, 0x02, 0xc9, 0xff, 0x02, 0xc9, 0xff,
  0x02, 0xc9, 0xff, 0x02, 0xc9, 0xff, 0x02, 0xc9, 0xff, 0x02, 0xc9, 0xff, 0x02, 0xc9, 0xff, 0x02, 0xc9, 0xff, 0x02, 0xc9, 0xff, 0x02, 0xc9, 0xff,
  0x02, 0xc1, 0xff, 0x60, 0x48, 0xfa, 0x00, 0x00, 0xff, 0x00, 0x00, 0xff, 0x24, 0x7b, 0xfa, 0x6a, 0xf6, 0xff, 0x8a, 0xfe, 0xff, 0x8a, 0xfe, 0xff,
  0x8a, 0xfe, 0xff, 0x8a, 0xfe, 0xff, 0x8a, 0xfe, 0xff, 0xac, 0x9c, 0xfc, 0x10, 0x0a, 0xfb, 0xf0, 0x09, 0xff, 0x10, 0x0a, 0xfe, 0x30, 0x12, 0xfe,
  0x30, 0x12, 0xfe, 0x30, 0x12, 0xfc, 0x4f, 0x1a, 0xfc, 0x6f, 0x22, 0xfb, 0xaf, 0x2a, 0xfb, 0xef, 0x3a, 0xfc, 0x0e, 0x43, 0xfd, 0x2e, 0x4b, 0xfb,
  0x6e, 0x53, 0xf7, 0xcd, 0x6b, 0xfa, 0x2d, 0x7c, 0xfb, 0x8c, 0x94, 0xfd, 0xac, 0x9c, 0xfc, 0xec, 0xa4, 0xfc, 0x2b, 0xad, 0xfb, 0x6b, 0xbd, 0xfc,
  0xab, 0xcd, 0xfc, 0x2a, 0xe6, 0xff, 0x4a, 0xee, 0xff, 0x4a, 0xee, 0xff, 0x2d, 0x7c, 0xfb, 0x10, 0x0a, 0xfe, 0xf0, 0x01, 0xff, 0xf0, 0x01, 0xff,
  0xf0, 0x01, 0xff, 0xf0, 0x01, 0xff, 0xf0, 0x01, 0xff, 0xf0, 0x01, 0xff, 0xf0, 0x01, 0xff, 0xf0, 0x01, 0xff, 0xf0, 0x01, 0xff, 0xf0, 0x01, 0xff,
  0xf0, 0x01, 0xff, 0xf0, 0x01, 0xff, 0xf0, 0x01, 0xff, 0xf0, 0x01, 0xff, 0xf0, 0x01, 0xff, 0xf0, 0x01, 0xff, 0xf0, 0x01, 0xff, 0xf0, 0x01, 0xff,
  0xf0, 0x01, 0xff, 0xf0, 0x01, 0xff, 0xf0, 0x01, 0xff, 0xf0, 0x01, 0xff, 0xf0, 0x01, 0xff, 0xf0, 0x01, 0xff, 0xf0, 0x01, 0xff, 0xf0, 0x01, 0xff,
  0xf0, 0x01, 0xff, 0xf0, 0x01, 0xff, 0xf0, 0x01, 0xff, 0xf0, 0x01, 0xff, 0xf0, 0x01, 0xff, 0xf0, 0x01, 0xff, 0xf0, 0x01, 0xff, 0xf0, 0x01, 0xff,
  0xf0, 0x01, 0xff, 0x4f, 0x1a, 0xfc, 0x6f, 0x22, 0xfb, 0xf0, 0x01, 0xff, 0xf0, 0x01, 0xff, 0xf0, 0x01, 0xff, 0xf0, 0x01, 0xff, 0xf0, 0x01, 0xff,
  0xf0, 0x01, 0xff, 0xf0, 0x01, 0xff, 0xf0, 0x01, 0xff, 0xf0, 0x01, 0xff, 0xf0, 0x01, 0xff, 0xf0, 0x01, 0xff, 0xf0, 0x01, 0xff, 0xf0, 0x01, 0xff,
  0xf0, 0x01, 0xff, 0xf0, 0x01, 0xff, 0xf0, 0x01, 0xff, 0xf0, 0x01, 0xff, 0xf0, 0x01, 0xff, 0xf0, 0x01, 0xff, 0xf0, 0x01, 0xff, 0xf0, 0x01, 0xff,
  0xf0, 0x01, 0xff, 0xef, 0x3a, 0xfc, 0x2a, 0xe6, 0xff, 0xea, 0xd5, 0xfd, 0x6e, 0x53, 0xfb, 0xf0, 0x09, 0xff, 0xf0, 0x01, 0xff, 0xf0, 0x01, 0xff,
  0xf0, 0x01, 0xff, 0xf0, 0x01, 0xff, 0xf0, 0x01, 0xff, 0xf0, 0x09, 0xff, 0xf0, 0x09, 0xff, 0xf0, 0x01, 0xff, 0xf0, 0x01, 0xff, 0xf0, 0x01, 0xff,
  0xf0, 0x01, 0xff, 0xf0, 0x01, 0xff, 0xf0, 0x01, 0xff, 0xf0, 0x01, 0xff, 0xf0, 0x01, 0xff, 0xf0, 0x01, 0xff, 0xf0, 0x01, 0xff, 0xf0, 0x01, 0xff,
  0xf0, 0x01, 0xff, 0x6e, 0x53, 0xf7, 0x6a, 0xf6, 0xff, 0x8a, 0xf6, 0xff, 0xab, 0xcd, 0xfc, 0x6d, 0x8c, 0xfb, 0xcd, 0x6b, 0xfa, 0x10, 0x0a, 0xfe,
  0x0e, 0x43, 0xfd, 0xea, 0xd5, 0xfd, 0x8a, 0xfe, 0xff, 0x8a, 0xfe, 0xff, 0x8a, 0xfe, 0xff, 0x8a, 0xfe, 0xff, 0x8a, 0xfe, 0xff, 0x8a, 0xfe, 0xff,
  0x8a, 0xf6, 0xff, 0x6a, 0xf6, 0xff, 0x8a, 0xfe, 0xff, 0x8a, 0xfe, 0xff, 0x8a, 0xfe, 0xff, 0x8a, 0xfe, 0xff, 0x8a, 0xfe, 0xff, 0x8a, 0xfe, 0xff,
  0x8a, 0xfe, 0xff, 0x8a, 0xfe, 0xff, 0x8a, 0xfe, 0xff, 0x8a, 0xfe, 0xff, 0x8a, 0xfe, 0xff, 0xea, 0xd5, 0xfd, 0x6e, 0x53, 0xfb, 0x6e, 0x53, 0xf7,
  0x6e, 0x53, 0xf7, 0x10, 0x0a, 0xfe, 0xf0, 0x01, 0xff, 0xf0, 0x09, 0xff, 0x6d, 0x8c, 0xfb, 0x8a, 0xf6, 0xff, 0x8a, 0xfe, 0xff, 0x8a, 0xfe, 0xff,
  0x8a, 0xfe, 0xff, 0x8a, 0xfe, 0xff, 0x07, 0xc5, 0xfd, 0x60, 0x10, 0xfc, 0x00, 0x00, 0xff, 0x20, 0x18, 0xfd, 0xe2, 0xb0, 0xfe, 0x02, 0xc9, 0xff,
  0x02, 0xc9, 0xff, 0x02, 0xc9, 0xff, 0x02, 0xc9, 0xff, 0x02, 0xc9, 0xff, 0x02, 0xc9, 0xff, 0x02, 0xc9, 0xff, 0x02, 0xc9, 0xff, 0x02, 0xc9, 0xff,
  0x02, 0xc9, 0xff, 0x02, 0xc9, 0xff, 0x81, 0x60, 0xf6, 0x00, 0x00, 0xff, 0x00, 0x00, 0xff, 0x00, 0x00, 0xa4, 0x00, 0x00, 0x0c, 0x00, 0x00, 0x00,
  0x00, 0x00, 0x0c, 0x00, 0x00, 0x94, 0x00, 0x00, 0xff, 0x00, 0x00, 0xff, 0x81, 0x60, 0xf6, 0x02, 0xc9, 0xff, 0x02, 0xc9, 0xff, 0x02, 0xc9, 0xff,
  0x02, 0xc9, 0xff, 0x02, 0xc9, 0xff, 0x02, 0xc9, 0xff, 0x02, 0xc9, 0xff, 0x02, 0xc9, 0xff, 0x02, 0xc9, 0xff, 0x02, 0xc9, 0xff, 0x02, 0xc9, 0xff,
  0x02, 0xc1, 0xff, 0x40, 0x38, 0xfd, 0x00, 0x00, 0xff, 0x00, 0x00, 0xff, 0x26, 0x9c, 0xfc, 0x8a, 0xfe, 0xff, 0x8a, 0xfe, 0xff, 0x8a, 0xfe, 0xff,
  0x8a, 0xfe, 0xff, 0x8a, 0xfe, 0xff, 0x8a, 0xfe, 0xff, 0x8a, 0xcd, 0xfd, 0x2d, 0x7c, 0xfb, 0x6d, 0x8c, 0xfb, 0x8c, 0x94, 0xfd, 0x0c, 0xad, 0xfe,
  0x6b, 0xbd, 0xfc, 0xab, 0xcd, 0xfc, 0x8a, 0xcd, 0xfd, 0xab, 0xcd, 0xfc, 0xea, 0xd5, 0xfd, 0x2a, 0xe6, 0xff, 0x4a, 0xee, 0xff, 0x6a, 0xf6, 0xff,
  0x6a, 0xf6, 0xff, 0x6a, 0xf6, 0xff, 0x6a, 0xf6, 0xff, 0x8a, 0xf6, 0xff, 0x8a, 0xfe, 0xff, 0x8a, 0xfe, 0xff, 0x8a, 0xfe, 0xff, 0x8a, 0xfe, 0xff,
  0x8a, 0xfe, 0xff, 0x8a, 0xfe, 0xff, 0x8a, 0xfe, 0xff, 0x8a, 0xfe, 0xff, 0xac, 0x9c, 0xfc, 0x10, 0x0a, 0xfe, 0xf0, 0x01, 0xff, 0xf0, 0x01, 0xff,
  0xf0, 0x01, 0xff, 0xf0, 0x01, 0xff, 0xf0, 0x01, 0xff, 0xf0, 0x01, 0xff, 0xf0, 0x01, 0xff, 0xf0, 0x01, 0xff, 0xf0, 0x01, 0xff, 0xf0, 0x01, 0xff,
  0xf0, 0x01, 0xff, 0xf0, 0x01, 0xff, 0xf0, 0x01, 0xff, 0xf0, 0x01, 0xff, 0xf0, 0x01, 0xff, 0xf0, 0x01, 0xff, 0xf0, 0x01, 0xff, 0xf0, 0x01, 0xff,
  0xf0, 0x01, 0xff, 0xf0, 0x01, 0xff, 0xf0, 0x01, 0xff, 0xf0, 0x01, 0xff, 0xf0, 0x01, 0xff, 0xf0, 0x01, 0xff, 0xf0, 0x01, 0xff, 0xf0, 0x01, 0xff,
  0xf0, 0x01, 0xff, 0xf0, 0x01, 0xff, 0xf0, 0x01, 0xff, 0xf0, 0x01, 0xff, 0xf0, 0x01, 0xff, 0xf0, 0x01, 0xff, 0xf0, 0x01, 0xff, 0xf0, 0x01, 0xff,
  0x10, 0x0a, 0xfe, 0x4f, 0x1a, 0xfc, 0x10, 0x0a, 0xfe, 0xf0, 0x01, 0xff, 0xf0, 0x01, 0xff, 0xf0, 0x01, 0xff, 0xf0, 0x01, 0xff, 0xf0, 0x01, 0xff,
  0xf0, 0x01, 0xff, 0xf0, 0x01, 0xff, 0xf0, 0x01, 0xff, 0xf0, 0x01, 0xff, 0xf0, 0x01, 0xff, 0xf0, 0x01, 0xff, 0xf0, 0x01, 0xff, 0xf0, 0x01, 0xff,
  0xf0, 0x01, 0xff, 0xf0, 0x01, 0xff, 0xf0, 0x01, 0xff, 0xf0, 0x01, 0xff, 0xf0, 0x01, 0xff, 0xf0, 0x01, 0xff, 0xf0, 0x01, 0xff, 0xf0, 0x01, 0xff,
  0xf0, 0x01, 0xff, 0xaf, 0x2a, 0xfb, 0x2b, 0xad, 0xfb, 0x6e, 0x53, 0xfb, 0x10, 0x0a, 0xfe, 0xf0, 0x01, 0xff, 0xf0, 0x01, 0xff, 0xf0, 0x01, 0xff,
  0xf0, 0x01, 0xff, 0xf0, 0x01, 0xff, 0xf0, 0x01, 0xff, 0xf0, 0x01, 0xff, 0xf0, 0x01, 0xff, 0xf0, 0x01, 0xff, 0xf0, 0x01, 0xff, 0xf0, 0x01, 0xff,
  0xf0, 0x01, 0xff, 0xf0, 0x01, 0xff, 0xf0, 0x01, 0xff, 0xf0, 0x01, 0xff, 0xf0, 0x01, 0xff, 0xf0, 0x01, 0xff, 0xf0, 0x01, 0xff, 0xf0, 0x01, 0xff,
  0xf0, 0x01, 0xff, 0x6e, 0x53, 0xfb, 0x6a, 0xf6, 0xff, 0xab, 0xcd, 0xfc, 0xae, 0x5b, 0xfa, 0x2d, 0x7c, 0xfb, 0x6f, 0x22, 0xfb, 0xf0, 0x01, 0xff,
  0xef, 0x3a, 0xfc, 0xab, 0xcd, 0xfc, 0x8a, 0xfe, 0xff, 0x8a, 0xfe, 0xff, 0x8a, 0xfe, 0xff, 0x8a, 0xfe, 0xff, 0x8a, 0xfe, 0xff, 0x8a, 0xf6, 0xff,
  0x6b, 0xbd, 0xfc, 0xac, 0x9c, 0xfc, 0x8a, 0xf6, 0xff, 0x8a, 0xfe, 0xff, 0x8a, 0xfe, 0xff, 0x8a, 0xfe, 0xff, 0x8a, 0xfe, 0xff, 0x8a, 0xfe, 0xff,
  0x8a, 0xfe, 0xff, 0x8a, 0xfe, 0xff, 0x8a, 0xfe, 0xff, 0x8a, 0xf6, 0xff, 0xab, 0xcd, 0xfc, 0x6e, 0x53, 0xfb, 0x6f, 0x22, 0xfb, 0xae, 0x63, 0xff,
  0x30, 0x12, 0xfe, 0xf0, 0x01, 0xff, 0xf0, 0x01, 0xff, 0xf0, 0x09, 0xff, 0xcd, 0x6b, 0xfa, 0x6a, 0xf6, 0xff, 0x8a, 0xfe, 0xff, 0x8a, 0xfe, 0xff,
  0x8a, 0xfe, 0xff, 0x8a, 0xfe, 0xff, 0x48, 0xcd, 0xfe, 0xa1, 0x18, 0xfd, 0x00, 0x00, 0xff, 0x00, 0x10, 0xfd, 0xc1, 0x98, 0xfd, 0x02, 0xc9, 0xff,
  0x02, 0xc9, 0xff, 0x02, 0xc9, 0xff, 0x02, 0xc9, 0xff, 0x02, 0xc9, 0xff, 0x02, 0xc9, 0xff, 0x02, 0xc9, 0xff, 0x02, 0xc9, 0xff, 0x02, 0xc9, 0xff,
  0x02, 0xc9, 0xff, 0x02, 0xc9, 0xff, 0xa1, 0x80, 0xfd, 0x00, 0x00, 0xff, 0x00, 0x00, 0xff, 0x00, 0x00, 0xbc, 0x00, 0x00, 0x0c, 0x00, 0x00, 0x00,
  0x00, 0x00, 0x0c, 0x00, 0x00, 0xb5, 0x00, 0x00, 0xff, 0x00, 0x00, 0xff, 0x81, 0x70, 0xfc, 0x02, 0xc9, 0xff, 0x02, 0xc9, 0xff, 0x02, 0xc9, 0xff,
  0x02, 0xc9, 0xff, 0x02, 0xc9, 0xff, 0x02, 0xc9, 0xff, 0x02, 0xc9, 0xff, 0x02, 0xc9, 0xff, 0x02, 0xc9, 0xff, 0x02, 0xc9, 0xff, 0x02, 0xc9, 0xff,
  0xe2, 0xb8, 0xfe, 0x20, 0x28, 0xfd, 0x00, 0x00, 0xff, 0x40, 0x08, 0xfe, 0x87, 0xac, 0xfc, 0x8a, 0xfe, 0xff, 0x8a, 0xfe, 0xff, 0x8a, 0xfe, 0xff,
  0x8a, 0xf6, 0xff, 0x6a, 0xf6, 0xff, 0x6a, 0xf6, 0xff, 0x6a, 0xf6, 0xff, 0x6a, 0xf6, 0xff, 0x4a, 0xee, 0xff, 0x4a, 0xee, 0xff, 0x4a, 0xee, 0xff,
  0x4a, 0xee, 0xff, 0x4a, 0xee, 0xff, 0x4a, 0xee, 0xff, 0x4a, 0xee, 0xff, 0x4a, 0xee, 0xff, 0x4a, 0xee, 0xff, 0x4a, 0xee, 0xff, 0x4a, 0xee, 0xff,
  0x4a, 0xee, 0xff, 0x2a, 0xe6, 0xff, 0x2a, 0xe6, 0xff, 0x2a, 0xe6, 0xff, 0x2a, 0xe6, 0xff, 0x2a, 0xe6, 0xff, 0x0a, 0xde, 0xfe, 0xab, 0xcd, 0xfc,
  0x8a, 0xcd, 0xfd, 0x8a, 0xcd, 0xfd, 0x8a, 0xcd, 0xfd, 0x8a, 0xcd, 0xfd, 0x6d, 0x8c, 0xfb, 0x10, 0x0a, 0xfe, 0xf0, 0x01, 0xff, 0xf0, 0x01, 0xff,
  0xf0, 0x01, 0xff, 0xf0, 0x01, 0xff, 0xf0, 0x01, 0xff, 0xf0, 0x01, 0xff, 0xf0, 0x01, 0xff, 0xf0, 0x01, 0xff, 0xf0, 0x01, 0xff, 0xf0, 0x01, 0xff,
  0xf0, 0x01, 0xff, 0xf0, 0x01, 0xff, 0xf0, 0x01, 0xff, 0xf0, 0x01, 0xff, 0xf0, 0x01, 0xff, 0xf0, 0x01, 0xff, 0xf0, 0x01, 0xff, 0xf0, 0x01, 0xff,
  0xf0, 0x01, 0xff, 0xf0, 0x01, 0xff, 0xf0, 0x01, 0xff, 0xf0, 0x01, 0xff, 0xf0, 0x01, 0xff, 0xf0, 0x01, 0xff, 0xf0, 0x01, 0xff, 0xf0, 0x01, 0xff,
  0xf0, 0x01, 0xff, 0xf0, 0x01, 0xff, 0xf0, 0x01, 0xff, 0xf0, 0x01, 0xff, 0xf0, 0x01, 0xff, 0xf0, 0x01, 0xff, 0xf0, 0x01, 0xff, 0xf0, 0x01, 0xff,
  0x30, 0x12, 0xfc, 0x30, 0x12, 0xfc, 0xf0, 0x01, 0xff, 0xf0, 0x01, 0xff, 0xf0, 0x01, 0xff, 0xf0, 0x01, 0xff, 0xf0, 0x01, 0xff, 0xf0, 0x01, 0xff,
  0xf0, 0x01, 0xff, 0xf0, 0x01, 0xff, 0xf0, 0x01, 0xff, 0xf0, 0x01, 0xff, 0xf0, 0x01, 0xff, 0xf0, 0x01, 0xff, 0xf0, 0x01, 0xff, 0xf0, 0x01, 0xff,
  0xf0, 0x01, 0xff, 0xf0, 0x01, 0xff, 0xf0, 0x01, 0xff, 0xf0, 0x01, 0xff, 0xf0, 0x01, 0xff, 0xf0, 0x01, 0xff, 0xf0, 0x01, 0xff, 0xf0, 0x01, 0xff,
  0xf0, 0x01, 0xff, 0x30, 0x12, 0xfe, 0xaf, 0x2a, 0xfb, 0xf0, 0x09, 0xff, 0xf0, 0x01, 0xff, 0xf0, 0x01, 0xff, 0xf0, 0x01, 0xff, 0xf0, 0x01, 0xff,
  0xf0, 0x01, 0xff, 0xf0, 0x01, 0xff, 0xf0, 0x01, 0xff, 0xf0, 0x01, 0xff, 0xf0, 0x01, 0xff, 0xf0, 0x01, 0xff, 0xf0, 0x01, 0xff, 0xf0, 0x01, 0xff,
  0xf0, 0x01, 0xff, 0xf0, 0x01, 0xff, 0xf0, 0x01, 0xff, 0xf0, 0x01, 0xff, 0xf0, 0x01, 0xff, 0xf0, 0x01, 0xff, 0xf0, 0x01, 0xff, 0xf0, 0x01, 0xff,
  0xf0, 0x01, 0xff, 0x2e, 0x4b, 0xfb, 0x6b, 0xbd, 0xfc, 0x0e, 0x43, 0xfd, 0x6e, 0x53, 0xf7, 0xef, 0x3a, 0xfc, 0xf0, 0x09, 0xff, 0xf0, 0x01, 0xff,
  0x6f, 0x22, 0xfb, 0x8a, 0xcd, 0xfd, 0x8a, 0xfe, 0xff, 0x8a, 0xfe, 0xff, 0x8a, 0xfe, 0xff, 0x8a, 0xfe, 0xff, 0x4a, 0xee, 0xfe, 0xab, 0xcd, 0xfc,
  0x0e, 0x43, 0xfd, 0x2e, 0x4b, 0xfb, 0x4a, 0xee, 0xff, 0x8a, 0xfe, 0xff, 0x8a, 0xfe, 0xff, 0x8a, 0xfe, 0xff, 0x8a, 0xfe, 0xff, 0x8a, 0xfe, 0xff,
  0x8a, 0xfe, 0xff, 0x8a, 0xfe, 0xff, 0x8a, 0xfe, 0xff, 0xab, 0xcd, 0xfc, 0x0e, 0x43, 0xfd, 0x10, 0x0a, 0xfe, 0x0e, 0x43, 0xfd, 0xaf, 0x2a, 0xfb,
  0xf0, 0x01, 0xff, 0xf0, 0x01, 0xff, 0xf0, 0x01, 0xff, 0xf0, 0x01, 0xff, 0xcd, 0x6b, 0xfa, 0x6a, 0xf6, 0xff, 0x8a, 0xfe, 0xff, 0x8a, 0xfe, 0xff,
  0x8a, 0xfe, 0xff, 0x8a, 0xfe, 0xff, 0xe9, 0xe5, 0xfe, 0x62, 0x31, 0xfc, 0x00, 0x00, 0xff, 0x00, 0x08, 0xfe, 0xa1, 0x88, 0xfb, 0x02, 0xc9, 0xff,
  0x02, 0xc9, 0xff, 0x02, 0xc9, 0xff, 0x02, 0xc9, 0xff, 0x02, 0xc9, 0xff, 0x02, 0xc9, 0xff, 0x02, 0xc9, 0xff, 0x02, 0xc9, 0xff, 0x02, 0xc9, 0xff,
  0x02, 0xc9, 0xff, 0x02, 0xc9, 0xff, 0xc1, 0x90, 0xfd, 0x00, 0x08, 0xfe, 0x00, 0x00, 0xff, 0x00, 0x00, 0xcc, 0x00, 0x00, 0x1c, 0x00, 0x00, 0x00,
  0x00, 0x00, 0x14, 0x00, 0x00, 0xc5, 0x00, 0x00, 0xff, 0x00, 0x08, 0xfe, 0xc1, 0x88, 0xfd, 0x02, 0xc9, 0xff, 0x02, 0xc9, 0xff, 0x02, 0xc9, 0xff,
  0x02, 0xc9, 0xff, 0x02, 0xc9, 0xff, 0x02, 0xc9, 0xff, 0x02, 0xc9, 0xff, 0x02, 0xc9, 0xff, 0x02, 0xc9, 0xff, 0x02, 0xc9, 0xff, 0x02, 0xc9, 0xff,
  0xe2, 0xa0, 0xfd, 0x20, 0x18, 0xfd, 0x00, 0x00, 0xff, 0x60, 0x10, 0xfc, 0xe7, 0xbc, 0xfd, 0x8a, 0xfe, 0xff, 0x8a, 0xfe, 0xff, 0x6a, 0xf6, 0xff,
  0xec, 0xa4, 0xfc, 0xcd, 0x6b, 0xfa, 0xcd, 0x6b, 0xfa, 0xcd, 0x6b, 0xfa, 0xcd, 0x6b, 0xfa, 0xcd, 0x6b, 0xfa, 0x6e, 0x53, 0xf7, 0x6e, 0x53, 0xf7,
  0x6e, 0x53, 0xf7, 0x6e, 0x53, 0xf7, 0x6e, 0x53, 0xf7, 0x2e, 0x4b, 0xfb, 0x0e, 0x43, 0xfd, 0x0e, 0x43, 0xfd, 0x0e, 0x43, 0xfd, 0x0e, 0x43, 0xfd,
  0x0e, 0x43, 0xfd, 0xef, 0x3a, 0xfc, 0xef, 0x3a, 0xfc, 0xef, 0x3a, 0xfc, 0xef, 0x3a, 0xfc, 0xef, 0x3a, 0xfc, 0xef, 0x3a, 0xfc, 0xaf, 0x2a, 0xfb,
  0x6f, 0x22, 0xfb, 0x6f, 0x22, 0xfb, 0x6f, 0x22, 0xfb, 0x6f, 0x22, 0xfb, 0x4f, 0x1a, 0xfc, 0xf0, 0x01, 0xff, 0xf0, 0x01, 0xff, 0xf0, 0x01, 0xff,
  0xf0, 0x01, 0xff, 0xf0, 0x01, 0xff, 0xf0, 0x01, 0xff, 0xf0, 0x01, 0xff, 0xf0, 0x01, 0xff, 0xf0, 0x01, 0xff, 0xf0, 0x01, 0xff, 0xf0, 0x01, 0xff,
  0xf0, 0x01, 0xff, 0xf0, 0x01, 0xff, 0xf0, 0x01, 0xff, 0xf0, 0x01, 0xff, 0xf0, 0x01, 0xff, 0xf0, 0x01, 0xff, 0xf0, 0x01, 0xff, 0xf0, 0x01, 0xff,
  0xf0, 0x01, 0xff, 0xf0, 0x01, 0xff, 0xf0, 0x01, 0xff, 0xf0, 0x01, 0xff, 0xf0, 0x01, 0xff, 0xf0, 0x01, 0xff, 0xf0, 0x01, 0xff, 0xf0, 0x01, 0xff,
  0xf0, 0x01, 0xff, 0xf0, 0x01, 0xff, 0xf0, 0x01, 0xff, 0xf0, 0x01, 0xff, 0xf0, 0x01, 0xff, 0xf0, 0x01, 0xff, 0xf0, 0x01, 0xff, 0x10, 0x0a, 0xfe,
  0x30, 0x12, 0xfc, 0xf0, 0x09, 0xff, 0xf0, 0x01, 0xff, 0xf0, 0x01, 0xff, 0xf0, 0x01, 0xff, 0xf0, 0x01, 0xff, 0xf0, 0x01, 0xff, 0xf0, 0x01, 0xff,
  0xf0, 0x01, 0xff, 0xf0, 0x01, 0xff, 0xf0, 0x01, 0xff, 0xf0, 0x01, 0xff, 0xf0, 0x01, 0xff, 0xf0, 0x01, 0xff, 0xf0, 0x01, 0xff, 0xf0, 0x01, 0xff,
  0xf0, 0x01, 0xff, 0xf0, 0x01, 0xff, 0xf0, 0x01, 0xff, 0xf0, 0x01, 0xff, 0xf0, 0x01, 0xff, 0xf0, 0x01, 0xff, 0xf0, 0x01, 0xff, 0xf0, 0x01, 0xff,
  0xf0, 0x01, 0xff, 0xf0, 0x01, 0xff, 0xf0, 0x01, 0xff, 0xf0, 0x01, 0xff, 0xf0, 0x01, 0xff, 0xf0, 0x01, 0xff, 0xf0, 0x01, 0xff, 0xf0, 0x01, 0xff,
  0xf0, 0x01, 0xff, 0xf0, 0x01, 0xff, 0xf0, 0x01, 0xff, 0xf0, 0x01, 0xff, 0xf0, 0x01, 0xff, 0xf0, 0x01, 0xff, 0xf0, 0x01, 0xff, 0xf0, 0x01, 0xff,
  0xf0, 0x01, 0xff, 0xf0, 0x01, 0xff, 0xf0, 0x01, 0xff, 0xf0, 0x01, 0xff, 0xf0, 0x01, 0xff, 0xf0, 0x01, 0xff, 0xf0, 0x01, 0xff, 0xf0, 0x01, 0xff,
  0xf0, 0x01, 0xff, 0x4f, 0x1a, 0xfc, 0xaf, 0x2a, 0xfb, 0x6f, 0x22, 0xfb, 0x6e, 0x53, 0xfb, 0x10, 0x0a, 0xfe, 0xf0, 0x01, 0xff, 0xf0, 0x01, 0xff,
  0x6f, 0x22, 0xfb, 0x8a, 0xcd, 0xfd, 0x8a, 0xfe, 0xff, 0x8a, 0xfe, 0xff, 0x8a, 0xfe, 0xff, 0x0a, 0xde, 0xfe, 0x8c, 0x94, 0xfd, 0xcd, 0x6b, 0xfa,
  0x10, 0x0a, 0xfe, 0x0e, 0x43, 0xfd, 0x4a, 0xee, 0xfe, 0x8a, 0xfe, 0xff, 0x8a, 0xfe, 0xff, 0x8a, 0xfe, 0xff, 0x8a, 0xfe, 0xff, 0x8a, 0xfe, 0xff,
  0x8a, 0xfe, 0xff, 0x8a, 0xfe, 0xff, 0xea, 0xd5, 0xfd, 0x2e, 0x4b, 0xfb, 0xf0, 0x09, 0xff, 0x4f, 0x1a, 0xfc, 0x0e, 0x43, 0xfd, 0x10, 0x0a, 0xfe,
  0xf0, 0x01, 0xff, 0xf0, 0x01, 0xff, 0xf0, 0x01, 0xff, 0xf0, 0x01, 0xff, 0xcd, 0x6b, 0xfa, 0x6a, 0xf6, 0xff, 0x8a, 0xfe, 0xff, 0x8a, 0xfe, 0xff,
  0x8a, 0xfe, 0xff, 0x8a, 0xfe, 0xff, 0x49, 0xee, 0xff, 0xc2, 0x41, 0xfc, 0x00, 0x00, 0xff, 0x00, 0x00, 0xff, 0xa1, 0x80, 0xfd, 0x02, 0xc9, 0xff,
  0x02, 0xc9, 0xff, 0x02, 0xc9, 0xff, 0x02, 0xc9, 0xff, 0x02, 0xc9, 0xff, 0x02, 0xc9, 0xff, 0x02, 0xc9, 0xff, 0x02, 0xc9, 0xff, 0x02, 0xc9, 0xff,
  0x02, 0xc9, 0xff, 0x02, 0xc9, 0xff, 0xc1, 0x98, 0xf8, 0x00, 0x10, 0xfd, 0x00, 0x00, 0xff, 0x00, 0x00, 0xd5, 0x00, 0x00, 0x2c, 0x00, 0x00, 0x00,
  0x00, 0x00, 0x1c, 0x00, 0x00, 0xcc, 0x00, 0x00, 0xff, 0x00, 0x08, 0xfe, 0xc1, 0x90, 0xfd, 0x02, 0xc9, 0xff, 0x02, 0xc9, 0xff, 0x02, 0xc9, 0xff,
  0x02, 0xc9, 0xff, 0x02, 0xc9, 0xff, 0x02, 0xc9, 0xff, 0x02, 0xc9, 0xff, 0x02, 0xc9, 0xff, 0x02, 0xc9, 0xff, 0x02, 0xc9, 0xff, 0x02, 0xc9, 0xff,
  0xc1, 0x90, 0xfd, 0x00, 0x08, 0xfe, 0x00, 0x00, 0xff, 0xe1, 0x20, 0xfd, 0x48, 0xcd, 0xfe, 0x8a, 0xfe, 0xff, 0x8a, 0xfe, 0xff, 0xea, 0xd5, 0xfd,
  0xef, 0x3a, 0xfc, 0x10, 0x0a, 0xfe, 0x10, 0x0a, 0xfe, 0x10, 0x0a, 0xfe, 0x10, 0x0a, 0xfe, 0x10, 0x0a, 0xfe, 0xf0, 0x09, 0xff, 0xf0, 0x09, 0xff,
  0xf0, 0x09, 0xff, 0xf0, 0x09, 0xff, 0xf0, 0x09, 0xff, 0xf0, 0x09, 0xff, 0xf0, 0x01, 0xff, 0xf0, 0x01, 0xff, 0xf0, 0x01, 0xff, 0xf0, 0x01, 0xff,
  0xf0, 0x01, 0xff, 0xf0, 0x01, 0xff, 0xf0, 0x01, 0xff, 0xf0, 0x01, 0xff, 0xf0, 0x01, 0xff, 0xf0, 0x01, 0xff, 0xf0, 0x01, 0xff, 0xf0, 0x01, 0xff,
  0xf0, 0x01, 0xff, 0xf0, 0x01, 0xff, 0xf0, 0x01, 0xff, 0xf0, 0x01, 0xff, 0xf0, 0x01, 0xff, 0xf0, 0x01, 0xff, 0xf0, 0x01, 0xff, 0xf0, 0x01, 0xff,
  0xf0, 0x01, 0xff, 0xf0, 0x01, 0xff, 0xf0, 0x01, 0xff, 0xf0, 0x01, 0xff, 0xf0, 0x01, 0xff, 0xf0, 0x01, 0xff, 0xf0, 0x01, 0xff, 0xf0, 0x01, 0xff,
  0xf0, 0x01, 0xff, 0xf0, 0x01, 0xff, 0xf0, 0x01, 0xff, 0xf0, 0x01, 0xff, 0xf0, 0x01, 0xff, 0xf0, 0x01, 0xff, 0xf0, 0x01, 0xff, 0xf0, 0x01, 0xff,
  0xf0, 0x01, 0xff, 0xf0, 0x01, 0xff, 0xf0, 0x01, 0xff, 0xf0, 0x01, 0xff, 0xf0, 0x01, 0xff, 0xf0, 0x01, 0xff, 0xf0, 0x01, 0xff, 0xf0, 0x01, 0xff,
  0xf0, 0x01, 0xff, 0xf0, 0x01, 0xff, 0xf0, 0x01, 0xff, 0xf0, 0x01, 0xff, 0xf0, 0x01, 0xff, 0xf0, 0x01, 0xff, 0xf0, 0x01, 0xff, 0xf0, 0x09, 0xff,
  0xf0, 0x09, 0xff, 0xf0, 0x01, 0xff, 0xf0, 0x01, 0xff, 0xf0, 0x01, 0xff, 0xf0, 0x01, 0xff, 0xf0, 0x01, 0xff, 0xf0, 0x01, 0xff, 0xf0, 0x01, 0xff,
  0xf0, 0x01, 0xff, 0xf0, 0x01, 0xff, 0xf0, 0x01, 0xff, 0xf0, 0x01, 0xff, 0xf0, 0x01, 0xff, 0xf0, 0x01, 0xff, 0xf0, 0x01, 0xff, 0xf0, 0x01, 0xff,
  0xf0, 0x01, 0xff, 0xf0, 0x01, 0xff, 0xf0, 0x01, 0xff, 0xf0, 0x01, 0xff, 0xf0, 0x01, 0xff, 0xf0, 0x01, 0xff, 0xf0, 0x01, 0xff, 0xf0, 0x01, 0xff,
  0xf0, 0x01, 0xff, 0xf0, 0x01, 0xff, 0xf0, 0x01, 0xff, 0xf0, 0x01, 0xff, 0xf0, 0x01, 0xff, 0xf0, 0x01, 0xff, 0xf0, 0x01, 0xff, 0xf0, 0x01, 0xff,
  0xf0, 0x01, 0xff, 0xf0, 0x01, 0xff, 0xf0, 0x01, 0xff, 0xf0, 0x01, 0xff, 0xf0, 0x01, 0xff, 0xf0, 0x01, 0xff, 0xf0, 0x01, 0xff, 0xf0, 0x01, 0xff,
  0xf0, 0x01, 0xff, 0xf0, 0x01, 0xff, 0xf0, 0x01, 0xff, 0xf0, 0x01, 0xff, 0xf0, 0x01, 0xff, 0xf0, 0x01, 0xff, 0xf0, 0x01, 0xff, 0xf0, 0x01, 0xff,
  0xf0, 0x01, 0xff, 0xf0, 0x01, 0xff, 0x10, 0x0a, 0xfe, 0x0e, 0x43, 0xfd, 0x6f, 0x22, 0xfb, 0xf0, 0x01, 0xff, 0xf0, 0x01, 0xff, 0xf0, 0x01, 0xff,
  0x4f, 0x1a, 0xfc, 0x8a, 0xcd, 0xfd, 0x8a, 0xfe, 0xff, 0x8a, 0xfe, 0xff, 0x2a, 0xe6, 0xff, 0x0d, 0x74, 0xf9, 0xcd, 0x6b, 0xfa, 0x4f, 0x1a, 0xfc,
  0xf0, 0x01, 0xff, 0xef, 0x3a, 0xfc, 0x2a, 0xe6, 0xff, 0x8a, 0xfe, 0xff, 0x8a, 0xfe, 0xff, 0x8a, 0xfe, 0xff, 0x8a, 0xfe, 0xff, 0x8a, 0xfe, 0xff,
  0x8a, 0xfe, 0xff, 0xea, 0xd5, 0xfd, 0xae, 0x63, 0xff, 0x10, 0x0a, 0xfe, 0xf0, 0x09, 0xff, 0xaf, 0x2a, 0xfb, 0x4f, 0x1a, 0xfc, 0xf0, 0x01, 0xff,
  0xf0, 0x01, 0xff, 0xf0, 0x01, 0xff, 0xf0, 0x01, 0xff, 0xf0, 0x01, 0xff, 0x6e, 0x53, 0xf7, 0x6a, 0xf6, 0xff, 0x8a, 0xfe, 0xff, 0x8a, 0xfe, 0xff,
  0x8a, 0xfe, 0xff, 0x8a, 0xfe, 0xff, 0x69, 0xf6, 0xff, 0x23, 0x52, 0xfb, 0x00, 0x00, 0xff, 0x00, 0x00, 0xff, 0x81, 0x68, 0xfd, 0x02, 0xc9, 0xff,
  0x02, 0xc9, 0xff, 0x02, 0xc9, 0xff, 0x02, 0xc9, 0xff, 0x02, 0xc9, 0xff, 0x02, 0xc9, 0xff, 0x02, 0xc9, 0xff, 0x02, 0xc9, 0xff, 0x02, 0xc9, 0xff,
  0x02, 0xc9, 0xff, 0x02, 0xc9, 0xff, 0xe2, 0xa8, 0xfe, 0x20, 0x28, 0xfd, 0x00, 0x00, 0xff, 0x00, 0x00, 0xe4, 0x00, 0x00, 0x34, 0x00, 0x00, 0x00,
  0x00, 0x00, 0x2c, 0x00, 0x00, 0xdb, 0x00, 0x00, 0xff, 0x00, 0x08, 0xfe, 0xc1, 0x98, 0xf8, 0x02, 0xc9, 0xff, 0x02, 0xc9, 0xff, 0x02, 0xc9, 0xff,
  0x02, 0xc9, 0xff, 0x02, 0xc9, 0xff, 0x02, 0xc9, 0xff, 0x02, 0xc9, 0xff, 0x02, 0xc9, 0xff, 0x02, 0xc9, 0xff, 0xe2, 0xb0, 0xfe, 0xa1, 0x80, 0xfd,
  0x40, 0x30, 0xfd, 0x00, 0x00, 0xff, 0x00, 0x00, 0xff, 0x21, 0x29, 0xfb, 0xe9, 0xe5, 0xfe, 0x8a, 0xfe, 0xff, 0x6a, 0xf6, 0xff, 0x2d, 0x7c, 0xfb,
  0x10, 0x0a, 0xfe, 0xf0, 0x01, 0xff, 0xf0, 0x01, 0xff, 0xf0, 0x01, 0xff, 0xf0, 0x01, 0xff, 0xf0, 0x01, 0xff, 0xf0, 0x01, 0xff, 0xf0, 0x01, 0xff,
  0xf0, 0x01, 0xff, 0xf0, 0x01, 0xff, 0xf0, 0x01, 0xff, 0xf0, 0x01, 0xff, 0xf0, 0x01, 0xff, 0xf0, 0x01, 0xff, 0xf0, 0x01, 0xff, 0xf0, 0x01, 0xff,
  0xf0, 0x01, 0xff, 0xf0, 0x01, 0xff, 0xf0, 0x01, 0xff, 0xf0, 0x01, 0xff, 0xf0, 0x01, 0xff, 0xf0, 0x01, 0xff, 0xf0, 0x01, 0xff, 0xf0, 0x01, 0xff,
  0xf0, 0x01, 0xff, 0xf0, 0x01, 0xff, 0xf0, 0x01, 0xff, 0xf0, 0x01, 0xff, 0xf0, 0x01, 0xff, 0xf0, 0x01, 0xff, 0xf0, 0x01, 0xff, 0xf0, 0x01, 0xff,
  0xf0, 0x01, 0xff, 0xf0, 0x01, 0xff, 0xf0, 0x01, 0xff, 0xf0, 0x01, 0xff, 0xf0, 0x01, 0xff, 0xf0, 0x01, 0xff, 0xf0, 0x01, 0xff, 0xf0, 0x01, 0xff,
  0xf0, 0x01, 0xff, 0xf0, 0x01, 0xff, 0xf0, 0x01, 0xff, 0xf0, 0x01, 0xff, 0xf0, 0x01, 0xff, 0xf0, 0x01, 0xff, 0xf0, 0x01, 0xff, 0xf0, 0x01, 0xff,
  0xf0, 0x01, 0xff, 0xf0, 0x01, 0xff, 0xf0, 0x01, 0xff, 0xf0, 0x01, 0xff, 0xf0, 0x01, 0xff, 0xf0, 0x01, 0xff, 0xf0, 0x01, 0xff, 0xf0, 0x01, 0xff,
  0xf0, 0x01, 0xff, 0xf0, 0x01, 0xff, 0xf0, 0x01, 0xff, 0xf0, 0x01, 0xff, 0xf0, 0x01, 0xff, 0xf0, 0x01, 0xff, 0xf0, 0x01, 0xff, 0xf0, 0x01, 0xff,
  0xf0, 0x01, 0xff, 0xf0, 0x01, 0xff, 0xf0, 0x01, 0xff, 0xf0, 0x01, 0xff, 0xf0, 0x01, 0xff, 0xf0, 0x01, 0xff, 0xf0, 0x01, 0xff, 0xf0, 0x01, 0xff,
  0xf0, 0x01, 0xff, 0xf0, 0x01, 0xff, 0xf0, 0x01, 0xff, 0xf0, 0x01, 0xff, 0xf0, 0x01, 0xff, 0xf0, 0x01, 0xff, 0xf0, 0x01, 0xff, 0xf0, 0x01, 0xff,
  0xf0, 0x01, 0xff, 0xf0, 0x01, 0xff, 0xf0, 0x01, 0xff, 0xf0, 0x01, 0xff, 0xf0, 0x01, 0xff, 0xf0, 0x01, 0xff, 0xf0, 0x01, 0xff, 0xf0, 0x01, 0xff,
  0xf0, 0x01, 0xff, 0xf0, 0x01, 0xff, 0xf0, 0x01, 0xff, 0xf0, 0x01, 0xff, 0xf0, 0x01, 0xff, 0xf0, 0x01, 0xff, 0xf0, 0x01, 0xff, 0xf0, 0x01, 0xff,
  0xf0, 0x01, 0xff, 0xf0, 0x01, 0xff, 0xf0, 0x01, 0xff, 0xf0, 0x01, 0xff, 0xf0, 0x01, 0xff, 0xf0, 0x01, 0xff, 0xf0, 0x01, 0xff, 0xf0, 0x01, 0xff,
  0xf0, 0x01, 0xff, 0xf0, 0x01, 0xff, 0xf0, 0x01, 0xff, 0xf0, 0x01, 0xff, 0xf0, 0x01, 0xff, 0xf0, 0x01, 0xff, 0xf0, 0x01, 0xff, 0xf0, 0x01, 0xff,
  0xf0, 0x01, 0xff, 0xf0, 0x01, 0xff, 0x4f, 0x1a, 0xfc, 0xef, 0x3a, 0xfc, 0x10, 0x0a, 0xfe, 0xf0, 0x01, 0xff, 0xf0, 0x01, 0xff, 0xf0, 0x01, 0xff,
  0x4f, 0x12, 0xff, 0x6b, 0xbd, 0xfc, 0x8a, 0xfe, 0xff, 0xea, 0xd5, 0xfd, 0x6e, 0x53, 0xfb, 0x0e, 0x43, 0xfd, 0xef, 0x3a, 0xfc, 0xf0, 0x01, 0xff,
  0xf0, 0x01, 0xff, 0xaf, 0x2a, 0xfb, 0xea, 0xd5, 0xfd, 0x8a, 0xfe, 0xff, 0x8a, 0xfe, 0xff, 0x8a, 0xfe, 0xff, 0x8a, 0xfe, 0xff, 0x8a, 0xfe, 0xff,
  0xea, 0xd5, 0xfd, 0x6e, 0x53, 0xfb, 0x10, 0x0a, 0xfe, 0xf0, 0x01, 0xff, 0x4f, 0x1a, 0xfc, 0x6f, 0x22, 0xfb, 0xf0, 0x09, 0xff, 0xf0, 0x01, 0xff,
  0xf0, 0x01, 0xff, 0xf0, 0x01, 0xff, 0xf0, 0x01, 0xff, 0xf0, 0x01, 0xff, 0x2e, 0x4b, 0xfb, 0x4a, 0xee, 0xff, 0x8a, 0xfe, 0xff, 0x8a, 0xfe, 0xff,
  0x8a, 0xfe, 0xff, 0x8a, 0xfe, 0xff, 0x6a, 0xf6, 0xff, 0xc4, 0x6a, 0xfb, 0x00, 0x00, 0xff, 0x00, 0x00, 0xff, 0x20, 0x20, 0xfd, 0x81, 0x70, 0xfc,
  0xe2, 0xb0, 0xfe, 0x02, 0xc9, 0xff, 0x02, 0xc9, 0xff, 0x02, 0xc9, 0xff, 0x02, 0xc9, 0xff, 0x02, 0xc9, 0xff, 0x02, 0xc9, 0xff, 0x02, 0xc9, 0xff,
  0x02, 0xc9, 0xff, 0x02, 0xc9, 0xff, 0x02, 0xb9, 0xff, 0x40, 0x38, 0xfd, 0x00, 0x00, 0xff, 0x00, 0x00, 0xec, 0x00, 0x00, 0x45, 0x00, 0x00, 0x00,
  0x00, 0x00, 0x34, 0x00, 0x00, 0xe4, 0x00, 0x00, 0xff, 0x00, 0x10, 0xfd, 0xe2, 0xa0, 0xfd, 0x02, 0xc9, 0xff, 0x02, 0xc9, 0xff, 0x02, 0xc9, 0xff,
  0x02, 0xc9, 0xff, 0x02, 0xc9, 0xff, 0x02, 0xc9, 0xff, 0x02, 0xc9, 0xff, 0x02, 0xb9, 0xff, 0x81, 0x70, 0xfc, 0x20, 0x28, 0xfd, 0x00, 0x08, 0xfe,
  0x00, 0x00, 0xff, 0x00, 0x00, 0xff, 0x00, 0x00, 0xff, 0x62, 0x31, 0xfc, 0x29, 0xee, 0xfe, 0x8a, 0xfe, 0xff, 0xab, 0xcd, 0xfc, 0xaf, 0x2a, 0xfb,
  0xf0, 0x01, 0xff, 0xf0, 0x01, 0xff, 0xf0, 0x01, 0xff, 0xf0, 0x01, 0xff, 0xf0, 0x01, 0xff, 0xf0, 0x01, 0xff, 0xf0, 0x01, 0xff, 0xf0, 0x01, 0xff,
  0xf0, 0x01, 0xff, 0xf0, 0x01, 0xff, 0xf0, 0x01, 0xff, 0xf0, 0x01, 0xff, 0xf0, 0x01, 0xff, 0xf0, 0x01, 0xff, 0xf0, 0x01, 0xff, 0xf0, 0x01, 0xff,
  0xf0, 0x01, 0xff, 0xf0, 0x01, 0xff, 0xf0, 0x01, 0xff, 0xf0, 0x01, 0xff, 0xf0, 0x01, 0xff, 0xf0, 0x01, 0xff, 0xf0, 0x01, 0xff, 0xf0, 0x01, 0xff,
  0xf0, 0x01, 0xff, 0xf0, 0x01, 0xff, 0xf0, 0x01, 0xff, 0xf0, 0x01, 0xff, 0xf0, 0x01, 0xff, 0xf0, 0x01, 0xff, 0xf0, 0x01, 0xff, 0xf0, 0x01, 0xff,
  0xf0, 0x01, 0xff, 0xf0, 0x01, 0xff, 0xf0, 0x01, 0xff, 0xf0, 0x01, 0xff, 0xf0, 0x01, 0xff, 0xf0, 0x01, 0xff, 0xf0, 0x01, 0xff, 0xf0, 0x01, 0xff,
  0xf0, 0x01, 0xff, 0xf0, 0x01, 0xff, 0xf0, 0x01, 0xff, 0xf0, 0x01, 0xff, 0xf0, 0x01, 0xff, 0xf0, 0x01, 0xff, 0xf0, 0x01, 0xff, 0xf0, 0x01, 0xff,
  0xf0, 0x01, 0xff, 0xf0, 0x01, 0xff, 0xf0, 0x01, 0xff, 0xf0, 0x01, 0xff, 0xf0, 0x01, 0xff, 0xf0, 0x01, 0xff, 0xf0, 0x01, 0xff, 0xf0, 0x01, 0xff,
  0xf0, 0x01, 0xff, 0xf0, 0x01, 0xff, 0xf0, 0x01, 0xff, 0xf0, 0x01, 0xff, 0xf0, 0x01, 0xff, 0xf0, 0x01, 0xff, 0xf0, 0x01, 0xff, 0xf0, 0x01, 0xff,
  0xf0, 0x01, 0xff, 0xf0, 0x01, 0xff, 0xf0, 0x01, 0xff, 0xf0, 0x01, 0xff, 0xf0, 0x01, 0xff, 0xf0, 0x01, 0xff, 0xf0, 0x01, 0xff, 0xf0, 0x01, 0xff,
  0xf0, 0x01, 0xff, 0xf0, 0x01, 0xff, 0xf0, 0x01, 0xff, 0xf0, 0x01, 0xff, 0xf0, 0x01, 0xff, 0xf0, 0x01, 0xff, 0xf0, 0x01, 0xff, 0xf0, 0x01, 0xff,
  0xf0, 0x01, 0xff, 0xf0, 0x01, 0xff, 0xf0, 0x01, 0xff, 0xf0, 0x01, 0xff, 0xf0, 0x01, 0xff, 0xf0, 0x01, 0xff, 0xf0, 0x01, 0xff, 0xf0, 0x01, 0xff,
  0xf0, 0x01, 0xff, 0xf0, 0x01, 0xff, 0xf0, 0x01, 0xff, 0xf0, 0x01, 0xff, 0xf0, 0x01, 0xff, 0xf0, 0x01, 0xff, 0xf0, 0x01, 0xff, 0xf0, 0x01, 0xff,
  0xf0, 0x01, 0xff, 0xf0, 0x01, 0xff, 0xf0, 0x01, 0xff, 0xf0, 0x01, 0xff, 0xf0, 0x01, 0xff, 0xf0, 0x01, 0xff, 0xf0, 0x01, 0xff, 0xf0, 0x01, 0xff,
  0xf0, 0x01, 0xff, 0xf0, 0x01, 0xff, 0xf0, 0x01, 0xff, 0xf0, 0x01, 0xff, 0xf0, 0x01, 0xff, 0xf0, 0x01, 0xff, 0xf0, 0x01, 0xff, 0xf0, 0x01, 0xff,
  0xf0, 0x01, 0xff, 0x10, 0x0a, 0xfe, 0xef, 0x3a, 0xfc, 0x30, 0x12, 0xfc, 0xf0, 0x01, 0xff, 0xf0, 0x01, 0xff, 0xf0, 0x01, 0xff, 0xf0, 0x01, 0xff,
  0x4f, 0x12, 0xff, 0x0c, 0xad, 0xfe, 0xea, 0xd5, 0xfd, 0x2e, 0x4b, 0xfb, 0x4f, 0x1a, 0xfc, 0x0e, 0x43, 0xfd, 0x10, 0x0a, 0xfe, 0xf0, 0x01, 0xff,
  0xf0, 0x01, 0xff, 0xaf, 0x2a, 0xfb, 0xea, 0xd5, 0xfd, 0x8a, 0xfe, 0xff, 0x8a, 0xfe, 0xff, 0x8a, 0xfe, 0xff, 0x8a, 0xfe, 0xff, 0x0a, 0xde, 0xfe,
  0x6e, 0x53, 0xfb, 0x10, 0x0a, 0xfe, 0xf0, 0x01, 0xff, 0xf0, 0x09, 0xff, 0x4f, 0x1a, 0xfc, 0x10, 0x0a, 0xfe, 0xf0, 0x01, 0xff, 0xf0, 0x01, 0xff,
  0xf0, 0x01, 0xff, 0xf0, 0x01, 0xff, 0xf0, 0x01, 0xff, 0xf0, 0x01, 0xff, 0x2e, 0x4b, 0xfb, 0x4a, 0xee, 0xff, 0x8a, 0xfe, 0xff, 0x8a, 0xfe, 0xff,
  0x8a, 0xfe, 0xff, 0x8a, 0xfe, 0xff, 0x8a, 0xf6, 0xff, 0x24, 0x7b, 0xfa, 0x00, 0x00, 0xff, 0x00, 0x00, 0xff, 0x00, 0x00, 0xff, 0x00, 0x08, 0xfe,
  0x20, 0x28, 0xfd, 0x81, 0x68, 0xfd, 0xe2, 0xb0, 0xfe, 0x02, 0xc9, 0xff, 0x02, 0xc9, 0xff, 0x02, 0xc9, 0xff, 0x02, 0xc9, 0xff, 0x02, 0xc9, 0xff,
  0x02, 0xc9, 0xff, 0x02, 0xc9, 0xff, 0x02, 0xc1, 0xff, 0x40, 0x40, 0xfd, 0x00, 0x00, 0xff, 0x00, 0x00, 0xf4, 0x00, 0x00, 0x54, 0x00, 0x00, 0x02,
  0x00, 0x00, 0x3c, 0x00, 0x00, 0xe4, 0x00, 0x00, 0xff, 0x20, 0x18, 0xfd, 0xe2, 0xa8, 0xfe, 0x02, 0xc9, 0xff, 0x02, 0xc9, 0xff, 0x02, 0xc9, 0xff,
  0x02, 0xc9, 0xff, 0x02, 0xc9, 0xff, 0x02, 0xb9, 0xff, 0xc1, 0x88, 0xfd, 0x40, 0x40, 0xfd, 0x00, 0x08, 0xfe, 0x60, 0x10, 0xfc, 0x82, 0x39, 0xfc,
  0xc2, 0x41, 0xfc, 0x00, 0x00, 0xff, 0x00, 0x00, 0xff, 0x82, 0x39, 0xfc, 0x29, 0xee, 0xfe, 0x6a, 0xf6, 0xff, 0x2d, 0x7c, 0xfb, 0x10, 0x0a, 0xfe,
  0xf0, 0x01, 0xff, 0xf0, 0x01, 0xff, 0xf0, 0x01, 0xff, 0xf0, 0x01, 0xff, 0xf0, 0x01, 0xff, 0xf0, 0x01, 0xff, 0xf0, 0x01, 0xff, 0xf0, 0x01, 0xff,
  0xf0, 0x01, 0xff, 0xf0, 0x01, 0xff, 0xf0, 0x01, 0xff, 0xf0, 0x01, 0xff, 0xf0, 0x01, 0xff, 0xf0, 0x01, 0xff, 0xf0, 0x01, 0xff, 0xf0, 0x01, 0xff,
  0xf0, 0x01, 0xff, 0xf0, 0x01, 0xff, 0xf0, 0x01, 0xff, 0xf0, 0x01, 0xff, 0xf0, 0x01, 0xff, 0xf0, 0x01, 0xff, 0xf0, 0x01, 0xff, 0xf0, 0x01, 0xff,
  0xf0, 0x01, 0xff, 0xf0, 0x01, 0xff, 0xf0, 0x01, 0xff, 0xf0, 0x01, 0xff, 0xf0, 0x01, 0xff, 0xf0, 0x01, 0xff, 0xf0, 0x01, 0xff, 0xf0, 0x01, 0xff,
  0xf0, 0x01, 0xff, 0xf0, 0x01, 0xff, 0xf0, 0x01, 0xff, 0xf0, 0x01, 0xff, 0xf0, 0x01, 0xff, 0xf0, 0x01, 0xff, 0xf0, 0x01, 0xff, 0xf0, 0x01, 0xff,
  0xf0, 0x01, 0xff, 0xf0, 0x01, 0xff, 0xf0, 0x01, 0xff, 0xf0, 0x01, 0xff, 0xf0, 0x01, 0xff, 0xf0, 0x01, 0xff, 0xf0, 0x01, 0xff, 0xf0, 0x01, 0xff,
  0xf0, 0x01, 0xff, 0xf0, 0x01, 0xff, 0xf0, 0x01, 0xff, 0xf0, 0x01, 0xff, 0xf0, 0x01, 0xff, 0xf0, 0x01, 0xff, 0xf0, 0x01, 0xff, 0xf0, 0x01, 0xff,
  0xf0, 0x01, 0xff, 0xf0, 0x01, 0xff, 0xf0, 0x01, 0xff, 0xf0, 0x01, 0xff, 0xf0, 0x01, 0xff, 0xf0, 0x01, 0xff, 0xf0, 0x01, 0xff, 0xf0, 0x01, 0xff,
  0xf0, 0x01, 0xff, 0xf0, 0x01, 0xff, 0xf0, 0x01, 0xff, 0xf0, 0x01, 0xff, 0xf0, 0x01, 0xff, 0xf0, 0x01, 0xff, 0xf0, 0x01, 0xff, 0xf0, 0x01, 0xff,
  0xf0, 0x01, 0xff, 0xf0, 0x01, 0xff, 0xf0, 0x01, 0xff, 0xf0, 0x01, 0xff, 0xf0, 0x01, 0xff, 0xf0, 0x01, 0xff, 0xf0, 0x01, 0xff, 0xf0, 0x01, 0xff,
  0xf0, 0x01, 0xff, 0xf0, 0x01, 0xff, 0xf0, 0x01, 0xff, 0xf0, 0x01, 0xff, 0xf0, 0x01, 0xff, 0xf0, 0x01, 0xff, 0xf0, 0x01, 0xff, 0xf0, 0x01, 0xff,
  0xf0, 0x01, 0xff, 0xf0, 0x01, 0xff, 0xf0, 0x01, 0xff, 0xf0, 0x01, 0xff, 0xf0, 0x01, 0xff, 0xf0, 0x01, 0xff, 0xf0, 0x01, 0xff, 0xf0, 0x01, 0xff,
  0xf0, 0x01, 0xff, 0xf0, 0x01, 0xff, 0xf0, 0x01, 0xff, 0xf0, 0x01, 0xff, 0xf0, 0x01, 0xff, 0xf0, 0x01, 0xff, 0xf0, 0x01, 0xff, 0xf0, 0x01, 0xff,
  0xf0, 0x01, 0xff, 0xf0, 0x01, 0xff, 0xf0, 0x01, 0xff, 0xf0, 0x01, 0xff, 0xf0, 0x01, 0xff, 0xf0, 0x01, 0xff, 0xf0, 0x01, 0xff, 0xf0, 0x01, 0xff,
  0xf0, 0x01, 0xff, 0x4f, 0x1a, 0xfc, 0x6f, 0x22, 0xfb, 0xf0, 0x01, 0xff, 0xf0, 0x01, 0xff, 0xf0, 0x01, 0xff, 0xf0, 0x01, 0xff, 0xf0, 0x01, 0xff,
  0x30, 0x12, 0xfe, 0x8c, 0x94, 0xfd, 0xae, 0x63, 0xff, 0x10, 0x0a, 0xfe, 0xaf, 0x2a, 0xfb, 0x6f, 0x22, 0xfb, 0xf0, 0x01, 0xff, 0xf0, 0x01, 0xff,
  0xf0, 0x01, 0xff, 0x6f, 0x22, 0xfb, 0xab, 0xcd, 0xfc, 0x8a, 0xfe, 0xff, 0x8a, 0xfe, 0xff, 0x8a, 0xfe, 0xff, 0x2a, 0xe6, 0xff, 0xcd, 0x6b, 0xfa,
  0x10, 0x0a, 0xfe, 0xf0, 0x01, 0xff, 0xf0, 0x01, 0xff, 0xf0, 0x09, 0xff, 0x10, 0x0a, 0xfe, 0xf0, 0x01, 0xff, 0xf0, 0x01, 0xff, 0xf0, 0x01, 0xff,
  0xf0, 0x01, 0xff, 0xf0, 0x01, 0xff, 0xf0, 0x01, 0xff, 0xf0, 0x01, 0xff, 0x2e, 0x4b, 0xfb, 0x4a, 0xee, 0xff, 0x8a, 0xfe, 0xff, 0x8a, 0xfe, 0xff,
  0x8a, 0xfe, 0xff, 0x8a, 0xfe, 0xff, 0x8a, 0xf6, 0xff, 0xc5, 0x8b, 0xfb, 0x00, 0x00, 0xff, 0x00, 0x00, 0xff, 0xe1, 0x20, 0xfd, 0xc2, 0x41, 0xfc,
  0x60, 0x10, 0xfc, 0x00, 0x08, 0xfe, 0x40, 0x30, 0xfd, 0xa1, 0x80, 0xfd, 0x02, 0xb9, 0xff, 0x02, 0xc9, 0xff, 0x02, 0xc9, 0xff, 0x02, 0xc9, 0xff,
  0x02, 0xc9, 0xff, 0x02, 0xc9, 0xff, 0x02, 0xc9, 0xff, 0x40, 0x40, 0xfd, 0x00, 0x00, 0xff, 0x00, 0x00, 0xf4, 0x00, 0x00, 0x5c, 0x00, 0x00, 0x03,
  0x00, 0x00, 0x45, 0x00, 0x00, 0xf4, 0x00, 0x00, 0xff, 0x20, 0x20, 0xfd, 0xe2, 0xb0, 0xfe, 0x02, 0xc9, 0xff, 0x02, 0xc9, 0xff, 0x02, 0xc9, 0xff,
  0x02, 0xb9, 0xff, 0xa1, 0x88, 0xfb, 0x40, 0x38, 0xfd, 0x00, 0x08, 0xfe, 0x60, 0x10, 0xfc, 0x23, 0x52, 0xfb, 0x66, 0xac, 0xfc, 0xe9, 0xe5, 0xfe,
  0xa5, 0x8b, 0xfc, 0x00, 0x08, 0xfe, 0x00, 0x00, 0xff, 0xc2, 0x41, 0xfc, 0x29, 0xee, 0xfe, 0x2a, 0xe6, 0xff, 0xef, 0x3a, 0xfc, 0xf0, 0x01, 0xff,
  0xf0, 0x01, 0xff, 0xf0, 0x01, 0xff, 0xf0, 0x01, 0xff, 0xf0, 0x01, 0xff, 0xf0, 0x01, 0xff, 0xf0, 0x01, 0xff, 0xf0, 0x01, 0xff, 0xf0, 0x01, 0xff,
  0xf0, 0x01, 0xff, 0xf0, 0x01, 0xff, 0xf0, 0x01, 0xff, 0xf0, 0x01, 0xff, 0xf0, 0x01, 0xff, 0xf0, 0x01, 0xff, 0xf0, 0x01, 0xff, 0xf0, 0x01, 0xff,
  0xf0, 0x01, 0xff, 0xf0, 0x01, 0xff, 0xf0, 0x01, 0xff, 0xf0, 0x01, 0xff, 0xf0, 0x01, 0xff, 0xf0, 0x01, 0xff, 0xf0, 0x01, 0xff, 0xf0, 0x01, 0xff,
  0xf0, 0x01, 0xff, 0xf0, 0x01, 0xff, 0xf0, 0x01, 0xff, 0xf0, 0x01, 0xff, 0xf0, 0x01, 0xff, 0xf0, 0x01, 0xff, 0xf0, 0x01, 0xff, 0xf0, 0x01, 0xff,
  0xf0, 0x01, 0xff, 0xf0, 0x01, 0xff, 0xf0, 0x01, 0xff, 0xf0, 0x01, 0xff, 0xf0, 0x01, 0xff, 0xf0, 0x01, 0xff, 0xf0, 0x01, 0xff, 0xf0, 0x01, 0xff,
  0xf0, 0x01, 0xff, 0xf0, 0x01, 0xff, 0xf0, 0x01, 0xff, 0xf0, 0x01, 0xff, 0xf0, 0x01, 0xff, 0xf0, 0x01, 0xff, 0xf0, 0x01, 0xff, 0xf0, 0x01, 0xff,
  0xf0, 0x01, 0xff, 0xf0, 0x01, 0xff, 0xf0, 0x01, 0xff, 0xf0, 0x01, 0xff, 0xf0, 0x01, 0xff, 0xf0, 0x01, 0xff, 0xf0, 0x01, 0xff, 0xf0, 0x01, 0xff,
  0xf0, 0x01, 0xff, 0xf0, 0x01, 0xff, 0xf0, 0x01, 0xff, 0xf0, 0x01, 0xff, 0xf0, 0x01, 0xff, 0xf0, 0x01, 0xff, 0xf0, 0x01, 0xff, 0xf0, 0x01, 0xff,
  0xf0, 0x01, 0xff, 0xf0, 0x01, 0xff, 0xf0, 0x01, 0xff, 0xf0, 0x01, 0xff, 0xf0, 0x01, 0xff, 0xf0, 0x01, 0xff, 0xf0, 0x01, 0xff, 0xf0, 0x01, 0xff,
  0xf0, 0x01, 0xff, 0xf0, 0x01, 0xff, 0xf0, 0x01, 0xff, 0xf0, 0x01, 0xff, 0xf0, 0x01, 0xff, 0xf0, 0x01, 0xff, 0xf0, 0x01, 0xff, 0xf0, 0x01, 0xff,
  0xf0, 0x01, 0xff, 0xf0, 0x01, 0xff, 0xf0, 0x01, 0xff, 0xf0, 0x01, 0xff, 0xf0, 0x01, 0xff, 0xf0, 0x01, 0xff, 0xf0, 0x01, 0xff, 0xf0, 0x01, 0xff,
  0xf0, 0x01, 0xff, 0xf0, 0x01, 0xff, 0xf0, 0x01, 0xff, 0xf0, 0x01, 0xff, 0xf0, 0x01, 0xff, 0xf0, 0x01, 0xff, 0xf0, 0x01, 0xff, 0xf0, 0x01, 0xff,
  0xf0, 0x01, 0xff, 0xf0, 0x01, 0xff, 0xf0, 0x01, 0xff, 0xf0, 0x01, 0xff, 0xf0, 0x01, 0xff, 0xf0, 0x01, 0xff, 0xf0, 0x01, 0xff, 0xf0, 0x01, 0xff,
  0xf0, 0x01, 0xff, 0xf0, 0x01, 0xff, 0xf0, 0x01, 0xff, 0xf0, 0x01, 0xff, 0xf0, 0x01, 0xff, 0xf0, 0x01, 0xff, 0xf0, 0x01, 0xff, 0xf0, 0x01, 0xff,
  0x10, 0x0a, 0xfe, 0x4f, 0x1a, 0xfc, 0x10, 0x0a, 0xfe, 0xf0, 0x01, 0xff, 0xf0, 0x01, 0xff, 0xf0, 0x01, 0xff, 0xf0, 0x01, 0xff, 0xf0, 0x01, 0xff,
  0x10, 0x0a, 0xfe, 0xaf, 0x2a, 0xfb, 0x10, 0x0a, 0xfe, 0x30, 0x12, 0xfc, 0xaf, 0x2a, 0xfb, 0x10, 0x0a, 0xfe, 0xf0, 0x01, 0xff, 0xf0, 0x01, 0xff,
  0xf0, 0x01, 0xff, 0x4f, 0x1a, 0xfc, 0xab, 0xcd, 0xfc, 0x8a, 0xfe, 0xff, 0x8a, 0xfe, 0xff, 0x0a, 0xde, 0xfe, 0xcd, 0x6b, 0xfa, 0x30, 0x12, 0xfe,
  0xf0, 0x01, 0xff, 0xf0, 0x01, 0xff, 0xf0, 0x01, 0xff, 0xf0, 0x01, 0xff, 0xf0, 0x01, 0xff, 0xf0, 0x01, 0xff, 0xf0, 0x01, 0xff, 0xf0, 0x01, 0xff,
  0xf0, 0x01, 0xff, 0xf0, 0x01, 0xff, 0xf0, 0x01, 0xff, 0xf0, 0x01, 0xff, 0x0e, 0x43, 0xfd, 0x4a, 0xee, 0xff, 0x8a, 0xfe, 0xff, 0x8a, 0xfe, 0xff,
  0x8a, 0xfe, 0xff, 0x8a, 0xfe, 0xff, 0x8a, 0xfe, 0xff, 0x26, 0x9c, 0xfc, 0x00, 0x00, 0xff, 0x00, 0x00, 0xff, 0xc2, 0x41, 0xfc, 0xa8, 0xdd, 0xfe,
  0x66, 0xac, 0xfc, 0x43, 0x52, 0xfb, 0xa1, 0x18, 0xfd, 0x00, 0x08, 0xfe, 0x40, 0x30, 0xfd, 0xa1, 0x78, 0xfd, 0x02, 0xb9, 0xff, 0x02, 0xc9, 0xff,
  0x02, 0xc9, 0xff, 0x02, 0xc9, 0xff, 0x02, 0xc9, 0xff, 0x60, 0x48, 0xfa, 0x00, 0x00, 0xff, 0x00, 0x00, 0xf4, 0x00, 0x00, 0x6c, 0x00, 0x00, 0x03,
  0x00, 0x00, 0x45, 0x00, 0x00, 0xf4, 0x00, 0x00, 0xff, 0x20, 0x20, 0xfd, 0xe2, 0xb8, 0xfe, 0x02, 0xc9, 0xff, 0x02, 0xb9, 0xff, 0xa1, 0x78, 0xfd,
  0x40, 0x38, 0xfd, 0x00, 0x08, 0xfe, 0x60, 0x10, 0xfc, 0x23, 0x52, 0xfb, 0x87, 0xac, 0xfc, 0x29, 0xee, 0xfe, 0x8a, 0xfe, 0xff, 0x8a, 0xf6, 0xff,
  0x24, 0x7b, 0xfa, 0x00, 0x00, 0xff, 0x00, 0x00, 0xff, 0x23, 0x52, 0xfb, 0x49, 0xee, 0xff, 0x2a, 0xe6, 0xff, 0xef, 0x3a, 0xfc, 0xf0, 0x01, 0xff,
  0xf0, 0x01, 0xff, 0xf0, 0x01, 0xff, 0xf0, 0x01, 0xff, 0xf0, 0x01, 0xff, 0xf0, 0x01, 0xff, 0xf0, 0x01, 0xff, 0xf0, 0x01, 0xff, 0xf0, 0x01, 0xff,
  0xf0, 0x01, 0xff, 0xf0, 0x01, 0xff, 0xf0, 0x01, 0xff, 0xf0, 0x01, 0xff, 0xf0, 0x01, 0xff, 0xf0, 0x01, 0xff, 0xf0, 0x01, 0xff, 0xf0, 0x01, 0xff,
  0xf0, 0x01, 0xff, 0xf0, 0x01, 0xff, 0xf0, 0x01, 0xff, 0xf0, 0x01, 0xff, 0xf0, 0x01, 0xff, 0xf0, 0x01, 0xff, 0xf0, 0x01, 0xff, 0xf0, 0x01, 0xff,
  0xf0, 0x01, 0xff, 0xf0, 0x01, 0xff, 0xf0, 0x01, 0xff, 0xf0, 0x01, 0xff, 0xf0, 0x01, 0xff, 0xf0, 0x01, 0xff, 0xf0, 0x01, 0xff, 0xf0, 0x01, 0xff,
  0xf0, 0x01, 0xff, 0xf0, 0x01, 0xff, 0xf0, 0x01, 0xff, 0xf0, 0x01, 0xff, 0xf0, 0x01, 0xff, 0xf0, 0x01, 0xff, 0xf0, 0x01, 0xff, 0xf0, 0x01, 0xff,
  0xf0, 0x01, 0xff, 0xf0, 0x01, 0xff, 0xf0, 0x01, 0xff, 0xf0, 0x01, 0xff, 0xf0, 0x01, 0xff, 0xf0, 0x01, 0xff, 0xf0, 0x01, 0xff, 0xf0, 0x01, 0xff,
  0xf0, 0x01, 0xff, 0xf0, 0x01, 0xff, 0xf0, 0x01, 0xff, 0xf0, 0x01, 0xff, 0xf0, 0x01, 0xff, 0xf0, 0x01, 0xff, 0xf0, 0x01, 0xff, 0xf0, 0x01, 0xff,
  0xf0, 0x01, 0xff, 0xf0, 0x01, 0xff, 0xf0, 0x01, 0xff, 0xf0, 0x01, 0xff, 0xf0, 0x01, 0xff, 0xf0, 0x01, 0xff, 0xf0, 0x01, 0xff, 0xf0, 0x01, 0xff,
  0xf0, 0x01, 0xff, 0xf0, 0x01, 0xff, 0xf0, 0x01, 0xff, 0xf0, 0x01, 0xff, 0xf0, 0x01, 0xff, 0xf0, 0x01, 0xff, 0xf0, 0x01, 0xff, 0xf0, 0x01, 0xff,
  0xf0, 0x01, 0xff, 0xf0, 0x01, 0xff, 0xf0, 0x01, 0xff, 0xf0, 0x01, 0xff, 0xf0, 0x01, 0xff, 0xf0, 0x01, 0xff, 0xf0, 0x01, 0xff, 0xf0, 0x01, 0xff,
  0xf0, 0x01, 0xff, 0xf0, 0x01, 0xff, 0xf0, 0x01, 0xff, 0xf0, 0x01, 0xff, 0xf0, 0x01, 0xff, 0xf0, 0x01, 0xff, 0xf0, 0x01, 0xff, 0xf0, 0x01, 0xff,
  0xf0, 0x01, 0xff, 0xf0, 0x09, 0xff, 0xf0, 0x09, 0xff, 0xf0, 0x09, 0xff, 0xf0, 0x09, 0xff, 0xf0, 0x09, 0xff, 0xf0, 0x01, 0xff, 0xf0, 0x01, 0xff,
  0xf0, 0x01, 0xff, 0xf0, 0x01, 0xff, 0xf0, 0x01, 0xff, 0xf0, 0x01, 0xff, 0xf0, 0x01, 0xff, 0xf0, 0x01, 0xff, 0xf0, 0x01, 0xff, 0xf0, 0x01, 0xff,
  0xf0, 0x01, 0xff, 0xf0, 0x01, 0xff, 0xf0, 0x01, 0xff, 0xf0, 0x01, 0xff, 0xf0, 0x01, 0xff, 0xf0, 0x01, 0xff, 0xf0, 0x01, 0xff, 0xf0, 0x01, 0xff,
  0x10, 0x0a, 0xfe, 0x10, 0x0a, 0xfe, 0xf0, 0x01, 0xff, 0xf0, 0x01, 0xff, 0xf0, 0x01, 0xff, 0xf0, 0x01, 0xff, 0xf0, 0x01, 0xff, 0xf0, 0x01, 0xff,
  0xf0, 0x01, 0xff, 0xf0, 0x01, 0xff, 0xf0, 0x01, 0xff, 0x4f, 0x1a, 0xfc, 0x10, 0x0a, 0xfe, 0xf0, 0x01, 0xff, 0xf0, 0x01, 0xff, 0xf0, 0x01, 0xff,
  0xf0, 0x01, 0xff, 0x4f, 0x1a, 0xfc, 0xab, 0xcd, 0xfc, 0x8a, 0xfe, 0xff, 0x2a, 0xe6, 0xff, 0xae, 0x63, 0xff, 0x10, 0x0a, 0xfe, 0xf0, 0x01, 0xff,
  0xf0, 0x01, 0xff, 0xf0, 0x01, 0xff, 0xf0, 0x01, 0xff, 0xf0, 0x01, 0xff, 0xf0, 0x01, 0xff, 0xf0, 0x01, 0xff, 0xf0, 0x01, 0xff, 0xf0, 0x01, 0xff,
  0xf0, 0x01, 0xff, 0xf0, 0x01, 0xff, 0xf0, 0x01, 0xff, 0xf0, 0x01, 0xff, 0x0e, 0x43, 0xfd, 0x4a, 0xee, 0xff, 0x8a, 0xfe, 0xff, 0x8a, 0xfe, 0xff,
  0x8a, 0xfe, 0xff, 0x8a, 0xfe, 0xff, 0x8a, 0xfe, 0xff, 0x66, 0xac, 0xfc, 0x00, 0x00, 0xff, 0x00, 0x00, 0xff, 0xc2, 0x41, 0xfc, 0x49, 0xee, 0xff,
  0x8a, 0xfe, 0xff, 0x49, 0xee, 0xff, 0xe7, 0xbc, 0xfd, 0x23, 0x52, 0xfb, 0xa1, 0x18, 0xfd, 0x00, 0x08, 0xfe, 0x40, 0x30, 0xfd, 0xa1, 0x78, 0xfd,
  0xe2, 0xb0, 0xfe, 0x02, 0xc9, 0xff, 0x02, 0xc9, 0xff, 0x60, 0x48, 0xfa, 0x00, 0x00, 0xff, 0x00, 0x00, 0xf4, 0x00, 0x00, 0x7c, 0x00, 0x00, 0x03,
  0x00, 0x00, 0x45, 0x00, 0x00, 0xf4, 0x00, 0x00, 0xff, 0x20, 0x28, 0xfd, 0xe2, 0xb0, 0xfe, 0xc1, 0x88, 0xfd, 0x40, 0x38, 0xfd, 0x00, 0x08, 0xfe,
  0x40, 0x08, 0xfe, 0xc2, 0x41, 0xfc, 0x87, 0xac, 0xfc, 0x29, 0xee, 0xfe, 0x8a, 0xfe, 0xff, 0x8a, 0xfe, 0xff, 0x8a, 0xfe, 0xff, 0x8a, 0xf6, 0xff,
  0x24, 0x7b, 0xfa, 0x00, 0x00, 0xff, 0x00, 0x00, 0xff, 0x23, 0x52, 0xfb, 0x49, 0xee, 0xff, 0x4a, 0xee, 0xfe, 0x8d, 0x3a, 0xfd, 0xf0, 0x01, 0xff,
  0xf0, 0x01, 0xff, 0xf0, 0x01, 0xff, 0xf0, 0x01, 0xff, 0xf0, 0x01, 0xff, 0xf0, 0x01, 0xff, 0xf0, 0x01, 0xff, 0xf0, 0x01, 0xff, 0xf0, 0x01, 0xff,
  0xf0, 0x01, 0xff, 0xf0, 0x01, 0xff, 0xf0, 0x01, 0xff, 0xf0, 0x01, 0xff, 0xf0, 0x01, 0xff, 0xf0, 0x01, 0xff, 0xf0, 0x01, 0xff, 0xf0, 0x01, 0xff,
  0xf0, 0x01, 0xff, 0xf0, 0x01, 0xff, 0xf0, 0x01, 0xff, 0xf0, 0x01, 0xff, 0xf0, 0x01, 0xff, 0xf0, 0x01, 0xff, 0xf0, 0x01, 0xff, 0xf0, 0x01, 0xff,
  0xf0, 0x01, 0xff, 0xf0, 0x01, 0xff, 0xf0, 0x01, 0xff, 0xf0, 0x01, 0xff, 0xf0, 0x01, 0xff, 0xf0, 0x01, 0xff, 0xf0, 0x01, 0xff, 0xf0, 0x01, 0xff,
  0xf0, 0x01, 0xff, 0xf0, 0x01, 0xff, 0xf0, 0x01, 0xff, 0xf0, 0x01, 0xff, 0xf0, 0x01, 0xff, 0xf0, 0x01, 0xff, 0xf0, 0x01, 0xff, 0xf0, 0x01, 0xff,
  0xf0, 0x01, 0xff, 0xf0, 0x01, 0xff, 0xf0, 0x01, 0xff, 0xf0, 0x01, 0xff, 0xf0, 0x01, 0xff, 0xf0, 0x01, 0xff, 0xf0, 0x01, 0xff, 0xf0, 0x01, 0xff,
  0xf0, 0x01, 0xff, 0xf0, 0x01, 0xff, 0xf0, 0x01, 0xff, 0xf0, 0x01, 0xff, 0xf0, 0x01, 0xff, 0xf0, 0x01, 0xff, 0xf0, 0x01, 0xff, 0xf0, 0x01, 0xff,
  0xf0, 0x01, 0xff, 0xf0, 0x01, 0xff, 0xf0, 0x01, 0xff, 0xf0, 0x01, 0xff, 0xf0, 0x01, 0xff, 0xf0, 0x01, 0xff, 0xf0, 0x01, 0xff, 0xf0, 0x01, 0xff,
  0xf0, 0x01, 0xff, 0xf0, 0x01, 0xff, 0xf0, 0x01, 0xff, 0xf0, 0x01, 0xff, 0xf0, 0x01, 0xff, 0xf0, 0x01, 0xff, 0xf0, 0x01, 0xff, 0xf0, 0x01, 0xff,
  0xf0, 0x01, 0xff, 0xf0, 0x01, 0xff, 0xf0, 0x01, 0xff, 0xf0, 0x01, 0xff, 0xf0, 0x01, 0xff, 0xf0, 0x01, 0xff, 0xf0, 0x01, 0xff, 0xf0, 0x01, 0xff,
  0xf0, 0x01, 0xff, 0xf0, 0x01, 0xff, 0xf0, 0x01, 0xff, 0xf0, 0x01, 0xff, 0xf0, 0x01, 0xff, 0xf0, 0x01, 0xff, 0xf0, 0x01, 0xff, 0x30, 0x12, 0xfc,
  0x6e, 0x53, 0xf7, 0x0d, 0x74, 0xf9, 0x0d, 0x74, 0xf9, 0x0d, 0x74, 0xf9, 0x0d, 0x74, 0xf9, 0x6e, 0x53, 0xf7, 0x10, 0x0a, 0xfe, 0xf0, 0x01, 0xff,
  0xf0, 0x01, 0xff, 0xf0, 0x01, 0xff, 0xf0, 0x01, 0xff, 0xf0, 0x01, 0xff, 0xf0, 0x01, 0xff, 0xf0, 0x01, 0xff, 0xf0, 0x01, 0xff, 0xf0, 0x01, 0xff,
  0xf0, 0x01, 0xff, 0xf0, 0x01, 0xff, 0xf0, 0x01, 0xff, 0xf0, 0x01, 0xff, 0xf0, 0x01, 0xff, 0xf0, 0x01, 0xff, 0xf0, 0x01, 0xff, 0xf0, 0x01, 0xff,
  0x10, 0x0a, 0xfe, 0xf0, 0x01, 0xff, 0xf0, 0x01, 0xff, 0xf0, 0x01, 0xff, 0xf0, 0x01, 0xff, 0xf0, 0x01, 0xff, 0xf0, 0x01, 0xff, 0xf0, 0x01, 0xff,
  0xf0, 0x01, 0xff, 0xf0, 0x01, 0xff, 0x10, 0x0a, 0xfe, 0x10, 0x0a, 0xfe, 0xf0, 0x01, 0xff, 0xf0, 0x01, 0xff, 0xf0, 0x01, 0xff, 0xf0, 0x01, 0xff,
  0xf0, 0x01, 0xff, 0x4f, 0x12, 0xff, 0xab, 0xcd, 0xfc, 0x4a, 0xee, 0xfe, 0xcd, 0x6b, 0xfa, 0x10, 0x0a, 0xfe, 0xf0, 0x01, 0xff, 0xf0, 0x01, 0xff,
  0xf0, 0x01, 0xff, 0xf0, 0x01, 0xff, 0xf0, 0x01, 0xff, 0xf0, 0x01, 0xff, 0xf0, 0x01, 0xff, 0xf0, 0x01, 0xff, 0xf0, 0x01, 0xff, 0xf0, 0x01, 0xff,
  0xf0, 0x01, 0xff, 0xf0, 0x01, 0xff, 0xf0, 0x01, 0xff, 0xf0, 0x01, 0xff, 0x0e, 0x43, 0xfd, 0x4a, 0xee, 0xff, 0x8a, 0xfe, 0xff, 0x8a, 0xfe, 0xff,
  0x8a, 0xfe, 0xff, 0x8a, 0xfe, 0xff, 0x8a, 0xfe, 0xff, 0x66, 0xac, 0xfc, 0x00, 0x00, 0xff, 0x00, 0x00, 0xff, 0x82, 0x39, 0xfc, 0x29, 0xee, 0xfe,
  0x8a, 0xfe, 0xff, 0x8a, 0xfe, 0xff, 0x8a, 0xfe, 0xff, 0x29, 0xee, 0xfe, 0xe7, 0xbc, 0xfd, 0x23, 0x52, 0xfb, 0x40, 0x08, 0xfe, 0x00, 0x08, 0xfe,
  0x20, 0x28, 0xfd, 0xa1, 0x80, 0xfd, 0x02, 0xb9, 0xff, 0x61, 0x58, 0xf7, 0x00, 0x00, 0xff, 0x00, 0x00, 0xf4, 0x00, 0x00, 0x7c, 0x00, 0x00, 0x03,
  0x00, 0x00, 0x45, 0x00, 0x00, 0xf4, 0x00, 0x00, 0xff, 0x00, 0x10, 0xfd, 0x40, 0x38, 0xfd, 0x00, 0x10, 0xfd, 0x40, 0x08, 0xfe, 0xc2, 0x41, 0xfc,
  0xc5, 0x8b, 0xfb, 0xa8, 0xdd, 0xfe, 0x8a, 0xf6, 0xff, 0x8a, 0xfe, 0xff, 0x8a, 0xfe, 0xff, 0x8a, 0xfe, 0xff, 0x8a, 0xfe, 0xff, 0x8a, 0xf6, 0xff,
  0x24, 0x7b, 0xfa, 0x00, 0x00, 0xff, 0x00, 0x00, 0xff, 0xc4, 0x6a, 0xfb, 0x69, 0xf6, 0xff, 0x4a, 0xee, 0xff, 0x6e, 0x53, 0xf7, 0xf0, 0x01, 0xff,
  0xf0, 0x01, 0xff, 0xf0, 0x01, 0xff, 0xf0, 0x01, 0xff, 0xf0, 0x01, 0xff, 0xf0, 0x01, 0xff, 0xf0, 0x01, 0xff, 0xf0, 0x01, 0xff, 0xf0, 0x01, 0xff,
  0xf0, 0x01, 0xff, 0xf0, 0x01, 0xff, 0xf0, 0x01, 0xff, 0xf0, 0x01, 0xff, 0xf0, 0x01, 0xff, 0xf0, 0x01, 0xff, 0xf0, 0x01, 0xff, 0xf0, 0x01, 0xff,
  0xf0, 0x01, 0xff, 0xf0, 0x01, 0xff, 0xf0, 0x01, 0xff, 0xf0, 0x01, 0xff, 0xf0, 0x01, 0xff, 0xf0, 0x01, 0xff, 0xf0, 0x01, 0xff, 0xf0, 0x01, 0xff,
  0xf0, 0x01, 0xff, 0xf0, 0x01, 0xff, 0xf0, 0x01, 0xff, 0xf0, 0x01, 0xff, 0xf0, 0x01, 0xff, 0xf0, 0x01, 0xff, 0xf0, 0x01, 0xff, 0xf0, 0x01, 0xff,
  0xf0, 0x01, 0xff, 0xf0, 0x01, 0xff, 0xf0, 0x01, 0xff, 0xf0, 0x01, 0xff, 0xf0, 0x01, 0xff, 0xf0, 0x01, 0xff, 0xf0, 0x01, 0xff, 0xf0, 0x01, 0xff,
  0xf0, 0x01, 0xff, 0xf0, 0x01, 0xff, 0xf0, 0x01, 0xff, 0xf0, 0x01, 0xff, 0xf0, 0x01, 0xff, 0xf0, 0x01, 0xff, 0xf0, 0x01, 0xff, 0xf0, 0x01, 0xff,
  0xf0, 0x01, 0xff, 0xf0, 0x01, 0xff, 0xf0, 0x01, 0xff, 0xf0, 0x01, 0xff, 0xf0, 0x01, 0xff, 0xf0, 0x01, 0xff, 0xf0, 0x01, 0xff, 0xf0, 0x01, 0xff,
  0xf0, 0x01, 0xff, 0xf0, 0x01, 0xff, 0xf0, 0x01, 0xff, 0xf0, 0x01, 0xff, 0xf0, 0x01, 0xff, 0xf0, 0x01, 0xff, 0xf0, 0x01, 0xff, 0xf0, 0x01, 0xff,
  0xf0, 0x01, 0xff, 0xf0, 0x01, 0xff, 0xf0, 0x01, 0xff, 0xf0, 0x01, 0xff, 0xf0, 0x01, 0xff, 0xf0, 0x01, 0xff, 0xf0, 0x01, 0xff, 0xf0, 0x01, 0xff,
  0xf0, 0x01, 0xff, 0xf0, 0x01, 0xff, 0xf0, 0x01, 0xff, 0xf0, 0x01, 0xff, 0xf0, 0x01, 0xff, 0xf0, 0x01, 0xff, 0xf0, 0x01, 0xff, 0xf0, 0x01, 0xff,
  0xf0, 0x01, 0xff, 0xf0, 0x01, 0xff, 0xf0, 0x01, 0xff, 0xf0, 0x01, 0xff, 0xf0, 0x01, 0xff, 0xf0, 0x01, 0xff, 0xf0, 0x01, 0xff, 0x8d, 0x3a, 0xfd,
  0x6b, 0xbd, 0xfc, 0xab, 0xcd, 0xfc, 0xab, 0xcd, 0xfc, 0xab, 0xcd, 0xfc, 0xab, 0xcd, 0xfc, 0xec, 0xa4, 0xfc, 0x30, 0x12, 0xfe, 0xf0, 0x01, 0xff,
  0xf0, 0x01, 0xff, 0xf0, 0x01, 0xff, 0xf0, 0x01, 0xff, 0xf0, 0x01, 0xff, 0xf0, 0x01, 0xff, 0xf0, 0x01, 0xff, 0xf0, 0x01, 0xff, 0xf0, 0x01, 0xff,
  0xf0, 0x01, 0xff, 0xf0, 0x01, 0xff, 0xf0, 0x01, 0xff, 0xf0, 0x01, 0xff, 0xf0, 0x01, 0xff, 0xf0, 0x01, 0xff, 0xf0, 0x01, 0xff, 0xf0, 0x01, 0xff,
  0xf0, 0x01, 0xff, 0xf0, 0x01, 0xff, 0xf0, 0x01, 0xff, 0xf0, 0x01, 0xff, 0xf0, 0x01, 0xff, 0xf0, 0x01, 0xff, 0xf0, 0x01, 0xff, 0xf0, 0x01, 0xff,
  0xf0, 0x01, 0xff, 0xf0, 0x01, 0xff, 0xf0, 0x01, 0xff, 0xf0, 0x01, 0xff, 0xf0, 0x01, 0xff, 0xf0, 0x01, 0xff, 0xf0, 0x01, 0xff, 0xf0, 0x01, 0xff,
  0xf0, 0x01, 0xff, 0x4f, 0x12, 0xff, 0x0c, 0xad, 0xfe, 0x6d, 0x8c, 0xfb, 0x30, 0x12, 0xfc, 0xf0, 0x01, 0xff, 0xf0, 0x01, 0xff, 0xf0, 0x01, 0xff,
  0xf0, 0x01, 0xff, 0xf0, 0x01, 0xff, 0xf0, 0x01, 0xff, 0xf0, 0x01, 0xff, 0xf0, 0x01, 0xff, 0xf0, 0x01, 0xff, 0xf0, 0x01, 0xff, 0xf0, 0x01, 0xff,
  0xf0, 0x01, 0xff, 0xf0, 0x01, 0xff, 0xf0, 0x01, 0xff, 0xf0, 0x01, 0xff, 0xef, 0x3a, 0xfc, 0x2a, 0xe6, 0xff, 0x8a, 0xfe, 0xff, 0x8a, 0xfe, 0xff,
  0x8a, 0xfe, 0xff, 0x8a, 0xfe, 0xff, 0x8a, 0xfe, 0xff, 0x66, 0xac, 0xfc, 0x00, 0x00, 0xff, 0x00, 0x00, 0xff, 0x82, 0x39, 0xfc, 0x29, 0xee, 0xfe,
  0x8a, 0xfe, 0xff, 0x8a, 0xfe, 0xff, 0x8a, 0xfe, 0xff, 0x8a, 0xfe, 0xff, 0x8a, 0xf6, 0xff, 0x29, 0xee, 0xfe, 0x26, 0x9c, 0xfc, 0xc2, 0x41, 0xfc,
  0x60, 0x10, 0xfc, 0x00, 0x10, 0xfd, 0x40, 0x40, 0xfd, 0x40, 0x30, 0xfd, 0x00, 0x00, 0xff, 0x00, 0x00, 0xf4, 0x00, 0x00, 0x7c, 0x00, 0x00, 0x03,
  0x00, 0x00, 0x45, 0x00, 0x00, 0xf4, 0x00, 0x00, 0xff, 0x00, 0x00, 0xff, 0x00, 0x00, 0xff, 0xa1, 0x18, 0xfd, 0xc5, 0x8b, 0xfb, 0x29, 0xee, 0xfe,
  0x8a, 0xf6, 0xff, 0x8a, 0xfe, 0xff, 0x8a, 0xfe, 0xff, 0x8a, 0xfe, 0xff, 0x8a, 0xfe, 0xff, 0x8a, 0xfe, 0xff, 0x8a, 0xfe, 0xff, 0x8a, 0xf6, 0xff,
  0x24, 0x7b, 0xfa, 0x00, 0x00, 0xff, 0x00, 0x00, 0xff, 0x04, 0x73, 0xfc, 0x6a, 0xf6, 0xff, 0x6a, 0xf6, 0xff, 0xcd, 0x6b, 0xfa, 0xf0, 0x01, 0xff,
  0xf0, 0x01, 0xff, 0xf0, 0x01, 0xff, 0xf0, 0x01, 0xff, 0xf0, 0x01, 0xff, 0xf0, 0x01, 0xff, 0xf0, 0x01, 0xff, 0xf0, 0x01, 0xff, 0xf0, 0x01, 0xff,
  0xf0, 0x01, 0xff, 0xf0, 0x01, 0xff, 0xf0, 0x01, 0xff, 0xf0, 0x01, 0xff, 0xf0, 0x01, 0xff, 0xf0, 0x01, 0xff, 0xf0, 0x01, 0xff, 0xf0, 0x01, 0xff,
  0xf0, 0x01, 0xff, 0xf0, 0x01, 0xff, 0xf0, 0x01, 0xff, 0xf0, 0x01, 0xff, 0xf0, 0x01, 0xff, 0xf0, 0x01, 0xff, 0xf0, 0x01, 0xff, 0xf0, 0x01, 0xff,
  0xf0, 0x01, 0xff, 0xf0, 0x01, 0xff, 0xf0, 0x01, 0xff, 0xf0, 0x01, 0xff, 0xf0, 0x01, 0xff, 0xf0, 0x01, 0xff, 0xf0, 0x01, 0xff, 0xf0, 0x01, 0xff,
  0xf0, 0x01, 0xff, 0xf0, 0x01, 0xff, 0xf0, 0x01, 0xff, 0xf0, 0x01, 0xff, 0xf0, 0x01, 0xff, 0xf0, 0x01, 0xff, 0xf0, 0x01, 0xff, 0xf0, 0x01, 0xff,
  0xf0, 0x01, 0xff, 0xf0, 0x01, 0xff, 0xf0, 0x01, 0xff, 0xf0, 0x01, 0xff, 0xf0, 0x01, 0xff, 0xf0, 0x01, 0xff, 0xf0, 0x01, 0xff, 0xf0, 0x01, 0xff,
  0xf0, 0x01, 0xff, 0xf0, 0x01, 0xff, 0xf0, 0x01, 0xff, 0xf0, 0x01, 0xff, 0xf0, 0x01, 0xff, 0xf0, 0x01, 0xff, 0xf0, 0x01, 0xff, 0xf0, 0x01, 0xff,
  0xf0, 0x01, 0xff, 0xf0, 0x01, 0xff, 0xf0, 0x01, 0xff, 0xf0, 0x01, 0xff, 0xf0, 0x01, 0xff, 0xf0, 0x01, 0xff, 0xf0, 0x01, 0xff, 0xf0, 0x01, 0xff,
  0xf0, 0x01, 0xff, 0xf0, 0x01, 0xff, 0xf0, 0x01, 0xff, 0xf0, 0x01, 0xff, 0xf0, 0x01, 0xff, 0xf0, 0x01, 0xff, 0xf0, 0x01, 0xff, 0xf0, 0x01, 0xff,
  0xf0, 0x01, 0xff, 0xf0, 0x01, 0xff, 0xf0, 0x01, 0xff, 0xf0, 0x01, 0xff, 0xf0, 0x01, 0xff, 0xf0, 0x01, 0xff, 0xf0, 0x01, 0xff, 0xf0, 0x01, 0xff,
  0xf0, 0x01, 0xff, 0xf0, 0x01, 0xff, 0xf0, 0x01, 0xff, 0xf0, 0x01, 0xff, 0xf0, 0x01, 0xff, 0xf0, 0x01, 0xff, 0xf0, 0x01, 0xff, 0x30, 0x12, 0xfc,
  0x6f, 0x22, 0xfb, 0x6f, 0x22, 0xfb, 0x6f, 0x22, 0xfb, 0x6f, 0x22, 0xfb, 0x6f, 0x22, 0xfb, 0x4f, 0x1a, 0xfc, 0xf0, 0x09, 0xff, 0xf0, 0x01, 0xff,
  0xf0, 0x01, 0xff, 0xf0, 0x01, 0xff, 0xf0, 0x01, 0xff, 0xf0, 0x01, 0xff, 0xf0, 0x01, 0xff, 0xf0, 0x01, 0xff, 0xf0, 0x01, 0xff, 0xf0, 0x01, 0xff,
  0xf0, 0x01, 0xff, 0xf0, 0x01, 0xff, 0xf0, 0x01, 0xff, 0xf0, 0x01, 0xff, 0xf0, 0x01, 0xff, 0xf0, 0x01, 0xff, 0xf0, 0x01, 0xff, 0xf0, 0x01, 0xff,
  0xf0, 0x01, 0xff, 0xf0, 0x01, 0xff, 0xf0, 0x01, 0xff, 0xf0, 0x01, 0xff, 0xf0, 0x01, 0xff, 0xf0, 0x01, 0xff, 0xf0, 0x01, 0xff, 0xf0, 0x01, 0xff,
  0xf0, 0x01, 0xff, 0xf0, 0x01, 0xff, 0xf0, 0x01, 0xff, 0xf0, 0x01, 0xff, 0xf0, 0x01, 0xff, 0xf0, 0x01, 0xff, 0xf0, 0x01, 0xff, 0xf0, 0x01, 0xff,
  0xf0, 0x01, 0xff, 0x10, 0x0a, 0xfe, 0xef, 0x3a, 0xfc, 0x30, 0x12, 0xfc, 0xf0, 0x01, 0xff, 0xf0, 0x01, 0xff, 0xf0, 0x01, 0xff, 0xf0, 0x01, 0xff,
  0xf0, 0x01, 0xff, 0xf0, 0x01, 0xff, 0xf0, 0x01, 0xff, 0xf0, 0x01, 0xff, 0xf0, 0x01, 0xff, 0xf0, 0x01, 0xff, 0xf0, 0x01, 0xff, 0xf0, 0x01, 0xff,
  0xf0, 0x01, 0xff, 0xf0, 0x01, 0xff, 0xf0, 0x01, 0xff, 0xf0, 0x01, 0xff, 0x0e, 0x43, 0xfd, 0x4a, 0xee, 0xfe, 0x8a, 0xfe, 0xff, 0x8a, 0xfe, 0xff,
  0x8a, 0xfe, 0xff, 0x8a, 0xfe, 0xff, 0x8a, 0xfe, 0xff, 0x66, 0xac, 0xfc, 0x00, 0x00, 0xff, 0x00, 0x00, 0xff, 0x82, 0x39, 0xfc, 0x29, 0xee, 0xfe,
  0x8a, 0xfe, 0xff, 0x8a, 0xfe, 0xff, 0x8a, 0xfe, 0xff, 0x8a, 0xfe, 0xff, 0x8a, 0xfe, 0xff, 0x8a, 0xfe, 0xff, 0x8a, 0xf6, 0xff, 0x29, 0xee, 0xfe,
  0x66, 0xac, 0xfc, 0x21, 0x29, 0xfb, 0x00, 0x00, 0xff, 0x00, 0x00, 0xff, 0x00, 0x00, 0xff, 0x00, 0x00, 0xf4, 0x00, 0x00, 0x7c, 0x00, 0x00, 0x03,
  0x00, 0x00, 0x45, 0x00, 0x00, 0xf4, 0x00, 0x00, 0xff, 0x00, 0x00, 0xff, 0x00, 0x00, 0xff, 0x60, 0x10, 0xfc, 0x43, 0x52, 0xfb, 0xe7, 0xbc, 0xfd,
  0x49, 0xee, 0xff, 0x8a, 0xfe, 0xff, 0x8a, 0xfe, 0xff, 0x8a, 0xfe, 0xff, 0x8a, 0xfe, 0xff, 0x8a, 0xfe, 0xff, 0x8a, 0xfe, 0xff, 0x8a, 0xf6, 0xff,
  0x24, 0x7b, 0xfa, 0x00, 0x00, 0xff, 0x00, 0x00, 0xff, 0x45, 0x4a, 0xfb, 0xec, 0xa4, 0xf6, 0xec, 0xa4, 0xf6, 0x6e, 0x53, 0xfb, 0xf0, 0x01, 0xff,
  0xf0, 0x01, 0xff, 0xf0, 0x01, 0xff, 0xf0, 0x01, 0xff, 0xf0, 0x01, 0xff, 0xf0, 0x01, 0xff, 0xf0, 0x01, 0xff, 0xf0, 0x01, 0xff, 0xf0, 0x01, 0xff,
  0xf0, 0x01, 0xff, 0xf0, 0x01, 0xff, 0xf0, 0x01, 0xff, 0xf0, 0x01, 0xff, 0xf0, 0x01, 0xff, 0xf0, 0x01, 0xff, 0xf0, 0x01, 0xff, 0xf0, 0x01, 0xff,
  0xf0, 0x01, 0xff, 0xf0, 0x01, 0xff, 0xf0, 0x01, 0xff, 0xf0, 0x01, 0xff, 0xf0, 0x01, 0xff, 0xf0, 0x01, 0xff, 0xf0, 0x01, 0xff, 0xf0, 0x01, 0xff,
  0xf0, 0x01, 0xff, 0xf0, 0x01, 0xff, 0xf0, 0x01, 0xff, 0xf0, 0x01, 0xff, 0xf0, 0x01, 0xff, 0xf0, 0x01, 0xff, 0xf0, 0x01, 0xff, 0xf0, 0x01, 0xff,
  0xf0, 0x01, 0xff, 0xf0, 0x01, 0xff, 0xf0, 0x01, 0xff, 0xf0, 0x01, 0xff, 0xf0, 0x01, 0xff, 0xf0, 0x01, 0xff, 0xf0, 0x01, 0xff, 0xf0, 0x01, 0xff,
  0xf0, 0x01, 0xff, 0xf0, 0x01, 0xff, 0xf0, 0x01, 0xff, 0xf0, 0x01, 0xff, 0xf0, 0x01, 0xff, 0xf0, 0x01, 0xff, 0xf0, 0x01, 0xff, 0xf0, 0x01, 0xff,
  0xf0, 0x01, 0xff, 0xf0, 0x01, 0xff, 0xf0, 0x01, 0xff, 0xf0, 0x01, 0xff, 0xf0, 0x01, 0xff, 0xf0, 0x01, 0xff, 0xf0, 0x01, 0xff, 0xf0, 0x01, 0xff,
  0xf0, 0x01, 0xff, 0xf0, 0x01, 0xff, 0xf0, 0x01, 0xff, 0xf0, 0x01, 0xff, 0xf0, 0x01, 0xff, 0xf0, 0x01, 0xff, 0xf0, 0x01, 0xff, 0xf0, 0x01, 0xff,
  0xf0, 0x01, 0xff, 0xf0, 0x01, 0xff, 0xf0, 0x01, 0xff, 0xf0, 0x01, 0xff, 0xf0, 0x01, 0xff, 0xf0, 0x01, 0xff, 0xf0, 0x01, 0xff, 0xf0, 0x01, 0xff,
  0xf0, 0x01, 0xff, 0xf0, 0x01, 0xff, 0xf0, 0x01, 0xff, 0xf0, 0x01, 0xff, 0xf0, 0x01, 0xff, 0xf0, 0x01, 0xff, 0xf0, 0x01, 0xff, 0xf0, 0x01, 0xff,
  0xf0, 0x01, 0xff, 0xf0, 0x01, 0xff, 0xf0, 0x01, 0xff, 0xf0, 0x01, 0xff, 0xf0, 0x01, 0xff, 0xf0, 0x01, 0xff, 0xf0, 0x01, 0xff, 0xf0, 0x01, 0xff,
  0xf0, 0x01, 0xff, 0xf0, 0x01, 0xff, 0xf0, 0x01, 0xff, 0xf0, 0x01, 0xff, 0xf0, 0x01, 0xff, 0xf0, 0x01, 0xff, 0xf0, 0x01, 0xff, 0xf0, 0x01, 0xff,
  0xf0, 0x01, 0xff, 0xf0, 0x01, 0xff, 0xf0, 0x01, 0xff, 0xf0, 0x01, 0xff, 0xf0, 0x01, 0xff, 0xf0, 0x01, 0xff, 0xf0, 0x01, 0xff, 0xf0, 0x01, 0xff,
  0xf0, 0x01, 0xff, 0xf0, 0x01, 0xff, 0xf0, 0x01, 0xff, 0xf0, 0x01, 0xff, 0xf0, 0x01, 0xff, 0xf0, 0x01, 0xff, 0xf0, 0x01, 0xff, 0xf0, 0x01, 0xff,
  0xf0, 0x01, 0xff, 0xf0, 0x01, 0xff, 0xf0, 0x01, 0xff, 0xf0, 0x01, 0xff, 0xf0, 0x01, 0xff, 0xf0, 0x01, 0xff, 0xf0, 0x01, 0xff, 0xf0, 0x01, 0xff,
  0xf0, 0x01, 0xff, 0xf0, 0x01, 0xff, 0xf0, 0x01, 0xff, 0xf0, 0x01, 0xff, 0xf0, 0x01, 0xff, 0xf0, 0x01, 0xff, 0xf0, 0x01, 0xff, 0xf0, 0x01, 0xff,
  0xf0, 0x01, 0xff, 0xf0, 0x01, 0xff, 0xf0, 0x01, 0xff, 0xf0, 0x01, 0xff, 0xf0, 0x01, 0xff, 0xf0, 0x01, 0xff, 0xf0, 0x01, 0xff, 0xf0, 0x01, 0xff,
  0xf0, 0x01, 0xff, 0xf0, 0x01, 0xff, 0xf0, 0x01, 0xff, 0xf0, 0x01, 0xff, 0xf0, 0x01, 0xff, 0xf0, 0x01, 0xff, 0xf0, 0x01, 0xff, 0xf0, 0x01, 0xff,
  0xf0, 0x01, 0xff, 0xf0, 0x01, 0xff, 0xf0, 0x01, 0xff, 0xf0, 0x01, 0xff, 0x2e, 0x4b, 0xfb, 0xec, 0xa4, 0xf6, 0x2c, 0xad, 0xf7, 0x2c, 0xad, 0xf7,
  0x2c, 0xad, 0xf7, 0x2c, 0xad, 0xf7, 0x2c, 0xad, 0xf7, 0x67, 0x73, 0xf9, 0x00, 0x00, 0xff, 0x00, 0x00, 0xff, 0x82, 0x39, 0xfc, 0x29, 0xee, 0xfe,
  0x8a, 0xfe, 0xff, 0x8a, 0xfe, 0xff, 0x8a, 0xfe, 0xff, 0x8a, 0xfe, 0xff, 0x8a, 0xfe, 0xff, 0x8a, 0xfe, 0xff, 0x49, 0xee, 0xff, 0x27, 0xc5, 0xfd,
  0xc4, 0x6a, 0xfb, 0xa1, 0x18, 0xfd, 0x00, 0x00, 0xff, 0x00, 0x08, 0xfe, 0x00, 0x00, 0xff, 0x00, 0x00, 0xf4, 0x00, 0x00, 0x7c, 0x00, 0x00, 0x03,
  0x00, 0x00, 0x45, 0x00, 0x00, 0xf4, 0x00, 0x00, 0xff, 0x20, 0x18, 0xfd, 0x61, 0x50, 0xfc, 0x20, 0x20, 0xfd, 0x00, 0x08, 0xfe, 0xe1, 0x20, 0xfd,
  0x24, 0x7b, 0xfa, 0x48, 0xcd, 0xfe, 0x69, 0xf6, 0xff, 0x8a, 0xfe, 0xff, 0x8a, 0xfe, 0xff, 0x8a, 0xfe, 0xff, 0x8a, 0xfe, 0xff, 0x8a, 0xf6, 0xff,
  0x24, 0x7b, 0xfa, 0x00, 0x00, 0xff, 0x00, 0x00, 0xff, 0xa6, 0x00, 0xf9, 0x30, 0x12, 0xfc, 0x30, 0x12, 0xfc, 0x10, 0x0a, 0xfe, 0xf0, 0x01, 0xff,
  0xf0, 0x01, 0xff, 0xf0, 0x01, 0xff, 0xf0, 0x01, 0xff, 0xf0, 0x01, 0xff, 0xf0, 0x01, 0xff, 0xf0, 0x01, 0xff, 0xf0, 0x01, 0xff, 0xf0, 0x01, 0xff,
  0xf0, 0x01, 0xff, 0xf0, 0x01, 0xff, 0xf0, 0x01, 0xff, 0xf0, 0x01, 0xff, 0xf0, 0x01, 0xff, 0xf0, 0x01, 0xff, 0xf0, 0x01, 0xff, 0xf0, 0x01, 0xff,
  0xf0, 0x01, 0xff, 0xf0, 0x01, 0xff, 0xf0, 0x01, 0xff, 0xf0, 0x01, 0xff, 0xf0, 0x01, 0xff, 0xf0, 0x01, 0xff, 0xf0, 0x01, 0xff, 0xf0, 0x01, 0xff,
  0xf0, 0x01, 0xff, 0xf0, 0x01, 0xff, 0xf0, 0x01, 0xff, 0xf0, 0x01, 0xff, 0xf0, 0x01, 0xff, 0xf0, 0x01, 0xff, 0xf0, 0x01, 0xff, 0xf0, 0x01, 0xff,
  0xf0, 0x01, 0xff, 0xf0, 0x01, 0xff, 0xf0, 0x01, 0xff, 0xf0, 0x01, 0xff, 0xf0, 0x01, 0xff, 0xf0, 0x01, 0xff, 0xf0, 0x01, 0xff, 0xf0, 0x01, 0xff,
  0xf0, 0x01, 0xff, 0xf0, 0x01, 0xff, 0xf0, 0x01, 0xff, 0xf0, 0x01, 0xff, 0xf0, 0x01, 0xff, 0xf0, 0x01, 0xff, 0xf0, 0x01, 0xff, 0xf0, 0x01, 0xff,
  0xf0, 0x01, 0xff, 0xf0, 0x01, 0xff, 0xf0, 0x01, 0xff, 0xf0, 0x01, 0xff, 0xf0, 0x01, 0xff, 0xf0, 0x01, 0xff, 0xf0, 0x01, 0xff, 0xf0, 0x01, 0xff,
  0xf0, 0x01, 0xff, 0xf0, 0x01, 0xff, 0xf0, 0x01, 0xff, 0xf0, 0x01, 0xff, 0xf0, 0x01, 0xff, 0xf0, 0x01, 0xff, 0xf0, 0x01, 0xff, 0xf0, 0x01, 0xff,
  0xf0, 0x01, 0xff, 0xf0, 0x01, 0xff, 0xf0, 0x01, 0xff, 0xf0, 0x01, 0xff, 0xf0, 0x01, 0xff, 0xf0, 0x01, 0xff, 0xf0, 0x01, 0xff, 0xf0, 0x01, 0xff,
  0xf0, 0x01, 0xff, 0xf0, 0x01, 0xff, 0xf0, 0x01, 0xff, 0xf0, 0x01, 0xff, 0xf0, 0x01, 0xff, 0xf0, 0x01, 0xff, 0xf0, 0x01, 0xff, 0xf0, 0x01, 0xff,
  0xf0, 0x01, 0xff, 0xf0, 0x01, 0xff, 0xf0, 0x01, 0xff, 0xf0, 0x01, 0xff, 0xf0, 0x01, 0xff, 0xf0, 0x01, 0xff, 0xf0, 0x01, 0xff, 0xf0, 0x01, 0xff,
  0xf0, 0x01, 0xff, 0xf0, 0x01, 0xff, 0xf0, 0x01, 0xff, 0xf0, 0x01, 0xff, 0xf0, 0x01, 0xff, 0xf0, 0x01, 0xff, 0xf0, 0x01, 0xff, 0xf0, 0x01, 0xff,
  0xf0, 0x01, 0xff, 0xf0, 0x01, 0xff, 0xf0, 0x01, 0xff, 0xf0, 0x01, 0xff, 0xf0, 0x01, 0xff, 0xf0, 0x01, 0xff, 0xf0, 0x01, 0xff, 0xf0, 0x01, 0xff,
  0xf0, 0x01, 0xff, 0xf0, 0x01, 0xff, 0xf0, 0x01, 0xff, 0xf0, 0x01, 0xff, 0xf0, 0x01, 0xff, 0xf0, 0x01, 0xff, 0xf0, 0x01, 0xff, 0xf0, 0x01, 0xff,
  0xf0, 0x01, 0xff, 0xf0, 0x01, 0xff, 0xf0, 0x01, 0xff, 0xf0, 0x01, 0xff, 0xf0, 0x01, 0xff, 0xf0, 0x01, 0xff, 0xf0, 0x01, 0xff, 0xf0, 0x01, 0xff,
  0xf0, 0x01, 0xff, 0xf0, 0x01, 0xff, 0xf0, 0x01, 0xff, 0xf0, 0x01, 0xff, 0xf0, 0x01, 0xff, 0xf0, 0x01, 0xff, 0xf0, 0x01, 0xff, 0xf0, 0x01, 0xff,
  0xf0, 0x01, 0xff, 0xf0, 0x01, 0xff, 0xf0, 0x01, 0xff, 0xf0, 0x01, 0xff, 0xf0, 0x01, 0xff, 0xf0, 0x01, 0xff, 0xf0, 0x01, 0xff, 0xf0, 0x01, 0xff,
  0xf0, 0x01, 0xff, 0xf0, 0x01, 0xff, 0xf0, 0x01, 0xff, 0xf0, 0x01, 0xff, 0xf0, 0x01, 0xff, 0xf0, 0x01, 0xff, 0xf0, 0x01, 0xff, 0xf0, 0x01, 0xff,
  0xf0, 0x01, 0xff, 0xf0, 0x01, 0xff, 0xf0, 0x01, 0xff, 0xf0, 0x01, 0xff, 0x10, 0x0a, 0xfe, 0x30, 0x12, 0xfc, 0x30, 0x12, 0xfc, 0x30, 0x12, 0xfc,
  0x30, 0x12, 0xfc, 0x30, 0x12, 0xfc, 0x30, 0x12, 0xfc, 0x4a, 0x01, 0xfc, 0x00, 0x00, 0xff, 0x00, 0x00, 0xff, 0x82, 0x39, 0xfc, 0x29, 0xee, 0xfe,
  0x8a, 0xfe, 0xff, 0x8a, 0xfe, 0xff, 0x8a, 0xfe, 0xff, 0x8a, 0xfe, 0xff, 0x6a, 0xf6, 0xff, 0xa8, 0xdd, 0xfe, 0x24, 0x7b, 0xfa, 0xe1, 0x20, 0xfd,
  0x00, 0x08, 0xfe, 0x20, 0x18, 0xfd, 0x61, 0x58, 0xfc, 0x40, 0x40, 0xfd, 0x00, 0x00, 0xff, 0x00, 0x00, 0xf4, 0x00, 0x00, 0x7c, 0x00, 0x00, 0x03,
  0x00, 0x00, 0x45, 0x00, 0x00, 0xf4, 0x00, 0x00, 0xff, 0x20, 0x28, 0xfd, 0xe2, 0xb8, 0xfe, 0xe2, 0xa8, 0xfe, 0x81, 0x60, 0xfd, 0x20, 0x20, 0xfd,
  0x00, 0x08, 0xfe, 0xe1, 0x20, 0xfd, 0x24, 0x7b, 0xfa, 0x48, 0xcd, 0xfe, 0x49, 0xee, 0xff, 0x8a, 0xfe, 0xff, 0x8a, 0xfe, 0xff, 0x8a, 0xf6, 0xff,
  0x24, 0x7b, 0xfa, 0x00, 0x00, 0xff, 0x00, 0x00, 0xff, 0xa6, 0x00, 0xf9, 0xae, 0x01, 0xfd, 0xf0, 0x01, 0xff, 0xf0, 0x01, 0xff, 0xf0, 0x01, 0xff,
  0xf0, 0x01, 0xff, 0xf0, 0x01, 0xff, 0xf0, 0x01, 0xff, 0xf0, 0x01, 0xff, 0xf0, 0x01, 0xff, 0xf0, 0x01, 0xff, 0xf0, 0x01, 0xff, 0xf0, 0x01, 0xff,
  0xf0, 0x01, 0xff, 0xf0, 0x01, 0xff, 0xf0, 0x01, 0xff, 0xf0, 0x01, 0xff, 0xf0, 0x01, 0xff, 0xf0, 0x01, 0xff, 0xf0, 0x01, 0xff, 0xf0, 0x01, 0xff,
  0xf0, 0x01, 0xff, 0xf0, 0x01, 0xff, 0xf0, 0x01, 0xff, 0xf0, 0x01, 0xff, 0xf0, 0x01, 0xff, 0xf0, 0x01, 0xff, 0xf0, 0x01, 0xff, 0xf0, 0x01, 0xff,
  0xf0, 0x01, 0xff, 0xf0, 0x01, 0xff, 0xf0, 0x01, 0xff, 0xf0, 0x01, 0xff, 0xf0, 0x01, 0xff, 0xf0, 0x01, 0xff, 0xf0, 0x01, 0xff, 0xf0, 0x01, 0xff,
  0xf0, 0x01, 0xff, 0xf0, 0x01, 0xff, 0xf0, 0x01, 0xff, 0xf0, 0x01, 0xff, 0xf0, 0x01, 0xff, 0xf0, 0x01, 0xff, 0xf0, 0x01, 0xff, 0xf0, 0x01, 0xff,
  0xf0, 0x01, 0xff, 0xf0, 0x01, 0xff, 0xf0, 0x01, 0xff, 0xf0, 0x01, 0xff, 0xf0, 0x01, 0xff, 0xf0, 0x01, 0xff, 0xf0, 0x01, 0xff, 0xf0, 0x01, 0xff,
  0xf0, 0x01, 0xff, 0xf0, 0x01, 0xff, 0xf0, 0x01, 0xff, 0xf0, 0x01, 0xff, 0xf0, 0x01, 0xff, 0xf0, 0x01, 0xff, 0xf0, 0x01, 0xff, 0xf0, 0x01, 0xff,
  0xf0, 0x01, 0xff, 0xf0, 0x01, 0xff, 0xf0, 0x01, 0xff, 0xf0, 0x01, 0xff, 0xf0, 0x01, 0xff, 0xf0, 0x01, 0xff, 0xf0, 0x01, 0xff, 0xf0, 0x01, 0xff,
  0xf0, 0x01, 0xff, 0xf0, 0x01, 0xff, 0xf0, 0x01, 0xff, 0xf0, 0x01, 0xff, 0xf0, 0x01, 0xff, 0xf0, 0x01, 0xff, 0xf0, 0x01, 0xff, 0xf0, 0x01, 0xff,
  0xf0, 0x01, 0xff, 0xf0, 0x01, 0xff, 0xf0, 0x01, 0xff, 0xf0, 0x01, 0xff, 0xf0, 0x01, 0xff, 0xf0, 0x01, 0xff, 0xf0, 0x01, 0xff, 0xf0, 0x01, 0xff,
  0xf0, 0x01, 0xff, 0xf0, 0x01, 0xff, 0xf0, 0x01, 0xff, 0xf0, 0x01, 0xff, 0xf0, 0x01, 0xff, 0xf0, 0x01, 0xff, 0xf0, 0x01, 0xff, 0xf0, 0x01, 0xff,
  0xf0, 0x01, 0xff, 0xf0, 0x01, 0xff, 0xf0, 0x01, 0xff, 0xf0, 0x01, 0xff, 0xf0, 0x01, 0xff, 0xf0, 0x01, 0xff, 0xf0, 0x01, 0xff, 0xf0, 0x01, 0xff,
  0xf0, 0x01, 0xff, 0xf0, 0x01, 0xff, 0xf0, 0x01, 0xff, 0xf0, 0x01, 0xff, 0xf0, 0x01, 0xff, 0xf0, 0x01, 0xff, 0xf0, 0x01, 0xff, 0xf0, 0x01, 0xff,
  0xf0, 0x01, 0xff, 0xf0, 0x01, 0xff, 0xf0, 0x01, 0xff, 0xf0, 0x01, 0xff, 0xf0, 0x01, 0xff, 0xf0, 0x01, 0xff, 0xf0, 0x01, 0xff, 0xf0, 0x01, 0xff,
  0xf0, 0x01, 0xff, 0xf0, 0x01, 0xff, 0xf0, 0x01, 0xff, 0xf0, 0x01, 0xff, 0xf0, 0x01, 0xff, 0xf0, 0x01, 0xff, 0xf0, 0x01, 0xff, 0xf0, 0x01, 0xff,
  0xf0, 0x01, 0xff, 0xf0, 0x01, 0xff, 0xf0, 0x01, 0xff, 0xf0, 0x01, 0xff, 0xf0, 0x01, 0xff, 0xf0, 0x01, 0xff, 0xf0, 0x01, 0xff, 0xf0, 0x01, 0xff,
  0xf0, 0x01, 0xff, 0xf0, 0x01, 0xff, 0xf0, 0x01, 0xff, 0xf0, 0x01, 0xff, 0xf0, 0x01, 0xff, 0xf0, 0x01, 0xff, 0xf0, 0x01, 0xff, 0xf0, 0x01, 0xff,
  0xf0, 0x01, 0xff, 0xf0, 0x01, 0xff, 0xf0, 0x01, 0xff, 0xf0, 0x01, 0xff, 0xf0, 0x01, 0xff, 0xf0, 0x01, 0xff, 0xf0, 0x01, 0xff, 0xf0, 0x01, 0xff,
  0xf0, 0x01, 0xff, 0xf0, 0x01, 0xff, 0xf0, 0x01, 0xff, 0xf0, 0x01, 0xff, 0xf0, 0x01, 0xff, 0xf0, 0x01, 0xff, 0xf0, 0x01, 0xff, 0xf0, 0x01, 0xff,
  0xf0, 0x01, 0xff, 0xf0, 0x01, 0xff, 0xf0, 0x01, 0xff, 0x4a, 0x01, 0xfc, 0x00, 0x00, 0xff, 0x00, 0x00, 0xff, 0x82, 0x39, 0xfc, 0x29, 0xee, 0xfe,
  0x8a, 0xfe, 0xff, 0x8a, 0xfe, 0xff, 0x69, 0xf6, 0xff, 0x48, 0xcd, 0xfe, 0x24, 0x7b, 0xfa, 0x21, 0x29, 0xfb, 0x00, 0x08, 0xfe, 0x20, 0x18, 0xfd,
  0x61, 0x58, 0xfc, 0xe2, 0xa0, 0xfd, 0x02, 0xc1, 0xff, 0x61, 0x58, 0xf7, 0x00, 0x00, 0xff, 0x00, 0x00, 0xf4, 0x00, 0x00, 0x7c, 0x00, 0x00, 0x03,
  0x00, 0x00, 0x45, 0x00, 0x00, 0xf4, 0x00, 0x00, 0xff, 0x20, 0x20, 0xfd, 0xe2, 0xb0, 0xfe, 0x02, 0xc9, 0xff, 0x02, 0xc1, 0xff, 0xe2, 0xa8, 0xfe,
  0x81, 0x68, 0xfd, 0x20, 0x28, 0xfd, 0x00, 0x08, 0xfe, 0xa1, 0x18, 0xfd, 0xc4, 0x6a, 0xfb, 0xe7, 0xbc, 0xfd, 0x49, 0xee, 0xff, 0x8a, 0xf6, 0xff,
  0xa5, 0x8b, 0xfc, 0x00, 0x00, 0xff, 0x00, 0x00, 0xff, 0xa6, 0x00, 0xf9, 0xae, 0x01, 0xfd, 0xf0, 0x01, 0xff, 0xf0, 0x01, 0xff, 0xf0, 0x01, 0xff,
  0xf0, 0x01, 0xff, 0xf0, 0x01, 0xff, 0xf0, 0x01, 0xff, 0xf0, 0x01, 0xff, 0xf0, 0x01, 0xff, 0xf0, 0x01, 0xff, 0xf0, 0x01, 0xff, 0xf0, 0x01, 0xff,
  0xf0, 0x01, 0xff, 0xf0, 0x01, 0xff, 0xf0, 0x01, 0xff, 0xf0, 0x01, 0xff, 0xf0, 0x01, 0xff, 0xf0, 0x01, 0xff, 0xf0, 0x01, 0xff, 0xf0, 0x01, 0xff,
  0xf0, 0x01, 0xff, 0xf0, 0x01, 0xff, 0xf0, 0x01, 0xff, 0xf0, 0x01, 0xff, 0xf0, 0x01, 0xff, 0xf0, 0x01, 0xff, 0xf0, 0x01, 0xff, 0xf0, 0x01, 0xff,
  0xf0, 0x01, 0xff, 0xf0, 0x01, 0xff, 0xf0, 0x01, 0xff, 0xf0, 0x01, 0xff, 0xf0, 0x01, 0xff, 0xf0, 0x01, 0xff, 0xf0, 0x01, 0xff, 0xf0, 0x01, 0xff,
  0xf0, 0x01, 0xff, 0xf0, 0x01, 0xff, 0xf0, 0x01, 0xff, 0xf0, 0x01, 0xff, 0xf0, 0x01, 0xff, 0xf0, 0x01, 0xff, 0xf0, 0x01, 0xff, 0xf0, 0x01, 0xff,
  0xf0, 0x01, 0xff, 0xf0, 0x01, 0xff, 0xf0, 0x01, 0xff, 0xf0, 0x01, 0xff, 0xf0, 0x01, 0xff, 0xf0, 0x01, 0xff, 0xf0, 0x01, 0xff, 0xf0, 0x01, 0xff,
  0xf0, 0x01, 0xff, 0xf0, 0x01, 0xff, 0xf0, 0x01, 0xff, 0xf0, 0x01, 0xff, 0xf0, 0x01, 0xff, 0xf0, 0x01, 0xff, 0xf0, 0x01, 0xff, 0xf0, 0x01, 0xff,
  0xf0, 0x01, 0xff, 0xf0, 0x01, 0xff, 0xf0, 0x01, 0xff, 0xf0, 0x01, 0xff, 0xf0, 0x01, 0xff, 0xf0, 0x01, 0xff, 0xf0, 0x01, 0xff, 0xf0, 0x01, 0xff,
  0xf0, 0x01, 0xff, 0xf0, 0x01, 0xff, 0xf0, 0x01, 0xff, 0xf0, 0x01, 0xff, 0xf0, 0x01, 0xff, 0xf0, 0x01, 0xff, 0xf0, 0x01, 0xff, 0xf0, 0x01, 0xff,
  0xf0, 0x01, 0xff, 0xf0, 0x01, 0xff, 0xf0, 0x01, 0xff, 0xf0, 0x01, 0xff, 0xf0, 0x01, 0xff, 0xf0, 0x01, 0xff, 0xf0, 0x01, 0xff, 0xf0, 0x01, 0xff,
  0xf0, 0x01, 0xff, 0xf0, 0x01, 0xff, 0xf0, 0x01, 0xff, 0xf0, 0x01, 0xff, 0xf0, 0x01, 0xff, 0xf0, 0x01, 0xff, 0xf0, 0x01, 0xff, 0xf0, 0x01, 0xff,
  0xf0, 0x01, 0xff, 0xf0, 0x01, 0xff, 0xf0, 0x01, 0xff, 0xf0, 0x01, 0xff, 0xf0, 0x01, 0xff, 0xf0, 0x01, 0xff, 0xf0, 0x01, 0xff, 0xf0, 0x01, 0xff,
  0xf0, 0x01, 0xff, 0xf0, 0x01, 0xff, 0xf0, 0x01, 0xff, 0xf0, 0x01, 0xff, 0xf0, 0x01, 0xff, 0xf0, 0x01, 0xff, 0xf0, 0x01, 0xff, 0xf0, 0x01, 0xff,
  0xf0, 0x01, 0xff, 0xf0, 0x01, 0xff, 0xf0, 0x01, 0xff, 0xf0, 0x01, 0xff, 0xf0, 0x01, 0xff, 0xf0, 0x01, 0xff, 0xf0, 0x01, 0xff, 0xf0, 0x01, 0xff,
  0xf0, 0x01, 0xff, 0xf0, 0x01, 0xff, 0xf0, 0x01, 0xff, 0xf0, 0x01, 0xff, 0xf0, 0x01, 0xff, 0xf0, 0x01, 0xff, 0xf0, 0x01, 0xff, 0xf0, 0x01, 0xff,
  0xf0, 0x01, 0xff, 0xf0, 0x01, 0xff, 0xf0, 0x01, 0xff, 0xf0, 0x01, 0xff, 0xf0, 0x01, 0xff, 0xf0, 0x01, 0xff, 0xf0, 0x01, 0xff, 0xf0, 0x01, 0xff,
  0xf0, 0x01, 0xff, 0xf0, 0x01, 0xff, 0xf0, 0x01, 0xff, 0xf0, 0x01, 0xff, 0xf0, 0x01, 0xff, 0xf0, 0x01, 0xff, 0xf0, 0x01, 0xff, 0xf0, 0x01, 0xff,
  0xf0, 0x01, 0xff, 0xf0, 0x01, 0xff, 0xf0, 0x01, 0xff, 0xf0, 0x01, 0xff, 0xf0, 0x01, 0xff, 0xf0, 0x01, 0xff, 0xf0, 0x01, 0xff, 0xf0, 0x01, 0xff,
  0xf0, 0x01, 0xff, 0xf0, 0x01, 0xff, 0xf0, 0x01, 0xff, 0xf0, 0x01, 0xff, 0xf0, 0x01, 0xff, 0xf0, 0x01, 0xff, 0xf0, 0x01, 0xff, 0xf0, 0x01, 0xff,
  0xf0, 0x01, 0xff, 0xf0, 0x01, 0xff, 0xf0, 0x01, 0xff, 0x4a, 0x01, 0xfc, 0x00, 0x00, 0xff, 0x00, 0x00, 0xff, 0xc2, 0x41, 0xfc, 0x49, 0xee, 0xff,
  0x49, 0xee, 0xff, 0x48, 0xcd, 0xfe, 0x04, 0x73, 0xfc, 0xe1, 0x20, 0xfd, 0x00, 0x08, 0xfe, 0x20, 0x20, 0xfd, 0x81, 0x68, 0xfd, 0xe2, 0xa8, 0xfe,
  0x02, 0xc1, 0xff, 0x02, 0xc9, 0xff, 0x02, 0xc9, 0xff, 0x60, 0x48, 0xfa, 0x00, 0x00, 0xff, 0x00, 0x00, 0xf4, 0x00, 0x00, 0x7c, 0x00, 0x00, 0x03,
  0x00, 0x00, 0x3c, 0x00, 0x00, 0xec, 0x00, 0x00, 0xff, 0x20, 0x20, 0xfd, 0xe2, 0xb0, 0xfe, 0x02, 0xc9, 0xff, 0x02, 0xc9, 0xff, 0x02, 0xc9, 0xff,
  0x02, 0xc9, 0xff, 0xe2, 0xb0, 0xfe, 0x81, 0x70, 0xfc, 0x20, 0x20, 0xfd, 0x00, 0x08, 0xfe, 0xa1, 0x18, 0xfd, 0xc4, 0x6a, 0xfb, 0xe7, 0xbc, 0xfd,
  0xa5, 0x8b, 0xfc, 0x00, 0x08, 0xfe, 0x00, 0x00, 0xff, 0xa6, 0x00, 0xf9, 0xae, 0x01, 0xfd, 0xf0, 0x01, 0xff, 0xf0, 0x01, 0xff, 0xf0, 0x01, 0xff,
  0xf0, 0x01, 0xff, 0xf0, 0x01, 0xff, 0xf0, 0x01, 0xff, 0xf0, 0x01, 0xff, 0xf0, 0x01, 0xff, 0xf0, 0x01, 0xff, 0xf0, 0x01, 0xff, 0xf0, 0x01, 0xff,
  0xf0, 0x01, 0xff, 0xf0, 0x01, 0xff, 0xf0, 0x01, 0xff, 0xf0, 0x01, 0xff, 0xf0, 0x01, 0xff, 0xf0, 0x01, 0xff, 0xf0, 0x01, 0xff, 0xf0, 0x01, 0xff,
  0xf0, 0x01, 0xff, 0xf0, 0x01, 0xff, 0xf0, 0x01, 0xff, 0xf0, 0x01, 0xff, 0xf0, 0x01, 0xff, 0xf0, 0x01, 0xff, 0xf0, 0x01, 0xff, 0xf0, 0x01, 0xff,
  0xf0, 0x01, 0xff, 0xf0, 0x01, 0xff, 0xf0, 0x01, 0xff, 0xf0, 0x01, 0xff, 0xf0, 0x01, 0xff, 0xf0, 0x01, 0xff, 0xf0, 0x01, 0xff, 0xf0, 0x01, 0xff,
  0xf0, 0x01, 0xff, 0xf0, 0x01, 0xff, 0xf0, 0x01, 0xff, 0xf0, 0x01, 0xff, 0xf0, 0x01, 0xff, 0xf0, 0x01, 0xff, 0xf0, 0x01, 0xff, 0xf0, 0x01, 0xff,
  0xf0, 0x01, 0xff, 0xf0, 0x01, 0xff, 0xf0, 0x01, 0xff, 0xf0, 0x01, 0xff, 0xf0, 0x01, 0xff, 0xf0, 0x01, 0xff, 0xf0, 0x01, 0xff, 0xf0, 0x01, 0xff,
  0xf0, 0x01, 0xff, 0xf0, 0x01, 0xff, 0xf0, 0x01, 0xff, 0xf0, 0x01, 0xff, 0xf0, 0x01, 0xff, 0xf0, 0x01, 0xff, 0xf0, 0x01, 0xff, 0xf0, 0x01, 0xff,
  0xf0, 0x01, 0xff, 0xf0, 0x01, 0xff, 0xf0, 0x01, 0xff, 0xf0, 0x01, 0xff, 0xf0, 0x01, 0xff, 0xf0, 0x01, 0xff, 0xf0, 0x01, 0xff, 0xf0, 0x01, 0xff,
  0xf0, 0x01, 0xff, 0xf0, 0x01, 0xff, 0xf0, 0x01, 0xff, 0xf0, 0x01, 0xff, 0xf0, 0x01, 0xff, 0xf0, 0x01, 0xff, 0xf0, 0x01, 0xff, 0xf0, 0x01, 0xff,
  0xf0, 0x01, 0xff, 0xf0, 0x01, 0xff, 0xf0, 0x01, 0xff, 0xf0, 0x01, 0xff, 0xf0, 0x01, 0xff, 0xf0, 0x01, 0xff, 0xf0, 0x01, 0xff, 0xf0, 0x01, 0xff,
  0xf0, 0x01, 0xff, 0xf0, 0x01, 0xff, 0xf0, 0x01, 0xff, 0xf0, 0x01, 0xff, 0xf0, 0x01, 0xff, 0xf0, 0x01, 0xff, 0xf0, 0x01, 0xff, 0xf0, 0x01, 0xff,
  0xf0, 0x01, 0xff, 0xf0, 0x01, 0xff, 0xf0, 0x01, 0xff, 0xf0, 0x01, 0xff, 0xf0, 0x01, 0xff, 0xf0, 0x01, 0xff, 0xf0, 0x01, 0xff, 0xf0, 0x01, 0xff,
  0xf0, 0x01, 0xff, 0xf0, 0x01, 0xff, 0xf0, 0x01, 0xff, 0xf0, 0x01, 0xff, 0xf0, 0x01, 0xff, 0xf0, 0x01, 0xff, 0xf0, 0x01, 0xff, 0xf0, 0x01, 0xff,
  0xf0, 0x01, 0xff, 0xf0, 0x01, 0xff, 0xf0, 0x01, 0xff, 0xf0, 0x01, 0xff, 0xf0, 0x01, 0xff, 0xf0, 0x01, 0xff, 0xf0, 0x01, 0xff, 0xf0, 0x01, 0xff,
  0xf0, 0x01, 0xff, 0xf0, 0x01, 0xff, 0xf0, 0x01, 0xff, 0xf0, 0x01, 0xff, 0xf0, 0x01, 0xff, 0xf0, 0x01, 0xff, 0xf0, 0x01, 0xff, 0xf0, 0x01, 0xff,
  0xf0, 0x01, 0xff, 0xf0, 0x01, 0xff, 0xf0, 0x01, 0xff, 0xf0, 0x01, 0xff, 0xf0, 0x01, 0xff, 0xf0, 0x01, 0xff, 0xf0, 0x01, 0xff, 0xf0, 0x01, 0xff,
  0xf0, 0x01, 0xff, 0xf0, 0x01, 0xff, 0xf0, 0x01, 0xff, 0xf0, 0x01, 0xff, 0xf0, 0x01, 0xff, 0xf0, 0x01, 0xff, 0xf0, 0x01, 0xff, 0xf0, 0x01, 0xff,
  0xf0, 0x01, 0xff, 0xf0, 0x01, 0xff, 0xf0, 0x01, 0xff, 0xf0, 0x01, 0xff, 0xf0, 0x01, 0xff, 0xf0, 0x01, 0xff, 0xf0, 0x01, 0xff, 0xf0, 0x01, 0xff,
  0xf0, 0x01, 0xff, 0xf0, 0x01, 0xff, 0xf0, 0x01, 0xff, 0xf0, 0x01, 0xff, 0xf0, 0x01, 0xff, 0xf0, 0x01, 0xff, 0xf0, 0x01, 0xff, 0xf0, 0x01, 0xff,
  0xf0, 0x01, 0xff, 0xf0, 0x01, 0xff, 0xf0, 0x01, 0xff, 0x4a, 0x01, 0xfc, 0x00, 0x00, 0xff, 0x00, 0x00, 0xff, 0xc2, 0x41, 0xfc, 0x27, 0xc5, 0xfd,
  0xc4, 0x6a, 0xfb, 0xe1, 0x20, 0xfd, 0x00, 0x08, 0xfe, 0x20, 0x20, 0xfd, 0x81, 0x68, 0xfd, 0xe2, 0xa8, 0xfe, 0x02, 0xc9, 0xff, 0x02, 0xc9, 0xff,
  0x02, 0xc9, 0xff, 0x02, 0xc9, 0xff, 0x02, 0xc9, 0xff, 0x60, 0x48, 0xfa, 0x00, 0x00, 0xff, 0x00, 0x00, 0xf4, 0x00, 0x00, 0x6c, 0x00, 0x00, 0x03,
  0x00, 0x00, 0x34, 0x00, 0x00, 0xe4, 0x00, 0x00, 0xff, 0x20, 0x18, 0xfd, 0xe2, 0xa8, 0xfe, 0x02, 0xc9, 0xff, 0x02, 0xc9, 0xff, 0x02, 0xc9, 0xff,
  0x02, 0xc9, 0xff, 0x02, 0xc9, 0xff, 0x02, 0xc1, 0xff, 0xe2, 0xa0, 0xfd, 0x81, 0x60, 0xfd, 0x20, 0x20, 0xfd, 0x00, 0x08, 0xfe, 0xe1, 0x20, 0xfd,
  0x62, 0x31, 0xfc, 0x00, 0x00, 0xff, 0x00, 0x00, 0xff, 0x62, 0x00, 0xfd, 0xae, 0x01, 0xfd, 0xf0, 0x01, 0xff, 0xf0, 0x01, 0xff, 0xf0, 0x01, 0xff,
  0xf0, 0x01, 0xff, 0xf0, 0x01, 0xff, 0xf0, 0x01, 0xff, 0xf0, 0x01, 0xff, 0xf0, 0x01, 0xff, 0xf0, 0x01, 0xff, 0xf0, 0x01, 0xff, 0xf0, 0x01, 0xff,
  0xf0, 0x01, 0xff, 0xf0, 0x01, 0xff, 0xf0, 0x01, 0xff, 0xf0, 0x01, 0xff, 0xf0, 0x01, 0xff, 0xf0, 0x01, 0xff, 0xf0, 0x01, 0xff, 0xf0, 0x01, 0xff,
  0xf0, 0x01, 0xff, 0xf0, 0x01, 0xff, 0xf0, 0x01, 0xff, 0xf0, 0x01, 0xff, 0xf0, 0x01, 0xff, 0xf0, 0x01, 0xff, 0xf0, 0x01, 0xff, 0xf0, 0x01, 0xff,
  0xf0, 0x01, 0xff, 0xf0, 0x01, 0xff, 0xf0, 0x01, 0xff, 0xf0, 0x01, 0xff, 0xf0, 0x01, 0xff, 0xf0, 0x01, 0xff, 0xf0, 0x01, 0xff, 0xf0, 0x01, 0xff,
  0xf0, 0x01, 0xff, 0xf0, 0x01, 0xff, 0xf0, 0x01, 0xff, 0xf0, 0x01, 0xff, 0xf0, 0x01, 0xff, 0xf0, 0x01, 0xff, 0xf0, 0x01, 0xff, 0xf0, 0x01, 0xff,
  0xf0, 0x01, 0xff, 0xf0, 0x01, 0xff, 0xf0, 0x01, 0xff, 0xf0, 0x01, 0xff, 0xf0, 0x01, 0xff, 0xf0, 0x01, 0xff, 0xf0, 0x01, 0xff, 0xf0, 0x01, 0xff,
  0xf0, 0x01, 0xff, 0xf0, 0x01, 0xff, 0xf0, 0x01, 0xff, 0xf0, 0x01, 0xff, 0xf0, 0x01, 0xff, 0xf0, 0x01, 0xff, 0xf0, 0x01, 0xff, 0xf0, 0x01, 0xff,
  0xf0, 0x01, 0xff, 0xf0, 0x01, 0xff, 0xf0, 0x01, 0xff, 0xf0, 0x01, 0xff, 0xf0, 0x01, 0xff, 0xf0, 0x01, 0xff, 0xf0, 0x01, 0xff, 0xf0, 0x01, 0xff,
  0xf0, 0x01, 0xff, 0xf0, 0x01, 0xff, 0xf0, 0x01, 0xff, 0xf0, 0x01, 0xff, 0xf0, 0x01, 0xff, 0xf0, 0x01, 0xff, 0xf0, 0x01, 0xff, 0xf0, 0x01, 0xff,
  0xf0, 0x01, 0xff, 0xf0, 0x01, 0xff, 0xf0, 0x01, 0xff, 0xf0, 0x01, 0xff, 0xf0, 0x01, 0xff, 0xf0, 0x01, 0xff, 0xf0, 0x01, 0xff, 0xf0, 0x01, 0xff,
  0xf0, 0x01, 0xff, 0xf0, 0x01, 0xff, 0xf0, 0x01, 0xff, 0xf0, 0x01, 0xff, 0xf0, 0x01, 0xff, 0xf0, 0x01, 0xff, 0xf0, 0x01, 0xff, 0xf0, 0x01, 0xff,
  0xf0, 0x01, 0xff, 0xf0, 0x01, 0xff, 0xf0, 0x01, 0xff, 0xf0, 0x01, 0xff, 0xf0, 0x01, 0xff, 0xf0, 0x01, 0xff, 0xf0, 0x01, 0xff, 0xf0, 0x01, 0xff,
  0xf0, 0x01, 0xff, 0xf0, 0x01, 0xff, 0xf0, 0x01, 0xff, 0xf0, 0x01, 0xff, 0xf0, 0x01, 0xff, 0xf0, 0x01, 0xff, 0xf0, 0x01, 0xff, 0xf0, 0x01, 0xff,
  0xf0, 0x01, 0xff, 0xf0, 0x01, 0xff, 0xf0, 0x01, 0xff, 0xf0, 0x01, 0xff, 0xf0, 0x01, 0xff, 0xf0, 0x01, 0xff, 0xf0, 0x01, 0xff, 0xf0, 0x01, 0xff,
  0xf0, 0x01, 0xff, 0xf0, 0x01, 0xff, 0xf0, 0x01, 0xff, 0xf0, 0x01, 0xff, 0xf0, 0x01, 0xff, 0xf0, 0x01, 0xff, 0xf0, 0x01, 0xff, 0xf0, 0x01, 0xff,
  0xf0, 0x01, 0xff, 0xf0, 0x01, 0xff, 0xf0, 0x01, 0xff, 0xf0, 0x01, 0xff, 0xf0, 0x01, 0xff, 0xf0, 0x01, 0xff, 0xf0, 0x01, 0xff, 0xf0, 0x01, 0xff,
  0xf0, 0x01, 0xff, 0xf0, 0x01, 0xff, 0xf0, 0x01, 0xff, 0xf0, 0x01, 0xff, 0xf0, 0x01, 0xff, 0xf0, 0x01, 0xff, 0xf0, 0x01, 0xff, 0xf0, 0x01, 0xff,
  0xf0, 0x01, 0xff, 0xf0, 0x01, 0xff, 0xf0, 0x01, 0xff, 0xf0, 0x01, 0xff, 0xf0, 0x01, 0xff, 0xf0, 0x01, 0xff, 0xf0, 0x01, 0xff, 0xf0, 0x01, 0xff,
  0xf0, 0x01, 0xff, 0xf0, 0x01, 0xff, 0xf0, 0x01, 0xff, 0xf0, 0x01, 0xff, 0xf0, 0x01, 0xff, 0xf0, 0x01, 0xff, 0xf0, 0x01, 0xff, 0xf0, 0x01, 0xff,
  0xf0, 0x01, 0xff, 0xf0, 0x01, 0xff, 0xf0, 0x01, 0xff, 0x4a, 0x01, 0xfc, 0x00, 0x00, 0xff, 0x00, 0x00, 0xff, 0xa1, 0x18, 0xfd, 0x21, 0x29, 0xfb,
  0x00, 0x08, 0xfe, 0x20, 0x18, 0xfd, 0x61, 0x58, 0xfc, 0xe2, 0xa0, 0xfd, 0x02, 0xc1, 0xff, 0x02, 0xc9, 0xff, 0x02, 0xc9, 0xff, 0x02, 0xc9, 0xff,
  0x02, 0xc9, 0xff, 0x02, 0xc9, 0xff, 0x02, 0xc9, 0xff, 0x40, 0x40, 0xfd, 0x00, 0x00, 0xff, 0x00, 0x00, 0xf4, 0x00, 0x00, 0x5c, 0x00, 0x00, 0x03,
  0x00, 0x00, 0x2c, 0x00, 0x00, 0xdb, 0x00, 0x00, 0xff, 0x00, 0x10, 0xfd, 0xe2, 0xa0, 0xfd, 0x02, 0xc9, 0xff, 0x02, 0xc9, 0xff, 0x02, 0xc9, 0xff,
  0x02, 0xc9, 0xff, 0x02, 0xc9, 0xff, 0x02, 0xc9, 0xff, 0x02, 0xc9, 0xff, 0x02, 0xc1, 0xff, 0xe2, 0xa8, 0xfe, 0x81, 0x60, 0xfd, 0x20, 0x28, 0xfd,
  0x00, 0x00, 0xff, 0x00, 0x00, 0xff, 0x00, 0x00, 0xff, 0x62, 0x00, 0xfd, 0xae, 0x01, 0xfd, 0xf0, 0x01, 0xff, 0xf0, 0x01, 0xff, 0xf0, 0x01, 0xff,
  0xf0, 0x01, 0xff, 0xf0, 0x01, 0xff, 0xf0, 0x01, 0xff, 0xf0, 0x01, 0xff, 0xf0, 0x01, 0xff, 0xf0, 0x01, 0xff, 0xf0, 0x01, 0xff, 0xf0, 0x01, 0xff,
  0xf0, 0x01, 0xff, 0xf0, 0x01, 0xff, 0xf0, 0x01, 0xff, 0xf0, 0x01, 0xff, 0xf0, 0x01, 0xff, 0xf0, 0x01, 0xff, 0xf0, 0x01, 0xff, 0xf0, 0x01, 0xff,
  0xf0, 0x01, 0xff, 0xf0, 0x01, 0xff, 0xf0, 0x01, 0xff, 0xf0, 0x01, 0xff, 0xf0, 0x01, 0xff, 0xf0, 0x01, 0xff, 0xf0, 0x01, 0xff, 0xf0, 0x01, 0xff,
  0xf0, 0x01, 0xff, 0xf0, 0x01, 0xff, 0xf0, 0x01, 0xff, 0xf0, 0x01, 0xff, 0xf0, 0x01, 0xff, 0xf0, 0x01, 0xff, 0xf0, 0x01, 0xff, 0xf0, 0x01, 0xff,
  0xf0, 0x01, 0xff, 0xf0, 0x01, 0xff, 0xf0, 0x01, 0xff, 0xf0, 0x01, 0xff, 0xf0, 0x01, 0xff, 0xf0, 0x01, 0xff, 0xf0, 0x01, 0xff, 0xf0, 0x01, 0xff,
  0xf0, 0x01, 0xff, 0xf0, 0x01, 0xff, 0xf0, 0x01, 0xff, 0xf0, 0x01, 0xff, 0xf0, 0x01, 0xff, 0xf0, 0x01, 0xff, 0xf0, 0x01, 0xff, 0xf0, 0x01, 0xff,
  0xf0, 0x01, 0xff, 0xf0, 0x01, 0xff, 0xf0, 0x01, 0xff, 0xf0, 0x01, 0xff, 0xf0, 0x01, 0xff, 0xf0, 0x01, 0xff, 0xf0, 0x01, 0xff, 0xf0, 0x01, 0xff,
  0xf0, 0x01, 0xff, 0xf0, 0x01, 0xff, 0xf0, 0x01, 0xff, 0xf0, 0x01, 0xff, 0xf0, 0x01, 0xff, 0xf0, 0x01, 0xff, 0xf0, 0x01, 0xff, 0xf0, 0x01, 0xff,
  0xf0, 0x01, 0xff, 0xf0, 0x01, 0xff, 0xf0, 0x01, 0xff, 0xf0, 0x01, 0xff, 0xf0, 0x01, 0xff, 0xf0, 0x01, 0xff, 0xf0, 0x01, 0xff, 0xf0, 0x01, 0xff,
  0xf0, 0x01, 0xff, 0xf0, 0x01, 0xff, 0xf0, 0x01, 0xff, 0xf0, 0x01, 0xff, 0xf0, 0x01, 0xff, 0xf0, 0x01, 0xff, 0xf0, 0x01, 0xff, 0xf0, 0x01, 0xff,
  0xf0, 0x01, 0xff, 0xf0, 0x01, 0xff, 0xf0, 0x01, 0xff, 0xf0, 0x01, 0xff, 0xf0, 0x01, 0xff, 0xf0, 0x01, 0xff, 0xf0, 0x01, 0xff, 0xf0, 0x01, 0xff,
  0xf0, 0x01, 0xff, 0xf0, 0x01, 0xff, 0xf0, 0x01, 0xff, 0xf0, 0x01, 0xff, 0xf0, 0x01, 0xff, 0xf0, 0x01, 0xff, 0xf0, 0x01, 0xff, 0xf0, 0x01, 0xff,
  0xf0, 0x01, 0xff, 0xf0, 0x01, 0xff, 0xf0, 0x01, 0xff, 0xf0, 0x01, 0xff, 0xf0, 0x01, 0xff, 0xf0, 0x01, 0xff, 0xf0, 0x01, 0xff, 0xf0, 0x01, 0xff,
  0xf0, 0x01, 0xff, 0xf0, 0x01, 0xff, 0xf0, 0x01, 0xff, 0xf0, 0x01, 0xff, 0xf0, 0x01, 0xff, 0xf0, 0x01, 0xff, 0xf0, 0x01, 0xff, 0xf0, 0x01, 0xff,
  0xf0, 0x01, 0xff, 0xf0, 0x01, 0xff, 0xf0, 0x01, 0xff, 0xf0, 0x01, 0xff, 0xf0, 0x01, 0xff, 0xf0, 0x01, 0xff, 0xf0, 0x01, 0xff, 0xf0, 0x01, 0xff,
  0xf0, 0x01, 0xff, 0xf0, 0x01, 0xff, 0xf0, 0x01, 0xff, 0xf0, 0x01, 0xff, 0xf0, 0x01, 0xff, 0xf0, 0x01, 0xff, 0xf0, 0x01, 0xff, 0xf0, 0x01, 0xff,
  0xf0, 0x01, 0xff, 0xf0, 0x01, 0xff, 0xf0, 0x01, 0xff, 0xf0, 0x01, 0xff, 0xf0, 0x01, 0xff, 0xf0, 0x01, 0xff, 0xf0, 0x01, 0xff, 0xf0, 0x01, 0xff,
  0xf0, 0x01, 0xff, 0xf0, 0x01, 0xff, 0xf0, 0x01, 0xff, 0xf0, 0x01, 0xff, 0xf0, 0x01, 0xff, 0xf0, 0x01, 0xff, 0xf0, 0x01, 0xff, 0xf0, 0x01, 0xff,
  0xf0, 0x01, 0xff, 0xf0, 0x01, 0xff, 0xf0, 0x01, 0xff, 0xf0, 0x01, 0xff, 0xf0, 0x01, 0xff, 0xf0, 0x01, 0xff, 0xf0, 0x01, 0xff, 0xf0, 0x01, 0xff,
  0xf0, 0x01, 0xff, 0xf0, 0x01, 0xff, 0xf0, 0x01, 0xff, 0xa6, 0x00, 0xf9, 0x00, 0x00, 0xff, 0x00, 0x00, 0xff, 0x00, 0x00, 0xff, 0x20, 0x20, 0xfd,
  0x81, 0x60, 0xfd, 0xe2, 0xa0, 0xfd, 0x02, 0xc1, 0xff, 0x02, 0xc9, 0xff, 0x02, 0xc9, 0xff, 0x02, 0xc9, 0xff, 0x02, 0xc9, 0xff, 0x02, 0xc9, 0xff,
  0x02, 0xc9, 0xff, 0x02, 0xc9, 0xff, 0x02, 0xc1, 0xff, 0x40, 0x40, 0xfd, 0x00, 0x00, 0xff, 0x00, 0x00, 0xf4, 0x00, 0x00, 0x4c, 0x00, 0x00, 0x02,
  0x00, 0x00, 0x24, 0x00, 0x00, 0xd5, 0x00, 0x00, 0xff, 0x00, 0x08, 0xfe, 0xc1, 0x98, 0xf8, 0x02, 0xc9, 0xff, 0x02, 0xc9, 0xff, 0x02, 0xc9, 0xff,
  0x02, 0xc9, 0xff, 0x02, 0xc9, 0xff, 0x02, 0xc9, 0xff, 0x02, 0xc9, 0xff, 0x02, 0xc9, 0xff, 0x02, 0xc9, 0xff, 0x02, 0xc9, 0xff, 0xe2, 0xb0, 0xfe,
  0x81, 0x58, 0xfc, 0x00, 0x08, 0xfe, 0x00, 0x00, 0xff, 0x62, 0x00, 0xfd, 0xae, 0x01, 0xfd, 0xf0, 0x01, 0xff, 0xf0, 0x01, 0xff, 0xf0, 0x01, 0xff,
  0xf0, 0x01, 0xff, 0xf0, 0x01, 0xff, 0xf0, 0x01, 0xff, 0xf0, 0x01, 0xff, 0xf0, 0x01, 0xff, 0xf0, 0x01, 0xff, 0xf0, 0x01, 0xff, 0xf0, 0x01, 0xff,
  0xf0, 0x01, 0xff, 0xf0, 0x01, 0xff, 0xf0, 0x01, 0xff, 0xf0, 0x01, 0xff, 0xf0, 0x01, 0xff, 0xf0, 0x01, 0xff, 0xf0, 0x01, 0xff, 0xf0, 0x01, 0xff,
  0xf0, 0x01, 0xff, 0xf0, 0x01, 0xff, 0xf0, 0x01, 0xff, 0xf0, 0x01, 0xff, 0xf0, 0x01, 0xff, 0xf0, 0x01, 0xff, 0xf0, 0x01, 0xff, 0xf0, 0x01, 0xff,
  0xf0, 0x01, 0xff, 0xf0, 0x01, 0xff, 0xf0, 0x01, 0xff, 0xf0, 0x01, 0xff, 0xf0, 0x01, 0xff, 0xf0, 0x01, 0xff, 0xf0, 0x01, 0xff, 0xf0, 0x01, 0xff,
  0xf0, 0x01, 0xff, 0xf0, 0x01, 0xff, 0xf0, 0x01, 0xff, 0xf0, 0x01, 0xff, 0xf0, 0x01, 0xff, 0xf0, 0x01, 0xff, 0xf0, 0x01, 0xff, 0xf0, 0x01, 0xff,
  0xf0, 0x01, 0xff, 0xf0, 0x01, 0xff, 0xf0, 0x01, 0xff, 0xf0, 0x01, 0xff, 0xf0, 0x01, 0xff, 0xf0, 0x01, 0xff, 0xf0, 0x01, 0xff, 0xf0, 0x01, 0xff,
  0xf0, 0x01, 0xff, 0xf0, 0x01, 0xff, 0xf0, 0x01, 0xff, 0xf0, 0x01, 0xff, 0xf0, 0x01, 0xff, 0xf0, 0x01, 0xff, 0xf0, 0x01, 0xff, 0xf0, 0x01, 0xff,
  0xf0, 0x01, 0xff, 0xf0, 0x01, 0xff, 0xf0, 0x01, 0xff, 0xf0, 0x01, 0xff, 0xf0, 0x01, 0xff, 0xf0, 0x01, 0xff, 0xf0, 0x01, 0xff, 0xf0, 0x01, 0xff,
  0xf0, 0x01, 0xff, 0xf0, 0x01, 0xff, 0xf0, 0x01, 0xff, 0xf0, 0x01, 0xff, 0xf0, 0x01, 0xff, 0xf0, 0x01, 0xff, 0xf0, 0x01, 0xff, 0xf0, 0x01, 0xff,
  0xf0, 0x01, 0xff, 0xf0, 0x01, 0xff, 0xf0, 0x01, 0xff, 0xf0, 0x01, 0xff, 0xf0, 0x01, 0xff, 0xf0, 0x01, 0xff, 0xf0, 0x01, 0xff, 0xf0, 0x01, 0xff,
  0xf0, 0x01, 0xff, 0xf0, 0x01, 0xff, 0xf0, 0x01, 0xff, 0xf0, 0x01, 0xff, 0xf0, 0x01, 0xff, 0xf0, 0x01, 0xff, 0xf0, 0x01, 0xff, 0xf0, 0x01, 0xff,
  0xf0, 0x01, 0xff, 0xf0, 0x01, 0xff, 0xf0, 0x01, 0xff, 0xf0, 0x01, 0xff, 0xf0, 0x01, 0xff, 0xf0, 0x01, 0xff, 0xf0, 0x01, 0xff, 0xf0, 0x01, 0xff,
  0xf0, 0x01, 0xff, 0xf0, 0x01, 0xff, 0xf0, 0x01, 0xff, 0xf0, 0x01, 0xff, 0xf0, 0x01, 0xff, 0xf0, 0x01, 0xff, 0xf0, 0x01, 0xff, 0xf0, 0x01, 0xff,
  0xf0, 0x01, 0xff, 0xf0, 0x01, 0xff, 0xf0, 0x01, 0xff, 0xf0, 0x01, 0xff, 0xf0, 0x01, 0xff, 0xf0, 0x01, 0xff, 0xf0, 0x01, 0xff, 0xf0, 0x01, 0xff,
  0xf0, 0x01, 0xff, 0xf0, 0x01, 0xff, 0xf0, 0x01, 0xff, 0xf0, 0x01, 0xff, 0xf0, 0x01, 0xff, 0xf0, 0x01, 0xff, 0xf0, 0x01, 0xff, 0xf0, 0x01, 0xff,
  0xf0, 0x01, 0xff, 0xf0, 0x01, 0xff, 0xf0, 0x01, 0xff, 0xf0, 0x01, 0xff, 0xf0, 0x01, 0xff, 0xf0, 0x01, 0xff, 0xf0, 0x01, 0xff, 0xf0, 0x01, 0xff,
  0xf0, 0x01, 0xff, 0xf0, 0x01, 0xff, 0xf0, 0x01, 0xff, 0xf0, 0x01, 0xff, 0xf0, 0x01, 0xff, 0xf0, 0x01, 0xff, 0xf0, 0x01, 0xff, 0xf0, 0x01, 0xff,
  0xf0, 0x01, 0xff, 0xf0, 0x01, 0xff, 0xf0, 0x01, 0xff, 0xf0, 0x01, 0xff, 0xf0, 0x01, 0xff, 0xf0, 0x01, 0xff, 0xf0, 0x01, 0xff, 0xf0, 0x01, 0xff,
  0xf0, 0x01, 0xff, 0xf0, 0x01, 0xff, 0xf0, 0x01, 0xff, 0xf0, 0x01, 0xff, 0xf0, 0x01, 0xff, 0xf0, 0x01, 0xff, 0xf0, 0x01, 0xff, 0xf0, 0x01, 0xff,
  0xf0, 0x01, 0xff, 0xf0, 0x01, 0xff, 0xf0, 0x01, 0xff, 0xa6, 0x00, 0xf9, 0x00, 0x00, 0xff, 0x00, 0x00, 0xff, 0x40, 0x40, 0xfd, 0xe2, 0xa8, 0xfe,
  0x02, 0xc9, 0xff, 0x02, 0xc9, 0xff, 0x02, 0xc9, 0xff, 0x02, 0xc9, 0xff, 0x02, 0xc9, 0xff, 0x02, 0xc9, 0xff, 0x02, 0xc9, 0xff, 0x02, 0xc9, 0xff,
  0x02, 0xc9, 0xff, 0x02, 0xc9, 0xff, 0x02, 0xb9, 0xff, 0x40, 0x30, 0xfd, 0x00, 0x00, 0xff, 0x00, 0x00, 0xec, 0x00, 0x00, 0x3c, 0x00, 0x00, 0x00,
  0x00, 0x00, 0x1c, 0x00, 0x00, 0xcc, 0x00, 0x00, 0xff, 0x00, 0x08, 0xfe, 0xc1, 0x90, 0xfd, 0x02, 0xc9, 0xff, 0x02, 0xc9, 0xff, 0x02, 0xc9, 0xff,
  0x02, 0xc9, 0xff, 0x02, 0xc9, 0xff, 0x02, 0xc9, 0xff, 0x02, 0xc9, 0xff, 0x02, 0xc9, 0xff, 0x02, 0xc9, 0xff, 0x02, 0xc9, 0xff, 0x02, 0xc9, 0xff,
  0xe2, 0xa0, 0xfd, 0x00, 0x10, 0xfd, 0x00, 0x00, 0xff, 0x41, 0x00, 0xfe, 0xae, 0x01, 0xfd, 0xf0, 0x01, 0xff, 0xf0, 0x01, 0xff, 0xf0, 0x01, 0xff,
  0xf0, 0x01, 0xff, 0xf0, 0x01, 0xff, 0xf0, 0x01, 0xff, 0xf0, 0x01, 0xff, 0xf0, 0x01, 0xff, 0xf0, 0x01, 0xff, 0xf0, 0x01, 0xff, 0xf0, 0x01, 0xff,
  0xf0, 0x01, 0xff, 0xf0, 0x01, 0xff, 0xf0, 0x01, 0xff, 0xf0, 0x01, 0xff, 0xf0, 0x01, 0xff, 0xf0, 0x01, 0xff, 0xf0, 0x01, 0xff, 0xf0, 0x01, 0xff,
  0xf0, 0x01, 0xff, 0xf0, 0x01, 0xff, 0xf0, 0x01, 0xff, 0xf0, 0x01, 0xff, 0xf0, 0x01, 0xff, 0xf0, 0x01, 0xff, 0xf0, 0x01, 0xff, 0xf0, 0x01, 0xff,
  0xf0, 0x01, 0xff, 0xf0, 0x01, 0xff, 0xf0, 0x01, 0xff, 0xf0, 0x01, 0xff, 0xf0, 0x01, 0xff, 0xf0, 0x01, 0xff, 0xf0, 0x01, 0xff, 0xf0, 0x01, 0xff,
  0xf0, 0x01, 0xff, 0xf0, 0x01, 0xff, 0xf0, 0x01, 0xff, 0xf0, 0x01, 0xff, 0xf0, 0x01, 0xff, 0xf0, 0x01, 0xff, 0xf0, 0x01, 0xff, 0xf0, 0x01, 0xff,
  0xf0, 0x01, 0xff, 0xf0, 0x01, 0xff, 0xf0, 0x01, 0xff, 0xf0, 0x01, 0xff, 0xf0, 0x01, 0xff, 0xf0, 0x01, 0xff, 0xf0, 0x01, 0xff, 0xf0, 0x01, 0xff,
  0xf0, 0x01, 0xff, 0xf0, 0x01, 0xff, 0xf0, 0x01, 0xff, 0xf0, 0x01, 0xff, 0xf0, 0x01, 0xff, 0xf0, 0x01, 0xff, 0xf0, 0x01, 0xff, 0xf0, 0x01, 0xff,
  0xf0, 0x01, 0xff, 0xf0, 0x01, 0xff, 0xf0, 0x01, 0xff, 0xf0, 0x01, 0xff, 0xf0, 0x01, 0xff, 0xf0, 0x01, 0xff, 0xf0, 0x01, 0xff, 0xf0, 0x01, 0xff,
  0xf0, 0x01, 0xff, 0xf0, 0x01, 0xff, 0xf0, 0x01, 0xff, 0xf0, 0x01, 0xff, 0xf0, 0x01, 0xff, 0xf0, 0x01, 0xff, 0xf0, 0x01, 0xff, 0xf0, 0x01, 0xff,
  0xf0, 0x01, 0xff, 0xf0, 0x01, 0xff, 0xf0, 0x01, 0xff, 0xf0, 0x01, 0xff, 0xf0, 0x01, 0xff, 0xf0, 0x01, 0xff, 0xf0, 0x01, 0xff, 0xf0, 0x01, 0xff,
  0xf0, 0x01, 0xff, 0xf0, 0x01, 0xff, 0xf0, 0x01, 0xff, 0xf0, 0x01, 0xff, 0xf0, 0x01, 0xff, 0xf0, 0x01, 0xff, 0xf0, 0x01, 0xff, 0xf0, 0x01, 0xff,
  0xf0, 0x01, 0xff, 0xf0, 0x01, 0xff, 0xf0, 0x01, 0xff, 0xf0, 0x01, 0xff, 0xf0, 0x01, 0xff, 0xf0, 0x01, 0xff, 0xf0, 0x01, 0xff, 0xf0, 0x01, 0xff,
  0xf0, 0x01, 0xff, 0xf0, 0x01, 0xff, 0xf0, 0x01, 0xff, 0xf0, 0x01, 0xff, 0xf0, 0x01, 0xff, 0xf0, 0x01, 0xff, 0xf0, 0x01, 0xff, 0xf0, 0x01, 0xff,
  0xf0, 0x01, 0xff, 0xf0, 0x01, 0xff, 0xf0, 0x01, 0xff, 0xf0, 0x01, 0xff, 0xf0, 0x01, 0xff, 0xf0, 0x01, 0xff, 0xf0, 0x01, 0xff, 0xf0, 0x01, 0xff,
  0xf0, 0x01, 0xff, 0xf0, 0x01, 0xff, 0xf0, 0x01, 0xff, 0xf0, 0x01, 0xff, 0xf0, 0x01, 0xff, 0xf0, 0x01, 0xff, 0xf0, 0x01, 0xff, 0xf0, 0x01, 0xff,
  0xf0, 0x01, 0xff, 0xf0, 0x01, 0xff, 0xf0, 0x01, 0xff, 0xf0, 0x01, 0xff, 0xf0, 0x01, 0xff, 0xf0, 0x01, 0xff, 0xf0, 0x01, 0xff, 0xf0, 0x01, 0xff,
  0xf0, 0x01, 0xff, 0xf0, 0x01, 0xff, 0xf0, 0x01, 0xff, 0xf0, 0x01, 0xff, 0xf0, 0x01, 0xff, 0xf0, 0x01, 0xff, 0xf0, 0x01, 0xff, 0xf0, 0x01, 0xff,
  0xf0, 0x01, 0xff, 0xf0, 0x01, 0xff, 0xf0, 0x01, 0xff, 0xf0, 0x01, 0xff, 0xf0, 0x01, 0xff, 0xf0, 0x01, 0xff, 0xf0, 0x01, 0xff, 0xf0, 0x01, 0xff,
  0xf0, 0x01, 0xff, 0xf0, 0x01, 0xff, 0xf0, 0x01, 0xff, 0xf0, 0x01, 0xff, 0xf0, 0x01, 0xff, 0xf0, 0x01, 0xff, 0xf0, 0x01, 0xff, 0xf0, 0x01, 0xff,
  0xf0, 0x01, 0xff, 0xf0, 0x01, 0xff, 0xf0, 0x01, 0xff, 0xa6, 0x00, 0xf9, 0x00, 0x00, 0xff, 0x00, 0x00, 0xff, 0x81, 0x70, 0xfc, 0x02, 0xc9, 0xff,
  0x02, 0xc9, 0xff, 0x02, 0xc9, 0xff, 0x02, 0xc9, 0xff, 0x02, 0xc9, 0xff, 0x02, 0xc9, 0xff, 0x02, 0xc9, 0xff, 0x02, 0xc9, 0xff, 0x02, 0xc9, 0xff,
  0x02, 0xc9, 0xff, 0x02, 0xc9, 0xff, 0xe2, 0xa0, 0xfd, 0x20, 0x20, 0xfd, 0x00, 0x00, 0xff, 0x00, 0x00, 0xe4, 0x00, 0x00, 0x34, 0x00, 0x00, 0x00,
  0x00, 0x00, 0x14, 0x00, 0x00, 0xbc, 0x00, 0x00, 0xff, 0x00, 0x00, 0xff, 0xa1, 0x80, 0xfd, 0x02, 0xc9, 0xff, 0x02, 0xc9, 0xff, 0x02, 0xc9, 0xff,
  0x02, 0xc9, 0xff, 0x02, 0xc9, 0xff, 0x02, 0xc9, 0xff, 0x02, 0xc9, 0xff, 0x02, 0xc9, 0xff, 0x02, 0xc9, 0xff, 0x02, 0xc9, 0xff, 0x02, 0xc9, 0xff,
  0xe2, 0xa8, 0xfe, 0x20, 0x18, 0xfd, 0x00, 0x00, 0xff, 0x41, 0x00, 0xfe, 0x4a, 0x01, 0xfc, 0xf0, 0x01, 0xff, 0xf0, 0x01, 0xff, 0xf0, 0x01, 0xff,
  0xf0, 0x01, 0xff, 0xf0, 0x01, 0xff, 0xf0, 0x01, 0xff, 0xf0, 0x01, 0xff, 0xf0, 0x01, 0xff, 0xf0, 0x01, 0xff, 0xf0, 0x01, 0xff, 0xf0, 0x01, 0xff,
  0xf0, 0x01, 0xff, 0xf0, 0x01, 0xff, 0xf0, 0x01, 0xff, 0xf0, 0x01, 0xff, 0xf0, 0x01, 0xff, 0xf0, 0x01, 0xff, 0xf0, 0x01, 0xff, 0xf0, 0x01, 0xff,
  0xf0, 0x01, 0xff, 0xf0, 0x01, 0xff, 0xf0, 0x01, 0xff, 0xf0, 0x01, 0xff, 0xf0, 0x01, 0xff, 0xf0, 0x01, 0xff, 0xf0, 0x01, 0xff, 0xf0, 0x01, 0xff,
  0xf0, 0x01, 0xff, 0xf0, 0x01, 0xff, 0xf0, 0x01, 0xff, 0xf0, 0x01, 0xff, 0xf0, 0x01, 0xff, 0xf0, 0x01, 0xff, 0xf0, 0x01, 0xff, 0xf0, 0x01, 0xff,
  0xf0, 0x01, 0xff, 0xf0, 0x01, 0xff, 0xf0, 0x01, 0xff, 0xf0, 0x01, 0xff, 0xf0, 0x01, 0xff, 0xf0, 0x01, 0xff, 0xf0, 0x01, 0xff, 0xf0, 0x01, 0xff,
  0xf0, 0x01, 0xff, 0xf0, 0x01, 0xff, 0xf0, 0x01, 0xff, 0xf0, 0x01, 0xff, 0xf0, 0x01, 0xff, 0xf0, 0x01, 0xff, 0xf0, 0x01, 0xff, 0xf0, 0x01, 0xff,
  0xf0, 0x01, 0xff, 0xf0, 0x01, 0xff, 0xf0, 0x01, 0xff, 0xf0, 0x01, 0xff, 0xf0, 0x01, 0xff, 0xf0, 0x01, 0xff, 0xf0, 0x01, 0xff, 0xf0, 0x01, 0xff,
  0xf0, 0x01, 0xff, 0xf0, 0x01, 0xff, 0xf0, 0x01, 0xff, 0xf0, 0x01, 0xff, 0xf0, 0x01, 0xff, 0xf0, 0x01, 0xff, 0xf0, 0x01, 0xff, 0xf0, 0x01, 0xff,
  0xf0, 0x01, 0xff, 0xf0, 0x01, 0xff, 0xf0, 0x01, 0xff, 0xf0, 0x01, 0xff, 0xf0, 0x01, 0xff, 0xf0, 0x01, 0xff, 0xf0, 0x01, 0xff, 0xf0, 0x01, 0xff,
  0xf0, 0x01, 0xff, 0xf0, 0x01, 0xff, 0xf0, 0x01, 0xff, 0xf0, 0x01, 0xff, 0xf0, 0x01, 0xff, 0xf0, 0x01, 0xff, 0xf0, 0x01, 0xff, 0xf0, 0x01, 0xff,
  0xf0, 0x01, 0xff, 0xf0, 0x01, 0xff, 0xf0, 0x01, 0xff, 0xf0, 0x01, 0xff, 0xf0, 0x01, 0xff, 0xf0, 0x01, 0xff, 0xf0, 0x01, 0xff, 0xf0, 0x01, 0xff,
  0xf0, 0x01, 0xff, 0xf0, 0x01, 0xff, 0xf0, 0x01, 0xff, 0xf0, 0x01, 0xff, 0xf0, 0x01, 0xff, 0xf0, 0x01, 0xff, 0xf0, 0x01, 0xff, 0xf0, 0x01, 0xff,
  0xf0, 0x01, 0xff, 0xf0, 0x01, 0xff, 0xf0, 0x01, 0xff, 0xf0, 0x01, 0xff, 0xf0, 0x01, 0xff, 0xf0, 0x01, 0xff, 0xf0, 0x01, 0xff, 0xf0, 0x01, 0xff,
  0xf0, 0x01, 0xff, 0xf0, 0x01, 0xff, 0xf0, 0x01, 0xff, 0xf0, 0x01, 0xff, 0xf0, 0x01, 0xff, 0xf0, 0x01, 0xff, 0xf0, 0x01, 0xff, 0xf0, 0x01, 0xff,
  0xf0, 0x01, 0xff, 0xf0, 0x01, 0xff, 0xf0, 0x01, 0xff, 0xf0, 0x01, 0xff, 0xf0, 0x01, 0xff, 0xf0, 0x01, 0xff, 0xf0, 0x01, 0xff, 0xf0, 0x01, 0xff,
  0xf0, 0x01, 0xff, 0xf0, 0x01, 0xff, 0xf0, 0x01, 0xff, 0xf0, 0x01, 0xff, 0xf0, 0x01, 0xff, 0xf0, 0x01, 0xff, 0xf0, 0x01, 0xff, 0xf0, 0x01, 0xff,
  0xf0, 0x01, 0xff, 0xf0, 0x01, 0xff, 0xf0, 0x01, 0xff, 0xf0, 0x01, 0xff, 0xf0, 0x01, 0xff, 0xf0, 0x01, 0xff, 0xf0, 0x01, 0xff, 0xf0, 0x01, 0xff,
  0xf0, 0x01, 0xff, 0xf0, 0x01, 0xff, 0xf0, 0x01, 0xff, 0xf0, 0x01, 0xff, 0xf0, 0x01, 0xff, 0xf0, 0x01, 0xff, 0xf0, 0x01, 0xff, 0xf0, 0x01, 0xff,
  0xf0, 0x01, 0xff, 0xf0, 0x01, 0xff, 0xf0, 0x01, 0xff, 0xf0, 0x01, 0xff, 0xf0, 0x01, 0xff, 0xf0, 0x01, 0xff, 0xf0, 0x01, 0xff, 0xf0, 0x01, 0xff,
  0xf0, 0x01, 0xff, 0xf0, 0x01, 0xff, 0xae, 0x01, 0xfd, 0xa6, 0x00, 0xf9, 0x00, 0x00, 0xff, 0x00, 0x00, 0xff, 0xa1, 0x80, 0xfd, 0x02, 0xc9, 0xff,
  0x02, 0xc9, 0xff, 0x02, 0xc9, 0xff, 0x02, 0xc9, 0xff, 0x02, 0xc9, 0xff, 0x02, 0xc9, 0xff, 0x02, 0xc9, 0xff, 0x02, 0xc9, 0xff, 0x02, 0xc9, 0xff,
  0x02, 0xc9, 0xff, 0x02, 0xc9, 0xff, 0xc1, 0x98, 0xf8, 0x00, 0x10, 0xfd, 0x00, 0x00, 0xff, 0x00, 0x00, 0xd5, 0x00, 0x00, 0x24, 0x00, 0x00, 0x00,
  0x00, 0x00, 0x0c, 0x00, 0x00, 0xa4, 0x00, 0x00, 0xff, 0x00, 0x00, 0xff, 0x81, 0x70, 0xfc, 0x02, 0xc9, 0xff, 0x02, 0xc9, 0xff, 0x02, 0xc9, 0xff,
  0x02, 0xc9, 0xff, 0x02, 0xc9, 0xff, 0x02, 0xc9, 0xff, 0x02, 0xc9, 0xff, 0x02, 0xc9, 0xff, 0x02, 0xc9, 0xff, 0x02, 0xc9, 0xff, 0x02, 0xc9, 0xff,
  0x02, 0xb9, 0xff, 0x20, 0x28, 0xfd, 0x00, 0x00, 0xff, 0x00, 0x00, 0xff, 0x4a, 0x01, 0xfc, 0xf0, 0x01, 0xff, 0xf0, 0x01, 0xff, 0xf0, 0x01, 0xff,
  0xf0, 0x01, 0xff, 0xf0, 0x01, 0xff, 0xf0, 0x01, 0xff, 0xf0, 0x01, 0xff, 0xf0, 0x01, 0xff, 0xf0, 0x01, 0xff, 0xf0, 0x01, 0xff, 0xf0, 0x01, 0xff,
  0xf0, 0x01, 0xff, 0xf0, 0x01, 0xff, 0xf0, 0x01, 0xff, 0xf0, 0x01, 0xff, 0xf0, 0x01, 0xff, 0xf0, 0x01, 0xff, 0xf0, 0x01, 0xff, 0xf0, 0x01, 0xff,
  0xf0, 0x01, 0xff, 0xf0, 0x01, 0xff, 0xf0, 0x01, 0xff, 0xf0, 0x01, 0xff, 0xf0, 0x01, 0xff, 0xf0, 0x01, 0xff, 0xf0, 0x01, 0xff, 0xf0, 0x01, 0xff,
  0xf0, 0x01, 0xff, 0xf0, 0x01, 0xff, 0xf0, 0x01, 0xff, 0xf0, 0x01, 0xff, 0xf0, 0x01, 0xff, 0xf0, 0x01, 0xff, 0xf0, 0x01, 0xff, 0xf0, 0x01, 0xff,
  0xf0, 0x01, 0xff, 0xf0, 0x01, 0xff, 0xf0, 0x01, 0xff, 0xf0, 0x01, 0xff, 0xf0, 0x01, 0xff, 0xf0, 0x01, 0xff, 0xf0, 0x01, 0xff, 0xf0, 0x01, 0xff,
  0xf0, 0x01, 0xff, 0xf0, 0x01, 0xff, 0xf0, 0x01, 0xff, 0xf0, 0x01, 0xff, 0xf0, 0x01, 0xff, 0xf0, 0x01, 0xff, 0xf0, 0x01, 0xff, 0xf0, 0x01, 0xff,
  0xf0, 0x01, 0xff, 0xf0, 0x01, 0xff, 0xf0, 0x01, 0xff, 0xf0, 0x01, 0xff, 0xf0, 0x01, 0xff, 0xf0, 0x01, 0xff, 0xf0, 0x01, 0xff, 0xf0, 0x01, 0xff,
  0xf0, 0x01, 0xff, 0xf0, 0x01, 0xff, 0xf0, 0x01, 0xff, 0xf0, 0x01, 0xff, 0xf0, 0x01, 0xff, 0xf0, 0x01, 0xff, 0xf0, 0x01, 0xff, 0xf0, 0x01, 0xff,
  0xf0, 0x01, 0xff, 0xf0, 0x01, 0xff, 0xf0, 0x01, 0xff, 0xf0, 0x01, 0xff, 0xf0, 0x01, 0xff, 0xf0, 0x01, 0xff, 0xf0, 0x01, 0xff, 0xf0, 0x01, 0xff,
  0xf0, 0x01, 0xff, 0xf0, 0x01, 0xff, 0xf0, 0x01, 0xff, 0xf0, 0x01, 0xff, 0xf0, 0x01, 0xff, 0xf0, 0x01, 0xff, 0xf0, 0x01, 0xff, 0xf0, 0x01, 0xff,
  0xf0, 0x01, 0xff, 0xf0, 0x01, 0xff, 0xf0, 0x01, 0xff, 0xf0, 0x01, 0xff, 0xf0, 0x01, 0xff, 0xf0, 0x01, 0xff, 0xf0, 0x01, 0xff, 0xf0, 0x01, 0xff,
  0xf0, 0x01, 0xff, 0xf0, 0x01, 0xff, 0xf0, 0x01, 0xff, 0xf0, 0x01, 0xff, 0xf0, 0x01, 0xff, 0xf0, 0x01, 0xff, 0xf0, 0x01, 0xff, 0xf0, 0x01, 0xff,
  0xf0, 0x01, 0xff, 0xf0, 0x01, 0xff, 0xf0, 0x01, 0xff, 0xf0, 0x01, 0xff, 0xf0, 0x01, 0xff, 0xf0, 0x01, 0xff, 0xf0, 0x01, 0xff, 0xf0, 0x01, 0xff,
  0xf0, 0x01, 0xff, 0xf0, 0x01, 0xff, 0xf0, 0x01, 0xff, 0xf0, 0x01, 0xff, 0xf0, 0x01, 0xff, 0xf0, 0x01, 0xff, 0xf0, 0x01, 0xff, 0xf0, 0x01, 0xff,
  0xf0, 0x01, 0xff, 0xf0, 0x01, 0xff, 0xf0, 0x01, 0xff, 0xf0, 0x01, 0xff, 0xf0, 0x01, 0xff, 0xf0, 0x01, 0xff, 0xf0, 0x01, 0xff, 0xf0, 0x01, 0xff,
  0xf0, 0x01, 0xff, 0xf0, 0x01, 0xff, 0xf0, 0x01, 0xff, 0xf0, 0x01, 0xff, 0xf0, 0x01, 0xff, 0xf0, 0x01, 0xff, 0xf0, 0x01, 0xff, 0xf0, 0x01, 0xff,
  0xf0, 0x01, 0xff, 0xf0, 0x01, 0xff, 0xf0, 0x01, 0xff, 0xf0, 0x01, 0xff, 0xf0, 0x01, 0xff, 0xf0, 0x01, 0xff, 0xf0, 0x01, 0xff, 0xf0, 0x01, 0xff,
  0xf0, 0x01, 0xff, 0xf0, 0x01, 0xff, 0xf0, 0x01, 0xff, 0xf0, 0x01, 0xff, 0xf0, 0x01, 0xff, 0xf0, 0x01, 0xff, 0xf0, 0x01, 0xff, 0xf0, 0x01, 0xff,
  0xf0, 0x01, 0xff, 0xf0, 0x01, 0xff, 0xf0, 0x01, 0xff, 0xf0, 0x01, 0xff, 0xf0, 0x01, 0xff, 0xf0, 0x01, 0xff, 0xf0, 0x01, 0xff, 0xf0, 0x01, 0xff,
  0xf0, 0x01, 0xff, 0xf0, 0x01, 0xff, 0xae, 0x01, 0xfd, 0x62, 0x00, 0xfd, 0x00, 0x00, 0xff, 0x00, 0x08, 0xfe, 0xa1, 0x88, 0xfb, 0x02, 0xc9, 0xff,
  0x02, 0xc9, 0xff, 0x02, 0xc9, 0xff, 0x02, 0xc9, 0xff, 0x02, 0xc9, 0xff, 0x02, 0xc9, 0xff, 0x02, 0xc9, 0xff, 0x02, 0xc9, 0xff, 0x02, 0xc9, 0xff,
  0x02, 0xc9, 0xff, 0x02, 0xc9, 0xff, 0xc1, 0x88, 0xfd, 0x00, 0x08, 0xfe, 0x00, 0x00, 0xff, 0x00, 0x00, 0xc5, 0x00, 0x00, 0x1c, 0x00, 0x00, 0x00,
  0x00, 0x00, 0x0c, 0x00, 0x00, 0x8d, 0x00, 0x00, 0xf4, 0x00, 0x00, 0xff, 0x61, 0x58, 0xf7, 0x02, 0xc9, 0xff, 0x02, 0xc9, 0xff, 0x02, 0xc9, 0xff,
  0x02, 0xc9, 0xff, 0x02, 0xc9, 0xff, 0x02, 0xc9, 0xff, 0x02, 0xc9, 0xff, 0x02, 0xc9, 0xff, 0x02, 0xc9, 0xff, 0x02, 0xc9, 0xff, 0x02, 0xc9, 0xff,
  0x02, 0xc1, 0xff, 0x40, 0x38, 0xfd, 0x00, 0x00, 0xff, 0x00, 0x00, 0xff, 0x4a, 0x01, 0xfc, 0xf0, 0x01, 0xff, 0xf0, 0x01, 0xff, 0xf0, 0x01, 0xff,
  0xf0, 0x01, 0xff, 0xf0, 0x01, 0xff, 0xf0, 0x01, 0xff, 0xf0, 0x01, 0xff, 0xf0, 0x01, 0xff, 0xf0, 0x01, 0xff, 0xf0, 0x01, 0xff, 0xf0, 0x01, 0xff,
  0xf0, 0x01, 0xff, 0xf0, 0x01, 0xff, 0xf0, 0x01, 0xff, 0xf0, 0x01, 0xff, 0xf0, 0x01, 0xff, 0xf0, 0x01, 0xff, 0xf0, 0x01, 0xff, 0xf0, 0x01, 0xff,
  0xf0, 0x01, 0xff, 0xf0, 0x01, 0xff, 0xf0, 0x01, 0xff, 0xf0, 0x01, 0xff, 0xf0, 0x01, 0xff, 0xf0, 0x01, 0xff, 0xf0, 0x01, 0xff, 0xf0, 0x01, 0xff,
  0xf0, 0x01, 0xff, 0xf0, 0x01, 0xff, 0xf0, 0x01, 0xff, 0xf0, 0x01, 0xff, 0xf0, 0x01, 0xff, 0xf0, 0x01, 0xff, 0xf0, 0x01, 0xff, 0xf0, 0x01, 0xff,
  0xf0, 0x01, 0xff, 0xf0, 0x01, 0xff, 0xf0, 0x01, 0xff, 0xf0, 0x01, 0xff, 0xf0, 0x01, 0xff, 0xf0, 0x01, 0xff, 0xf0, 0x01, 0xff, 0xf0, 0x01, 0xff,
  0xf0, 0x01, 0xff, 0xf0, 0x01, 0xff, 0xf0, 0x01, 0xff, 0xf0, 0x01, 0xff, 0xf0, 0x01, 0xff, 0xf0, 0x01, 0xff, 0xf0, 0x01, 0xff, 0xf0, 0x01, 0xff,
  0xf0, 0x01, 0xff, 0xf0, 0x01, 0xff, 0xf0, 0x01, 0xff, 0xf0, 0x01, 0xff, 0xf0, 0x01, 0xff, 0xf0, 0x01, 0xff, 0xf0, 0x01, 0xff, 0xf0, 0x01, 0xff,
  0xf0, 0x01, 0xff, 0xf0, 0x01, 0xff, 0xf0, 0x01, 0xff, 0xf0, 0x01, 0xff, 0xf0, 0x01, 0xff, 0xf0, 0x01, 0xff, 0xf0, 0x01, 0xff, 0xf0, 0x01, 0xff,
  0xf0, 0x01, 0xff, 0xf0, 0x01, 0xff, 0xf0, 0x01, 0xff, 0xf0, 0x01, 0xff, 0xf0, 0x01, 0xff, 0xf0, 0x01, 0xff, 0xf0, 0x01, 0xff, 0xf0, 0x01, 0xff,
  0xf0, 0x01, 0xff, 0xf0, 0x01, 0xff, 0xf0, 0x01, 0xff, 0xf0, 0x01, 0xff, 0xf0, 0x01, 0xff, 0xf0, 0x01, 0xff, 0xf0, 0x01, 0xff, 0xf0, 0x01, 0xff,
  0xf0, 0x01, 0xff, 0xf0, 0x01, 0xff, 0xf0, 0x01, 0xff, 0xf0, 0x01, 0xff, 0xf0, 0x01, 0xff, 0xf0, 0x01, 0xff, 0xf0, 0x01, 0xff, 0xf0, 0x01, 0xff,
  0xf0, 0x01, 0xff, 0xf0, 0x01, 0xff, 0xf0, 0x01, 0xff, 0xf0, 0x01, 0xff, 0xf0, 0x01, 0xff, 0xf0, 0x01, 0xff, 0xf0, 0x01, 0xff, 0xf0, 0x01, 0xff,
  0xf0, 0x01, 0xff, 0xf0, 0x01, 0xff, 0xf0, 0x01, 0xff, 0xf0, 0x01, 0xff, 0xf0, 0x01, 0xff, 0xf0, 0x01, 0xff, 0xf0, 0x01, 0xff, 0xf0, 0x01, 0xff,
  0xf0, 0x01, 0xff, 0xf0, 0x01, 0xff, 0xf0, 0x01, 0xff, 0xf0, 0x01, 0xff, 0xf0, 0x01, 0xff, 0xf0, 0x01, 0xff, 0xf0, 0x01, 0xff, 0xf0, 0x01, 0xff,
  0xf0, 0x01, 0xff, 0xf0, 0x01, 0xff, 0xf0, 0x01, 0xff, 0xf0, 0x01, 0xff, 0xf0, 0x01, 0xff, 0xf0, 0x01, 0xff, 0xf0, 0x01, 0xff, 0xf0, 0x01, 0xff,
  0xf0, 0x01, 0xff, 0xf0, 0x01, 0xff, 0xf0, 0x01, 0xff, 0xf0, 0x01, 0xff, 0xf0, 0x01, 0xff, 0xf0, 0x01, 0xff, 0xf0, 0x01, 0xff, 0xf0, 0x01, 0xff,
  0xf0, 0x01, 0xff, 0xf0, 0x01, 0xff, 0xf0, 0x01, 0xff, 0xf0, 0x01, 0xff, 0xf0, 0x01, 0xff, 0xf0, 0x01, 0xff, 0xf0, 0x01, 0xff, 0xf0, 0x01, 0xff,
  0xf0, 0x01, 0xff, 0xf0, 0x01, 0xff, 0xf0, 0x01, 0xff, 0xf0, 0x01, 0xff, 0xf0, 0x01, 0xff, 0xf0, 0x01, 0xff, 0xf0, 0x01, 0xff, 0xf0, 0x01, 0xff,
  0xf0, 0x01, 0xff, 0xf0, 0x01, 0xff, 0xf0, 0x01, 0xff, 0xf0, 0x01, 0xff, 0xf0, 0x01, 0xff, 0xf0, 0x01, 0xff, 0xf0, 0x01, 0xff, 0xf0, 0x01, 0xff,
  0xf0, 0x01, 0xff, 0xf0, 0x01, 0xff, 0xae, 0x01, 0xfd, 0x41, 0x00, 0xfe, 0x00, 0x00, 0xff, 0x00, 0x10, 0xfd, 0xe2, 0xa0, 0xfd, 0x02, 0xc9, 0xff,
  0x02, 0xc9, 0xff, 0x02, 0xc9, 0xff, 0x02, 0xc9, 0xff, 0x02, 0xc9, 0xff, 0x02, 0xc9, 0xff, 0x02, 0xc9, 0xff, 0x02, 0xc9, 0xff, 0x02, 0xc9, 0xff,
  0x02, 0xc9, 0xff, 0x02, 0xc9, 0xff, 0xa1, 0x78, 0xfd, 0x00, 0x00, 0xff, 0x00, 0x00, 0xff, 0x00, 0x00, 0xb5, 0x00, 0x00, 0x0c, 0x00, 0x00, 0x00,
  0x00, 0x00, 0x03, 0x00, 0x00, 0x6c, 0x00, 0x00, 0xf4, 0x00, 0x00, 0xff, 0x60, 0x48, 0xfc, 0x02, 0xc1, 0xff, 0x02, 0xc9, 0xff, 0x02, 0xc9, 0xff,
  0x02, 0xc9, 0xff, 0x02, 0xc9, 0xff, 0x02, 0xc9, 0xff, 0x02, 0xc9, 0xff, 0x02, 0xc9, 0xff, 0x02, 0xc9, 0xff, 0x02, 0xc9, 0xff, 0x02, 0xc9, 0xff,
  0x02, 0xc1, 0xff, 0x60, 0x48, 0xfa, 0x00, 0x00, 0xff, 0x00, 0x00, 0xff, 0xa6, 0x00, 0xf9, 0xf0, 0x01, 0xff, 0xf0, 0x01, 0xff, 0xf0, 0x01, 0xff,
  0xf0, 0x01, 0xff, 0xf0, 0x01, 0xff, 0xf0, 0x01, 0xff, 0xf0, 0x01, 0xff, 0xf0, 0x01, 0xff, 0xf0, 0x01, 0xff, 0xf0, 0x01, 0xff, 0xf0, 0x01, 0xff,
  0xf0, 0x01, 0xff, 0xf0, 0x01, 0xff, 0xf0, 0x01, 0xff, 0xf0, 0x01, 0xff, 0xf0, 0x01, 0xff, 0xf0, 0x01, 0xff, 0xf0, 0x01, 0xff, 0xf0, 0x01, 0xff,
  0xf0, 0x01, 0xff, 0xf0, 0x01, 0xff, 0xf0, 0x01, 0xff, 0xf0, 0x01, 0xff, 0xf0, 0x01, 0xff, 0xf0, 0x01, 0xff, 0xf0, 0x01, 0xff, 0xf0, 0x01, 0xff,
  0xf0, 0x01, 0xff, 0xf0, 0x01, 0xff, 0xf0, 0x01, 0xff, 0xf0, 0x01, 0xff, 0xf0, 0x01, 0xff, 0xf0, 0x01, 0xff, 0xf0, 0x01, 0xff, 0xf0, 0x01, 0xff,
  0xf0, 0x01, 0xff, 0xf0, 0x01, 0xff, 0xf0, 0x01, 0xff, 0xf0, 0x01, 0xff, 0xf0, 0x01, 0xff, 0xf0, 0x01, 0xff, 0xf0, 0x01, 0xff, 0xf0, 0x01, 0xff,
  0xf0, 0x01, 0xff, 0xf0, 0x01, 0xff, 0xf0, 0x01, 0xff, 0xf0, 0x01, 0xff, 0xf0, 0x01, 0xff, 0xf0, 0x01, 0xff, 0xf0, 0x01, 0xff, 0xf0, 0x01, 0xff,
  0xf0, 0x01, 0xff, 0xf0, 0x01, 0xff, 0xf0, 0x01, 0xff, 0xf0, 0x01, 0xff, 0xf0, 0x01, 0xff, 0xf0, 0x01, 0xff, 0xf0, 0x01, 0xff, 0xf0, 0x01, 0xff,
  0xf0, 0x01, 0xff, 0xf0, 0x01, 0xff, 0xf0, 0x01, 0xff, 0xf0, 0x01, 0xff, 0xf0, 0x01, 0xff, 0xf0, 0x01, 0xff, 0xf0, 0x01, 0xff, 0xf0, 0x01, 0xff,
  0xf0, 0x01, 0xff, 0xf0, 0x01, 0xff, 0xf0, 0x01, 0xff, 0xf0, 0x01, 0xff, 0xf0, 0x01, 0xff, 0xf0, 0x01, 0xff, 0xf0, 0x01, 0xff, 0xf0, 0x01, 0xff,
  0xf0, 0x01, 0xff, 0xf0, 0x01, 0xff, 0xf0, 0x01, 0xff, 0xf0, 0x01, 0xff, 0xf0, 0x01, 0xff, 0xf0, 0x01, 0xff, 0xf0, 0x01, 0xff, 0xf0, 0x01, 0xff,
  0xf0, 0x01, 0xff, 0xf0, 0x01, 0xff, 0xf0, 0x01, 0xff, 0xf0, 0x01, 0xff, 0xf0, 0x01, 0xff, 0xf0, 0x01, 0xff, 0xf0, 0x01, 0xff, 0xf0, 0x01, 0xff,
  0xf0, 0x01, 0xff, 0xf0, 0x01, 0xff, 0xf0, 0x01, 0xff, 0xf0, 0x01, 0xff, 0xf0, 0x01, 0xff, 0xf0, 0x01, 0xff, 0xf0, 0x01, 0xff, 0xf0, 0x01, 0xff,
  0xf0, 0x01, 0xff, 0xf0, 0x01, 0xff, 0xf0, 0x01, 0xff, 0xf0, 0x01, 0xff, 0xf0, 0x01, 0xff, 0xf0, 0x01, 0xff, 0xf0, 0x01, 0xff, 0xf0, 0x01, 0xff,
  0xf0, 0x01, 0xff, 0xf0, 0x01, 0xff, 0xf0, 0x01, 0xff, 0xf0, 0x01, 0xff, 0xf0, 0x01, 0xff, 0xf0, 0x01, 0xff, 0xf0, 0x01, 0xff, 0xf0, 0x01, 0xff,
  0xf0, 0x01, 0xff, 0xf0, 0x01, 0xff, 0xf0, 0x01, 0xff, 0xf0, 0x01, 0xff, 0xf0, 0x01, 0xff, 0xf0, 0x01, 0xff, 0xf0, 0x01, 0xff, 0xf0, 0x01, 0xff,
  0xf0, 0x01, 0xff, 0xf0, 0x01, 0xff, 0xf0, 0x01, 0xff, 0xf0, 0x01, 0xff, 0xf0, 0x01, 0xff, 0xf0, 0x01, 0xff, 0xf0, 0x01, 0xff, 0xf0, 0x01, 0xff,
  0xf0, 0x01, 0xff, 0xf0, 0x01, 0xff, 0xf0, 0x01, 0xff, 0xf0, 0x01, 0xff, 0xf0, 0x01, 0xff, 0xf0, 0x01, 0xff, 0xf0, 0x01, 0xff, 0xf0, 0x01, 0xff,
  0xf0, 0x01, 0xff, 0xf0, 0x01, 0xff, 0xf0, 0x01, 0xff, 0xf0, 0x01, 0xff, 0xf0, 0x01, 0xff, 0xf0, 0x01, 0xff, 0xf0, 0x01, 0xff, 0xf0, 0x01, 0xff,
  0xf0, 0x01, 0xff, 0xf0, 0x01, 0xff, 0xf0, 0x01, 0xff, 0xf0, 0x01, 0xff, 0xf0, 0x01, 0xff, 0xf0, 0x01, 0xff, 0xf0, 0x01, 0xff, 0xf0, 0x01, 0xff,
  0xf0, 0x01, 0xff, 0xf0, 0x01, 0xff, 0x4a, 0x01, 0xfc, 0x41, 0x00, 0xfe, 0x00, 0x00, 0xff, 0x20, 0x20, 0xfd, 0xe2, 0xb0, 0xfe, 0x02, 0xc9, 0xff,
  0x02, 0xc9, 0xff, 0x02, 0xc9, 0xff, 0x02, 0xc9, 0xff, 0x02, 0xc9, 0xff, 0x02, 0xc9, 0xff, 0x02, 0xc9, 0xff, 0x02, 0xc9, 0xff, 0x02, 0xc9, 0xff,
  0x02, 0xc9, 0xff, 0x02, 0xc9, 0xff, 0x81, 0x60, 0xf6, 0x00, 0x00, 0xff, 0x00, 0x00, 0xff, 0x00, 0x00, 0xa4, 0x00, 0x00, 0x03, 0x00, 0x00, 0x00,
  0x00, 0x00, 0x02, 0x00, 0x00, 0x45, 0x00, 0x00, 0xec, 0x00, 0x00, 0xff, 0x40, 0x30, 0xfd, 0xe2, 0xb8, 0xfe, 0x02, 0xc9, 0xff, 0x02, 0xc9, 0xff,
  0x02, 0xc9, 0xff, 0x02, 0xc9, 0xff, 0x02, 0xc9, 0xff, 0x02, 0xc9, 0xff, 0x02, 0xc9, 0xff, 0x02, 0xc9, 0xff, 0x02, 0xc9, 0xff, 0x02, 0xc9, 0xff,
  0x02, 0xc9, 0xff, 0x81, 0x70, 0xfc, 0x00, 0x00, 0xff, 0x00, 0x00, 0xff, 0xa6, 0x00, 0xf9, 0xae, 0x01, 0xfd, 0xf0, 0x01, 0xff, 0xf0, 0x01, 0xff,
  0xf0, 0x01, 0xff, 0xf0, 0x01, 0xff, 0xf0, 0x01, 0xff, 0xf0, 0x01, 0xff, 0xf0, 0x01, 0xff, 0xf0, 0x01, 0xff, 0xf0, 0x01, 0xff, 0xf0, 0x01, 0xff,
  0xf0, 0x01, 0xff, 0xf0, 0x01, 0xff, 0xf0, 0x01, 0xff, 0xf0, 0x01, 0xff, 0xf0, 0x01, 0xff, 0xf0, 0x01, 0xff, 0xf0, 0x01, 0xff, 0xf0, 0x01, 0xff,
  0xf0, 0x01, 0xff, 0xf0, 0x01, 0xff, 0xf0, 0x01, 0xff, 0xf0, 0x01, 0xff, 0xf0, 0x01, 0xff, 0xf0, 0x01, 0xff, 0xf0, 0x01, 0xff, 0xf0, 0x01, 0xff,
  0xf0, 0x01, 0xff, 0xf0, 0x01, 0xff, 0xf0, 0x01, 0xff, 0xf0, 0x01, 0xff, 0xf0, 0x01, 0xff, 0xf0, 0x01, 0xff, 0xf0, 0x01, 0xff, 0xf0, 0x01, 0xff,
  0xf0, 0x01, 0xff, 0xf0, 0x01, 0xff, 0xf0, 0x01, 0xff, 0xf0, 0x01, 0xff, 0xf0, 0x01, 0xff, 0xf0, 0x01, 0xff, 0xf0, 0x01, 0xff, 0xf0, 0x01, 0xff,
  0xf0, 0x01, 0xff, 0xf0, 0x01, 0xff, 0xf0, 0x01, 0xff, 0xf0, 0x01, 0xff, 0xf0, 0x01, 0xff, 0xf0, 0x01, 0xff, 0xf0, 0x01, 0xff, 0xf0, 0x01, 0xff,
  0xf0, 0x01, 0xff, 0xf0, 0x01, 0xff, 0xf0, 0x01, 0xff, 0xf0, 0x01, 0xff, 0xf0, 0x01, 0xff, 0xf0, 0x01, 0xff, 0xf0, 0x01, 0xff, 0xf0, 0x01, 0xff,
  0xf0, 0x01, 0xff, 0xf0, 0x01, 0xff, 0xf0, 0x01, 0xff, 0xf0, 0x01, 0xff, 0xf0, 0x01, 0xff, 0xf0, 0x01, 0xff, 0xf0, 0x01, 0xff, 0xf0, 0x01, 0xff,
  0xf0, 0x01, 0xff, 0xf0, 0x01, 0xff, 0xf0, 0x01, 0xff, 0xf0, 0x01, 0xff, 0xf0, 0x01, 0xff, 0xf0, 0x01, 0xff, 0xf0, 0x01, 0xff, 0xf0, 0x01, 0xff,
  0xf0, 0x01, 0xff, 0xf0, 0x01, 0xff, 0xf0, 0x01, 0xff, 0xf0, 0x01, 0xff, 0xf0, 0x01, 0xff, 0xf0, 0x01, 0xff, 0xf0, 0x01, 0xff, 0xf0, 0x01, 0xff,
  0xf0, 0x01, 0xff, 0xf0, 0x01, 0xff, 0xf0, 0x01, 0xff, 0xf0, 0x01, 0xff, 0xf0, 0x01, 0xff, 0xf0, 0x01, 0xff, 0xf0, 0x01, 0xff, 0xf0, 0x01, 0xff,
  0xf0, 0x01, 0xff, 0xf0, 0x01, 0xff, 0xf0, 0x01, 0xff, 0xf0, 0x01, 0xff, 0xf0, 0x01, 0xff, 0xf0, 0x01, 0xff, 0xf0, 0x01, 0xff, 0xf0, 0x01, 0xff,
  0xf0, 0x01, 0xff, 0xf0, 0x01, 0xff, 0xf0, 0x01, 0xff, 0xf0, 0x01, 0xff, 0xf0, 0x01, 0xff, 0xf0, 0x01, 0xff, 0xf0, 0x01, 0xff, 0xf0, 0x01, 0xff,
  0xf0, 0x01, 0xff, 0xf0, 0x01, 0xff, 0xf0, 0x01, 0xff, 0xf0, 0x01, 0xff, 0xf0, 0x01, 0xff, 0xf0, 0x01, 0xff, 0xf0, 0x01, 0xff, 0xf0, 0x01, 0xff,
  0xf0, 0x01, 0xff, 0xf0, 0x01, 0xff, 0xf0, 0x01, 0xff, 0xf0, 0x01, 0xff, 0xf0, 0x01, 0xff, 0xf0, 0x01, 0xff, 0xf0, 0x01, 0xff, 0xf0, 0x01, 0xff,
  0xf0, 0x01, 0xff, 0xf0, 0x01, 0xff, 0xf0, 0x01, 0xff, 0xf0, 0x01, 0xff, 0xf0, 0x01, 0xff, 0xf0, 0x01, 0xff, 0xf0, 0x01, 0xff, 0xf0, 0x01, 0xff,
  0xf0, 0x01, 0xff, 0xf0, 0x01, 0xff, 0xf0, 0x01, 0xff, 0xf0, 0x01, 0xff, 0xf0, 0x01, 0xff, 0xf0, 0x01, 0xff, 0xf0, 0x01, 0xff, 0xf0, 0x01, 0xff,
  0xf0, 0x01, 0xff, 0xf0, 0x01, 0xff, 0xf0, 0x01, 0xff, 0xf0, 0x01, 0xff, 0xf0, 0x01, 0xff, 0xf0, 0x01, 0xff, 0xf0, 0x01, 0xff, 0xf0, 0x01, 0xff,
  0xf0, 0x01, 0xff, 0xf0, 0x01, 0xff, 0xf0, 0x01, 0xff, 0xf0, 0x01, 0xff, 0xf0, 0x01, 0xff, 0xf0, 0x01, 0xff, 0xf0, 0x01, 0xff, 0xf0, 0x01, 0xff,
  0xf0, 0x01, 0xff, 0xf0, 0x01, 0xff, 0x4a, 0x01, 0xfc, 0x00, 0x00, 0xff, 0x00, 0x00, 0xff, 0x40, 0x38, 0xf6, 0x02, 0xb9, 0xff, 0x02, 0xc9, 0xff,
  0x02, 0xc9, 0xff, 0x02, 0xc9, 0xff, 0x02, 0xc9, 0xff, 0x02, 0xc9, 0xff, 0x02, 0xc9, 0xff, 0x02, 0xc9, 0xff, 0x02, 0xc9, 0xff, 0x02, 0xc9, 0xff,
  0x02, 0xc9, 0xff, 0x02, 0xc9, 0xff, 0x60, 0x48, 0xfc, 0x00, 0x00, 0xff, 0x00, 0x00, 0xff, 0x00, 0x00, 0x84, 0x00, 0x00, 0x03, 0x00, 0x00, 0x00,
  0x00, 0x00, 0x00, 0x00, 0x00, 0x2c, 0x00, 0x00, 0xdb, 0x00, 0x00, 0xff, 0x20, 0x18, 0xfd, 0xe2, 0xa0, 0xfd, 0x02, 0xc9, 0xff, 0x02, 0xc9, 0xff,
  0x02, 0xc9, 0xff, 0x02, 0xc9, 0xff, 0x02, 0xc9, 0xff, 0x02, 0xc9, 0xff, 0x02, 0xc9, 0xff, 0x02, 0xc9, 0xff, 0x02, 0xc9, 0xff, 0x02, 0xc9, 0xff,
  0x02, 0xc9, 0xff, 0xa1, 0x88, 0xfb, 0x00, 0x08, 0xfe, 0x00, 0x00, 0xff, 0x62, 0x00, 0xfd, 0xae, 0x01, 0xfd, 0xf0, 0x01, 0xff, 0xf0, 0x01, 0xff,
  0xf0, 0x01, 0xff, 0xf0, 0x01, 0xff, 0xf0, 0x01, 0xff, 0xf0, 0x01, 0xff, 0xf0, 0x01, 0xff, 0xf0, 0x01, 0xff, 0xf0, 0x01, 0xff, 0xf0, 0x01, 0xff,
  0xf0, 0x01, 0xff, 0xf0, 0x01, 0xff, 0xf0, 0x01, 0xff, 0xf0, 0x01, 0xff, 0xf0, 0x01, 0xff, 0xf0, 0x01, 0xff, 0xf0, 0x01, 0xff, 0xf0, 0x01, 0xff,
  0xf0, 0x01, 0xff, 0xf0, 0x01, 0xff, 0xf0, 0x01, 0xff, 0xf0, 0x01, 0xff, 0xf0, 0x01, 0xff, 0xf0, 0x01, 0xff, 0xf0, 0x01, 0xff, 0xf0, 0x01, 0xff,
  0xf0, 0x01, 0xff, 0xf0, 0x01, 0xff, 0xf0, 0x01, 0xff, 0xf0, 0x01, 0xff, 0xf0, 0x01, 0xff, 0xf0, 0x01, 0xff, 0xf0, 0x01, 0xff, 0xf0, 0x01, 0xff,
  0xf0, 0x01, 0xff, 0xf0, 0x01, 0xff, 0xf0, 0x01, 0xff, 0xf0, 0x01, 0xff, 0xf0, 0x01, 0xff, 0xf0, 0x01, 0xff, 0xf0, 0x01, 0xff, 0xf0, 0x01, 0xff,
  0xf0, 0x01, 0xff, 0xf0, 0x01, 0xff, 0xf0, 0x01, 0xff, 0xf0, 0x01, 0xff, 0xf0, 0x01, 0xff, 0xf0, 0x01, 0xff, 0xf0, 0x01, 0xff, 0xf0, 0x01, 0xff,
  0xf0, 0x01, 0xff, 0xf0, 0x01, 0xff, 0xf0, 0x01, 0xff, 0xf0, 0x01, 0xff, 0xf0, 0x01, 0xff, 0xf0, 0x01, 0xff, 0xf0, 0x01, 0xff, 0xf0, 0x01, 0xff,
  0xf0, 0x01, 0xff, 0xf0, 0x01, 0xff, 0xf0, 0x01, 0xff, 0xf0, 0x01, 0xff, 0xf0, 0x01, 0xff, 0xf0, 0x01, 0xff, 0xf0, 0x01, 0xff, 0xf0, 0x01, 0xff,
  0xf0, 0x01, 0xff, 0xf0, 0x01, 0xff, 0xf0, 0x01, 0xff, 0xf0, 0x01, 0xff, 0xf0, 0x01, 0xff, 0xf0, 0x01, 0xff, 0xf0, 0x01, 0xff, 0xf0, 0x01, 0xff,
  0xf0, 0x01, 0xff, 0xf0, 0x01, 0xff, 0xf0, 0x01, 0xff, 0xf0, 0x01, 0xff, 0xf0, 0x01, 0xff, 0xf0, 0x01, 0xff, 0xf0, 0x01, 0xff, 0xf0, 0x01, 0xff,
  0xf0, 0x01, 0xff, 0xf0, 0x01, 0xff, 0xf0, 0x01, 0xff, 0xf0, 0x01, 0xff, 0xf0, 0x01, 0xff, 0xf0, 0x01, 0xff, 0xf0, 0x01, 0xff, 0xf0, 0x01, 0xff,
  0xf0, 0x01, 0xff, 0xf0, 0x01, 0xff, 0xf0, 0x01, 0xff, 0xf0, 0x01, 0xff, 0xf0, 0x01, 0xff, 0xf0, 0x01, 0xff, 0xf0, 0x01, 0xff, 0xf0, 0x01, 0xff,
  0xf0, 0x01, 0xff, 0xf0, 0x01, 0xff, 0xf0, 0x01, 0xff, 0xf0, 0x01, 0xff, 0xf0, 0x01, 0xff, 0xf0, 0x01, 0xff, 0xf0, 0x01, 0xff, 0xf0, 0x01, 0xff,
  0xf0, 0x01, 0xff, 0xf0, 0x01, 0xff, 0xf0, 0x01, 0xff, 0xf0, 0x01, 0xff, 0xf0, 0x01, 0xff, 0xf0, 0x01, 0xff, 0xf0, 0x01, 0xff, 0xf0, 0x01, 0xff,
  0xf0, 0x01, 0xff, 0xf0, 0x01, 0xff, 0xf0, 0x01, 0xff, 0xf0, 0x01, 0xff, 0xf0, 0x01, 0xff, 0xf0, 0x01, 0xff, 0xf0, 0x01, 0xff, 0xf0, 0x01, 0xff,
  0xf0, 0x01, 0xff, 0xf0, 0x01, 0xff, 0xf0, 0x01, 0xff, 0xf0, 0x01, 0xff, 0xf0, 0x01, 0xff, 0xf0, 0x01, 0xff, 0xf0, 0x01, 0xff, 0xf0, 0x01, 0xff,
  0xf0, 0x01, 0xff, 0xf0, 0x01, 0xff, 0xf0, 0x01, 0xff, 0xf0, 0x01, 0xff, 0xf0, 0x01, 0xff, 0xf0, 0x01, 0xff, 0xf0, 0x01, 0xff, 0xf0, 0x01, 0xff,
  0xf0, 0x01, 0xff, 0xf0, 0x01, 0xff, 0xf0, 0x01, 0xff, 0xf0, 0x01, 0xff, 0xf0, 0x01, 0xff, 0xf0, 0x01, 0xff, 0xf0, 0x01, 0xff, 0xf0, 0x01, 0xff,
  0xf0, 0x01, 0xff, 0xf0, 0x01, 0xff, 0xf0, 0x01, 0xff, 0xf0, 0x01, 0xff, 0xf0, 0x01, 0xff, 0xf0, 0x01, 0xff, 0xf0, 0x01, 0xff, 0xf0, 0x01, 0xff,
  0xf0, 0x01, 0xff, 0xae, 0x01, 0xfd, 0xa6, 0x00, 0xf9, 0x00, 0x00, 0xff, 0x00, 0x00, 0xff, 0x81, 0x60, 0xfd, 0x02, 0xc1, 0xff, 0x02, 0xc9, 0xff,
  0x02, 0xc9, 0xff, 0x02, 0xc9, 0xff, 0x02, 0xc9, 0xff, 0x02, 0xc9, 0xff, 0x02, 0xc9, 0xff, 0x02, 0xc9, 0xff, 0x02, 0xc9, 0xff, 0x02, 0xc9, 0xff,
  0x02, 0xc9, 0xff, 0x02, 0xc1, 0xff, 0x40, 0x38, 0xfd, 0x00, 0x00, 0xff, 0x00, 0x00, 0xff, 0x00, 0x00, 0x63, 0x00, 0x00, 0x02, 0x00, 0x00, 0x00,
  0x00, 0x00, 0x00, 0x00, 0x00, 0x1c, 0x00, 0x00, 0xcc, 0x00, 0x00, 0xff, 0x00, 0x08, 0xfe, 0xc1, 0x88, 0xfd, 0x02, 0xc9, 0xff, 0x02, 0xc9, 0xff,
  0x02, 0xc9, 0xff, 0x02, 0xc9, 0xff, 0x02, 0xc9, 0xff, 0x02, 0xc9, 0xff, 0x02, 0xc9, 0xff, 0x02, 0xc9, 0xff, 0x02, 0xc9, 0xff, 0x02, 0xc9, 0xff,
  0x02, 0xc9, 0xff, 0xe2, 0xa0, 0xfd, 0x00, 0x10, 0xfd, 0x00, 0x00, 0xff, 0x41, 0x00, 0xfe, 0xae, 0x01, 0xfd, 0xf0, 0x01, 0xff, 0xf0, 0x01, 0xff,
  0xf0, 0x01, 0xff, 0xf0, 0x01, 0xff, 0xf0, 0x01, 0xff, 0xf0, 0x01, 0xff, 0xf0, 0x01, 0xff, 0xf0, 0x01, 0xff, 0xf0, 0x01, 0xff, 0xf0, 0x01, 0xff,
  0xf0, 0x01, 0xff, 0xf0, 0x01, 0xff, 0xf0, 0x01, 0xff, 0xf0, 0x01, 0xff, 0xf0, 0x01, 0xff, 0xf0, 0x01, 0xff, 0xf0, 0x01, 0xff, 0xf0, 0x01, 0xff,
  0xf0, 0x01, 0xff, 0xf0, 0x01, 0xff, 0xf0, 0x01, 0xff, 0xf0, 0x01, 0xff, 0xf0, 0x01, 0xff, 0xf0, 0x01, 0xff, 0xf0, 0x01, 0xff, 0xf0, 0x01, 0xff,
  0xf0, 0x01, 0xff, 0xf0, 0x01, 0xff, 0xf0, 0x01, 0xff, 0xf0, 0x01, 0xff, 0xf0, 0x01, 0xff, 0xf0, 0x01, 0xff, 0xf0, 0x01, 0xff, 0xf0, 0x01, 0xff,
  0xf0, 0x01, 0xff, 0xf0, 0x01, 0xff, 0xf0, 0x01, 0xff, 0xf0, 0x01, 0xff, 0xf0, 0x01, 0xff, 0xf0, 0x01, 0xff, 0xf0, 0x01, 0xff, 0xf0, 0x01, 0xff,
  0xf0, 0x01, 0xff, 0xf0, 0x01, 0xff, 0xf0, 0x01, 0xff, 0xf0, 0x01, 0xff, 0xf0, 0x01, 0xff, 0xf0, 0x01, 0xff, 0xf0, 0x01, 0xff, 0xf0, 0x01, 0xff,
  0xf0, 0x01, 0xff, 0xf0, 0x01, 0xff, 0xf0, 0x01, 0xff, 0xf0, 0x01, 0xff, 0xf0, 0x01, 0xff, 0xf0, 0x01, 0xff, 0xf0, 0x01, 0xff, 0xf0, 0x01, 0xff,
  0xf0, 0x01, 0xff, 0xf0, 0x01, 0xff, 0xf0, 0x01, 0xff, 0xf0, 0x01, 0xff, 0xf0, 0x01, 0xff, 0xf0, 0x01, 0xff, 0xf0, 0x01, 0xff, 0xf0, 0x01, 0xff,
  0xf0, 0x01, 0xff, 0xf0, 0x01, 0xff, 0xf0, 0x01, 0xff, 0xf0, 0x01, 0xff, 0xf0, 0x01, 0xff, 0xf0, 0x01, 0xff, 0xf0, 0x01, 0xff, 0xf0, 0x01, 0xff,
  0xf0, 0x01, 0xff, 0xf0, 0x01, 0xff, 0xf0, 0x01, 0xff, 0xf0, 0x01, 0xff, 0xf0, 0x01, 0xff, 0xf0, 0x01, 0xff, 0xf0, 0x01, 0xff, 0xf0, 0x01, 0xff,
  0xf0, 0x01, 0xff, 0xf0, 0x01, 0xff, 0xf0, 0x01, 0xff, 0xf0, 0x01, 0xff, 0xf0, 0x01, 0xff, 0xf0, 0x01, 0xff, 0xf0, 0x01, 0xff, 0xf0, 0x01, 0xff,
  0xf0, 0x01, 0xff, 0xf0, 0x01, 0xff, 0xf0, 0x01, 0xff, 0xf0, 0x01, 0xff, 0xf0, 0x01, 0xff, 0xf0, 0x01, 0xff, 0xf0, 0x01, 0xff, 0xf0, 0x01, 0xff,
  0xf0, 0x01, 0xff, 0xf0, 0x01, 0xff, 0xf0, 0x01, 0xff, 0xf0, 0x01, 0xff, 0xf0, 0x01, 0xff, 0xf0, 0x01, 0xff, 0xf0, 0x01, 0xff, 0xf0, 0x01, 0xff,
  0xf0, 0x01, 0xff, 0xf0, 0x01, 0xff, 0xf0, 0x01, 0xff, 0xf0, 0x01, 0xff, 0xf0, 0x01, 0xff, 0xf0, 0x01, 0xff, 0xf0, 0x01, 0xff, 0xf0, 0x01, 0xff,
  0xf0, 0x01, 0xff, 0xf0, 0x01, 0xff, 0xf0, 0x01, 0xff, 0xf0, 0x01, 0xff, 0xf0, 0x01, 0xff, 0xf0, 0x01, 0xff, 0xf0, 0x01, 0xff, 0xf0, 0x01, 0xff,
  0xf0, 0x01, 0xff, 0xf0, 0x01, 0xff, 0xf0, 0x01, 0xff, 0xf0, 0x01, 0xff, 0xf0, 0x01, 0xff, 0xf0, 0x01, 0xff, 0xf0, 0x01, 0xff, 0xf0, 0x01, 0xff,
  0xf0, 0x01, 0xff, 0xf0, 0x01, 0xff, 0xf0, 0x01, 0xff, 0xf0, 0x01, 0xff, 0xf0, 0x01, 0xff, 0xf0, 0x01, 0xff, 0xf0, 0x01, 0xff, 0xf0, 0x01, 0xff,
  0xf0, 0x01, 0xff, 0xf0, 0x01, 0xff, 0xf0, 0x01, 0xff, 0xf0, 0x01, 0xff, 0xf0, 0x01, 0xff, 0xf0, 0x01, 0xff, 0xf0, 0x01, 0xff, 0xf0, 0x01, 0xff,
  0xf0, 0x01, 0xff, 0xf0, 0x01, 0xff, 0xf0, 0x01, 0xff, 0xf0, 0x01, 0xff, 0xf0, 0x01, 0xff, 0xf0, 0x01, 0xff, 0xf0, 0x01, 0xff, 0xf0, 0x01, 0xff,
  0xf0, 0x01, 0xff, 0xae, 0x01, 0xfd, 0x62, 0x00, 0xfd, 0x00, 0x00, 0xff, 0x00, 0x08, 0xfe, 0xa1, 0x88, 0xfb, 0x02, 0xc9, 0xff, 0x02, 0xc9, 0xff,
  0x02, 0xc9, 0xff, 0x02, 0xc9, 0xff, 0x02, 0xc9, 0xff, 0x02, 0xc9, 0xff, 0x02, 0xc9, 0xff, 0x02, 0xc9, 0xff, 0x02, 0xc9, 0xff, 0x02, 0xc9, 0xff,
  0x02, 0xc9, 0xff, 0xe2, 0xb0, 0xfe, 0x20, 0x20, 0xfd, 0x00, 0x00, 0xff, 0x00, 0x00, 0xf4, 0x00, 0x00, 0x4c, 0x00, 0x00, 0x00, 0x00, 0x00, 0x00,
  0x00, 0x00, 0x00, 0x00, 0x00, 0x0c, 0x00, 0x00, 0xb5, 0x00, 0x00, 0xff, 0x00, 0x00, 0xff, 0x81, 0x70, 0xfc, 0x02, 0xc9, 0xff, 0x02, 0xc9, 0xff,
  0x02, 0xc9, 0xff, 0x02, 0xc9, 0xff, 0x02, 0xc9, 0xff, 0x02, 0xc9, 0xff, 0x02, 0xc9, 0xff, 0x02, 0xc9, 0xff, 0x02, 0xc9, 0xff, 0x02, 0xc9, 0xff,
  0x02, 0xc9, 0xff, 0xe2, 0xb0, 0xfe, 0x20, 0x20, 0xfd, 0x00, 0x00, 0xff, 0x00, 0x00, 0xff, 0x4a, 0x01, 0xfc, 0xf0, 0x01, 0xff, 0xf0, 0x01, 0xff,
  0xf0, 0x01, 0xff, 0xf0, 0x01, 0xff, 0xf0, 0x01, 0xff, 0xf0, 0x01, 0xff, 0xf0, 0x01, 0xff, 0xf0, 0x01, 0xff, 0xf0, 0x01, 0xff, 0xf0, 0x01, 0xff,
  0xf0, 0x01, 0xff, 0xf0, 0x01, 0xff, 0xf0, 0x01, 0xff, 0xf0, 0x01, 0xff, 0xf0, 0x01, 0xff, 0xf0, 0x01, 0xff, 0xf0, 0x01, 0xff, 0xf0, 0x01, 0xff,
  0xf0, 0x01, 0xff, 0xf0, 0x01, 0xff, 0xf0, 0x01, 0xff, 0xf0, 0x01, 0xff, 0xf0, 0x01, 0xff, 0xf0, 0x01, 0xff, 0xf0, 0x01, 0xff, 0xf0, 0x01, 0xff,
  0xf0, 0x01, 0xff, 0xf0, 0x01, 0xff, 0xf0, 0x01, 0xff, 0xf0, 0x01, 0xff, 0xf0, 0x01, 0xff, 0xf0, 0x01, 0xff, 0xf0, 0x01, 0xff, 0xf0, 0x01, 0xff,
  0xf0, 0x01, 0xff, 0xf0, 0x01, 0xff, 0xf0, 0x01, 0xff, 0xf0, 0x01, 0xff, 0xf0, 0x01, 0xff, 0xf0, 0x01, 0xff, 0xf0, 0x01, 0xff, 0xf0, 0x01, 0xff,
  0xf0, 0x01, 0xff, 0xf0, 0x01, 0xff, 0xf0, 0x01, 0xff, 0xf0, 0x01, 0xff, 0xf0, 0x01, 0xff, 0xf0, 0x01, 0xff, 0xf0, 0x01, 0xff, 0xf0, 0x01, 0xff,
  0xf0, 0x01, 0xff, 0xf0, 0x01, 0xff, 0xf0, 0x01, 0xff, 0xf0, 0x01, 0xff, 0xf0, 0x01, 0xff, 0xf0, 0x01, 0xff, 0xf0, 0x01, 0xff, 0xf0, 0x01, 0xff,
  0xf0, 0x01, 0xff, 0xf0, 0x01, 0xff, 0xf0, 0x01, 0xff, 0xf0, 0x01, 0xff, 0xf0, 0x01, 0xff, 0xf0, 0x01, 0xff, 0xf0, 0x01, 0xff, 0xf0, 0x01, 0xff,
  0xf0, 0x01, 0xff, 0xf0, 0x01, 0xff, 0xf0, 0x01, 0xff, 0xf0, 0x01, 0xff, 0xf0, 0x01, 0xff, 0xf0, 0x01, 0xff, 0xf0, 0x01, 0xff, 0xf0, 0x01, 0xff,
  0xf0, 0x01, 0xff, 0xf0, 0x01, 0xff, 0xf0, 0x01, 0xff, 0xf0, 0x01, 0xff, 0xf0, 0x01, 0xff, 0xf0, 0x01, 0xff, 0xf0, 0x01, 0xff, 0xf0, 0x01, 0xff,
  0xf0, 0x01, 0xff, 0xf0, 0x01, 0xff, 0xf0, 0x01, 0xff, 0xf0, 0x01, 0xff, 0xf0, 0x01, 0xff, 0xf0, 0x01, 0xff, 0xf0, 0x01, 0xff, 0xf0, 0x01, 0xff,
  0xf0, 0x01, 0xff, 0xf0, 0x01, 0xff, 0xf0, 0x01, 0xff, 0xf0, 0x01, 0xff, 0xf0, 0x01, 0xff, 0xf0, 0x01, 0xff, 0xf0, 0x01, 0xff, 0xf0, 0x01, 0xff,
  0xf0, 0x01, 0xff, 0xf0, 0x01, 0xff, 0xf0, 0x01, 0xff, 0xf0, 0x01, 0xff, 0xf0, 0x01, 0xff, 0xf0, 0x01, 0xff, 0xf0, 0x01, 0xff, 0xf0, 0x01, 0xff,
  0xf0, 0x01, 0xff, 0xf0, 0x01, 0xff, 0xf0, 0x01, 0xff, 0xf0, 0x01, 0xff, 0xf0, 0x01, 0xff, 0xf0, 0x01, 0xff, 0xf0, 0x01, 0xff, 0xf0, 0x01, 0xff,
  0xf0, 0x01, 0xff, 0xf0, 0x01, 0xff, 0xf0, 0x01, 0xff, 0xf0, 0x01, 0xff, 0xf0, 0x01, 0xff, 0xf0, 0x01, 0xff, 0xf0, 0x01, 0xff, 0xf0, 0x01, 0xff,
  0xf0, 0x01, 0xff, 0xf0, 0x01, 0xff, 0xf0, 0x01, 0xff, 0xf0, 0x01, 0xff, 0xf0, 0x01, 0xff, 0xf0, 0x01, 0xff, 0xf0, 0x01, 0xff, 0xf0, 0x01, 0xff,
  0xf0, 0x01, 0xff, 0xf0, 0x01, 0xff, 0xf0, 0x01, 0xff, 0xf0, 0x01, 0xff, 0xf0, 0x01, 0xff, 0xf0, 0x01, 0xff, 0xf0, 0x01, 0xff, 0xf0, 0x01, 0xff,
  0xf0, 0x01, 0xff, 0xf0, 0x01, 0xff, 0xf0, 0x01, 0xff, 0xf0, 0x01, 0xff, 0xf0, 0x01, 0xff, 0xf0, 0x01, 0xff, 0xf0, 0x01, 0xff, 0xf0, 0x01, 0xff,
  0xf0, 0x01, 0xff, 0xf0, 0x01, 0xff, 0xf0, 0x01, 0xff, 0xf0, 0x01, 0xff, 0xf0, 0x01, 0xff, 0xf0, 0x01, 0xff, 0xf0, 0x01, 0xff, 0xf0, 0x01, 0xff,
  0xf0, 0x01, 0xff, 0xae, 0x01, 0xfd, 0x41, 0x00, 0xfe, 0x00, 0x00, 0xff, 0x00, 0x10, 0xfd, 0xe2, 0xa0, 0xfd, 0x02, 0xc9, 0xff, 0x02, 0xc9, 0xff,
  0x02, 0xc9, 0xff, 0x02, 0xc9, 0xff, 0x02, 0xc9, 0xff, 0x02, 0xc9, 0xff, 0x02, 0xc9, 0xff, 0x02, 0xc9, 0xff, 0x02, 0xc9, 0xff, 0x02, 0xc9, 0xff,
  0x02, 0xc9, 0xff, 0xe2, 0xa0, 0xfd, 0x00, 0x10, 0xfd, 0x00, 0x00, 0xff, 0x00, 0x00, 0xe4, 0x00, 0x00, 0x34, 0x00, 0x00, 0x00, 0x00, 0x00, 0x00,
  0x00, 0x00, 0x00, 0x00, 0x00, 0x03, 0x00, 0x00, 0x8d, 0x00, 0x00, 0xff, 0x00, 0x00, 0xff, 0x60, 0x48, 0xfa, 0x02, 0xc9, 0xff, 0x02, 0xc9, 0xff,
  0x02, 0xc9, 0xff, 0x02, 0xc9, 0xff, 0x02, 0xc9, 0xff, 0x02, 0xc9, 0xff, 0x02, 0xc9, 0xff, 0x02, 0xc9, 0xff, 0x02, 0xc9, 0xff, 0x02, 0xc9, 0xff,
  0x02, 0xc9, 0xff, 0x02, 0xc1, 0xff, 0x61, 0x50, 0xfc, 0x00, 0x00, 0xff, 0x00, 0x00, 0xff, 0xa6, 0x00, 0xf9, 0xf0, 0x01, 0xff, 0xf0, 0x01, 0xff,
  0xf0, 0x01, 0xff, 0xf0, 0x01, 0xff, 0xf0, 0x01, 0xff, 0xf0, 0x01, 0xff, 0xf0, 0x01, 0xff, 0xf0, 0x01, 0xff, 0xf0, 0x01, 0xff, 0xf0, 0x01, 0xff,
  0xf0, 0x01, 0xff, 0xf0, 0x01, 0xff, 0xf0, 0x01, 0xff, 0xf0, 0x01, 0xff, 0xf0, 0x01, 0xff, 0xf0, 0x01, 0xff, 0xf0, 0x01, 0xff, 0xf0, 0x01, 0xff,
  0xf0, 0x01, 0xff, 0xf0, 0x01, 0xff, 0xf0, 0x01, 0xff, 0xf0, 0x01, 0xff, 0xf0, 0x01, 0xff, 0xf0, 0x01, 0xff, 0xf0, 0x01, 0xff, 0xf0, 0x01, 0xff,
  0xf0, 0x01, 0xff, 0xf0, 0x01, 0xff, 0xf0, 0x01, 0xff, 0xf0, 0x01, 0xff, 0xf0, 0x01, 0xff, 0xf0, 0x01, 0xff, 0xf0, 0x01, 0xff, 0xf0, 0x01, 0xff,
  0xf0, 0x01, 0xff, 0xf0, 0x01, 0xff, 0xf0, 0x01, 0xff, 0xf0, 0x01, 0xff, 0xf0, 0x01, 0xff, 0xf0, 0x01, 0xff, 0xf0, 0x01, 0xff, 0xf0, 0x01, 0xff,
  0xf0, 0x01, 0xff, 0xf0, 0x01, 0xff, 0xf0, 0x01, 0xff, 0xf0, 0x01, 0xff, 0xf0, 0x01, 0xff, 0xf0, 0x01, 0xff, 0xf0, 0x01, 0xff, 0xf0, 0x01, 0xff,
  0xf0, 0x01, 0xff, 0xf0, 0x01, 0xff, 0xf0, 0x01, 0xff, 0xf0, 0x01, 0xff, 0xf0, 0x01, 0xff, 0xf0, 0x01, 0xff, 0xf0, 0x01, 0xff, 0xf0, 0x01, 0xff,
  0xf0, 0x01, 0xff, 0xf0, 0x01, 0xff, 0xf0, 0x01, 0xff, 0xf0, 0x01, 0xff, 0xf0, 0x01, 0xff, 0xf0, 0x01, 0xff, 0xf0, 0x01, 0xff, 0xf0, 0x01, 0xff,
  0xf0, 0x01, 0xff, 0xf0, 0x01, 0xff, 0xf0, 0x01, 0xff, 0xf0, 0x01, 0xff, 0xf0, 0x01, 0xff, 0xf0, 0x01, 0xff, 0xf0, 0x01, 0xff, 0xf0, 0x01, 0xff,
  0xf0, 0x01, 0xff, 0xf0, 0x01, 0xff, 0xf0, 0x01, 0xff, 0xf0, 0x01, 0xff, 0xf0, 0x01, 0xff, 0xf0, 0x01, 0xff, 0xf0, 0x01, 0xff, 0xf0, 0x01, 0xff,
  0xf0, 0x01, 0xff, 0xf0, 0x01, 0xff, 0xf0, 0x01, 0xff, 0xf0, 0x01, 0xff, 0xf0, 0x01, 0xff, 0xf0, 0x01, 0xff, 0xf0, 0x01, 0xff, 0xf0, 0x01, 0xff,
  0xf0, 0x01, 0xff, 0xf0, 0x01, 0xff, 0xf0, 0x01, 0xff, 0xf0, 0x01, 0xff, 0xf0, 0x01, 0xff, 0xf0, 0x01, 0xff, 0xf0, 0x01, 0xff, 0xf0, 0x01, 0xff,
  0xf0, 0x01, 0xff, 0xf0, 0x01, 0xff, 0xf0, 0x01, 0xff, 0xf0, 0x01, 0xff, 0xf0, 0x01, 0xff, 0xf0, 0x01, 0xff, 0xf0, 0x01, 0xff, 0xf0, 0x01, 0xff,
  0xf0, 0x01, 0xff, 0xf0, 0x01, 0xff, 0xf0, 0x01, 0xff, 0xf0, 0x01, 0xff, 0xf0, 0x01, 0xff, 0xf0, 0x01, 0xff, 0xf0, 0x01, 0xff, 0xf0, 0x01, 0xff,
  0xf0, 0x01, 0xff, 0xf0, 0x01, 0xff, 0xf0, 0x01, 0xff, 0xf0, 0x01, 0xff, 0xf0, 0x01, 0xff, 0xf0, 0x01, 0xff, 0xf0, 0x01, 0xff, 0xf0, 0x01, 0xff,
  0xf0, 0x01, 0xff, 0xf0, 0x01, 0xff, 0xf0, 0x01, 0xff, 0xf0, 0x01, 0xff, 0xf0, 0x01, 0xff, 0xf0, 0x01, 0xff, 0xf0, 0x01, 0xff, 0xf0, 0x01, 0xff,
  0xf0, 0x01, 0xff, 0xf0, 0x01, 0xff, 0xf0, 0x01, 0xff, 0xf0, 0x01, 0xff, 0xf0, 0x01, 0xff, 0xf0, 0x01, 0xff, 0xf0, 0x01, 0xff, 0xf0, 0x01, 0xff,
  0xf0, 0x01, 0xff, 0xf0, 0x01, 0xff, 0xf0, 0x01, 0xff, 0xf0, 0x01, 0xff, 0xf0, 0x01, 0xff, 0xf0, 0x01, 0xff, 0xf0, 0x01, 0xff, 0xf0, 0x01, 0xff,
  0xf0, 0x01, 0xff, 0xf0, 0x01, 0xff, 0xf0, 0x01, 0xff, 0xf0, 0x01, 0xff, 0xf0, 0x01, 0xff, 0xf0, 0x01, 0xff, 0xf0, 0x01, 0xff, 0xf0, 0x01, 0xff,
  0xf0, 0x01, 0xff, 0x4a, 0x01, 0xfc, 0x00, 0x00, 0xff, 0x00, 0x00, 0xff, 0x20, 0x28, 0xfd, 0x02, 0xb9, 0xff, 0x02, 0xc9, 0xff, 0x02, 0xc9, 0xff,
  0x02, 0xc9, 0xff, 0x02, 0xc9, 0xff, 0x02, 0xc9, 0xff, 0x02, 0xc9, 0xff, 0x02, 0xc9, 0xff, 0x02, 0xc9, 0xff, 0x02, 0xc9, 0xff, 0x02, 0xc9, 0xff,
  0x02, 0xc9, 0xff, 0xc1, 0x88, 0xfd, 0x00, 0x08, 0xfe, 0x00, 0x00, 0xff, 0x00, 0x00, 0xcc, 0x00, 0x00, 0x1c, 0x00, 0x00, 0x00, 0x00, 0x00, 0x00,
  0x00, 0x00, 0x00, 0x00, 0x00, 0x02, 0x00, 0x00, 0x63, 0x00, 0x00, 0xff, 0x00, 0x00, 0xff, 0x40, 0x30, 0xfd, 0x02, 0xb9, 0xff, 0x02, 0xc9, 0xff,
  0x02, 0xc9, 0xff, 0x02, 0xc9, 0xff, 0x02, 0xc9, 0xff, 0x02, 0xc9, 0xff, 0x02, 0xc9, 0xff, 0x02, 0xc9, 0xff, 0x02, 0xc9, 0xff, 0x02, 0xc9, 0xff,
  0x02, 0xc9, 0xff, 0x02, 0xc9, 0xff, 0xa1, 0x78, 0xfd, 0x00, 0x00, 0xff, 0x00, 0x00, 0xff, 0x62, 0x00, 0xfd, 0xae, 0x01, 0xfd, 0xf0, 0x01, 0xff,
  0xf0, 0x01, 0xff, 0xf0, 0x01, 0xff, 0xf0, 0x01, 0xff, 0xf0, 0x01, 0xff, 0xf0, 0x01, 0xff, 0xf0, 0x01, 0xff, 0xf0, 0x01, 0xff, 0xf0, 0x01, 0xff,
  0xf0, 0x01, 0xff, 0xf0, 0x01, 0xff, 0xf0, 0x01, 0xff, 0xf0, 0x01, 0xff, 0xf0, 0x01, 0xff, 0xf0, 0x01, 0xff, 0xf0, 0x01, 0xff, 0xf0, 0x01, 0xff,
  0xf0, 0x01, 0xff, 0xf0, 0x01, 0xff, 0xf0, 0x01, 0xff, 0xf0, 0x01, 0xff, 0xf0, 0x01, 0xff, 0xf0, 0x01, 0xff, 0xf0, 0x01, 0xff, 0xf0, 0x01, 0xff,
  0xf0, 0x01, 0xff, 0xf0, 0x01, 0xff, 0xf0, 0x01, 0xff, 0xf0, 0x01, 0xff, 0xf0, 0x01, 0xff, 0xf0, 0x01, 0xff, 0xf0, 0x01, 0xff, 0xf0, 0x01, 0xff,
  0xf0, 0x01, 0xff, 0xf0, 0x01, 0xff, 0xf0, 0x01, 0xff, 0xf0, 0x01, 0xff, 0xf0, 0x01, 0xff, 0xf0, 0x01, 0xff, 0xf0, 0x01, 0xff, 0xf0, 0x01, 0xff,
  0xf0, 0x01, 0xff, 0xf0, 0x01, 0xff, 0xf0, 0x01, 0xff, 0xf0, 0x01, 0xff, 0xf0, 0x01, 0xff, 0xf0, 0x01, 0xff, 0xf0, 0x01, 0xff, 0xf0, 0x01, 0xff,
  0xf0, 0x01, 0xff, 0xf0, 0x01, 0xff, 0xf0, 0x01, 0xff, 0xf0, 0x01, 0xff, 0xf0, 0x01, 0xff, 0xf0, 0x01, 0xff, 0xf0, 0x01, 0xff, 0xf0, 0x01, 0xff,
  0xf0, 0x01, 0xff, 0xf0, 0x01, 0xff, 0xf0, 0x01, 0xff, 0xf0, 0x01, 0xff, 0xf0, 0x01, 0xff, 0xf0, 0x01, 0xff, 0xf0, 0x01, 0xff, 0xf0, 0x01, 0xff,
  0xf0, 0x01, 0xff, 0xf0, 0x01, 0xff, 0xf0, 0x01, 0xff, 0xf0, 0x01, 0xff, 0xf0, 0x01, 0xff, 0xf0, 0x01, 0xff, 0xf0, 0x01, 0xff, 0xf0, 0x01, 0xff,
  0xf0, 0x01, 0xff, 0xf0, 0x01, 0xff, 0xf0, 0x01, 0xff, 0xf0, 0x01, 0xff, 0xf0, 0x01, 0xff, 0xf0, 0x01, 0xff, 0xf0, 0x01, 0xff, 0xf0, 0x01, 0xff,
  0xf0, 0x01, 0xff, 0xf0, 0x01, 0xff, 0xf0, 0x01, 0xff, 0xf0, 0x01, 0xff, 0xf0, 0x01, 0xff, 0xf0, 0x01, 0xff, 0xf0, 0x01, 0xff, 0xf0, 0x01, 0xff,
  0xf0, 0x01, 0xff, 0xf0, 0x01, 0xff, 0xf0, 0x01, 0xff, 0xf0, 0x01, 0xff, 0xf0, 0x01, 0xff, 0xf0, 0x01, 0xff, 0xf0, 0x01, 0xff, 0xf0, 0x01, 0xff,
  0xf0, 0x01, 0xff, 0xf0, 0x01, 0xff, 0xf0, 0x01, 0xff, 0xf0, 0x01, 0xff, 0xf0, 0x01, 0xff, 0xf0, 0x01, 0xff, 0xf0, 0x01, 0xff, 0xf0, 0x01, 0xff,
  0xf0, 0x01, 0xff, 0xf0, 0x01, 0xff, 0xf0, 0x01, 0xff, 0xf0, 0x01, 0xff, 0xf0, 0x01, 0xff, 0xf0, 0x01, 0xff, 0xf0, 0x01, 0xff, 0xf0, 0x01, 0xff,
  0xf0, 0x01, 0xff, 0xf0, 0x01, 0xff, 0xf0, 0x01, 0xff, 0xf0, 0x01, 0xff, 0xf0, 0x01, 0xff, 0xf0, 0x01, 0xff, 0xf0, 0x01, 0xff, 0xf0, 0x01, 0xff,
  0xf0, 0x01, 0xff, 0xf0, 0x01, 0xff, 0xf0, 0x01, 0xff, 0xf0, 0x01, 0xff, 0xf0, 0x01, 0xff, 0xf0, 0x01, 0xff, 0xf0, 0x01, 0xff, 0xf0, 0x01, 0xff,
  0xf0, 0x01, 0xff, 0xf0, 0x01, 0xff, 0xf0, 0x01, 0xff, 0xf0, 0x01, 0xff, 0xf0, 0x01, 0xff, 0xf0, 0x01, 0xff, 0xf0, 0x01, 0xff, 0xf0, 0x01, 0xff,
  0xf0, 0x01, 0xff, 0xf0, 0x01, 0xff, 0xf0, 0x01, 0xff, 0xf0, 0x01, 0xff, 0xf0, 0x01, 0xff, 0xf0, 0x01, 0xff, 0xf0, 0x01, 0xff, 0xf0, 0x01, 0xff,
  0xf0, 0x01, 0xff, 0xf0, 0x01, 0xff, 0xf0, 0x01, 0xff, 0xf0, 0x01, 0xff, 0xf0, 0x01, 0xff, 0xf0, 0x01, 0xff, 0xf0, 0x01, 0xff, 0xf0, 0x01, 0xff,
  0xf0, 0x01, 0xff, 0xa6, 0x00, 0xf9, 0x00, 0x00, 0xff, 0x00, 0x00, 0xff, 0x60, 0x48, 0xfc, 0x02, 0xc1, 0xff, 0x02, 0xc9, 0xff, 0x02, 0xc9, 0xff,
  0x02, 0xc9, 0xff, 0x02, 0xc9, 0xff, 0x02, 0xc9, 0xff, 0x02, 0xc9, 0xff, 0x02, 0xc9, 0xff, 0x02, 0xc9, 0xff, 0x02, 0xc9, 0xff, 0x02, 0xc9, 0xff,
  0x02, 0xc9, 0xff, 0x81, 0x68, 0xfd, 0x00, 0x00, 0xff, 0x00, 0x00, 0xff, 0x00, 0x00, 0xac, 0x00, 0x00, 0x0c, 0x00, 0x00, 0x00, 0x00, 0x00, 0x00,
  0x00, 0x00, 0x00, 0x00, 0x00, 0x00, 0x00, 0x00, 0x45, 0x00, 0x00, 0xec, 0x00, 0x00, 0xff, 0x20, 0x18, 0xfd, 0xe2, 0xb0, 0xfe, 0x02, 0xc9, 0xff,
  0x02, 0xc9, 0xff, 0x02, 0xc9, 0xff, 0x02, 0xc9, 0xff, 0x02, 0xc9, 0xff, 0x02, 0xc9, 0xff, 0x02, 0xc9, 0xff, 0x02, 0xc9, 0xff, 0x02, 0xc9, 0xff,
  0x02, 0xc9, 0xff, 0x02, 0xc9, 0xff, 0xc1, 0x98, 0xfd, 0x00, 0x10, 0xfd, 0x00, 0x00, 0xff, 0x41, 0x00, 0xfe, 0xae, 0x01, 0xfd, 0xf0, 0x01, 0xff,
  0xf0, 0x01, 0xff, 0xf0, 0x01, 0xff, 0xf0, 0x01, 0xff, 0xf0, 0x01, 0xff, 0xf0, 0x01, 0xff, 0xf0, 0x01, 0xff, 0xf0, 0x01, 0xff, 0xf0, 0x01, 0xff,
  0xf0, 0x01, 0xff, 0xf0, 0x01, 0xff, 0xf0, 0x01, 0xff, 0xf0, 0x01, 0xff, 0xf0, 0x01, 0xff, 0xf0, 0x01, 0xff, 0xf0, 0x01, 0xff, 0xf0, 0x01, 0xff,
  0xf0, 0x01, 0xff, 0xf0, 0x01, 0xff, 0xf0, 0x01, 0xff, 0xf0, 0x01, 0xff, 0xf0, 0x01, 0xff, 0xf0, 0x01, 0xff, 0xf0, 0x01, 0xff, 0xf0, 0x01, 0xff,
  0xf0, 0x01, 0xff, 0xf0, 0x01, 0xff, 0xf0, 0x01, 0xff, 0xf0, 0x01, 0xff, 0xf0, 0x01, 0xff, 0xf0, 0x01, 0xff, 0xf0, 0x01, 0xff, 0xf0, 0x01, 0xff,
  0xf0, 0x01, 0xff, 0xf0, 0x01, 0xff, 0xf0, 0x01, 0xff, 0xf0, 0x01, 0xff, 0xf0, 0x01, 0xff, 0xf0, 0x01, 0xff, 0xf0, 0x01, 0xff, 0xf0, 0x01, 0xff,
  0xf0, 0x01, 0xff, 0xf0, 0x01, 0xff, 0xf0, 0x01, 0xff, 0xf0, 0x01, 0xff, 0xf0, 0x01, 0xff, 0xf0, 0x01, 0xff, 0xf0, 0x01, 0xff, 0xf0, 0x01, 0xff,
  0xf0, 0x01, 0xff, 0xf0, 0x01, 0xff, 0xf0, 0x01, 0xff, 0xf0, 0x01, 0xff, 0xf0, 0x01, 0xff, 0xf0, 0x01, 0xff, 0xf0, 0x01, 0xff, 0xf0, 0x01, 0xff,
  0xf0, 0x01, 0xff, 0xf0, 0x01, 0xff, 0xf0, 0x01, 0xff, 0xf0, 0x01, 0xff, 0xf0, 0x01, 0xff, 0xf0, 0x01, 0xff, 0xf0, 0x01, 0xff, 0xf0, 0x01, 0xff,
  0xf0, 0x01, 0xff, 0xf0, 0x01, 0xff, 0xf0, 0x01, 0xff, 0xf0, 0x01, 0xff, 0xf0, 0x01, 0xff, 0xf0, 0x01, 0xff, 0xf0, 0x01, 0xff, 0xf0, 0x01, 0xff,
  0xf0, 0x01, 0xff, 0xf0, 0x01, 0xff, 0xf0, 0x01, 0xff, 0xf0, 0x01, 0xff, 0xf0, 0x01, 0xff, 0xf0, 0x01, 0xff, 0xf0, 0x01, 0xff, 0xf0, 0x01, 0xff,
  0xf0, 0x01, 0xff, 0xf0, 0x01, 0xff, 0xf0, 0x01, 0xff, 0xf0, 0x01, 0xff, 0xf0, 0x01, 0xff, 0xf0, 0x01, 0xff, 0xf0, 0x01, 0xff, 0xf0, 0x01, 0xff,
  0xf0, 0x01, 0xff, 0xf0, 0x01, 0xff, 0xf0, 0x01, 0xff, 0xf0, 0x01, 0xff, 0xf0, 0x01, 0xff, 0xf0, 0x01, 0xff, 0xf0, 0x01, 0xff, 0xf0, 0x01, 0xff,
  0xf0, 0x01, 0xff, 0xf0, 0x01, 0xff, 0xf0, 0x01, 0xff, 0xf0, 0x01, 0xff, 0xf0, 0x01, 0xff, 0xf0, 0x01, 0xff, 0xf0, 0x01, 0xff, 0xf0, 0x01, 0xff,
  0xf0, 0x01, 0xff, 0xf0, 0x01, 0xff, 0xf0, 0x01, 0xff, 0xf0, 0x01, 0xff, 0xf0, 0x01, 0xff, 0xf0, 0x01, 0xff, 0xf0, 0x01, 0xff, 0xf0, 0x01, 0xff,
  0xf0, 0x01, 0xff, 0xf0, 0x01, 0xff, 0xf0, 0x01, 0xff, 0xf0, 0x01, 0xff, 0xf0, 0x01, 0xff, 0xf0, 0x01, 0xff, 0xf0, 0x01, 0xff, 0xf0, 0x01, 0xff,
  0xf0, 0x01, 0xff, 0xf0, 0x01, 0xff, 0xf0, 0x01, 0xff, 0xf0, 0x01, 0xff, 0xf0, 0x01, 0xff, 0xf0, 0x01, 0xff, 0xf0, 0x01, 0xff, 0xf0, 0x01, 0xff,
  0xf0, 0x01, 0xff, 0xf0, 0x01, 0xff, 0xf0, 0x01, 0xff, 0xf0, 0x01, 0xff, 0xf0, 0x01, 0xff, 0xf0, 0x01, 0xff, 0xf0, 0x01, 0xff, 0xf0, 0x01, 0xff,
  0xf0, 0x01, 0xff, 0xf0, 0x01, 0xff, 0xf0, 0x01, 0xff, 0xf0, 0x01, 0xff, 0xf0, 0x01, 0xff, 0xf0, 0x01, 0xff, 0xf0, 0x01, 0xff, 0xf0, 0x01, 0xff,
  0xf0, 0x01, 0xff, 0xf0, 0x01, 0xff, 0xf0, 0x01, 0xff, 0xf0, 0x01, 0xff, 0xf0, 0x01, 0xff, 0xf0, 0x01, 0xff, 0xf0, 0x01, 0xff, 0xf0, 0x01, 0xff,
  0xae, 0x01, 0xfd, 0xa6, 0x00, 0xf9, 0x00, 0x00, 0xff, 0x00, 0x00, 0xff, 0x81, 0x60, 0xfd, 0x02, 0xc9, 0xff, 0x02, 0xc9, 0xff, 0x02, 0xc9, 0xff,
  0x02, 0xc9, 0xff, 0x02, 0xc9, 0xff, 0x02, 0xc9, 0xff, 0x02, 0xc9, 0xff, 0x02, 0xc9, 0xff, 0x02, 0xc9, 0xff, 0x02, 0xc9, 0xff, 0x02, 0xc9, 0xff,
  0x02, 0xc1, 0xff, 0x61, 0x50, 0xfc, 0x00, 0x00, 0xff, 0x00, 0x00, 0xff, 0x00, 0x00, 0x8d, 0x00, 0x00, 0x03, 0x00, 0x00, 0x00, 0x00, 0x00, 0x00,
  0x00, 0x00, 0x00, 0x00, 0x00, 0x00, 0x00, 0x00, 0x24, 0x00, 0x00, 0xdb, 0x00, 0x00, 0xff, 0x00, 0x08, 0xfe, 0xc1, 0x98, 0xfd, 0x02, 0xc9, 0xff,
  0x02, 0xc9, 0xff, 0x02, 0xc9, 0xff, 0x02, 0xc9, 0xff, 0x02, 0xc9, 0xff, 0x02, 0xc9, 0xff, 0x02, 0xc9, 0xff, 0x02, 0xc9, 0xff, 0x02, 0xc9, 0xff,
  0x02, 0xc9, 0xff, 0x02, 0xc9, 0xff, 0x02, 0xb9, 0xff, 0x20, 0x28, 0xfd, 0x00, 0x00, 0xff, 0x00, 0x00, 0xff, 0x4a, 0x01, 0xfc, 0xf0, 0x01, 0xff,
  0xf0, 0x01, 0xff, 0xf0, 0x01, 0xff, 0xf0, 0x01, 0xff, 0xf0, 0x01, 0xff, 0xf0, 0x01, 0xff, 0xf0, 0x01, 0xff, 0xf0, 0x01, 0xff, 0xf0, 0x01, 0xff,
  0xf0, 0x01, 0xff, 0xf0, 0x01, 0xff, 0xf0, 0x01, 0xff, 0xf0, 0x01, 0xff, 0xf0, 0x01, 0xff, 0xf0, 0x01, 0xff, 0xf0, 0x01, 0xff, 0xf0, 0x01, 0xff,
  0xf0, 0x01, 0xff, 0xf0, 0x01, 0xff, 0xf0, 0x01, 0xff, 0xf0, 0x01, 0xff, 0xf0, 0x01, 0xff, 0xf0, 0x01, 0xff, 0xf0, 0x01, 0xff, 0xf0, 0x01, 0xff,
  0xf0, 0x01, 0xff, 0xf0, 0x01, 0xff, 0xf0, 0x01, 0xff, 0xf0, 0x01, 0xff, 0xf0, 0x01, 0xff, 0xf0, 0x01, 0xff, 0xf0, 0x01, 0xff, 0xf0, 0x01, 0xff,
  0xf0, 0x01, 0xff, 0xf0, 0x01, 0xff, 0xf0, 0x01, 0xff, 0xf0, 0x01, 0xff, 0xf0, 0x01, 0xff, 0xf0, 0x01, 0xff, 0xf0, 0x01, 0xff, 0xf0, 0x01, 0xff,
  0xf0, 0x01, 0xff, 0xf0, 0x01, 0xff, 0xf0, 0x01, 0xff, 0xf0, 0x01, 0xff, 0xf0, 0x01, 0xff, 0xf0, 0x01, 0xff, 0xf0, 0x01, 0xff, 0xf0, 0x01, 0xff,
  0xf0, 0x01, 0xff, 0xf0, 0x01, 0xff, 0xf0, 0x01, 0xff, 0xf0, 0x01, 0xff, 0xf0, 0x01, 0xff, 0xf0, 0x01, 0xff, 0xf0, 0x01, 0xff, 0xf0, 0x01, 0xff,
  0xf0, 0x01, 0xff, 0xf0, 0x01, 0xff, 0xf0, 0x01, 0xff, 0xf0, 0x01, 0xff, 0xf0, 0x01, 0xff, 0xf0, 0x01, 0xff, 0xf0, 0x01, 0xff, 0xf0, 0x01, 0xff,
  0xf0, 0x01, 0xff, 0xf0, 0x01, 0xff, 0xf0, 0x01, 0xff, 0xf0, 0x01, 0xff, 0xf0, 0x01, 0xff, 0xf0, 0x01, 0xff, 0xf0, 0x01, 0xff, 0xf0, 0x01, 0xff,
  0xf0, 0x01, 0xff, 0xf0, 0x01, 0xff, 0xf0, 0x01, 0xff, 0xf0, 0x01, 0xff, 0xf0, 0x01, 0xff, 0xf0, 0x01, 0xff, 0xf0, 0x01, 0xff, 0xf0, 0x01, 0xff,
  0xf0, 0x01, 0xff, 0xf0, 0x01, 0xff, 0xf0, 0x01, 0xff, 0xf0, 0x01, 0xff, 0xf0, 0x01, 0xff, 0xf0, 0x01, 0xff, 0xf0, 0x01, 0xff, 0xf0, 0x01, 0xff,
  0xf0, 0x01, 0xff, 0xf0, 0x01, 0xff, 0xf0, 0x01, 0xff, 0xf0, 0x01, 0xff, 0xf0, 0x01, 0xff, 0xf0, 0x01, 0xff, 0xf0, 0x01, 0xff, 0xf0, 0x01, 0xff,
  0xf0, 0x01, 0xff, 0xf0, 0x01, 0xff, 0xf0, 0x01, 0xff, 0xf0, 0x01, 0xff, 0xf0, 0x01, 0xff, 0xf0, 0x01, 0xff, 0xf0, 0x01, 0xff, 0xf0, 0x01, 0xff,
  0xf0, 0x01, 0xff, 0xf0, 0x01, 0xff, 0xf0, 0x01, 0xff, 0xf0, 0x01, 0xff, 0xf0, 0x01, 0xff, 0xf0, 0x01, 0xff, 0xf0, 0x01, 0xff, 0xf0, 0x01, 0xff,
  0xf0, 0x01, 0xff, 0xf0, 0x01, 0xff, 0xf0, 0x01, 0xff, 0xf0, 0x01, 0xff, 0xf0, 0x01, 0xff, 0xf0, 0x01, 0xff, 0xf0, 0x01, 0xff, 0xf0, 0x01, 0xff,
  0xf0, 0x01, 0xff, 0xf0, 0x01, 0xff, 0xf0, 0x01, 0xff, 0xf0, 0x01, 0xff, 0xf0, 0x01, 0xff, 0xf0, 0x01, 0xff, 0xf0, 0x01, 0xff, 0xf0, 0x01, 0xff,
  0xf0, 0x01, 0xff, 0xf0, 0x01, 0xff, 0xf0, 0x01, 0xff, 0xf0, 0x01, 0xff, 0xf0, 0x01, 0xff, 0xf0, 0x01, 0xff, 0xf0, 0x01, 0xff, 0xf0, 0x01, 0xff,
  0xf0, 0x01, 0xff, 0xf0, 0x01, 0xff, 0xf0, 0x01, 0xff, 0xf0, 0x01, 0xff, 0xf0, 0x01, 0xff, 0xf0, 0x01, 0xff, 0xf0, 0x01, 0xff, 0xf0, 0x01, 0xff,
  0xf0, 0x01, 0xff, 0xf0, 0x01, 0xff, 0xf0, 0x01, 0xff, 0xf0, 0x01, 0xff, 0xf0, 0x01, 0xff, 0xf0, 0x01, 0xff, 0xf0, 0x01, 0xff, 0xf0, 0x01, 0xff,
  0xae, 0x01, 0xfd, 0x62, 0x00, 0xfd, 0x00, 0x00, 0xff, 0x00, 0x08, 0xfe, 0xc1, 0x90, 0xfd, 0x02, 0xc9, 0xff, 0x02, 0xc9, 0xff, 0x02, 0xc9, 0xff,
  0x02, 0xc9, 0xff, 0x02, 0xc9, 0xff, 0x02, 0xc9, 0xff, 0x02, 0xc9, 0xff, 0x02, 0xc9, 0xff, 0x02, 0xc9, 0xff, 0x02, 0xc9, 0xff, 0x02, 0xc9, 0xff,
  0x02, 0xb9, 0xff, 0x20, 0x28, 0xfd, 0x00, 0x00, 0xff, 0x00, 0x00, 0xf4, 0x00, 0x00, 0x63, 0x00, 0x00, 0x02, 0x00, 0x00, 0x00, 0x00, 0x00, 0x00,
  0x00, 0x00, 0x00, 0x00, 0x00, 0x00, 0x00, 0x00, 0x14, 0x00, 0x00, 0xbc, 0x00, 0x00, 0xff, 0x00, 0x00, 0xff, 0x81, 0x70, 0xfc, 0x02, 0xc9, 0xff,
  0x02, 0xc9, 0xff, 0x02, 0xc9, 0xff, 0x02, 0xc9, 0xff, 0x02, 0xc9, 0xff, 0x02, 0xc9, 0xff, 0x02, 0xc9, 0xff, 0x02, 0xc9, 0xff, 0x02, 0xc9, 0xff,
  0x02, 0xc9, 0xff, 0x02, 0xc9, 0xff, 0x02, 0xc1, 0xff, 0x61, 0x50, 0xfc, 0x00, 0x00, 0xff, 0x00, 0x00, 0xff, 0xa6, 0x00, 0xf9, 0xae, 0x01, 0xfd,
  0xf0, 0x01, 0xff, 0xf0, 0x01, 0xff, 0xf0, 0x01, 0xff, 0xf0, 0x01, 0xff, 0xf0, 0x01, 0xff, 0xf0, 0x01, 0xff, 0xf0, 0x01, 0xff, 0xf0, 0x01, 0xff,
  0xf0, 0x01, 0xff, 0xf0, 0x01, 0xff, 0xf0, 0x01, 0xff, 0xf0, 0x01, 0xff, 0xf0, 0x01, 0xff, 0xf0, 0x01, 0xff, 0xf0, 0x01, 0xff, 0xf0, 0x01, 0xff,
  0xf0, 0x01, 0xff, 0xf0, 0x01, 0xff, 0xf0, 0x01, 0xff, 0xf0, 0x01, 0xff, 0xf0, 0x01, 0xff, 0xf0, 0x01, 0xff, 0xf0, 0x01, 0xff, 0xf0, 0x01, 0xff,
  0xf0, 0x01, 0xff, 0xf0, 0x01, 0xff, 0xf0, 0x01, 0xff, 0xf0, 0x01, 0xff, 0xf0, 0x01, 0xff, 0xf0, 0x01, 0xff, 0xf0, 0x01, 0xff, 0xf0, 0x01, 0xff,
  0xf0, 0x01, 0xff, 0xf0, 0x01, 0xff, 0xf0, 0x01, 0xff, 0xf0, 0x01, 0xff, 0xf0, 0x01, 0xff, 0xf0, 0x01, 0xff, 0xf0, 0x01, 0xff, 0xf0, 0x01, 0xff,
  0xf0, 0x01, 0xff, 0xf0, 0x01, 0xff, 0xf0, 0x01, 0xff, 0xf0, 0x01, 0xff, 0xf0, 0x01, 0xff, 0xf0, 0x01, 0xff, 0xf0, 0x01, 0xff, 0xf0, 0x01, 0xff,
  0xf0, 0x01, 0xff, 0xf0, 0x01, 0xff, 0xf0, 0x01, 0xff, 0xf0, 0x01, 0xff, 0xf0, 0x01, 0xff, 0xf0, 0x01, 0xff, 0xf0, 0x01, 0xff, 0xf0, 0x01, 0xff,
  0xf0, 0x01, 0xff, 0xf0, 0x01, 0xff, 0xf0, 0x01, 0xff, 0xf0, 0x01, 0xff, 0xf0, 0x01, 0xff, 0xf0, 0x01, 0xff, 0xf0, 0x01, 0xff, 0xf0, 0x01, 0xff,
  0xf0, 0x01, 0xff, 0xf0, 0x01, 0xff, 0xf0, 0x01, 0xff, 0xf0, 0x01, 0xff, 0xf0, 0x01, 0xff, 0xf0, 0x01, 0xff, 0xf0, 0x01, 0xff, 0xf0, 0x01, 0xff,
  0xf0, 0x01, 0xff, 0xf0, 0x01, 0xff, 0xf0, 0x01, 0xff, 0xf0, 0x01, 0xff, 0xf0, 0x01, 0xff, 0xf0, 0x01, 0xff, 0xf0, 0x01, 0xff, 0xf0, 0x01, 0xff,
  0xf0, 0x01, 0xff, 0xf0, 0x01, 0xff, 0xf0, 0x01, 0xff, 0xf0, 0x01, 0xff, 0xf0, 0x01, 0xff, 0xf0, 0x01, 0xff, 0xf0, 0x01, 0xff, 0xf0, 0x01, 0xff,
  0xf0, 0x01, 0xff, 0xf0, 0x01, 0xff, 0xf0, 0x01, 0xff, 0xf0, 0x01, 0xff, 0xf0, 0x01, 0xff, 0xf0, 0x01, 0xff, 0xf0, 0x01, 0xff, 0xf0, 0x01, 0xff,
  0xf0, 0x01, 0xff, 0xf0, 0x01, 0xff, 0xf0, 0x01, 0xff, 0xf0, 0x01, 0xff, 0xf0, 0x01, 0xff, 0xf0, 0x01, 0xff, 0xf0, 0x01, 0xff, 0xf0, 0x01, 0xff,
  0xf0, 0x01, 0xff, 0xf0, 0x01, 0xff, 0xf0, 0x01, 0xff, 0xf0, 0x01, 0xff, 0xf0, 0x01, 0xff, 0xf0, 0x01, 0xff, 0xf0, 0x01, 0xff, 0xf0, 0x01, 0xff,
  0xf0, 0x01, 0xff, 0xf0, 0x01, 0xff, 0xf0, 0x01, 0xff, 0xf0, 0x01, 0xff, 0xf0, 0x01, 0xff, 0xf0, 0x01, 0xff, 0xf0, 0x01, 0xff, 0xf0, 0x01, 0xff,
  0xf0, 0x01, 0xff, 0xf0, 0x01, 0xff, 0xf0, 0x01, 0xff, 0xf0, 0x01, 0xff, 0xf0, 0x01, 0xff, 0xf0, 0x01, 0xff, 0xf0, 0x01, 0xff, 0xf0, 0x01, 0xff,
  0xf0, 0x01, 0xff, 0xf0, 0x01, 0xff, 0xf0, 0x01, 0xff, 0xf0, 0x01, 0xff, 0xf0, 0x01, 0xff, 0xf0, 0x01, 0xff, 0xf0, 0x01, 0xff, 0xf0, 0x01, 0xff,
  0xf0, 0x01, 0xff, 0xf0, 0x01, 0xff, 0xf0, 0x01, 0xff, 0xf0, 0x01, 0xff, 0xf0, 0x01, 0xff, 0xf0, 0x01, 0xff, 0xf0, 0x01, 0xff, 0xf0, 0x01, 0xff,
  0xf0, 0x01, 0xff, 0xf0, 0x01, 0xff, 0xf0, 0x01, 0xff, 0xf0, 0x01, 0xff, 0xf0, 0x01, 0xff, 0xf0, 0x01, 0xff, 0xf0, 0x01, 0xff, 0xf0, 0x01, 0xff,
  0x4a, 0x01, 0xfc, 0x00, 0x00, 0xff, 0x00, 0x00, 0xff, 0x20, 0x18, 0xfd, 0xe2, 0xb0, 0xfe, 0x02, 0xc9, 0xff, 0x02, 0xc9, 0xff, 0x02, 0xc9, 0xff,
  0x02, 0xc9, 0xff, 0x02, 0xc9, 0xff, 0x02, 0xc9, 0xff, 0x02, 0xc9, 0xff, 0x02, 0xc9, 0xff, 0x02, 0xc9, 0xff, 0x02, 0xc9, 0xff, 0x02, 0xc9, 0xff,
  0xe2, 0xa0, 0xfd, 0x20, 0x18, 0xfd, 0x00, 0x00, 0xff, 0x00, 0x00, 0xec, 0x00, 0x00, 0x3c, 0x00, 0x00, 0x00, 0x00, 0x00, 0x00, 0x00, 0x00, 0x00,
  0x00, 0x00, 0x00, 0x00, 0x00, 0x00, 0x00, 0x00, 0x03, 0x00, 0x00, 0x94, 0x00, 0x00, 0xff, 0x00, 0x00, 0xff, 0x61, 0x50, 0xfc, 0x02, 0xc1, 0xff,
  0x02, 0xc9, 0xff, 0x02, 0xc9, 0xff, 0x02, 0xc9, 0xff, 0x02, 0xc9, 0xff, 0x02, 0xc9, 0xff, 0x02, 0xc9, 0xff, 0x02, 0xc9, 0xff, 0x02, 0xc9, 0xff,
  0x02, 0xc9, 0xff, 0x02, 0xc9, 0xff, 0x02, 0xc9, 0xff, 0xa1, 0x78, 0xf8, 0x00, 0x00, 0xff, 0x00, 0x00, 0xff, 0x62, 0x00, 0xfd, 0xae, 0x01, 0xfd,
  0xf0, 0x01, 0xff, 0xf0, 0x01, 0xff, 0xf0, 0x01, 0xff, 0xf0, 0x01, 0xff, 0xf0, 0x01, 0xff, 0xf0, 0x01, 0xff, 0xf0, 0x01, 0xff, 0xf0, 0x01, 0xff,
  0xf0, 0x01, 0xff, 0xf0, 0x01, 0xff, 0xf0, 0x01, 0xff, 0xf0, 0x01, 0xff, 0xf0, 0x01, 0xff, 0xf0, 0x01, 0xff, 0xf0, 0x01, 0xff, 0xf0, 0x01, 0xff,
  0xf0, 0x01, 0xff, 0xf0, 0x01, 0xff, 0xf0, 0x01, 0xff, 0xf0, 0x01, 0xff, 0xf0, 0x01, 0xff, 0xf0, 0x01, 0xff, 0xf0, 0x01, 0xff, 0xf0, 0x01, 0xff,
  0xf0, 0x01, 0xff, 0xf0, 0x01, 0xff, 0xf0, 0x01, 0xff, 0xf0, 0x01, 0xff, 0xf0, 0x01, 0xff, 0xf0, 0x01, 0xff, 0xf0, 0x01, 0xff, 0xf0, 0x01, 0xff,
  0xf0, 0x01, 0xff, 0xf0, 0x01, 0xff, 0xf0, 0x01, 0xff, 0xf0, 0x01, 0xff, 0xf0, 0x01, 0xff, 0xf0, 0x01, 0xff, 0xf0, 0x01, 0xff, 0xf0, 0x01, 0xff,
  0xf0, 0x01, 0xff, 0xf0, 0x01, 0xff, 0xf0, 0x01, 0xff, 0xf0, 0x01, 0xff, 0xf0, 0x01, 0xff, 0xf0, 0x01, 0xff, 0xf0, 0x01, 0xff, 0xf0, 0x01, 0xff,
  0xf0, 0x01, 0xff, 0xf0, 0x01, 0xff, 0xf0, 0x01, 0xff, 0xf0, 0x01, 0xff, 0xf0, 0x01, 0xff, 0xf0, 0x01, 0xff, 0xf0, 0x01, 0xff, 0xf0, 0x01, 0xff,
  0xf0, 0x01, 0xff, 0xf0, 0x01, 0xff, 0xf0, 0x01, 0xff, 0xf0, 0x01, 0xff, 0xf0, 0x01, 0xff, 0xf0, 0x01, 0xff, 0xf0, 0x01, 0xff, 0xf0, 0x01, 0xff,
  0xf0, 0x01, 0xff, 0xf0, 0x01, 0xff, 0xf0, 0x01, 0xff, 0xf0, 0x01, 0xff, 0xf0, 0x01, 0xff, 0xf0, 0x01, 0xff, 0xf0, 0x01, 0xff, 0xf0, 0x01, 0xff,
  0xf0, 0x01, 0xff, 0xf0, 0x01, 0xff, 0xf0, 0x01, 0xff, 0xf0, 0x01, 0xff, 0xf0, 0x01, 0xff, 0xf0, 0x01, 0xff, 0xf0, 0x01, 0xff, 0xf0, 0x01, 0xff,
  0xf0, 0x01, 0xff, 0xf0, 0x01, 0xff, 0xf0, 0x01, 0xff, 0xf0, 0x01, 0xff, 0xf0, 0x01, 0xff, 0xf0, 0x01, 0xff, 0xf0, 0x01, 0xff, 0xf0, 0x01, 0xff,
  0xf0, 0x01, 0xff, 0xf0, 0x01, 0xff, 0xf0, 0x01, 0xff, 0xf0, 0x01, 0xff, 0xf0, 0x01, 0xff, 0xf0, 0x01, 0xff, 0xf0, 0x01, 0xff, 0xf0, 0x01, 0xff,
  0xf0, 0x01, 0xff, 0xf0, 0x01, 0xff, 0xf0, 0x01, 0xff, 0xf0, 0x01, 0xff, 0xf0, 0x01, 0xff, 0xf0, 0x01, 0xff, 0xf0, 0x01, 0xff, 0xf0, 0x01, 0xff,
  0xf0, 0x01, 0xff, 0xf0, 0x01, 0xff, 0xf0, 0x01, 0xff, 0xf0, 0x01, 0xff, 0xf0, 0x01, 0xff, 0xf0, 0x01, 0xff, 0xf0, 0x01, 0xff, 0xf0, 0x01, 0xff,
  0xf0, 0x01, 0xff, 0xf0, 0x01, 0xff, 0xf0, 0x01, 0xff, 0xf0, 0x01, 0xff, 0xf0, 0x01, 0xff, 0xf0, 0x01, 0xff, 0xf0, 0x01, 0xff, 0xf0, 0x01, 0xff,
  0xf0, 0x01, 0xff, 0xf0, 0x01, 0xff, 0xf0, 0x01, 0xff, 0xf0, 0x01, 0xff, 0xf0, 0x01, 0xff, 0xf0, 0x01, 0xff, 0xf0, 0x01, 0xff, 0xf0, 0x01, 0xff,
  0xf0, 0x01, 0xff, 0xf0, 0x01, 0xff, 0xf0, 0x01, 0xff, 0xf0, 0x01, 0xff, 0xf0, 0x01, 0xff, 0xf0, 0x01, 0xff, 0xf0, 0x01, 0xff, 0xf0, 0x01, 0xff,
  0xf0, 0x01, 0xff, 0xf0, 0x01, 0xff, 0xf0, 0x01, 0xff, 0xf0, 0x01, 0xff, 0xf0, 0x01, 0xff, 0xf0, 0x01, 0xff, 0xf0, 0x01, 0xff, 0xf0, 0x01, 0xff,
  0xf0, 0x01, 0xff, 0xf0, 0x01, 0xff, 0xf0, 0x01, 0xff, 0xf0, 0x01, 0xff, 0xf0, 0x01, 0xff, 0xf0, 0x01, 0xff, 0xf0, 0x01, 0xff, 0xf0, 0x01, 0xff,
  0xa6, 0x00, 0xf9, 0x00, 0x00, 0xff, 0x00, 0x00, 0xff, 0x40, 0x38, 0xfd, 0x02, 0xc1, 0xff, 0x02, 0xc9, 0xff, 0x02, 0xc9, 0xff, 0x02, 0xc9, 0xff,
  0x02, 0xc9, 0xff, 0x02, 0xc9, 0xff, 0x02, 0xc9, 0xff, 0x02, 0xc9, 0xff, 0x02, 0xc9, 0xff, 0x02, 0xc9, 0xff, 0x02, 0xc9, 0xff, 0x02, 0xc9, 0xff,
  0xa1, 0x88, 0xfb, 0x00, 0x08, 0xfe, 0x00, 0x00, 0xff, 0x00, 0x00, 0xd5, 0x00, 0x00, 0x1c, 0x00, 0x00, 0x00, 0x00, 0x00, 0x00, 0x00, 0x00, 0x00,
  0x00, 0x00, 0x00, 0x00, 0x00, 0x00, 0x00, 0x00, 0x02, 0x00, 0x00, 0x63, 0x00, 0x00, 0xf4, 0x00, 0x00, 0xff, 0x20, 0x28, 0xfd, 0x02, 0xb9, 0xff,
  0x02, 0xc9, 0xff, 0x02, 0xc9, 0xff, 0x02, 0xc9, 0xff, 0x02, 0xc9, 0xff, 0x02, 0xc9, 0xff, 0x02, 0xc9, 0xff, 0x02, 0xc9, 0xff, 0x02, 0xc9, 0xff,
  0x02, 0xc9, 0xff, 0x02, 0xc9, 0xff, 0x02, 0xc9, 0xff, 0xe2, 0xa0, 0xfd, 0x00, 0x10, 0xfd, 0x00, 0x00, 0xff, 0x41, 0x00, 0xfe, 0x4f, 0x1a, 0xfc,
  0x33, 0x33, 0xf6, 0x33, 0x33, 0xf6, 0x33, 0x33, 0xf6, 0x33, 0x33, 0xf6, 0x33, 0x33, 0xf6, 0x33, 0x33, 0xf6, 0x33, 0x33, 0xf6, 0x33, 0x33, 0xf6,
  0x33, 0x33, 0xf6, 0x33, 0x33, 0xf6, 0x33, 0x33, 0xf6, 0x33, 0x33, 0xf6, 0x33, 0x33, 0xf6, 0x33, 0x33, 0xf6, 0x33, 0x33, 0xf6, 0x33, 0x33, 0xf6,
  0x33, 0x33, 0xf6, 0x33, 0x33, 0xf6, 0x33, 0x33, 0xf6, 0x33, 0x33, 0xf6, 0x33, 0x33, 0xf6, 0x33, 0x33, 0xf6, 0x33, 0x33, 0xf6, 0x33, 0x33, 0xf6,
  0x33, 0x33, 0xf6, 0x33, 0x33, 0xf6, 0x33, 0x33, 0xf6, 0x33, 0x33, 0xf6, 0x33, 0x33, 0xf6, 0x33, 0x33, 0xf6, 0x33, 0x33, 0xf6, 0x33, 0x33, 0xf6,
  0x33, 0x33, 0xf6, 0x33, 0x33, 0xf6, 0x33, 0x33, 0xf6, 0x33, 0x33, 0xf6, 0x33, 0x33, 0xf6, 0x33, 0x33, 0xf6, 0x33, 0x33, 0xf6, 0x33, 0x33, 0xf6,
  0x33, 0x33, 0xf6, 0x33, 0x33, 0xf6, 0x33, 0x33, 0xf6, 0x33, 0x33, 0xf6, 0x33, 0x33, 0xf6, 0x33, 0x33, 0xf6, 0x33, 0x33, 0xf6, 0x33, 0x33, 0xf6,
  0x33, 0x33, 0xf6, 0x33, 0x33, 0xf6, 0x33, 0x33, 0xf6, 0x33, 0x33, 0xf6, 0x33, 0x33, 0xf6, 0x33, 0x33, 0xf6, 0x33, 0x33, 0xf6, 0x33, 0x33, 0xf6,
  0x33, 0x33, 0xf6, 0x33, 0x33, 0xf6, 0x33, 0x33, 0xf6, 0x33, 0x33, 0xf6, 0x33, 0x33, 0xf6, 0x33, 0x33, 0xf6, 0x33, 0x33, 0xf6, 0x33, 0x33, 0xf6,
  0x33, 0x33, 0xf6, 0x33, 0x33, 0xf6, 0x33, 0x33, 0xf6, 0x33, 0x33, 0xf6, 0x33, 0x33, 0xf6, 0x33, 0x33, 0xf6, 0x33, 0x33, 0xf6, 0x33, 0x33, 0xf6,
  0x33, 0x33, 0xf6, 0x33, 0x33, 0xf6, 0x33, 0x33, 0xf6, 0x33, 0x33, 0xf6, 0x33, 0x33, 0xf6, 0x33, 0x33, 0xf6, 0x33, 0x33, 0xf6, 0x33, 0x33, 0xf6,
  0x33, 0x33, 0xf6, 0x33, 0x33, 0xf6, 0x33, 0x33, 0xf6, 0x33, 0x33, 0xf6, 0x33, 0x33, 0xf6, 0x33, 0x33, 0xf6, 0x33, 0x33, 0xf6, 0x33, 0x33, 0xf6,
  0x33, 0x33, 0xf6, 0x33, 0x33, 0xf6, 0x33, 0x33, 0xf6, 0x33, 0x33, 0xf6, 0x33, 0x33, 0xf6, 0x33, 0x33, 0xf6, 0x33, 0x33, 0xf6, 0x33, 0x33, 0xf6,
  0x33, 0x33, 0xf6, 0x33, 0x33, 0xf6, 0x33, 0x33, 0xf6, 0x33, 0x33, 0xf6, 0x33, 0x33, 0xf6, 0x33, 0x33, 0xf6, 0x33, 0x33, 0xf6, 0x33, 0x33, 0xf6,
  0x33, 0x33, 0xf6, 0x33, 0x33, 0xf6, 0x33, 0x33, 0xf6, 0x33, 0x33, 0xf6, 0x33, 0x33, 0xf6, 0x33, 0x33, 0xf6, 0x33, 0x33, 0xf6, 0x33, 0x33, 0xf6,
  0x33, 0x33, 0xf6, 0x33, 0x33, 0xf6, 0x33, 0x33, 0xf6, 0x33, 0x33, 0xf6, 0x33, 0x33, 0xf6, 0x33, 0x33, 0xf6, 0x33, 0x33, 0xf6, 0x33, 0x33, 0xf6,
  0x33, 0x33, 0xf6, 0x33, 0x33, 0xf6, 0x33, 0x33, 0xf6, 0x33, 0x33, 0xf6, 0x33, 0x33, 0xf6, 0x33, 0x33, 0xf6, 0x33, 0x33, 0xf6, 0x33, 0x33, 0xf6,
  0x33, 0x33, 0xf6, 0x33, 0x33, 0xf6, 0x33, 0x33, 0xf6, 0x33, 0x33, 0xf6, 0x33, 0x33, 0xf6, 0x33, 0x33, 0xf6, 0x33, 0x33, 0xf6, 0x33, 0x33, 0xf6,
  0x33, 0x33, 0xf6, 0x33, 0x33, 0xf6, 0x33, 0x33, 0xf6, 0x33, 0x33, 0xf6, 0x33, 0x33, 0xf6, 0x33, 0x33, 0xf6, 0x33, 0x33, 0xf6, 0x33, 0x33, 0xf6,
  0x33, 0x33, 0xf6, 0x33, 0x33, 0xf6, 0x33, 0x33, 0xf6, 0x33, 0x33, 0xf6, 0x33, 0x33, 0xf6, 0x33, 0x33, 0xf6, 0x33, 0x33, 0xf6, 0xd2, 0x2a, 0xf6,
  0xa3, 0x10, 0xfe, 0x00, 0x00, 0xff, 0x00, 0x00, 0xff, 0x81, 0x68, 0xfd, 0x02, 0xc9, 0xff, 0x02, 0xc9, 0xff, 0x02, 0xc9, 0xff, 0x02, 0xc9, 0xff,
  0x02, 0xc9, 0xff, 0x02, 0xc9, 0xff, 0x02, 0xc9, 0xff, 0x02, 0xc9, 0xff, 0x02, 0xc9, 0xff, 0x02, 0xc9, 0xff, 0x02, 0xc9, 0xff, 0x02, 0xc9, 0xff,
  0x81, 0x60, 0xfd, 0x00, 0x00, 0xff, 0x00, 0x00, 0xff, 0x00, 0x00, 0xb5, 0x00, 0x00, 0x0c, 0x00, 0x00, 0x00, 0x00, 0x00, 0x00, 0x00, 0x00, 0x00,
  0x00, 0x00, 0x00, 0x00, 0x00, 0x00, 0x00, 0x00, 0x00, 0x00, 0x00, 0x34, 0x00, 0x00, 0xe4, 0x00, 0x00, 0xff, 0x00, 0x10, 0xfd, 0xe2, 0xa0, 0xfd,
  0x02, 0xc9, 0xff, 0x02, 0xc9, 0xff, 0x02, 0xc9, 0xff, 0x02, 0xc9, 0xff, 0x02, 0xc9, 0xff, 0x02, 0xc9, 0xff, 0x02, 0xc9, 0xff, 0x02, 0xc9, 0xff,
  0x02, 0xc9, 0xff, 0x02, 0xc9, 0xff, 0x02, 0xc9, 0xff, 0x02, 0xb9, 0xff, 0x40, 0x30, 0xfd, 0x00, 0x00, 0xff, 0x00, 0x00, 0xff, 0x6c, 0x3a, 0xfe,
  0xb8, 0x6c, 0xff, 0xd9, 0x6c, 0xfd, 0xd9, 0x6c, 0xfd, 0xd9, 0x6c, 0xfd, 0xd9, 0x6c, 0xfd, 0xd9, 0x6c, 0xfd, 0xd9, 0x6c, 0xfd, 0xd9, 0x6c, 0xfd,
  0xd9, 0x6c, 0xfd, 0xd9, 0x6c, 0xfd, 0xd9, 0x6c, 0xfd, 0xd9, 0x6c, 0xfd, 0xd9, 0x6c, 0xfd, 0xd9, 0x6c, 0xfd, 0xd9, 0x6c, 0xfd, 0xd9, 0x6c, 0xfd,
  0xd9, 0x6c, 0xfd, 0xd9, 0x6c, 0xfd, 0xd9, 0x6c, 0xfd, 0xd9, 0x6c, 0xfd, 0xd9, 0x6c, 0xfd, 0xd9, 0x6c, 0xfd, 0xd9, 0x6c, 0xfd, 0xd9, 0x6c, 0xfd,
  0xd9, 0x6c, 0xfd, 0xd9, 0x6c, 0xfd, 0xd9, 0x6c, 0xfd, 0xd9, 0x6c, 0xfd, 0xd9, 0x6c, 0xfd, 0xd9, 0x6c, 0xfd, 0xd9, 0x6c, 0xfd, 0xd9, 0x6c, 0xfd,
  0xd9, 0x6c, 0xfd, 0xd9, 0x6c, 0xfd, 0xd9, 0x6c, 0xfd, 0xd9, 0x6c, 0xfd, 0xd9, 0x6c, 0xfd, 0xd9, 0x6c, 0xfd, 0xd9, 0x6c, 0xfd, 0xd9, 0x6c, 0xfd,
  0xd9, 0x6c, 0xfd, 0xd9, 0x6c, 0xfd, 0xd9, 0x6c, 0xfd, 0xd9, 0x6c, 0xfd, 0xd9, 0x6c, 0xfd, 0xd9, 0x6c, 0xfd, 0xd9, 0x6c, 0xfd, 0xd9, 0x6c, 0xfd,
  0xd9, 0x6c, 0xfd, 0xd9, 0x6c, 0xfd, 0xd9, 0x6c, 0xfd, 0xd9, 0x6c, 0xfd, 0xd9, 0x6c, 0xfd, 0xd9, 0x6c, 0xfd, 0xd9, 0x6c, 0xfd, 0xd9, 0x6c, 0xfd,
  0xd9, 0x6c, 0xfd, 0xd9, 0x6c, 0xfd, 0xd9, 0x6c, 0xfd, 0xd9, 0x6c, 0xfd, 0xd9, 0x6c, 0xfd, 0xd9, 0x6c, 0xfd, 0xd9, 0x6c, 0xfd, 0xd9, 0x6c, 0xfd,
  0xd9, 0x6c, 0xfd, 0xd9, 0x6c, 0xfd, 0xd9, 0x6c, 0xfd, 0xd9, 0x6c, 0xfd, 0xd9, 0x6c, 0xfd, 0xd9, 0x6c, 0xfd, 0xd9, 0x6c, 0xfd, 0xd9, 0x6c, 0xfd,
  0xd9, 0x6c, 0xfd, 0xd9, 0x6c, 0xfd, 0xd9, 0x6c, 0xfd, 0xd9, 0x6c, 0xfd, 0xd9, 0x6c, 0xfd, 0xd9, 0x6c, 0xfd, 0xd9, 0x6c, 0xfd, 0xd9, 0x6c, 0xfd,
  0xd9, 0x6c, 0xfd, 0xd9, 0x6c, 0xfd, 0xd9, 0x6c, 0xfd, 0xd9, 0x6c, 0xfd, 0xd9, 0x6c, 0xfd, 0xd9, 0x6c, 0xfd, 0xd9, 0x6c, 0xfd, 0xd9, 0x6c, 0xfd,
  0xd9, 0x6c, 0xfd, 0xd9, 0x6c, 0xfd, 0xd9, 0x6c, 0xfd, 0xd9, 0x6c, 0xfd, 0xd9, 0x6c, 0xfd, 0xd9, 0x6c, 0xfd, 0xd9, 0x6c, 0xfd, 0xd9, 0x6c, 0xfd,
  0xd9, 0x6c, 0xfd, 0xd9, 0x6c, 0xfd, 0xd9, 0x6c, 0xfd, 0xd9, 0x6c, 0xfd, 0xd9, 0x6c, 0xfd, 0xd9, 0x6c, 0xfd, 0xd9, 0x6c, 0xfd, 0xd9, 0x6c, 0xfd,
  0xd9, 0x6c, 0xfd, 0xd9, 0x6c, 0xfd, 0xd9, 0x6c, 0xfd, 0xd9, 0x6c, 0xfd, 0xd9, 0x6c, 0xfd, 0xd9, 0x6c, 0xfd, 0xd9, 0x6c, 0xfd, 0xd9, 0x6c, 0xfd,
  0xd9, 0x6c, 0xfd, 0xd9, 0x6c, 0xfd, 0xd9, 0x6c, 0xfd, 0xd9, 0x6c, 0xfd, 0xd9, 0x6c, 0xfd, 0xd9, 0x6c, 0xfd, 0xd9, 0x6c, 0xfd, 0xd9, 0x6c, 0xfd,
  0xd9, 0x6c, 0xfd, 0xd9, 0x6c, 0xfd, 0xd9, 0x6c, 0xfd, 0xd9, 0x6c, 0xfd, 0xd9, 0x6c, 0xfd, 0xd9, 0x6c, 0xfd, 0xd9, 0x6c, 0xfd, 0xd9, 0x6c, 0xfd,
  0xd9, 0x6c, 0xfd, 0xd9, 0x6c, 0xfd, 0xd9, 0x6c, 0xfd, 0xd9, 0x6c, 0xfd, 0xd9, 0x6c, 0xfd, 0xd9, 0x6c, 0xfd, 0xd9, 0x6c, 0xfd, 0xd9, 0x6c, 0xfd,
  0xd9, 0x6c, 0xfd, 0xd9, 0x6c, 0xfd, 0xd9, 0x6c, 0xfd, 0xd9, 0x6c, 0xfd, 0xd9, 0x6c, 0xfd, 0xd9, 0x6c, 0xfd, 0xd9, 0x6c, 0xfd, 0xd9, 0x6c, 0xfd,
  0xd9, 0x6c, 0xfd, 0xd9, 0x6c, 0xfd, 0xd9, 0x6c, 0xfd, 0xd9, 0x6c, 0xfd, 0xd9, 0x6c, 0xfd, 0xd9, 0x6c, 0xfd, 0xd9, 0x6c, 0xfd, 0xb3, 0x53, 0xfe,
  0x62, 0x00, 0xfd, 0x00, 0x00, 0xff, 0x00, 0x08, 0xfe, 0xc1, 0x98, 0xfd, 0x02, 0xc9, 0xff, 0x02, 0xc9, 0xff, 0x02, 0xc9, 0xff, 0x02, 0xc9, 0xff,
  0x02, 0xc9, 0xff, 0x02, 0xc9, 0xff, 0x02, 0xc9, 0xff, 0x02, 0xc9, 0xff, 0x02, 0xc9, 0xff, 0x02, 0xc9, 0xff, 0x02, 0xc9, 0xff, 0x02, 0xc1, 0xff,
  0x40, 0x38, 0xfd, 0x00, 0x00, 0xff, 0x00, 0x00, 0xff, 0x00, 0x00, 0x7c, 0x00, 0x00, 0x03, 0x00, 0x00, 0x00, 0x00, 0x00, 0x00, 0x00, 0x00, 0x00,
  0x00, 0x00, 0x00, 0x00, 0x00, 0x00, 0x00, 0x00, 0x00, 0x00, 0x00, 0x14, 0x00, 0x00, 0xc5, 0x00, 0x00, 0xff, 0x00, 0x00, 0xff, 0xa1, 0x78, 0xfd,
  0x02, 0xc9, 0xff, 0x02, 0xc9, 0xff, 0x02, 0xc9, 0xff, 0x02, 0xc9, 0xff, 0x02, 0xc9, 0xff, 0x02, 0xc9, 0xff, 0x02, 0xc9, 0xff, 0x02, 0xc9, 0xff,
  0x02, 0xc9, 0xff, 0x02, 0xc9, 0xff, 0x02, 0xc9, 0xff, 0x02, 0xc9, 0xff, 0x81, 0x68, 0xfd, 0x00, 0x00, 0xff, 0x00, 0x00, 0xff, 0x26, 0x19, 0xfd,
  0x97, 0x6c, 0xff, 0xf9, 0x74, 0xff, 0xf9, 0x74, 0xff, 0xf9, 0x74, 0xff, 0xf9, 0x74, 0xff, 0xf9, 0x74, 0xff, 0xf9, 0x74, 0xff, 0xf9, 0x74, 0xff,
  0xf9, 0x74, 0xff, 0xf9, 0x74, 0xff, 0xf9, 0x74, 0xff, 0xf9, 0x74, 0xff, 0xf9, 0x74, 0xff, 0xf9, 0x74, 0xff, 0xf9, 0x74, 0xff, 0xf9, 0x74, 0xff,
  0xf9, 0x74, 0xff, 0xf9, 0x74, 0xff, 0xf9, 0x74, 0xff, 0xf9, 0x74, 0xff, 0xf9, 0x74, 0xff, 0xf9, 0x74, 0xff, 0xf9, 0x74, 0xff, 0xf9, 0x74, 0xff,
  0xf9, 0x74, 0xff, 0xf9, 0x74, 0xff, 0xf9, 0x74, 0xff, 0xf9, 0x74, 0xff, 0xf9, 0x74, 0xff, 0xf9, 0x74, 0xff, 0xf9, 0x74, 0xff, 0xf9, 0x74, 0xff,
  0xf9, 0x74, 0xff, 0xf9, 0x74, 0xff, 0xf9, 0x74, 0xff, 0xf9, 0x74, 0xff, 0xf9, 0x74, 0xff, 0xf9, 0x74, 0xff, 0xf9, 0x74, 0xff, 0xf9, 0x74, 0xff,
  0xf9, 0x74, 0xff, 0xf9, 0x74, 0xff, 0xf9, 0x74, 0xff, 0xf9, 0x74, 0xff, 0xf9, 0x74, 0xff, 0xf9, 0x74, 0xff, 0xf9, 0x74, 0xff, 0xf9, 0x74, 0xff,
  0xf9, 0x74, 0xff, 0xf9, 0x74, 0xff, 0xf9, 0x74, 0xff, 0xf9, 0x74, 0xff, 0xf9, 0x74, 0xff, 0xf9, 0x74, 0xff, 0xf9, 0x74, 0xff, 0xf9, 0x74, 0xff,
  0xf9, 0x74, 0xff, 0xf9, 0x74, 0xff, 0xf9, 0x74, 0xff, 0xf9, 0x74, 0xff, 0xf9, 0x74, 0xff, 0xf9, 0x74, 0xff, 0xf9, 0x74, 0xff, 0xf9, 0x74, 0xff,
  0xf9, 0x74, 0xff, 0xf9, 0x74, 0xff, 0xf9, 0x74, 0xff, 0xf9, 0x74, 0xff, 0xf9, 0x74, 0xff, 0xf9, 0x74, 0xff, 0xf9, 0x74, 0xff, 0xf9, 0x74, 0xff,
  0xf9, 0x74, 0xff, 0xf9, 0x74, 0xff, 0xf9, 0x74, 0xff, 0xf9, 0x74, 0xff, 0xf9, 0x74, 0xff, 0xf9, 0x74, 0xff, 0xf9, 0x74, 0xff, 0xf9, 0x74, 0xff,
  0xf9, 0x74, 0xff, 0xf9, 0x74, 0xff, 0xf9, 0x74, 0xff, 0xf9, 0x74, 0xff, 0xf9, 0x74, 0xff, 0xf9, 0x74, 0xff, 0xf9, 0x74, 0xff, 0xf9, 0x74, 0xff,
  0xf9, 0x74, 0xff, 0xf9, 0x74, 0xff, 0xf9, 0x74, 0xff, 0xf9, 0x74, 0xff, 0xf9, 0x74, 0xff, 0xf9, 0x74, 0xff, 0xf9, 0x74, 0xff, 0xf9, 0x74, 0xff,
  0xf9, 0x74, 0xff, 0xf9, 0x74, 0xff, 0xf9, 0x74, 0xff, 0xf9, 0x74, 0xff, 0xf9, 0x74, 0xff, 0xf9, 0x74, 0xff, 0xf9, 0x74, 0xff, 0xf9, 0x74, 0xff,
  0xf9, 0x74, 0xff, 0xf9, 0x74, 0xff, 0xf9, 0x74, 0xff, 0xf9, 0x74, 0xff, 0xf9, 0x74, 0xff, 0xf9, 0x74, 0xff, 0xf9, 0x74, 0xff, 0xf9, 0x74, 0xff,
  0xf9, 0x74, 0xff, 0xf9, 0x74, 0xff, 0xf9, 0x74, 0xff, 0xf9, 0x74, 0xff, 0xf9, 0x74, 0xff, 0xf9, 0x74, 0xff, 0xf9, 0x74, 0xff, 0xf9, 0x74, 0xff,
  0xf9, 0x74, 0xff, 0xf9, 0x74, 0xff, 0xf9, 0x74, 0xff, 0xf9, 0x74, 0xff, 0xf9, 0x74, 0xff, 0xf9, 0x74, 0xff, 0xf9, 0x74, 0xff, 0xf9, 0x74, 0xff,
  0xf9, 0x74, 0xff, 0xf9, 0x74, 0xff, 0xf9, 0x74, 0xff, 0xf9, 0x74, 0xff, 0xf9, 0x74, 0xff, 0xf9, 0x74, 0xff, 0xf9, 0x74, 0xff, 0xf9, 0x74, 0xff,
  0xf9, 0x74, 0xff, 0xf9, 0x74, 0xff, 0xf9, 0x74, 0xff, 0xf9, 0x74, 0xff, 0xf9, 0x74, 0xff, 0xf9, 0x74, 0xff, 0xf9, 0x74, 0xff, 0xf9, 0x74, 0xff,
  0xf9, 0x74, 0xff, 0xf9, 0x74, 0xff, 0xf9, 0x74, 0xff, 0xf9, 0x74, 0xff, 0xf9, 0x74, 0xff, 0xf9, 0x74, 0xff, 0xd8, 0x6c, 0xff, 0x8d, 0x3a, 0xfd,
  0x00, 0x00, 0xff, 0x00, 0x00, 0xff, 0x40, 0x30, 0xfd, 0x02, 0xb9, 0xff, 0x02, 0xc9, 0xff, 0x02, 0xc9, 0xff, 0x02, 0xc9, 0xff, 0x02, 0xc9, 0xff,
  0x02, 0xc9, 0xff, 0x02, 0xc9, 0xff, 0x02, 0xc9, 0xff, 0x02, 0xc9, 0xff, 0x02, 0xc9, 0xff, 0x02, 0xc9, 0xff, 0x02, 0xc9, 0xff, 0xe2, 0xa0, 0xfd,
  0x20, 0x18, 0xfd, 0x00, 0x00, 0xff, 0x00, 0x00, 0xe4, 0x00, 0x00, 0x45, 0x00, 0x00, 0x00, 0x00, 0x00, 0x00, 0x00, 0x00, 0x00, 0x00, 0x00, 0x00,
  0x00, 0x00, 0x00, 0x00, 0x00, 0x00, 0x00, 0x00, 0x00, 0x00, 0x00, 0x0c, 0x00, 0x00, 0x9c, 0x00, 0x00, 0xff, 0x00, 0x00, 0xff, 0x60, 0x48, 0xfa,
  0x02, 0xc1, 0xff, 0x02, 0xc9, 0xff, 0x02, 0xc9, 0xff, 0x02, 0xc9, 0xff, 0x02, 0xc9, 0xff, 0x02, 0xc9, 0xff, 0x02, 0xc9, 0xff, 0x02, 0xc9, 0xff,
  0x02, 0xc9, 0xff, 0x02, 0xc9, 0xff, 0x02, 0xc9, 0xff, 0x02, 0xc9, 0xff, 0xc1, 0x90, 0xfd, 0x00, 0x08, 0xfe, 0x00, 0x00, 0xff, 0x62, 0x00, 0xfd,
  0xb3, 0x53, 0xfe, 0xf9, 0x74, 0xff, 0xf9, 0x74, 0xff, 0xf9, 0x74, 0xff, 0xf9, 0x74, 0xff, 0xf9, 0x74, 0xff, 0xf9, 0x74, 0xff, 0xf9, 0x74, 0xff,
  0xf9, 0x74, 0xff, 0xf9, 0x74, 0xff, 0xf9, 0x74, 0xff, 0xf9, 0x74, 0xff, 0xf9, 0x74, 0xff, 0xf9, 0x74, 0xff, 0xf9, 0x74, 0xff, 0xf9, 0x74, 0xff,
  0xf9, 0x74, 0xff, 0xf9, 0x74, 0xff, 0xf9, 0x74, 0xff, 0xf9, 0x74, 0xff, 0xf9, 0x74, 0xff, 0xf9, 0x74, 0xff, 0xf9, 0x74, 0xff, 0xf9, 0x74, 0xff,
  0xf9, 0x74, 0xff, 0xf9, 0x74, 0xff, 0xf9, 0x74, 0xff, 0xf9, 0x74, 0xff, 0xf9, 0x74, 0xff, 0xf9, 0x74, 0xff, 0xf9, 0x74, 0xff, 0xf9, 0x74, 0xff,
  0xf9, 0x74, 0xff, 0xf9, 0x74, 0xff, 0xf9, 0x74, 0xff, 0xf9, 0x74, 0xff, 0xf9, 0x74, 0xff, 0xf9, 0x74, 0xff, 0xf9, 0x74, 0xff, 0xf9, 0x74, 0xff,
  0xf9, 0x74, 0xff, 0xf9, 0x74, 0xff, 0xf9, 0x74, 0xff, 0xf9, 0x74, 0xff, 0xf9, 0x74, 0xff, 0xf9, 0x74, 0xff, 0xf9, 0x74, 0xff, 0xf9, 0x74, 0xff,
  0xf9, 0x74, 0xff, 0xf9, 0x74, 0xff, 0xf9, 0x74, 0xff, 0xf9, 0x74, 0xff, 0xf9, 0x74, 0xff, 0xf9, 0x74, 0xff, 0xf9, 0x74, 0xff, 0xf9, 0x74, 0xff,
  0xf9, 0x74, 0xff, 0xf9, 0x74, 0xff, 0xf9, 0x74, 0xff, 0xf9, 0x74, 0xff, 0xf9, 0x74, 0xff, 0xf9, 0x74, 0xff, 0xf9, 0x74, 0xff, 0xf9, 0x74, 0xff,
  0xf9, 0x74, 0xff, 0xf9, 0x74, 0xff, 0xf9, 0x74, 0xff, 0xf9, 0x74, 0xff, 0xf9, 0x74, 0xff, 0xf9, 0x74, 0xff, 0xf9, 0x74, 0xff, 0xf9, 0x74, 0xff,
  0xf9, 0x74, 0xff, 0xf9, 0x74, 0xff, 0xf9, 0x74, 0xff, 0xf9, 0x74, 0xff, 0xf9, 0x74, 0xff, 0xf9, 0x74, 0xff, 0xf9, 0x74, 0xff, 0xf9, 0x74, 0xff,
  0xf9, 0x74, 0xff, 0xf9, 0x74, 0xff, 0xf9, 0x74, 0xff, 0xf9, 0x74, 0xff, 0xf9, 0x74, 0xff, 0xf9, 0x74, 0xff, 0xf9, 0x74, 0xff, 0xf9, 0x74, 0xff,
  0xf9, 0x74, 0xff, 0xf9, 0x74, 0xff, 0xf9, 0x74, 0xff, 0xf9, 0x74, 0xff, 0xf9, 0x74, 0xff, 0xf9, 0x74, 0xff, 0xf9, 0x74, 0xff, 0xf9, 0x74, 0xff,
  0xf9, 0x74, 0xff, 0xf9, 0x74, 0xff, 0xf9, 0x74, 0xff, 0xf9, 0x74, 0xff, 0xf9, 0x74, 0xff, 0xf9, 0x74, 0xff, 0xf9, 0x74, 0xff, 0xf9, 0x74, 0xff,
  0xf9, 0x74, 0xff, 0xf9, 0x74, 0xff, 0xf9, 0x74, 0xff, 0xf9, 0x74, 0xff, 0xf9, 0x74, 0xff, 0xf9, 0x74, 0xff, 0xf9, 0x74, 0xff, 0xf9, 0x74, 0xff,
  0xf9, 0x74, 0xff, 0xf9, 0x74, 0xff, 0xf9, 0x74, 0xff, 0xf9, 0x74, 0xff, 0xf9, 0x74, 0xff, 0xf9, 0x74, 0xff, 0xf9, 0x74, 0xff, 0xf9, 0x74, 0xff,
  0xf9, 0x74, 0xff, 0xf9, 0x74, 0xff, 0xf9, 0x74, 0xff, 0xf9, 0x74, 0xff, 0xf9, 0x74, 0xff, 0xf9, 0x74, 0xff, 0xf9, 0x74, 0xff, 0xf9, 0x74, 0xff,
  0xf9, 0x74, 0xff, 0xf9, 0x74, 0xff, 0xf9, 0x74, 0xff, 0xf9, 0x74, 0xff, 0xf9, 0x74, 0xff, 0xf9, 0x74, 0xff, 0xf9, 0x74, 0xff, 0xf9, 0x74, 0xff,
  0xf9, 0x74, 0xff, 0xf9, 0x74, 0xff, 0xf9, 0x74, 0xff, 0xf9, 0x74, 0xff, 0xf9, 0x74, 0xff, 0xf9, 0x74, 0xff, 0xf9, 0x74, 0xff, 0xf9, 0x74, 0xff,
  0xf9, 0x74, 0xff, 0xf9, 0x74, 0xff, 0xf9, 0x74, 0xff, 0xf9, 0x74, 0xff, 0xf9, 0x74, 0xff, 0xf9, 0x74, 0xff, 0x76, 0x64, 0xff, 0x67, 0x21, 0xfd,
  0x00, 0x00, 0xff, 0x00, 0x00, 0xff, 0x81, 0x60, 0xfd, 0x02, 0xc1, 0xff, 0x02, 0xc9, 0xff, 0x02, 0xc9, 0xff, 0x02, 0xc9, 0xff, 0x02, 0xc9, 0xff,
  0x02, 0xc9, 0xff, 0x02, 0xc9, 0xff, 0x02, 0xc9, 0xff, 0x02, 0xc9, 0xff, 0x02, 0xc9, 0xff, 0x02, 0xc9, 0xff, 0x02, 0xc9, 0xff, 0xa1, 0x78, 0xfd,
  0x00, 0x08, 0xfe, 0x00, 0x00, 0xff, 0x00, 0x00, 0xbc, 0x00, 0x00, 0x1c, 0x00, 0x00, 0x00, 0x00, 0x00, 0x00, 0x00, 0x00, 0x00, 0x00, 0x00, 0x00,
  0x00, 0x00, 0x00, 0x00, 0x00, 0x00, 0x00, 0x00, 0x00, 0x00, 0x00, 0x02, 0x00, 0x00, 0x5c, 0x00, 0x00, 0xf4, 0x00, 0x00, 0xff, 0x20, 0x28, 0xfd,
  0xe2, 0xb0, 0xfe, 0x02, 0xc9, 0xff, 0x02, 0xc9, 0xff, 0x02, 0xc9, 0xff, 0x02, 0xc9, 0xff, 0x02, 0xc9, 0xff, 0x02, 0xc9, 0xff, 0x02, 0xc9, 0xff,
  0x02, 0xc9, 0xff, 0x02, 0xc9, 0xff, 0x02, 0xc9, 0xff, 0x02, 0xc9, 0xff, 0x02, 0xb9, 0xff, 0x20, 0x28, 0xfd, 0x00, 0x00, 0xff, 0x00, 0x00, 0xff,
  0x8d, 0x3a, 0xfd, 0xd9, 0x6c, 0xfd, 0xf9, 0x74, 0xff, 0xf9, 0x74, 0xff, 0xf9, 0x74, 0xff, 0xf9, 0x74, 0xff, 0xf9, 0x74, 0xff, 0xf9, 0x74, 0xff,
  0xf9, 0x74, 0xff, 0xf9, 0x74, 0xff, 0xf9, 0x74, 0xff, 0xf9, 0x74, 0xff, 0xf9, 0x74, 0xff, 0xf9, 0x74, 0xff, 0xf9, 0x74, 0xff, 0xf9, 0x74, 0xff,
  0xf9, 0x74, 0xff, 0xf9, 0x74, 0xff, 0xf9, 0x74, 0xff, 0xf9, 0x74, 0xff, 0xf9, 0x74, 0xff, 0xf9, 0x74, 0xff, 0xf9, 0x74, 0xff, 0xf9, 0x74, 0xff,
  0xf9, 0x74, 0xff, 0xf9, 0x74, 0xff, 0xf9, 0x74, 0xff, 0xf9, 0x74, 0xff, 0xf9, 0x74, 0xff, 0xf9, 0x74, 0xff, 0xf9, 0x74, 0xff, 0xf9, 0x74, 0xff,
  0xf9, 0x74, 0xff, 0xf9, 0x74, 0xff, 0xf9, 0x74, 0xff, 0xf9, 0x74, 0xff, 0xf9, 0x74, 0xff, 0xf9, 0x74, 0xff, 0xf9, 0x74, 0xff, 0xf9, 0x74, 0xff,
  0xf9, 0x74, 0xff, 0xf9, 0x74, 0xff, 0xf9, 0x74, 0xff, 0xf9, 0x74, 0xff, 0xf9, 0x74, 0xff, 0xf9, 0x74, 0xff, 0xf9, 0x74, 0xff, 0xf9, 0x74, 0xff,
  0xf9, 0x74, 0xff, 0xf9, 0x74, 0xff, 0xf9, 0x74, 0xff, 0xf9, 0x74, 0xff, 0xf9, 0x74, 0xff, 0xf9, 0x74, 0xff, 0xf9, 0x74, 0xff, 0xf9, 0x74, 0xff,
  0xf9, 0x74, 0xff, 0xf9, 0x74, 0xff, 0xf9, 0x74, 0xff, 0xf9, 0x74, 0xff, 0xf9, 0x74, 0xff, 0xf9, 0x74, 0xff, 0xf9, 0x74, 0xff, 0xf9, 0x74, 0xff,
  0xf9, 0x74, 0xff, 0xf9, 0x74, 0xff, 0xf9, 0x74, 0xff, 0xf9, 0x74, 0xff, 0xf9, 0x74, 0xff, 0xf9, 0x74, 0xff, 0xf9, 0x74, 0xff, 0xf9, 0x74, 0xff,
  0xf9, 0x74, 0xff, 0xf9, 0x74, 0xff, 0xf9, 0x74, 0xff, 0xf9, 0x74, 0xff, 0xf9, 0x74, 0xff, 0xf9, 0x74, 0xff, 0xf9, 0x74, 0xff, 0xf9, 0x74, 0xff,
  0xf9, 0x74, 0xff, 0xf9, 0x74, 0xff, 0xf9, 0x74, 0xff, 0xf9, 0x74, 0xff, 0xf9, 0x74, 0xff, 0xf9, 0x74, 0xff, 0xf9, 0x74, 0xff, 0xf9, 0x74, 0xff,
  0xf9, 0x74, 0xff, 0xf9, 0x74, 0xff, 0xf9, 0x74, 0xff, 0xf9, 0x74, 0xff, 0xf9, 0x74, 0xff, 0xf9, 0x74, 0xff, 0xf9, 0x74, 0xff, 0xf9, 0x74, 0xff,
  0xf9, 0x74, 0xff, 0xf9, 0x74, 0xff, 0xf9, 0x74, 0xff, 0xf9, 0x74, 0xff, 0xf9, 0x74, 0xff, 0xf9, 0x74, 0xff, 0xf9, 0x74, 0xff, 0xf9, 0x74, 0xff,
  0xf9, 0x74, 0xff, 0xf9, 0x74, 0xff, 0xf9, 0x74, 0xff, 0xf9, 0x74, 0xff, 0xf9, 0x74, 0xff, 0xf9, 0x74, 0xff, 0xf9, 0x74, 0xff, 0xf9, 0x74, 0xff,
  0xf9, 0x74, 0xff, 0xf9, 0x74, 0xff, 0xf9, 0x74, 0xff, 0xf9, 0x74, 0xff, 0xf9, 0x74, 0xff, 0xf9, 0x74, 0xff, 0xf9, 0x74, 0xff, 0xf9, 0x74, 0xff,
  0xf9, 0x74, 0xff, 0xf9, 0x74, 0xff, 0xf9, 0x74, 0xff, 0xf9, 0x74, 0xff, 0xf9, 0x74, 0xff, 0xf9, 0x74, 0xff, 0xf9, 0x74, 0xff, 0xf9, 0x74, 0xff,
  0xf9, 0x74, 0xff, 0xf9, 0x74, 0xff, 0xf9, 0x74, 0xff, 0xf9, 0x74, 0xff, 0xf9, 0x74, 0xff, 0xf9, 0x74, 0xff, 0xf9, 0x74, 0xff, 0xf9, 0x74, 0xff,
  0xf9, 0x74, 0xff, 0xf9, 0x74, 0xff, 0xf9, 0x74, 0xff, 0xf9, 0x74, 0xff, 0xf9, 0x74, 0xff, 0xf9, 0x74, 0xff, 0xf9, 0x74, 0xff, 0xf9, 0x74, 0xff,
  0xf9, 0x74, 0xff, 0xf9, 0x74, 0xff, 0xf9, 0x74, 0xff, 0xf9, 0x74, 0xff, 0xf9, 0x74, 0xff, 0xf9, 0x74, 0xff, 0x50, 0x4b, 0xfd, 0x62, 0x00, 0xfd,
  0x00, 0x00, 0xff, 0x20, 0x18, 0xfd, 0xe2, 0xa0, 0xfd, 0x02, 0xc9, 0xff, 0x02, 0xc9, 0xff, 0x02, 0xc9, 0xff, 0x02, 0xc9, 0xff, 0x02, 0xc9, 0xff,
  0x02, 0xc9, 0xff, 0x02, 0xc9, 0xff, 0x02, 0xc9, 0xff, 0x02, 0xc9, 0xff, 0x02, 0xc9, 0xff, 0x02, 0xc9, 0xff, 0x02, 0xc1, 0xff, 0x40, 0x38, 0xfd,
  0x00, 0x00, 0xff, 0x00, 0x00, 0xff, 0x00, 0x00, 0x84, 0x00, 0x00, 0x03, 0x00, 0x00, 0x00, 0x00, 0x00, 0x00, 0x00, 0x00, 0x00, 0x00, 0x00, 0x00,
  0x00, 0x00, 0x00, 0x00, 0x00, 0x00, 0x00, 0x00, 0x00, 0x00, 0x00, 0x00, 0x00, 0x00, 0x24, 0x00, 0x00, 0xcc, 0x00, 0x00, 0xff, 0x00, 0x08, 0xfe,
  0xa1, 0x80, 0xfd, 0x02, 0xc9, 0xff, 0x02, 0xc9, 0xff, 0x02, 0xc9, 0xff, 0x02, 0xc9, 0xff, 0x02, 0xc9, 0xff, 0x02, 0xc9, 0xff, 0x02, 0xc9, 0xff,
  0x02, 0xc9, 0xff, 0x02, 0xc9, 0xff, 0x02, 0xc9, 0xff, 0x02, 0xc9, 0xff, 0x02, 0xc9, 0xff, 0x81, 0x70, 0xfc, 0x00, 0x08, 0xfe, 0x00, 0x00, 0xff,
  0x05, 0x19, 0xfc, 0x35, 0x64, 0xff, 0xf9, 0x74, 0xff, 0xf9, 0x74, 0xff, 0xf9, 0x74, 0xff, 0xf9, 0x74, 0xff, 0xf9, 0x74, 0xff, 0xf9, 0x74, 0xff,
  0xf9, 0x74, 0xff, 0xf9, 0x74, 0xff, 0xf9, 0x74, 0xff, 0xf9, 0x74, 0xff, 0xf9, 0x74, 0xff, 0xf9, 0x74, 0xff, 0xf9, 0x74, 0xff, 0xf9, 0x74, 0xff,
  0xf9, 0x74, 0xff, 0xf9, 0x74, 0xff, 0xf9, 0x74, 0xff, 0xf9, 0x74, 0xff, 0xf9, 0x74, 0xff, 0xf9, 0x74, 0xff, 0xf9, 0x74, 0xff, 0xf9, 0x74, 0xff,
  0xf9, 0x74, 0xff, 0xf9, 0x74, 0xff, 0xf9, 0x74, 0xff, 0xf9, 0x74, 0xff, 0xf9, 0x74, 0xff, 0xf9, 0x74, 0xff, 0xf9, 0x74, 0xff, 0xf9, 0x74, 0xff,
  0xf9, 0x74, 0xff, 0xf9, 0x74, 0xff, 0xf9, 0x74, 0xff, 0xf9, 0x74, 0xff, 0xf9, 0x74, 0xff, 0xf9, 0x74, 0xff, 0xf9, 0x74, 0xff, 0xf9, 0x74, 0xff,
  0xf9, 0x74, 0xff, 0xf9, 0x74, 0xff, 0xf9, 0x74, 0xff, 0xf9, 0x74, 0xff, 0x19, 0x75, 0xff, 0x19, 0x75, 0xff, 0x19, 0x75, 0xff, 0x19, 0x75, 0xff,
  0x19, 0x75, 0xff, 0x19, 0x75, 0xff, 0xf9, 0x74, 0xff, 0xf9, 0x74, 0xff, 0xf9, 0x74, 0xff, 0xf9, 0x74, 0xff, 0xf9, 0x74, 0xff, 0xf9, 0x74, 0xff,
  0x19, 0x75, 0xff, 0x19, 0x75, 0xff, 0x19, 0x75, 0xff, 0x19, 0x75, 0xff, 0x19, 0x75, 0xff, 0x19, 0x75, 0xff, 0x19, 0x75, 0xff, 0x19, 0x75, 0xff,
  0xf9, 0x74, 0xff, 0xf9, 0x74, 0xff, 0xf9, 0x74, 0xff, 0xf9, 0x74, 0xff, 0xf9, 0x74, 0xff, 0x19, 0x75, 0xff, 0x19, 0x75, 0xff, 0x19, 0x75, 0xff,
  0x19, 0x75, 0xff, 0x19, 0x75, 0xff, 0x19, 0x75, 0xff, 0x19, 0x75, 0xff, 0xf9, 0x74, 0xff, 0xf9, 0x74, 0xff, 0x19, 0x75, 0xff, 0x19, 0x75, 0xff,
  0x19, 0x75, 0xff, 0x19, 0x75, 0xff, 0x19, 0x75, 0xff, 0xf9, 0x74, 0xff, 0xf9, 0x74, 0xff, 0xf9, 0x74, 0xff, 0xf9, 0x74, 0xff, 0xf9, 0x74, 0xff,
  0x19, 0x75, 0xff, 0x19, 0x75, 0xff, 0x19, 0x75, 0xff, 0x19, 0x75, 0xff, 0x19, 0x75, 0xff, 0xf9, 0x74, 0xff, 0xf9, 0x74, 0xff, 0xf9, 0x74, 0xff,
  0xf9, 0x74, 0xff, 0xf9, 0x74, 0xff, 0xf9, 0x74, 0xff, 0xf9, 0x74, 0xff, 0xf9, 0x74, 0xff, 0xf9, 0x74, 0xff, 0x19, 0x75, 0xff, 0xf9, 0x74, 0xff,
  0xf9, 0x74, 0xff, 0xf9, 0x74, 0xff, 0xf9, 0x74, 0xff, 0xf9, 0x74, 0xff, 0xf9, 0x74, 0xff, 0xf9, 0x74, 0xff, 0xf9, 0x74, 0xff, 0xf9, 0x74, 0xff,
  0xf9, 0x74, 0xff, 0xf9, 0x74, 0xff, 0xf9, 0x74, 0xff, 0xf9, 0x74, 0xff, 0xf9, 0x74, 0xff, 0xf9, 0x74, 0xff, 0xf9, 0x74, 0xff, 0xf9, 0x74, 0xff,
  0xf9, 0x74, 0xff, 0xf9, 0x74, 0xff, 0xf9, 0x74, 0xff, 0xf9, 0x74, 0xff, 0xf9, 0x74, 0xff, 0xf9, 0x74, 0xff, 0xf9, 0x74, 0xff, 0xf9, 0x74, 0xff,
  0xf9, 0x74, 0xff, 0xf9, 0x74, 0xff, 0xf9, 0x74, 0xff, 0xf9, 0x74, 0xff, 0xf9, 0x74, 0xff, 0xf9, 0x74, 0xff, 0xf9, 0x74, 0xff, 0xf9, 0x74, 0xff,
  0xf9, 0x74, 0xff, 0xf9, 0x74, 0xff, 0xf9, 0x74, 0xff, 0xf9, 0x74, 0xff, 0xf9, 0x74, 0xff, 0xf9, 0x74, 0xff, 0xf9, 0x74, 0xff, 0xf9, 0x74, 0xff,
  0xf9, 0x74, 0xff, 0xf9, 0x74, 0xff, 0xf9, 0x74, 0xff, 0xf9, 0x74, 0xff, 0xf9, 0x74, 0xff, 0xb8, 0x6c, 0xff, 0xc9, 0x29, 0xfc, 0x00, 0x00, 0xff,
  0x00, 0x00, 0xff, 0x60, 0x48, 0xfc, 0x02, 0xc1, 0xff, 0x02, 0xc9, 0xff, 0x02, 0xc9, 0xff, 0x02, 0xc9, 0xff, 0x02, 0xc9, 0xff, 0x02, 0xc9, 0xff,
  0x02, 0xc9, 0xff, 0x02, 0xc9, 0xff, 0x02, 0xc9, 0xff, 0x02, 0xc9, 0xff, 0x02, 0xc9, 0xff, 0x02, 0xc9, 0xff, 0xe2, 0xa0, 0xfd, 0x20, 0x18, 0xfd,
  0x00, 0x00, 0xff, 0x00, 0x00, 0xf4, 0x00, 0x00, 0x45, 0x00, 0x00, 0x00, 0x00, 0x00, 0x00, 0x00, 0x00, 0x00, 0x00, 0x00, 0x00, 0x00, 0x00, 0x00,
  0x00, 0x00, 0x00, 0x00, 0x00, 0x00, 0x00, 0x00, 0x00, 0x00, 0x00, 0x00, 0x00, 0x00, 0x03, 0x00, 0x00, 0x94, 0x00, 0x00, 0xff, 0x00, 0x00, 0xff,
  0x40, 0x40, 0xfd, 0x02, 0xc1, 0xff, 0x02, 0xc9, 0xff, 0x02, 0xc9, 0xff, 0x02, 0xc9, 0xff, 0x02, 0xc9, 0xff, 0x02, 0xc9, 0xff, 0x02, 0xc9, 0xff,
  0x02, 0xc9, 0xff, 0x02, 0xc9, 0xff, 0x02, 0xc9, 0xff, 0x02, 0xc9, 0xff, 0x02, 0xc9, 0xff, 0xe2, 0xa8, 0xfe, 0x20, 0x20, 0xfd, 0x00, 0x00, 0xff,
  0x41, 0x00, 0xfe, 0xee, 0x42, 0xfe, 0xf9, 0x74, 0xff, 0xf9, 0x74, 0xff, 0xf9, 0x74, 0xff, 0xf9, 0x74, 0xff, 0xf9, 0x74, 0xff, 0xf9, 0x74, 0xff,
  0xf9, 0x74, 0xff, 0xf9, 0x74, 0xff, 0xf9, 0x74, 0xff, 0xf9, 0x74, 0xff, 0xf9, 0x74, 0xff, 0xf9, 0x74, 0xff, 0xf9, 0x74, 0xff, 0xf9, 0x74, 0xff,
  0xf9, 0x74, 0xff, 0xf9, 0x74, 0xff, 0xf9, 0x74, 0xff, 0xf9, 0x74, 0xff, 0xf9, 0x74, 0xff, 0xf9, 0x74, 0xff, 0xf9, 0x74, 0xff, 0xf9, 0x74, 0xff,
  0xf9, 0x74, 0xff, 0xf9, 0x74, 0xff, 0xf9, 0x74, 0xff, 0xf9, 0x74, 0xff, 0xf9, 0x74, 0xff, 0xf9, 0x74, 0xff, 0xf9, 0x74, 0xff, 0xf9, 0x74, 0xff,
  0xf9, 0x74, 0xff, 0xf9, 0x74, 0xff, 0xf9, 0x74, 0xff, 0xf9, 0x74, 0xff, 0xf9, 0x74, 0xff, 0xf9, 0x74, 0xff, 0xf9, 0x74, 0xff, 0xf9, 0x74, 0xff,
  0xf9, 0x74, 0xff, 0xf9, 0x74, 0xff, 0xf9, 0x74, 0xff, 0x7a, 0x8d, 0xff, 0xbd, 0xc6, 0xff, 0xbd, 0xc6, 0xff, 0xbd, 0xc6, 0xff, 0xbd, 0xc6, 0xff,
  0xbd, 0xc6, 0xff, 0xbd, 0xc6, 0xff, 0x7a, 0x8d, 0xff, 0xf9, 0x74, 0xff, 0xf9, 0x74, 0xff, 0xf9, 0x74, 0xff, 0xf9, 0x74, 0xff, 0x19, 0x7d, 0xff,
  0x7c, 0xbe, 0xff, 0xbd, 0xc6, 0xff, 0xbd, 0xc6, 0xff, 0xbd, 0xc6, 0xff, 0xbd, 0xc6, 0xff, 0xbd, 0xc6, 0xff, 0xbd, 0xc6, 0xff, 0xbd, 0xc6, 0xff,
  0x1b, 0xa6, 0xff, 0xf9, 0x74, 0xff, 0xf9, 0x74, 0xff, 0x19, 0x75, 0xff, 0x3c, 0xae, 0xff, 0xbd, 0xc6, 0xff, 0xbd, 0xc6, 0xff, 0xbd, 0xc6, 0xff,
  0xbd, 0xc6, 0xff, 0xbd, 0xc6, 0xff, 0xbd, 0xc6, 0xff, 0xbd, 0xc6, 0xff, 0x1b, 0xa6, 0xff, 0x5a, 0x85, 0xff, 0x7c, 0xbe, 0xff, 0xbd, 0xc6, 0xff,
  0xbd, 0xc6, 0xff, 0xbd, 0xc6, 0xff, 0xbd, 0xc6, 0xff, 0x1b, 0xa6, 0xff, 0x19, 0x75, 0xff, 0xf9, 0x74, 0xff, 0x19, 0x7d, 0xff, 0x5c, 0xb6, 0xff,
  0xbd, 0xc6, 0xff, 0xbd, 0xc6, 0xff, 0xbd, 0xc6, 0xff, 0xbd, 0xc6, 0xff, 0x7c, 0xbe, 0xff, 0x19, 0x7d, 0xff, 0xf9, 0x74, 0xff, 0xf9, 0x74, 0xff,
  0xf9, 0x74, 0xff, 0xf9, 0x74, 0xff, 0x19, 0x7d, 0xff, 0xba, 0x95, 0xff, 0x3c, 0xae, 0xff, 0x9c, 0xbe, 0xff, 0xbd, 0xc6, 0xff, 0x9c, 0xbe, 0xff,
  0x1b, 0xa6, 0xff, 0x9a, 0x8d, 0xff, 0x19, 0x75, 0xff, 0xf9, 0x74, 0xff, 0xf9, 0x74, 0xff, 0xf9, 0x74, 0xff, 0xf9, 0x74, 0xff, 0xf9, 0x74, 0xff,
  0xf9, 0x74, 0xff, 0xf9, 0x74, 0xff, 0xf9, 0x74, 0xff, 0xf9, 0x74, 0xff, 0xf9, 0x74, 0xff, 0xf9, 0x74, 0xff, 0xf9, 0x74, 0xff, 0xf9, 0x74, 0xff,
  0xf9, 0x74, 0xff, 0xf9, 0x74, 0xff, 0xf9, 0x74, 0xff, 0xf9, 0x74, 0xff, 0xf9, 0x74, 0xff, 0xf9, 0x74, 0xff, 0xf9, 0x74, 0xff, 0xf9, 0x74, 0xff,
  0xf9, 0x74, 0xff, 0xf9, 0x74, 0xff, 0xf9, 0x74, 0xff, 0xf9, 0x74, 0xff, 0xf9, 0x74, 0xff, 0xf9, 0x74, 0xff, 0xf9, 0x74, 0xff, 0xf9, 0x74, 0xff,
  0xf9, 0x74, 0xff, 0xf9, 0x74, 0xff, 0xf9, 0x74, 0xff, 0xf9, 0x74, 0xff, 0xf9, 0x74, 0xff, 0xf9, 0x74, 0xff, 0xf9, 0x74, 0xff, 0xf9, 0x74, 0xff,
  0xf9, 0x74, 0xff, 0xf9, 0x74, 0xff, 0xf9, 0x74, 0xff, 0xf9, 0x74, 0xff, 0xf9, 0x74, 0xff, 0x15, 0x5c, 0xfe, 0xa3, 0x10, 0xfe, 0x00, 0x00, 0xff,
  0x00, 0x08, 0xfe, 0xa1, 0x80, 0xfd, 0x02, 0xc9, 0xff, 0x02, 0xc9, 0xff, 0x02, 0xc9, 0xff, 0x02, 0xc9, 0xff, 0x02, 0xc9, 0xff, 0x02, 0xc9, 0xff,
  0x02, 0xc9, 0xff, 0x02, 0xc9, 0xff, 0x02, 0xc9, 0xff, 0x02, 0xc9, 0xff, 0x02, 0xc9, 0xff, 0x02, 0xc9, 0xff, 0xa1, 0x78, 0xfd, 0x00, 0x08, 0xfe,
  0x00, 0x00, 0xff, 0x00, 0x00, 0xd5, 0x00, 0x00, 0x1c, 0x00, 0x00, 0x00, 0x00, 0x00, 0x00, 0x00, 0x00, 0x00, 0x00, 0x00, 0x00, 0x00, 0x00, 0x00,
  0x00, 0x00, 0x00, 0x00, 0x00, 0x00, 0x00, 0x00, 0x00, 0x00, 0x00, 0x00, 0x00, 0x00, 0x02, 0x00, 0x00, 0x54, 0x00, 0x00, 0xf4, 0x00, 0x00, 0xff,
  0x20, 0x18, 0xfd, 0xe2, 0xa8, 0xfe, 0x02, 0xc9, 0xff, 0x02, 0xc9, 0xff, 0x02, 0xc9, 0xff, 0x02, 0xc9, 0xff, 0x02, 0xc9, 0xff, 0x02, 0xc9, 0xff,
  0x02, 0xc9, 0xff, 0x02, 0xc9, 0xff, 0x02, 0xc9, 0xff, 0x02, 0xc9, 0xff, 0x02, 0xc9, 0xff, 0x02, 0xc1, 0xff, 0x61, 0x50, 0xfc, 0x00, 0x00, 0xff,
  0x00, 0x00, 0xff, 0x67, 0x21, 0xfd, 0x97, 0x6c, 0xff, 0xf9, 0x74, 0xff, 0xf9, 0x74, 0xff, 0xf9, 0x74, 0xff, 0xf9, 0x74, 0xff, 0xf9, 0x74, 0xff,
  0xf9, 0x74, 0xff, 0xf9, 0x74, 0xff, 0xf9, 0x74, 0xff, 0xf9, 0x74, 0xff, 0xf9, 0x74, 0xff, 0xf9, 0x74, 0xff, 0xf9, 0x74, 0xff, 0xf9, 0x74, 0xff,
  0xf9, 0x74, 0xff, 0xf9, 0x74, 0xff, 0xf9, 0x74, 0xff, 0xf9, 0x74, 0xff, 0xf9, 0x74, 0xff, 0xf9, 0x74, 0xff, 0xf9, 0x74, 0xff, 0xf9, 0x74, 0xff,
  0xf9, 0x74, 0xff, 0xf9, 0x74, 0xff, 0xf9, 0x74, 0xff, 0xf9, 0x74, 0xff, 0xf9, 0x74, 0xff, 0xf9, 0x74, 0xff, 0xf9, 0x74, 0xff, 0xf9, 0x74, 0xff,
  0xf9, 0x74, 0xff, 0xf9, 0x74, 0xff, 0xf9, 0x74, 0xff, 0xf9, 0x74, 0xff, 0xf9, 0x74, 0xff, 0xf9, 0x74, 0xff, 0xf9, 0x74, 0xff, 0xf9, 0x74, 0xff,
  0xf9, 0x74, 0xff, 0xf9, 0x74, 0xff, 0xf9, 0x74, 0xff, 0xdb, 0x9d, 0xff, 0xdf, 0xf7, 0xff, 0xff, 0xff, 0xff, 0xff, 0xff, 0xff, 0xff, 0xff, 0xff,
  0xff, 0xff, 0xff, 0xdf, 0xf7, 0xff, 0xdb, 0x9d, 0xff, 0xf9, 0x74, 0xff, 0xf9, 0x74, 0xff, 0xf9, 0x74, 0xff, 0xf9, 0x74, 0xff, 0x5a, 0x85, 0xff,
  0x9e, 0xef, 0xff, 0xff, 0xff, 0xff, 0xff, 0xff, 0xff, 0xff, 0xff, 0xff, 0xff, 0xff, 0xff, 0xff, 0xff, 0xff, 0xff, 0xff, 0xff, 0xff, 0xff, 0xff,
  0x1d, 0xd7, 0xff, 0x19, 0x7d, 0xff, 0xf9, 0x74, 0xff, 0x19, 0x7d, 0xff, 0x3e, 0xdf, 0xff, 0xff, 0xff, 0xff, 0xff, 0xff, 0xff, 0xff, 0xff, 0xff,
  0xff, 0xff, 0xff, 0xff, 0xff, 0xff, 0xff, 0xff, 0xff, 0xff, 0xff, 0xff, 0xfd, 0xce, 0xff, 0x5a, 0x85, 0xff, 0x3e, 0xdf, 0xff, 0xff, 0xff, 0xff,
  0xff, 0xff, 0xff, 0xff, 0xff, 0xff, 0xff, 0xff, 0xff, 0x3e, 0xdf, 0xff, 0x19, 0x7d, 0xff, 0xf9, 0x74, 0xff, 0x7a, 0x8d, 0xff, 0x9f, 0xef, 0xff,
  0xff, 0xff, 0xff, 0xff, 0xff, 0xff, 0xff, 0xff, 0xff, 0xff, 0xff, 0xff, 0x3e, 0xdf, 0xff, 0x19, 0x7d, 0xff, 0xf9, 0x74, 0xff, 0xf9, 0x74, 0xff,
  0x19, 0x7d, 0xff, 0xfb, 0xa5, 0xff, 0xfd, 0xd6, 0xff, 0x9f, 0xef, 0xff, 0xdf, 0xf7, 0xff, 0xff, 0xff, 0xff, 0xff, 0xff, 0xff, 0xff, 0xff, 0xff,
  0xdf, 0xf7, 0xff, 0x9f, 0xef, 0xff, 0xfd, 0xce, 0xff, 0xdb, 0x9d, 0xff, 0x19, 0x75, 0xff, 0xf9, 0x74, 0xff, 0xf9, 0x74, 0xff, 0xf9, 0x74, 0xff,
  0xf9, 0x74, 0xff, 0xf9, 0x74, 0xff, 0xf9, 0x74, 0xff, 0xf9, 0x74, 0xff, 0xf9, 0x74, 0xff, 0xf9, 0x74, 0xff, 0xf9, 0x74, 0xff, 0xf9, 0x74, 0xff,
  0xf9, 0x74, 0xff, 0xf9, 0x74, 0xff, 0xf9, 0x74, 0xff, 0xf9, 0x74, 0xff, 0xf9, 0x74, 0xff, 0xf9, 0x74, 0xff, 0xf9, 0x74, 0xff, 0xf9, 0x74, 0xff,
  0xf9, 0x74, 0xff, 0xf9, 0x74, 0xff, 0xf9, 0x74, 0xff, 0xf9, 0x74, 0xff, 0xf9, 0x74, 0xff, 0xf9, 0x74, 0xff, 0xf9, 0x74, 0xff, 0xf9, 0x74, 0xff,
  0xf9, 0x74, 0xff, 0xf9, 0x74, 0xff, 0xf9, 0x74, 0xff, 0xf9, 0x74, 0xff, 0xf9, 0x74, 0xff, 0xf9, 0x74, 0xff, 0xf9, 0x74, 0xff, 0xf9, 0x74, 0xff,
  0xf9, 0x74, 0xff, 0xf9, 0x74, 0xff, 0xf9, 0x74, 0xff, 0xf9, 0x74, 0xff, 0xd8, 0x6c, 0xff, 0xee, 0x42, 0xfe, 0x41, 0x00, 0xfe, 0x00, 0x00, 0xff,
  0x20, 0x20, 0xfd, 0xe2, 0xa8, 0xfe, 0x02, 0xc9, 0xff, 0x02, 0xc9, 0xff, 0x02, 0xc9, 0xff, 0x02, 0xc9, 0xff, 0x02, 0xc9, 0xff, 0x02, 0xc9, 0xff,
  0x02, 0xc9, 0xff, 0x02, 0xc9, 0xff, 0x02, 0xc9, 0xff, 0x02, 0xc9, 0xff, 0x02, 0xc9, 0xff, 0x02, 0xc1, 0xff, 0x60, 0x48, 0xfa, 0x00, 0x00, 0xff,
  0x00, 0x00, 0xff, 0x00, 0x00, 0xa4, 0x00, 0x00, 0x0c, 0x00, 0x00, 0x00, 0x00, 0x00, 0x00, 0x00, 0x00, 0x00, 0x00, 0x00, 0x00, 0x00, 0x00, 0x00,
  0x00, 0x00, 0x00, 0x00, 0x00, 0x00, 0x00, 0x00, 0x00, 0x00, 0x00, 0x00, 0x00, 0x00, 0x00, 0x00, 0x00, 0x24, 0x00, 0x00, 0xd5, 0x00, 0x00, 0xff,
  0x00, 0x08, 0xfe, 0xa1, 0x78, 0xfd, 0x02, 0xc9, 0xff, 0x02, 0xc9, 0xff, 0x02, 0xc9, 0xff, 0x02, 0xc9, 0xff, 0x02, 0xc9, 0xff, 0x02, 0xc9, 0xff,
  0x02, 0xc9, 0xff, 0x02, 0xc9, 0xff, 0x02, 0xc9, 0xff, 0x02, 0xc9, 0xff, 0x02, 0xc9, 0xff, 0x02, 0xc9, 0xff, 0xc1, 0x90, 0xfd, 0x00, 0x08, 0xfe,
  0x00, 0x00, 0xff, 0x62, 0x00, 0xfd, 0xb3, 0x53, 0xfe, 0xf9, 0x74, 0xff, 0xf9, 0x74, 0xff, 0xf9, 0x74, 0xff, 0xf9, 0x74, 0xff, 0xf9, 0x74, 0xff,
  0xf9, 0x74, 0xff, 0xf9, 0x74, 0xff, 0xf9, 0x74, 0xff, 0xf9, 0x74, 0xff, 0xf9, 0x74, 0xff, 0xf9, 0x74, 0xff, 0xf9, 0x74, 0xff, 0xf9, 0x74, 0xff,
  0xf9, 0x74, 0xff, 0xf9, 0x74, 0xff, 0xf9, 0x74, 0xff, 0xf9, 0x74, 0xff, 0xf9, 0x74, 0xff, 0xf9, 0x74, 0xff, 0xf9, 0x74, 0xff, 0xf9, 0x74, 0xff,
  0xf9, 0x74, 0xff, 0xf9, 0x74, 0xff, 0xf9, 0x74, 0xff, 0xf9, 0x74, 0xff, 0xf9, 0x74, 0xff, 0xf9, 0x74, 0xff, 0xf9, 0x74, 0xff, 0xf9, 0x74, 0xff,
  0xf9, 0x74, 0xff, 0xf9, 0x74, 0xff, 0xf9, 0x74, 0xff, 0xf9, 0x74, 0xff, 0xf9, 0x74, 0xff, 0xf9, 0x74, 0xff, 0xf9, 0x74, 0xff, 0xf9, 0x74, 0xff,
  0xf9, 0x74, 0xff, 0xf9, 0x74, 0xff, 0xf9, 0x74, 0xff, 0xdb, 0x9d, 0xff, 0xff, 0xff, 0xff, 0xff, 0xff, 0xff, 0xff, 0xff, 0xff, 0xff, 0xff, 0xff,
  0xff, 0xff, 0xff, 0xdf, 0xf7, 0xff, 0xdb, 0x9d, 0xff, 0xf9, 0x74, 0xff, 0xf9, 0x74, 0xff, 0xf9, 0x74, 0xff, 0xf9, 0x74, 0xff, 0x5a, 0x85, 0xff,
  0x9e, 0xef, 0xff, 0xff, 0xff, 0xff, 0xff, 0xff, 0xff, 0xff, 0xff, 0xff, 0xff, 0xff, 0xff, 0xff, 0xff, 0xff, 0xff, 0xff, 0xff, 0xff, 0xff, 0xff,
  0x7e, 0xe7, 0xff, 0x5a, 0x85, 0xff, 0xf9, 0x74, 0xff, 0x7a, 0x8d, 0xff, 0x9e, 0xef, 0xff, 0xff, 0xff, 0xff, 0xff, 0xff, 0xff, 0xff, 0xff, 0xff,
  0xff, 0xff, 0xff, 0xff, 0xff, 0xff, 0xff, 0xff, 0xff, 0xff, 0xff, 0xff, 0xfd, 0xce, 0xff, 0x19, 0x7d, 0xff, 0x7c, 0xbe, 0xff, 0xff, 0xff, 0xff,
  0xff, 0xff, 0xff, 0xff, 0xff, 0xff, 0xff, 0xff, 0xff, 0x9f, 0xef, 0xff, 0x7a, 0x8d, 0xff, 0xf9, 0x74, 0xff, 0xdb, 0x9d, 0xff, 0xdf, 0xf7, 0xff,
  0xff, 0xff, 0xff, 0xff, 0xff, 0xff, 0xff, 0xff, 0xff, 0xff, 0xff, 0xff, 0x7c, 0xbe, 0xff, 0xf9, 0x74, 0xff, 0xf9, 0x74, 0xff, 0x19, 0x7d, 0xff,
  0xbd, 0xc6, 0xff, 0xdf, 0xf7, 0xff, 0xff, 0xff, 0xff, 0xff, 0xff, 0xff, 0xff, 0xff, 0xff, 0xff, 0xff, 0xff, 0xff, 0xff, 0xff, 0xff, 0xff, 0xff,
  0xff, 0xff, 0xff, 0xff, 0xff, 0xff, 0xff, 0xff, 0xff, 0xbf, 0xf7, 0xff, 0x7c, 0xbe, 0xff, 0x19, 0x75, 0xff, 0xf9, 0x74, 0xff, 0xf9, 0x74, 0xff,
  0xf9, 0x74, 0xff, 0xf9, 0x74, 0xff, 0xf9, 0x74, 0xff, 0xf9, 0x74, 0xff, 0xf9, 0x74, 0xff, 0xf9, 0x74, 0xff, 0xf9, 0x74, 0xff, 0xf9, 0x74, 0xff,
  0xf9, 0x74, 0xff, 0xf9, 0x74, 0xff, 0xf9, 0x74, 0xff, 0xf9, 0x74, 0xff, 0xf9, 0x74, 0xff, 0xf9, 0x74, 0xff, 0xf9, 0x74, 0xff, 0xf9, 0x74, 0xff,
  0xf9, 0x74, 0xff, 0xf9, 0x74, 0xff, 0xf9, 0x74, 0xff, 0xf9, 0x74, 0xff, 0xf9, 0x74, 0xff, 0xf9, 0x74, 0xff, 0xf9, 0x74, 0xff, 0xf9, 0x74, 0xff,
  0xf9, 0x74, 0xff, 0xf9, 0x74, 0xff, 0xf9, 0x74, 0xff, 0xf9, 0x74, 0xff, 0xf9, 0x74, 0xff, 0xf9, 0x74, 0xff, 0xf9, 0x74, 0xff, 0xf9, 0x74, 0xff,
  0xf9, 0x74, 0xff, 0xf9, 0x74, 0xff, 0xf9, 0x74, 0xff, 0xf9, 0x74, 0xff, 0x76, 0x64, 0xff, 0x26, 0x19, 0xfd, 0x00, 0x00, 0xff, 0x00, 0x00, 0xff,
  0x61, 0x58, 0xfc, 0x02, 0xc1, 0xff, 0x02, 0xc9, 0xff, 0x02, 0xc9, 0xff, 0x02, 0xc9, 0xff, 0x02, 0xc9, 0xff, 0x02, 0xc9, 0xff, 0x02, 0xc9, 0xff,
  0x02, 0xc9, 0xff, 0x02, 0xc9, 0xff, 0x02, 0xc9, 0xff, 0x02, 0xc9, 0xff, 0x02, 0xc9, 0xff, 0xe2, 0xa8, 0xfe, 0x20, 0x18, 0xfd, 0x00, 0x00, 0xff,
  0x00, 0x00, 0xf4, 0x00, 0x00, 0x5c, 0x00, 0x00, 0x00, 0x00, 0x00, 0x00, 0x00, 0x00, 0x00, 0x00, 0x00, 0x00, 0x00, 0x00, 0x00, 0x00, 0x00, 0x00,
  0x00, 0x00, 0x00, 0x00, 0x00, 0x00, 0x00, 0x00, 0x00, 0x00, 0x00, 0x00, 0x00, 0x00, 0x00, 0x00, 0x00, 0x0c, 0x00, 0x00, 0x9c, 0x00, 0x00, 0xff,
  0x00, 0x00, 0xff, 0x40, 0x40, 0xfd, 0x02, 0xc1, 0xff, 0x02, 0xc9, 0xff, 0x02, 0xc9, 0xff, 0x02, 0xc9, 0xff, 0x02, 0xc9, 0xff, 0x02, 0xc9, 0xff,
  0x02, 0xc9, 0xff, 0x02, 0xc9, 0xff, 0x02, 0xc9, 0xff, 0x02, 0xc9, 0xff, 0x02, 0xc9, 0xff, 0x02, 0xc9, 0xff, 0x02, 0xb9, 0xff, 0x40, 0x30, 0xfd,
  0x00, 0x00, 0xff, 0x00, 0x00, 0xff, 0xea, 0x29, 0xfe, 0xb8, 0x6c, 0xff, 0xf9, 0x74, 0xff, 0xf9, 0x74, 0xff, 0xf9, 0x74, 0xff, 0xf9, 0x74, 0xff,
  0xf9, 0x74, 0xff, 0xf9, 0x74, 0xff, 0xf9, 0x74, 0xff, 0xf9, 0x74, 0xff, 0xf9, 0x74, 0xff, 0xf9, 0x74, 0xff, 0xf9, 0x74, 0xff, 0xf9, 0x74, 0xff,
  0xf9, 0x74, 0xff, 0xf9, 0x74, 0xff, 0xf9, 0x74, 0xff, 0xf9, 0x74, 0xff, 0xf9, 0x74, 0xff, 0xf9, 0x74, 0xff, 0xf9, 0x74, 0xff, 0xf9, 0x74, 0xff,
  0xf9, 0x74, 0xff, 0xf9, 0x74, 0xff, 0xf9, 0x74, 0xff, 0xf9, 0x74, 0xff, 0xf9, 0x74, 0xff, 0xf9, 0x74, 0xff, 0xf9, 0x74, 0xff, 0xf9, 0x74, 0xff,
  0xf9, 0x74, 0xff, 0xf9, 0x74, 0xff, 0xf9, 0x74, 0xff, 0xf9, 0x74, 0xff, 0xf9, 0x74, 0xff, 0xf9, 0x74, 0xff, 0xf9, 0x74, 0xff, 0xf9, 0x74, 0xff,
  0xf9, 0x74, 0xff, 0xf9, 0x74, 0xff, 0xf9, 0x74, 0xff, 0xdb, 0x9d, 0xff, 0xff, 0xff, 0xff, 0xff, 0xff, 0xff, 0xff, 0xff, 0xff, 0xff, 0xff, 0xff,
  0xff, 0xff, 0xff, 0xdf, 0xf7, 0xff, 0xdb, 0x9d, 0xff, 0xf9, 0x74, 0xff, 0xf9, 0x74, 0xff, 0xf9, 0x74, 0xff, 0xf9, 0x74, 0xff, 0x5a, 0x85, 0xff,
  0x9e, 0xef, 0xff, 0xff, 0xff, 0xff, 0xff, 0xff, 0xff, 0xff, 0xff, 0xff, 0xff, 0xff, 0xff, 0xff, 0xff, 0xff, 0xff, 0xff, 0xff, 0xff, 0xff, 0xff,
  0x9f, 0xef, 0xff, 0x7a, 0x8d, 0xff, 0xf9, 0x74, 0xff, 0xdb, 0x9d, 0xff, 0xbf, 0xf7, 0xff, 0xff, 0xff, 0xff, 0xff, 0xff, 0xff, 0xff, 0xff, 0xff,
  0xff, 0xff, 0xff, 0xff, 0xff, 0xff, 0xff, 0xff, 0xff, 0xff, 0xff, 0xff, 0xfd, 0xce, 0xff, 0x19, 0x75, 0xff, 0xdb, 0x9d, 0xff, 0xdf, 0xf7, 0xff,
  0xff, 0xff, 0xff, 0xff, 0xff, 0xff, 0xff, 0xff, 0xff, 0xdf, 0xf7, 0xff, 0xdb, 0x9d, 0xff, 0xf9, 0x74, 0xff, 0x3c, 0xae, 0xff, 0xff, 0xff, 0xff,
  0xff, 0xff, 0xff, 0xff, 0xff, 0xff, 0xff, 0xff, 0xff, 0xdf, 0xf7, 0xff, 0xdb, 0x9d, 0xff, 0xf9, 0x74, 0xff, 0xf9, 0x74, 0xff, 0x1b, 0xa6, 0xff,
  0xdf, 0xf7, 0xff, 0xff, 0xff, 0xff, 0xff, 0xff, 0xff, 0xff, 0xff, 0xff, 0xff, 0xff, 0xff, 0xff, 0xff, 0xff, 0xff, 0xff, 0xff, 0xff, 0xff, 0xff,
  0xff, 0xff, 0xff, 0xff, 0xff, 0xff, 0xff, 0xff, 0xff, 0xff, 0xff, 0xff, 0xbf, 0xf7, 0xff, 0xdb, 0x9d, 0xff, 0xf9, 0x74, 0xff, 0xf9, 0x74, 0xff,
  0xf9, 0x74, 0xff, 0xf9, 0x74, 0xff, 0xf9, 0x74, 0xff, 0xf9, 0x74, 0xff, 0xf9, 0x74, 0xff, 0xf9, 0x74, 0xff, 0xf9, 0x74, 0xff, 0xf9, 0x74, 0xff,
  0xf9, 0x74, 0xff, 0xf9, 0x74, 0xff, 0xf9, 0x74, 0xff, 0xf9, 0x74, 0xff, 0xf9, 0x74, 0xff, 0xf9, 0x74, 0xff, 0xf9, 0x74, 0xff, 0xf9, 0x74, 0xff,
  0xf9, 0x74, 0xff, 0xf9, 0x74, 0xff, 0xf9, 0x74, 0xff, 0xf9, 0x74, 0xff, 0xf9, 0x74, 0xff, 0xf9, 0x74, 0xff, 0xf9, 0x74, 0xff, 0xf9, 0x74, 0xff,
  0xf9, 0x74, 0xff, 0xf9, 0x74, 0xff, 0xf9, 0x74, 0xff, 0xf9, 0x74, 0xff, 0xf9, 0x74, 0xff, 0xf9, 0x74, 0xff, 0xf9, 0x74, 0xff, 0xf9, 0x74, 0xff,
  0xf9, 0x74, 0xff, 0xf9, 0x74, 0xff, 0xf9, 0x74, 0xff, 0xf9, 0x74, 0xff, 0x50, 0x4b, 0xfd, 0x41, 0x00, 0xfe, 0x00, 0x00, 0xff, 0x00, 0x10, 0xfd,
  0xc1, 0x90, 0xfd, 0x02, 0xc9, 0xff, 0x02, 0xc9, 0xff, 0x02, 0xc9, 0xff, 0x02, 0xc9, 0xff, 0x02, 0xc9, 0xff, 0x02, 0xc9, 0xff, 0x02, 0xc9, 0xff,
  0x02, 0xc9, 0xff, 0x02, 0xc9, 0xff, 0x02, 0xc9, 0xff, 0x02, 0xc9, 0xff, 0x02, 0xc9, 0xff, 0xa1, 0x78, 0xfd, 0x00, 0x08, 0xfe, 0x00, 0x00, 0xff,
  0x00, 0x00, 0xd5, 0x00, 0x00, 0x24, 0x00, 0x00, 0x00, 0x00, 0x00, 0x00, 0x00, 0x00, 0x00, 0x00, 0x00, 0x00, 0x00, 0x00, 0x00, 0x00, 0x00, 0x00,
  0x00, 0x00, 0x00, 0x00, 0x00, 0x00, 0x00, 0x00, 0x00, 0x00, 0x00, 0x00, 0x00, 0x00, 0x00, 0x00, 0x00, 0x00, 0x00, 0x00, 0x5c, 0x00, 0x00, 0xf4,
  0x00, 0x00, 0xff, 0x20, 0x18, 0xfd, 0xe2, 0xa8, 0xfe, 0x02, 0xc9, 0xff, 0x02, 0xc9, 0xff, 0x02, 0xc9, 0xff, 0x02, 0xc9, 0xff, 0x02, 0xc9, 0xff,
  0x02, 0xc9, 0xff, 0x02, 0xc9, 0xff, 0x02, 0xc9, 0xff, 0x02, 0xc9, 0xff, 0x02, 0xc9, 0xff, 0x02, 0xc9, 0xff, 0x02, 0xc9, 0xff, 0x81, 0x70, 0xfc,
  0x00, 0x00, 0xff, 0x00, 0x00, 0xff, 0xa3, 0x10, 0xfe, 0x15, 0x5c, 0xfe, 0xf9, 0x74, 0xff, 0xf9, 0x74, 0xff, 0xf9, 0x74, 0xff, 0xf9, 0x74, 0xff,
  0xf9, 0x74, 0xff, 0xf9, 0x74, 0xff, 0xf9, 0x74, 0xff, 0xf9, 0x74, 0xff, 0xf9, 0x74, 0xff, 0xf9, 0x74, 0xff, 0xf9, 0x74, 0xff, 0xf9, 0x74, 0xff,
  0xf9, 0x74, 0xff, 0xf9, 0x74, 0xff, 0xf9, 0x74, 0xff, 0xf9, 0x74, 0xff, 0xf9, 0x74, 0xff, 0xf9, 0x74, 0xff, 0xf9, 0x74, 0xff, 0xf9, 0x74, 0xff,
  0xf9, 0x74, 0xff, 0xf9, 0x74, 0xff, 0xf9, 0x74, 0xff, 0xf9, 0x74, 0xff, 0xf9, 0x74, 0xff, 0xf9, 0x74, 0xff, 0xf9, 0x74, 0xff, 0xf9, 0x74, 0xff,
  0xf9, 0x74, 0xff, 0xf9, 0x74, 0xff, 0xf9, 0x74, 0xff, 0xf9, 0x74, 0xff, 0xf9, 0x74, 0xff, 0xf9, 0x74, 0xff, 0xf9, 0x74, 0xff, 0xf9, 0x74, 0xff,
  0xf9, 0x74, 0xff, 0xf9, 0x74, 0xff, 0xf9, 0x74, 0xff, 0xdb, 0x9d, 0xff, 0xff, 0xff, 0xff, 0xff, 0xff, 0xff, 0xff, 0xff, 0xff, 0xff, 0xff, 0xff,
  0xff, 0xff, 0xff, 0xdf, 0xf7, 0xff, 0xdb, 0x9d, 0xff, 0xf9, 0x74, 0xff, 0xf9, 0x74, 0xff, 0xf9, 0x74, 0xff, 0xf9, 0x74, 0xff, 0x5a, 0x85, 0xff,
  0x9e, 0xef, 0xff, 0xff, 0xff, 0xff, 0xff, 0xff, 0xff, 0xff, 0xff, 0xff, 0xff, 0xff, 0xff, 0xff, 0xff, 0xff, 0xff, 0xff, 0xff, 0xff, 0xff, 0xff,
  0xbf, 0xf7, 0xff, 0xba, 0x95, 0xff, 0xf9, 0x74, 0xff, 0x1b, 0xa6, 0xff, 0xdf, 0xf7, 0xff, 0xff, 0xff, 0xff, 0xff, 0xff, 0xff, 0xff, 0xff, 0xff,
  0xff, 0xff, 0xff, 0xff, 0xff, 0xff, 0xff, 0xff, 0xff, 0xff, 0xff, 0xff, 0xfd, 0xce, 0xff, 0x19, 0x75, 0xff, 0x5a, 0x85, 0xff, 0x9e, 0xef, 0xff,
  0xff, 0xff, 0xff, 0xff, 0xff, 0xff, 0xff, 0xff, 0xff, 0xff, 0xff, 0xff, 0x5c, 0xb6, 0xff, 0xf9, 0x74, 0xff, 0x9c, 0xbe, 0xff, 0xff, 0xff, 0xff,
  0xff, 0xff, 0xff, 0xff, 0xff, 0xff, 0xff, 0xff, 0xff, 0x7e, 0xe7, 0xff, 0x5a, 0x85, 0xff, 0xf9, 0x74, 0xff, 0x19, 0x75, 0xff, 0xfd, 0xce, 0xff,
  0xff, 0xff, 0xff, 0xff, 0xff, 0xff, 0xff, 0xff, 0xff, 0xff, 0xff, 0xff, 0xff, 0xff, 0xff, 0xdf, 0xf7, 0xff, 0xbf, 0xf7, 0xff, 0xdf, 0xf7, 0xff,
  0xff, 0xff, 0xff, 0xff, 0xff, 0xff, 0xff, 0xff, 0xff, 0xff, 0xff, 0xff, 0xff, 0xff, 0xff, 0x9c, 0xbe, 0xff, 0xf9, 0x74, 0xff, 0xf9, 0x74, 0xff,
  0xf9, 0x74, 0xff, 0xf9, 0x74, 0xff, 0xf9, 0x74, 0xff, 0xf9, 0x74, 0xff, 0xf9, 0x74, 0xff, 0xf9, 0x74, 0xff, 0xf9, 0x74, 0xff, 0xf9, 0x74, 0xff,
  0xf9, 0x74, 0xff, 0xf9, 0x74, 0xff, 0xf9, 0x74, 0xff, 0xf9, 0x74, 0xff, 0xf9, 0x74, 0xff, 0xf9, 0x74, 0xff, 0xf9, 0x74, 0xff, 0xf9, 0x74, 0xff,
  0xf9, 0x74, 0xff, 0xf9, 0x74, 0xff, 0xf9, 0x74, 0xff, 0xf9, 0x74, 0xff, 0xf9, 0x74, 0xff, 0xf9, 0x74, 0xff, 0xf9, 0x74, 0xff, 0xf9, 0x74, 0xff,
  0xf9, 0x74, 0xff, 0xf9, 0x74, 0xff, 0xf9, 0x74, 0xff, 0xf9, 0x74, 0xff, 0xf9, 0x74, 0xff, 0xf9, 0x74, 0xff, 0xf9, 0x74, 0xff, 0xf9, 0x74, 0xff,
  0xf9, 0x74, 0xff, 0xf9, 0x74, 0xff, 0xf9, 0x74, 0xff, 0xb8, 0x6c, 0xff, 0xc9, 0x29, 0xfc, 0x00, 0x00, 0xff, 0x00, 0x00, 0xff, 0x40, 0x30, 0xfd,
  0x02, 0xb9, 0xff, 0x02, 0xc9, 0xff, 0x02, 0xc9, 0xff, 0x02, 0xc9, 0xff, 0x02, 0xc9, 0xff, 0x02, 0xc9, 0xff, 0x02, 0xc9, 0xff, 0x02, 0xc9, 0xff,
  0x02, 0xc9, 0xff, 0x02, 0xc9, 0xff, 0x02, 0xc9, 0xff, 0x02, 0xc9, 0xff, 0x02, 0xc1, 0xff, 0x60, 0x48, 0xfc, 0x00, 0x00, 0xff, 0x00, 0x00, 0xff,
  0x00, 0x00, 0xa4, 0x00, 0x00, 0x0c, 0x00, 0x00, 0x00, 0x00, 0x00, 0x00, 0x00, 0x00, 0x00, 0x00, 0x00, 0x00, 0x00, 0x00, 0x00, 0x00, 0x00, 0x00,
  0x00, 0x00, 0x00, 0x00, 0x00, 0x00, 0x00, 0x00, 0x00, 0x00, 0x00, 0x00, 0x00, 0x00, 0x00, 0x00, 0x00, 0x00, 0x00, 0x00, 0x24, 0x00, 0x00, 0xd5,
  0x00, 0x00, 0xff, 0x00, 0x00, 0xff, 0x81, 0x70, 0xfc, 0x02, 0xc9, 0xff, 0x02, 0xc9, 0xff, 0x02, 0xc9, 0xff, 0x02, 0xc9, 0xff, 0x02, 0xc9, 0xff,
  0x02, 0xc9, 0xff, 0x02, 0xc9, 0xff, 0x02, 0xc9, 0xff, 0x02, 0xc9, 0xff, 0x02, 0xc9, 0xff, 0x02, 0xc9, 0xff, 0x02, 0xc9, 0xff, 0xe2, 0xa8, 0xfe,
  0x20, 0x20, 0xfd, 0x00, 0x00, 0xff, 0x00, 0x00, 0xff, 0x8d, 0x3a, 0xfd, 0xd9, 0x6c, 0xfd, 0xf9, 0x74, 0xff, 0xf9, 0x74, 0xff, 0xf9, 0x74, 0xff,
  0xf9, 0x74, 0xff, 0xf9, 0x74, 0xff, 0xf9, 0x74, 0xff, 0xf9, 0x74, 0xff, 0xf9, 0x74, 0xff, 0xf9, 0x74, 0xff, 0xf9, 0x74, 0xff, 0xf9, 0x74, 0xff,
  0xf9, 0x74, 0xff, 0xf9, 0x74, 0xff, 0xf9, 0x74, 0xff, 0xf9, 0x74, 0xff, 0xf9, 0x74, 0xff, 0xf9, 0x74, 0xff, 0xf9, 0x74, 0xff, 0xf9, 0x74, 0xff,
  0xf9, 0x74, 0xff, 0xf9, 0x74, 0xff, 0xf9, 0x74, 0xff, 0xf9, 0x74, 0xff, 0xf9, 0x74, 0xff, 0xf9, 0x74, 0xff, 0xf9, 0x74, 0xff, 0xf9, 0x74, 0xff,
  0xf9, 0x74, 0xff, 0xf9, 0x74, 0xff, 0xf9, 0x74, 0xff, 0xf9, 0x74, 0xff, 0xf9, 0x74, 0xff, 0xf9, 0x74, 0xff, 0xf9, 0x74, 0xff, 0xf9, 0x74, 0xff,
  0xf9, 0x74, 0xff, 0xf9, 0x74, 0xff, 0xf9, 0x74, 0xff, 0xdb, 0x9d, 0xff, 0xff, 0xff, 0xff, 0xff, 0xff, 0xff, 0xff, 0xff, 0xff, 0xff, 0xff, 0xff,
  0xff, 0xff, 0xff, 0xdf, 0xf7, 0xff, 0xdb, 0x9d, 0xff, 0xf9, 0x74, 0xff, 0xf9, 0x74, 0xff, 0xf9, 0x74, 0xff, 0xf9, 0x74, 0xff, 0x5a, 0x85, 0xff,
  0x9e, 0xef, 0xff, 0xff, 0xff, 0xff, 0xff, 0xff, 0xff, 0xff, 0xff, 0xff, 0xff, 0xff, 0xff, 0xff, 0xff, 0xff, 0xff, 0xff, 0xff, 0xff, 0xff, 0xff,
  0xdf, 0xf7, 0xff, 0xdb, 0x9d, 0xff, 0xf9, 0x74, 0xff, 0x5c, 0xb6, 0xff, 0xff, 0xff, 0xff, 0xff, 0xff, 0xff, 0xff, 0xff, 0xff, 0xff, 0xff, 0xff,
  0xff, 0xff, 0xff, 0xff, 0xff, 0xff, 0xff, 0xff, 0xff, 0xff, 0xff, 0xff, 0xfd, 0xce, 0xff, 0x19, 0x75, 0xff, 0x19, 0x75, 0xff, 0xfd, 0xce, 0xff,
  0xff, 0xff, 0xff, 0xff, 0xff, 0xff, 0xff, 0xff, 0xff, 0xff, 0xff, 0xff, 0xfd, 0xce, 0xff, 0x19, 0x7d, 0xff, 0xfd, 0xd6, 0xff, 0xff, 0xff, 0xff,
  0xff, 0xff, 0xff, 0xff, 0xff, 0xff, 0xff, 0xff, 0xff, 0xfd, 0xce, 0xff, 0x19, 0x75, 0xff, 0xf9, 0x74, 0xff, 0x19, 0x75, 0xff, 0x1d, 0xd7, 0xff,
  0xff, 0xff, 0xff, 0xff, 0xff, 0xff, 0xff, 0xff, 0xff, 0xff, 0xff, 0xff, 0xdf, 0xf7, 0xff, 0x3c, 0xae, 0xff, 0x9a, 0x8d, 0xff, 0x7c, 0xbe, 0xff,
  0xff, 0xff, 0xff, 0xff, 0xff, 0xff, 0xff, 0xff, 0xff, 0xff, 0xff, 0xff, 0xff, 0xff, 0xff, 0xdd, 0xc6, 0xff, 0x19, 0x75, 0xff, 0xf9, 0x74, 0xff,
  0xf9, 0x74, 0xff, 0xf9, 0x74, 0xff, 0xf9, 0x74, 0xff, 0xf9, 0x74, 0xff, 0xf9, 0x74, 0xff, 0xf9, 0x74, 0xff, 0xf9, 0x74, 0xff, 0xf9, 0x74, 0xff,
  0xf9, 0x74, 0xff, 0xf9, 0x74, 0xff, 0xf9, 0x74, 0xff, 0xf9, 0x74, 0xff, 0xf9, 0x74, 0xff, 0xf9, 0x74, 0xff, 0xf9, 0x74, 0xff, 0xf9, 0x74, 0xff,
  0xf9, 0x74, 0xff, 0xf9, 0x74, 0xff, 0xf9, 0x74, 0xff, 0xf9, 0x74, 0xff, 0xf9, 0x74, 0xff, 0xf9, 0x74, 0xff, 0xf9, 0x74, 0xff, 0xf9, 0x74, 0xff,
  0xf9, 0x74, 0xff, 0xf9, 0x74, 0xff, 0xf9, 0x74, 0xff, 0xf9, 0x74, 0xff, 0xf9, 0x74, 0xff, 0xf9, 0x74, 0xff, 0xf9, 0x74, 0xff, 0xf9, 0x74, 0xff,
  0xf9, 0x74, 0xff, 0xf9, 0x74, 0xff, 0xf9, 0x74, 0xff, 0xb3, 0x53, 0xfe, 0x83, 0x08, 0xfe, 0x00, 0x00, 0xff, 0x00, 0x08, 0xfe, 0xa1, 0x78, 0xfd,
  0x02, 0xc9, 0xff, 0x02, 0xc9, 0xff, 0x02, 0xc9, 0xff, 0x02, 0xc9, 0xff, 0x02, 0xc9, 0xff, 0x02, 0xc9, 0xff, 0x02, 0xc9, 0xff, 0x02, 0xc9, 0xff,
  0x02, 0xc9, 0xff, 0x02, 0xc9, 0xff, 0x02, 0xc9, 0xff, 0x02, 0xc9, 0xff, 0xe2, 0xa0, 0xfd, 0x20, 0x18, 0xfd, 0x00, 0x00, 0xff, 0x00, 0x00, 0xf4,
  0x00, 0x00, 0x5c, 0x00, 0x00, 0x02, 0x00, 0x00, 0x00, 0x00, 0x00, 0x00, 0x00, 0x00, 0x00, 0x00, 0x00, 0x00, 0x00, 0x00, 0x00, 0x00, 0x00, 0x00,
  0x00, 0x00, 0x00, 0x00, 0x00, 0x00, 0x00, 0x00, 0x00, 0x00, 0x00, 0x00, 0x00, 0x00, 0x00, 0x00, 0x00, 0x00, 0x00, 0x00, 0x03, 0x00, 0x00, 0x94,
  0x00, 0x00, 0xff, 0x00, 0x00, 0xff, 0x40, 0x38, 0xfd, 0x02, 0xb9, 0xff, 0x02, 0xc9, 0xff, 0x02, 0xc9, 0xff, 0x02, 0xc9, 0xff, 0x02, 0xc9, 0xff,
  0x02, 0xc9, 0xff, 0x02, 0xc9, 0xff, 0x02, 0xc9, 0xff, 0x02, 0xc9, 0xff, 0x02, 0xc9, 0xff, 0x02, 0xc9, 0xff, 0x02, 0xc9, 0xff, 0x02, 0xc1, 0xff,
  0x81, 0x60, 0xfd, 0x00, 0x00, 0xff, 0x00, 0x00, 0xff, 0xc4, 0x10, 0xfe, 0x15, 0x5c, 0xfe, 0xf9, 0x74, 0xff, 0xf9, 0x74, 0xff, 0xf9, 0x74, 0xff,
  0xf9, 0x74, 0xff, 0xf9, 0x74, 0xff, 0xf9, 0x74, 0xff, 0xf9, 0x74, 0xff, 0xf9, 0x74, 0xff, 0xf9, 0x74, 0xff, 0xf9, 0x74, 0xff, 0xf9, 0x74, 0xff,
  0xf9, 0x74, 0xff, 0xf9, 0x74, 0xff, 0xf9, 0x74, 0xff, 0xf9, 0x74, 0xff, 0xf9, 0x74, 0xff, 0xf9, 0x74, 0xff, 0xf9, 0x74, 0xff, 0xf9, 0x74, 0xff,
  0xf9, 0x74, 0xff, 0xf9, 0x74, 0xff, 0xf9, 0x74, 0xff, 0xf9, 0x74, 0xff, 0xf9, 0x74, 0xff, 0xf9, 0x74, 0xff, 0xf9, 0x74, 0xff, 0xf9, 0x74, 0xff,
  0xf9, 0x74, 0xff, 0xf9, 0x74, 0xff, 0xf9, 0x74, 0xff, 0xf9, 0x74, 0xff, 0xf9, 0x74, 0xff, 0xf9, 0x74, 0xff, 0xf9, 0x74, 0xff, 0xf9, 0x74, 0xff,
  0xf9, 0x74, 0xff, 0xf9, 0x74, 0xff, 0xf9, 0x74, 0xff, 0xdb, 0x9d, 0xff, 0xff, 0xff, 0xff, 0xff, 0xff, 0xff, 0xff, 0xff, 0xff, 0xff, 0xff, 0xff,
  0xff, 0xff, 0xff, 0xdf, 0xf7, 0xff, 0xdb, 0x9d, 0xff, 0xf9, 0x74, 0xff, 0xf9, 0x74, 0xff, 0xf9, 0x74, 0xff, 0xf9, 0x74, 0xff, 0x5a, 0x85, 0xff,
  0x9e, 0xef, 0xff, 0xff, 0xff, 0xff, 0xff, 0xff, 0xff, 0xff, 0xff, 0xff, 0xff, 0xff, 0xff, 0xff, 0xff, 0xff, 0xff, 0xff, 0xff, 0xff, 0xff, 0xff,
  0xff, 0xff, 0xff, 0x3c, 0xae, 0xff, 0x19, 0x75, 0xff, 0xdd, 0xc6, 0xff, 0xff, 0xff, 0xff, 0xff, 0xff, 0xff, 0xff, 0xff, 0xff, 0xff, 0xff, 0xff,
  0xff, 0xff, 0xff, 0xff, 0xff, 0xff, 0xff, 0xff, 0xff, 0xff, 0xff, 0xff, 0xfd, 0xce, 0xff, 0x19, 0x75, 0xff, 0xf9, 0x74, 0xff, 0x1b, 0xa6, 0xff,
  0xff, 0xff, 0xff, 0xff, 0xff, 0xff, 0xff, 0xff, 0xff, 0xff, 0xff, 0xff, 0x7e, 0xe7, 0xff, 0x7a, 0x8d, 0xff, 0x7e, 0xe7, 0xff, 0xff, 0xff, 0xff,
  0xff, 0xff, 0xff, 0xff, 0xff, 0xff, 0xdf, 0xf7, 0xff, 0x1b, 0xa6, 0xff, 0xf9, 0x74, 0xff, 0xf9, 0x74, 0xff, 0x19, 0x75, 0xff, 0x1d, 0xd7, 0xff,
  0xff, 0xff, 0xff, 0xff, 0xff, 0xff, 0xff, 0xff, 0xff, 0xff, 0xff, 0xff, 0xbf, 0xf7, 0xff, 0xdb, 0x9d, 0xff, 0xf9, 0x74, 0xff, 0x1b, 0xa6, 0xff,
  0xff, 0xff, 0xff, 0xff, 0xff, 0xff, 0xff, 0xff, 0xff, 0xff, 0xff, 0xff, 0xff, 0xff, 0xff, 0xfd, 0xce, 0xff, 0x19, 0x75, 0xff, 0xf9, 0x74, 0xff,
  0xf9, 0x74, 0xff, 0xf9, 0x74, 0xff, 0xf9, 0x74, 0xff, 0xf9, 0x74, 0xff, 0xf9, 0x74, 0xff, 0xf9, 0x74, 0xff, 0xf9, 0x74, 0xff, 0xf9, 0x74, 0xff,
  0xf9, 0x74, 0xff, 0xf9, 0x74, 0xff, 0xf9, 0x74, 0xff, 0xf9, 0x74, 0xff, 0xf9, 0x74, 0xff, 0xf9, 0x74, 0xff, 0xf9, 0x74, 0xff, 0xf9, 0x74, 0xff,
  0xf9, 0x74, 0xff, 0xf9, 0x74, 0xff, 0xf9, 0x74, 0xff, 0xf9, 0x74, 0xff, 0xf9, 0x74, 0xff, 0xf9, 0x74, 0xff, 0xf9, 0x74, 0xff, 0xf9, 0x74, 0xff,
  0xf9, 0x74, 0xff, 0xf9, 0x74, 0xff, 0xf9, 0x74, 0xff, 0xf9, 0x74, 0xff, 0xf9, 0x74, 0xff, 0xf9, 0x74, 0xff, 0xf9, 0x74, 0xff, 0xf9, 0x74, 0xff,
  0xf9, 0x74, 0xff, 0xf9, 0x74, 0xff, 0x76, 0x64, 0xff, 0xc9, 0x29, 0xfc, 0x00, 0x00, 0xff, 0x00, 0x00, 0xff, 0x40, 0x40, 0xfd, 0x02, 0xb9, 0xff,
  0x02, 0xc9, 0xff, 0x02, 0xc9, 0xff, 0x02, 0xc9, 0xff, 0x02, 0xc9, 0xff, 0x02, 0xc9, 0xff, 0x02, 0xc9, 0xff, 0x02, 0xc9, 0xff, 0x02, 0xc9, 0xff,
  0x02, 0xc9, 0xff, 0x02, 0xc9, 0xff, 0x02, 0xc9, 0xff, 0x02, 0xc1, 0xff, 0x81, 0x60, 0xfd, 0x00, 0x00, 0xff, 0x00, 0x00, 0xff, 0x00, 0x00, 0xcc,
  0x00, 0x00, 0x24, 0x00, 0x00, 0x00, 0x00, 0x00, 0x00, 0x00, 0x00, 0x00, 0x00, 0x00, 0x00, 0x00, 0x00, 0x00, 0x00, 0x00, 0x00, 0x00, 0x00, 0x00,
  0x00, 0x00, 0x00, 0x00, 0x00, 0x00, 0x00, 0x00, 0x00, 0x00, 0x00, 0x00, 0x00, 0x00, 0x00, 0x00, 0x00, 0x00, 0x00, 0x00, 0x00, 0x00, 0x00, 0x4c,
  0x00, 0x00, 0xec, 0x00, 0x00, 0xff, 0x00, 0x10, 0xfd, 0xc1, 0x90, 0xfd, 0x02, 0xc9, 0xff, 0x02, 0xc9, 0xff, 0x02, 0xc9, 0xff, 0x02, 0xc9, 0xff,
  0x02, 0xc9, 0xff, 0x02, 0xc9, 0xff, 0x02, 0xc9, 0xff, 0x02, 0xc9, 0xff, 0x02, 0xc9, 0xff, 0x02, 0xc9, 0xff, 0x02, 0xc9, 0xff, 0x02, 0xc9, 0xff,
  0xe2, 0xa8, 0xfe, 0x20, 0x20, 0xfd, 0x00, 0x00, 0xff, 0x41, 0x00, 0xfe, 0x2b, 0x32, 0xfd, 0xb8, 0x6c, 0xff, 0xf9, 0x74, 0xff, 0xf9, 0x74, 0xff,
  0xf9, 0x74, 0xff, 0xf9, 0x74, 0xff, 0xf9, 0x74, 0xff, 0xf9, 0x74, 0xff, 0xf9, 0x74, 0xff, 0xf9, 0x74, 0xff, 0xf9, 0x74, 0xff, 0xf9, 0x74, 0xff,
  0xf9, 0x74, 0xff, 0xf9, 0x74, 0xff, 0xf9, 0x74, 0xff, 0xf9, 0x74, 0xff, 0xf9, 0x74, 0xff, 0xf9, 0x74, 0xff, 0xf9, 0x74, 0xff, 0xf9, 0x74, 0xff,
  0xf9, 0x74, 0xff, 0xf9, 0x74, 0xff, 0xf9, 0x74, 0xff, 0xf9, 0x74, 0xff, 0xf9, 0x74, 0xff, 0xf9, 0x74, 0xff, 0xf9, 0x74, 0xff, 0xf9, 0x74, 0xff,
  0xf9, 0x74, 0xff, 0xf9, 0x74, 0xff, 0xf9, 0x74, 0xff, 0xf9, 0x74, 0xff, 0xf9, 0x74, 0xff, 0xf9, 0x74, 0xff, 0xf9, 0x74, 0xff, 0xf9, 0x74, 0xff,
  0xf9, 0x74, 0xff, 0xf9, 0x74, 0xff, 0xf9, 0x74, 0xff, 0xdb, 0x9d, 0xff, 0xff, 0xff, 0xff, 0xff, 0xff, 0xff, 0xff, 0xff, 0xff, 0xff, 0xff, 0xff,
  0xff, 0xff, 0xff, 0xdf, 0xf7, 0xff, 0xdb, 0x9d, 0xff, 0xf9, 0x74, 0xff, 0xf9, 0x74, 0xff, 0xf9, 0x74, 0xff, 0xf9, 0x74, 0xff, 0x5a, 0x85, 0xff,
  0x9e, 0xef, 0xff, 0xff, 0xff, 0xff, 0xff, 0xff, 0xff, 0xff, 0xff, 0xff, 0xff, 0xff, 0xff, 0xff, 0xff, 0xff, 0xff, 0xff, 0xff, 0xff, 0xff, 0xff,
  0xff, 0xff, 0xff, 0x7c, 0xbe, 0xff, 0x19, 0x7d, 0xff, 0x1d, 0xd7, 0xff, 0xff, 0xff, 0xff, 0xff, 0xff, 0xff, 0xff, 0xff, 0xff, 0xff, 0xff, 0xff,
  0xff, 0xff, 0xff, 0xff, 0xff, 0xff, 0xff, 0xff, 0xff, 0xff, 0xff, 0xff, 0xfd, 0xce, 0xff, 0x19, 0x75, 0xff, 0xf9, 0x74, 0xff, 0x9a, 0x8d, 0xff,
  0xbf, 0xf7, 0xff, 0xff, 0xff, 0xff, 0xff, 0xff, 0xff, 0xff, 0xff, 0xff, 0x9f, 0xef, 0xff, 0x1b, 0xa6, 0xff, 0x9f, 0xef, 0xff, 0xff, 0xff, 0xff,
  0xff, 0xff, 0xff, 0xff, 0xff, 0xff, 0x7e, 0xe7, 0xff, 0x7a, 0x8d, 0xff, 0xf9, 0x74, 0xff, 0xf9, 0x74, 0xff, 0x19, 0x75, 0xff, 0x1d, 0xd7, 0xff,
  0xff, 0xff, 0xff, 0xff, 0xff, 0xff, 0xff, 0xff, 0xff, 0xff, 0xff, 0xff, 0xbf, 0xf7, 0xff, 0xdb, 0x9d, 0xff, 0xf9, 0x74, 0xff, 0x1b, 0xa6, 0xff,
  0xff, 0xff, 0xff, 0xff, 0xff, 0xff, 0xff, 0xff, 0xff, 0xff, 0xff, 0xff, 0xff, 0xff, 0xff, 0xfd, 0xce, 0xff, 0x19, 0x75, 0xff, 0xf9, 0x74, 0xff,
  0xf9, 0x74, 0xff, 0xf9, 0x74, 0xff, 0xf9, 0x74, 0xff, 0xf9, 0x74, 0xff, 0xf9, 0x74, 0xff, 0xf9, 0x74, 0xff, 0xf9, 0x74, 0xff, 0xf9, 0x74, 0xff,
  0xf9, 0x74, 0xff, 0xf9, 0x74, 0xff, 0xf9, 0x74, 0xff, 0xf9, 0x74, 0xff, 0xf9, 0x74, 0xff, 0xf9, 0x74, 0xff, 0xf9, 0x74, 0xff, 0xf9, 0x74, 0xff,
  0xf9, 0x74, 0xff, 0xf9, 0x74, 0xff, 0xf9, 0x74, 0xff, 0xf9, 0x74, 0xff, 0xf9, 0x74, 0xff, 0xf9, 0x74, 0xff, 0xf9, 0x74, 0xff, 0xf9, 0x74, 0xff,
  0xf9, 0x74, 0xff, 0xf9, 0x74, 0xff, 0xf9, 0x74, 0xff, 0xf9, 0x74, 0xff, 0xf9, 0x74, 0xff, 0xf9, 0x74, 0xff, 0xf9, 0x74, 0xff, 0xf9, 0x74, 0xff,
  0xf9, 0x74, 0xff, 0xf9, 0x74, 0xff, 0x50, 0x4b, 0xfd, 0x41, 0x00, 0xfe, 0x00, 0x00, 0xff, 0x00, 0x08, 0xfe, 0xa1, 0x88, 0xfb, 0x02, 0xc9, 0xff,
  0x02, 0xc9, 0xff, 0x02, 0xc9, 0xff, 0x02, 0xc9, 0xff, 0x02, 0xc9, 0xff, 0x02, 0xc9, 0xff, 0x02, 0xc9, 0xff, 0x02, 0xc9, 0xff, 0x02, 0xc9, 0xff,
  0x02, 0xc9, 0xff, 0x02, 0xc9, 0xff, 0x02, 0xc9, 0xff, 0xe2, 0xa8, 0xfe, 0x20, 0x20, 0xfd, 0x00, 0x00, 0xff, 0x00, 0x00, 0xf4, 0x00, 0x00, 0x74,
  0x00, 0x00, 0x03, 0x00, 0x00, 0x00, 0x00, 0x00, 0x00, 0x00, 0x00, 0x00, 0x00, 0x00, 0x00, 0x00, 0x00, 0x00, 0x00, 0x00, 0x00, 0x00, 0x00, 0x00,
  0x00, 0x00, 0x00, 0x00, 0x00, 0x00, 0x00, 0x00, 0x00, 0x00, 0x00, 0x00, 0x00, 0x00, 0x00, 0x00, 0x00, 0x00, 0x00, 0x00, 0x00, 0x00, 0x00, 0x1c,
  0x00, 0x00, 0xbc, 0x00, 0x00, 0xff, 0x00, 0x00, 0xff, 0x61, 0x50, 0xfc, 0x02, 0xc1, 0xff, 0x02, 0xc9, 0xff, 0x02, 0xc9, 0xff, 0x02, 0xc9, 0xff,
  0x02, 0xc9, 0xff, 0x02, 0xc9, 0xff, 0x02, 0xc9, 0xff, 0x02, 0xc9, 0xff, 0x02, 0xc9, 0xff, 0x02, 0xc9, 0xff, 0x02, 0xc9, 0xff, 0x02, 0xc9, 0xff,
  0x02, 0xc1, 0xff, 0x81, 0x68, 0xfd, 0x00, 0x00, 0xff, 0x00, 0x00, 0xff, 0xa3, 0x10, 0xfe, 0xb3, 0x53, 0xfe, 0xf9, 0x74, 0xff, 0xf9, 0x74, 0xff,
  0xf9, 0x74, 0xff, 0xf9, 0x74, 0xff, 0xf9, 0x74, 0xff, 0xf9, 0x74, 0xff, 0xf9, 0x74, 0xff, 0xf9, 0x74, 0xff, 0xf9, 0x74, 0xff, 0xf9, 0x74, 0xff,
  0xf9, 0x74, 0xff, 0xf9, 0x74, 0xff, 0xf9, 0x74, 0xff, 0xf9, 0x74, 0xff, 0xf9, 0x74, 0xff, 0xf9, 0x74, 0xff, 0xf9, 0x74, 0xff, 0xf9, 0x74, 0xff,
  0xf9, 0x74, 0xff, 0xf9, 0x74, 0xff, 0xf9, 0x74, 0xff, 0xf9, 0x74, 0xff, 0xf9, 0x74, 0xff, 0xf9, 0x74, 0xff, 0xf9, 0x74, 0xff, 0xf9, 0x74, 0xff,
  0xf9, 0x74, 0xff, 0xf9, 0x74, 0xff, 0xf9, 0x74, 0xff, 0xf9, 0x74, 0xff, 0xf9, 0x74, 0xff, 0xf9, 0x74, 0xff, 0xf9, 0x74, 0xff, 0xf9, 0x74, 0xff,
  0xf9, 0x74, 0xff, 0xf9, 0x74, 0xff, 0xf9, 0x74, 0xff, 0xdb, 0x9d, 0xff, 0xff, 0xff, 0xff, 0xff, 0xff, 0xff, 0xff, 0xff, 0xff, 0xff, 0xff, 0xff,
  0xff, 0xff, 0xff, 0xdf, 0xf7, 0xff, 0xdb, 0x9d, 0xff, 0xf9, 0x74, 0xff, 0xf9, 0x74, 0xff, 0xf9, 0x74, 0xff, 0xf9, 0x74, 0xff, 0x5a, 0x85, 0xff,
  0x9e, 0xef, 0xff, 0xff, 0xff, 0xff, 0xff, 0xff, 0xff, 0xff, 0xff, 0xff, 0xff, 0xff, 0xff, 0xff, 0xff, 0xff, 0xff, 0xff, 0xff, 0xff, 0xff, 0xff,
  0xff, 0xff, 0xff, 0xdd, 0xc6, 0xff, 0x5a, 0x85, 0xff, 0x7e, 0xe7, 0xff, 0xff, 0xff, 0xff, 0xff, 0xff, 0xff, 0xff, 0xff, 0xff, 0xff, 0xff, 0xff,
  0xff, 0xff, 0xff, 0xff, 0xff, 0xff, 0xff, 0xff, 0xff, 0xff, 0xff, 0xff, 0xfd, 0xce, 0xff, 0x19, 0x75, 0xff, 0xf9, 0x74, 0xff, 0x19, 0x7d, 0xff,
  0x3e, 0xdf, 0xff, 0xff, 0xff, 0xff, 0xff, 0xff, 0xff, 0xff, 0xff, 0xff, 0xdf, 0xf7, 0xff, 0x9c, 0xbe, 0xff, 0xdf, 0xf7, 0xff, 0xff, 0xff, 0xff,
  0xff, 0xff, 0xff, 0xff, 0xff, 0xff, 0xfd, 0xce, 0xff, 0x19, 0x7d, 0xff, 0xf9, 0x74, 0xff, 0xf9, 0x74, 0xff, 0x19, 0x75, 0xff, 0x1d, 0xd7, 0xff,
  0xff, 0xff, 0xff, 0xff, 0xff, 0xff, 0xff, 0xff, 0xff, 0xff, 0xff, 0xff, 0xbf, 0xf7, 0xff, 0xdb, 0x9d, 0xff, 0xf9, 0x74, 0xff, 0x1b, 0xa6, 0xff,
  0xff, 0xff, 0xff, 0xff, 0xff, 0xff, 0xff, 0xff, 0xff, 0xff, 0xff, 0xff, 0xff, 0xff, 0xff, 0xfd, 0xce, 0xff, 0x19, 0x75, 0xff, 0xf9, 0x74, 0xff,
  0xf9, 0x74, 0xff, 0xf9, 0x74, 0xff, 0xf9, 0x74, 0xff, 0xf9, 0x74, 0xff, 0xf9, 0x74, 0xff, 0xf9, 0x74, 0xff, 0xf9, 0x74, 0xff, 0xf9, 0x74, 0xff,
  0xf9, 0x74, 0xff, 0xf9, 0x74, 0xff, 0xf9, 0x74, 0xff, 0xf9, 0x74, 0xff, 0xf9, 0x74, 0xff, 0xf9, 0x74, 0xff, 0xf9, 0x74, 0xff, 0xf9, 0x74, 0xff,
  0xf9, 0x74, 0xff, 0xf9, 0x74, 0xff, 0xf9, 0x74, 0xff, 0xf9, 0x74, 0xff, 0xf9, 0x74, 0xff, 0xf9, 0x74, 0xff, 0xf9, 0x74, 0xff, 0xf9, 0x74, 0xff,
  0xf9, 0x74, 0xff, 0xf9, 0x74, 0xff, 0xf9, 0x74, 0xff, 0xf9, 0x74, 0xff, 0xf9, 0x74, 0xff, 0xf9, 0x74, 0xff, 0xf9, 0x74, 0xff, 0xf9, 0x74, 0xff,
  0xf9, 0x74, 0xff, 0x97, 0x6c, 0xff, 0xc9, 0x29, 0xfc, 0x00, 0x00, 0xff, 0x00, 0x00, 0xff, 0x40, 0x30, 0xfd, 0x02, 0xb9, 0xff, 0x02, 0xc9, 0xff,
  0x02, 0xc9, 0xff, 0x02, 0xc9, 0xff, 0x02, 0xc9, 0xff, 0x02, 0xc9, 0xff, 0x02, 0xc9, 0xff, 0x02, 0xc9, 0xff, 0x02, 0xc9, 0xff, 0x02, 0xc9, 0xff,
  0x02, 0xc9, 0xff, 0x02, 0xc9, 0xff, 0x02, 0xc9, 0xff, 0xa1, 0x78, 0xfd, 0x00, 0x08, 0xfe, 0x00, 0x00, 0xff, 0x00, 0x00, 0xdb, 0x00, 0x00, 0x2c,
  0x00, 0x00, 0x00, 0x00, 0x00, 0x00, 0x00, 0x00, 0x00, 0x00, 0x00, 0x00, 0x00, 0x00, 0x00, 0x00, 0x00, 0x00, 0x00, 0x00, 0x00, 0x00, 0x00, 0x00,
  0x00, 0x00, 0x00, 0x00, 0x00, 0x00, 0x00, 0x00, 0x00, 0x00, 0x00, 0x00, 0x00, 0x00, 0x00, 0x00, 0x00, 0x00, 0x00, 0x00, 0x00, 0x00, 0x00, 0x03,
  0x00, 0x00, 0x54, 0x00, 0x00, 0xec, 0x00, 0x00, 0xff, 0x00, 0x10, 0xfd, 0xc1, 0x98, 0xfd, 0x02, 0xc9, 0xff, 0x02, 0xc9, 0xff, 0x02, 0xc9, 0xff,
  0x02, 0xc9, 0xff, 0x02, 0xc9, 0xff, 0x02, 0xc9, 0xff, 0x02, 0xc9, 0xff, 0x02, 0xc9, 0xff, 0x02, 0xc9, 0xff, 0x02, 0xc9, 0xff, 0x02, 0xc9, 0xff,
  0x02, 0xc9, 0xff, 0xe2, 0xb0, 0xfe, 0x20, 0x28, 0xfd, 0x00, 0x00, 0xff, 0x00, 0x00, 0xff, 0x2b, 0x32, 0xfd, 0xb8, 0x6c, 0xff, 0xf9, 0x74, 0xff,
  0xf9, 0x74, 0xff, 0xf9, 0x74, 0xff, 0xf9, 0x74, 0xff, 0xf9, 0x74, 0xff, 0xf9, 0x74, 0xff, 0xf9, 0x74, 0xff, 0xf9, 0x74, 0xff, 0xf9, 0x74, 0xff,
  0xf9, 0x74, 0xff, 0xf9, 0x74, 0xff, 0xf9, 0x74, 0xff, 0xf9, 0x74, 0xff, 0xf9, 0x74, 0xff, 0xf9, 0x74, 0xff, 0xf9, 0x74, 0xff, 0xf9, 0x74, 0xff,
  0xf9, 0x74, 0xff, 0xf9, 0x74, 0xff, 0xf9, 0x74, 0xff, 0xf9, 0x74, 0xff, 0xf9, 0x74, 0xff, 0xf9, 0x74, 0xff, 0xf9, 0x74, 0xff, 0xf9, 0x74, 0xff,
  0xf9, 0x74, 0xff, 0xf9, 0x74, 0xff, 0xf9, 0x74, 0xff, 0xf9, 0x74, 0xff, 0xf9, 0x74, 0xff, 0xf9, 0x74, 0xff, 0xf9, 0x74, 0xff, 0xf9, 0x74, 0xff,
  0xf9, 0x74, 0xff, 0xf9, 0x74, 0xff, 0xf9, 0x74, 0xff, 0xdb, 0x9d, 0xff, 0xff, 0xff, 0xff, 0xff, 0xff, 0xff, 0xff, 0xff, 0xff, 0xff, 0xff, 0xff,
  0xff, 0xff, 0xff, 0xdf, 0xf7, 0xff, 0xdb, 0x9d, 0xff, 0xf9, 0x74, 0xff, 0xf9, 0x74, 0xff, 0xf9, 0x74, 0xff, 0xf9, 0x74, 0xff, 0x5a, 0x85, 0xff,
  0x9e, 0xef, 0xff, 0xff, 0xff, 0xff, 0xff, 0xff, 0xff, 0xff, 0xff, 0xff, 0xff, 0xff, 0xff, 0xdf, 0xf7, 0xff, 0xbf, 0xf7, 0xff, 0xff, 0xff, 0xff,
  0xff, 0xff, 0xff, 0x1d, 0xd7, 0xff, 0x9a, 0x8d, 0xff, 0x9f, 0xef, 0xff, 0xff, 0xff, 0xff, 0xff, 0xff, 0xff, 0x9f, 0xef, 0xff, 0xdf, 0xf7, 0xff,
  0xff, 0xff, 0xff, 0xff, 0xff, 0xff, 0xff, 0xff, 0xff, 0xff, 0xff, 0xff, 0xfd, 0xce, 0xff, 0x19, 0x75, 0xff, 0xf9, 0x74, 0xff, 0xf9, 0x74, 0xff,
  0x9c, 0xbe, 0xff, 0xff, 0xff, 0xff, 0xff, 0xff, 0xff, 0xff, 0xff, 0xff, 0xff, 0xff, 0xff, 0x7e, 0xe7, 0xff, 0xff, 0xff, 0xff, 0xff, 0xff, 0xff,
  0xff, 0xff, 0xff, 0xff, 0xff, 0xff, 0x1b, 0xa6, 0xff, 0xf9, 0x74, 0xff, 0xf9, 0x74, 0xff, 0xf9, 0x74, 0xff, 0x19, 0x75, 0xff, 0x1d, 0xd7, 0xff,
  0xff, 0xff, 0xff, 0xff, 0xff, 0xff, 0xff, 0xff, 0xff, 0xff, 0xff, 0xff, 0xbf, 0xf7, 0xff, 0xdb, 0x9d, 0xff, 0xf9, 0x74, 0xff, 0x1b, 0xa6, 0xff,
  0xff, 0xff, 0xff, 0xff, 0xff, 0xff, 0xff, 0xff, 0xff, 0xff, 0xff, 0xff, 0xff, 0xff, 0xff, 0xfd, 0xce, 0xff, 0x19, 0x75, 0xff, 0xf9, 0x74, 0xff,
  0xf9, 0x74, 0xff, 0xf9, 0x74, 0xff, 0xf9, 0x74, 0xff, 0xf9, 0x74, 0xff, 0xf9, 0x74, 0xff, 0xf9, 0x74, 0xff, 0xf9, 0x74, 0xff, 0xf9, 0x74, 0xff,
  0xf9, 0x74, 0xff, 0xf9, 0x74, 0xff, 0xf9, 0x74, 0xff, 0xf9, 0x74, 0xff, 0xf9, 0x74, 0xff, 0xf9, 0x74, 0xff, 0xf9, 0x74, 0xff, 0xf9, 0x74, 0xff,
  0xf9, 0x74, 0xff, 0xf9, 0x74, 0xff, 0xf9, 0x74, 0xff, 0xf9, 0x74, 0xff, 0xf9, 0x74, 0xff, 0xf9, 0x74, 0xff, 0xf9, 0x74, 0xff, 0xf9, 0x74, 0xff,
  0xf9, 0x74, 0xff, 0xf9, 0x74, 0xff, 0xf9, 0x74, 0xff, 0xf9, 0x74, 0xff, 0xf9, 0x74, 0xff, 0xf9, 0x74, 0xff, 0xf9, 0x74, 0xff, 0xf9, 0x74, 0xff,
  0xf9, 0x74, 0xff, 0x50, 0x4b, 0xfd, 0x41, 0x00, 0xfe, 0x00, 0x00, 0xff, 0x00, 0x08, 0xfe, 0xa1, 0x80, 0xfd, 0x02, 0xc9, 0xff, 0x02, 0xc9, 0xff,
  0x02, 0xc9, 0xff, 0x02, 0xc9, 0xff, 0x02, 0xc9, 0xff, 0x02, 0xc9, 0xff, 0x02, 0xc9, 0xff, 0x02, 0xc9, 0xff, 0x02, 0xc9, 0xff, 0x02, 0xc9, 0xff,
  0x02, 0xc9, 0xff, 0x02, 0xc9, 0xff, 0x02, 0xb9, 0xff, 0x40, 0x30, 0xfd, 0x00, 0x00, 0xff, 0x00, 0x00, 0xff, 0x00, 0x00, 0x94, 0x00, 0x00, 0x0c,
  0x00, 0x00, 0x00, 0x00, 0x00, 0x00, 0x00, 0x00, 0x00, 0x00, 0x00, 0x00, 0x00, 0x00, 0x00, 0x00, 0x00, 0x00, 0x00, 0x00, 0x00, 0x00, 0x00, 0x00,
  0x00, 0x00, 0x00, 0x00, 0x00, 0x00, 0x00, 0x00, 0x00, 0x00, 0x00, 0x00, 0x00, 0x00, 0x00, 0x00, 0x00, 0x00, 0x00, 0x00, 0x00, 0x00, 0x00, 0x00,
  0x00, 0x00, 0x14, 0x00, 0x00, 0xbc, 0x00, 0x00, 0xff, 0x00, 0x00, 0xff, 0x61, 0x50, 0xfc, 0x02, 0xc1, 0xff, 0x02, 0xc9, 0xff, 0x02, 0xc9, 0xff,
  0x02, 0xc9, 0xff, 0x02, 0xc9, 0xff, 0x02, 0xc9, 0xff, 0x02, 0xc9, 0xff, 0x02, 0xc9, 0xff, 0x02, 0xc9, 0xff, 0x02, 0xc9, 0xff, 0x02, 0xc9, 0xff,
  0x02, 0xc9, 0xff, 0x02, 0xc9, 0xff, 0x81, 0x70, 0xfc, 0x00, 0x08, 0xfe, 0x00, 0x00, 0xff, 0x62, 0x00, 0xfd, 0xb3, 0x53, 0xfe, 0xf9, 0x74, 0xff,
  0xf9, 0x74, 0xff, 0xf9, 0x74, 0xff, 0xf9, 0x74, 0xff, 0xf9, 0x74, 0xff, 0xf9, 0x74, 0xff, 0xf9, 0x74, 0xff, 0xf9, 0x74, 0xff, 0xf9, 0x74, 0xff,
  0xf9, 0x74, 0xff, 0xf9, 0x74, 0xff, 0xf9, 0x74, 0xff, 0xf9, 0x74, 0xff, 0xf9, 0x74, 0xff, 0xf9, 0x74, 0xff, 0xf9, 0x74, 0xff, 0xf9, 0x74, 0xff,
  0xf9, 0x74, 0xff, 0xf9, 0x74, 0xff, 0xf9, 0x74, 0xff, 0xf9, 0x74, 0xff, 0xf9, 0x74, 0xff, 0xf9, 0x74, 0xff, 0xf9, 0x74, 0xff, 0xf9, 0x74, 0xff,
  0xf9, 0x74, 0xff, 0xf9, 0x74, 0xff, 0xf9, 0x74, 0xff, 0xf9, 0x74, 0xff, 0xf9, 0x74, 0xff, 0xf9, 0x74, 0xff, 0xf9, 0x74, 0xff, 0xf9, 0x74, 0xff,
  0xf9, 0x74, 0xff, 0xf9, 0x74, 0xff, 0xf9, 0x74, 0xff, 0xdb, 0x9d, 0xff, 0xff, 0xff, 0xff, 0xff, 0xff, 0xff, 0xff, 0xff, 0xff, 0xff, 0xff, 0xff,
  0xff, 0xff, 0xff, 0xdf, 0xf7, 0xff, 0xdb, 0x9d, 0xff, 0xf9, 0x74, 0xff, 0xf9, 0x74, 0xff, 0xf9, 0x74, 0xff, 0xf9, 0x74, 0xff, 0x5a, 0x85, 0xff,
  0x9e, 0xef, 0xff, 0xff, 0xff, 0xff, 0xff, 0xff, 0xff, 0xff, 0xff, 0xff, 0xff, 0xff, 0xff, 0xbf, 0xf7, 0xff, 0x7e, 0xe7, 0xff, 0xff, 0xff, 0xff,
  0xff, 0xff, 0xff, 0x7e, 0xe7, 0xff, 0xfb, 0xa5, 0xff, 0xbf, 0xf7, 0xff, 0xff, 0xff, 0xff, 0xff, 0xff, 0xff, 0x7e, 0xe7, 0xff, 0xbf, 0xf7, 0xff,
  0xff, 0xff, 0xff, 0xff, 0xff, 0xff, 0xff, 0xff, 0xff, 0xff, 0xff, 0xff, 0xfd, 0xce, 0xff, 0x19, 0x75, 0xff, 0xf9, 0x74, 0xff, 0xf9, 0x74, 0xff,
  0xdb, 0x9d, 0xff, 0xbf, 0xf7, 0xff, 0xff, 0xff, 0xff, 0xff, 0xff, 0xff, 0xff, 0xff, 0xff, 0xff, 0xff, 0xff, 0xff, 0xff, 0xff, 0xff, 0xff, 0xff,
  0xff, 0xff, 0xff, 0x9f, 0xef, 0xff, 0x7a, 0x8d, 0xff, 0xf9, 0x74, 0xff, 0xf9, 0x74, 0xff, 0xf9, 0x74, 0xff, 0x19, 0x75, 0xff, 0x1d, 0xd7, 0xff,
  0xff, 0xff, 0xff, 0xff, 0xff, 0xff, 0xff, 0xff, 0xff, 0xff, 0xff, 0xff, 0xbf, 0xf7, 0xff, 0xdb, 0x9d, 0xff, 0xf9, 0x74, 0xff, 0xdb, 0x9d, 0xff,
  0x9e, 0xef, 0xff, 0x9f, 0xef, 0xff, 0x9f, 0xef, 0xff, 0x9f, 0xef, 0xff, 0x9f, 0xef, 0xff, 0x9c, 0xbe, 0xff, 0x19, 0x75, 0xff, 0xf9, 0x74, 0xff,
  0xf9, 0x74, 0xff, 0xf9, 0x74, 0xff, 0xf9, 0x74, 0xff, 0xf9, 0x74, 0xff, 0xf9, 0x74, 0xff, 0xf9, 0x74, 0xff, 0xf9, 0x74, 0xff, 0xf9, 0x74, 0xff,
  0xf9, 0x74, 0xff, 0xf9, 0x74, 0xff, 0xf9, 0x74, 0xff, 0xf9, 0x74, 0xff, 0xf9, 0x74, 0xff, 0xf9, 0x74, 0xff, 0xf9, 0x74, 0xff, 0xf9, 0x74, 0xff,
  0xf9, 0x74, 0xff, 0xf9, 0x74, 0xff, 0xf9, 0x74, 0xff, 0xf9, 0x74, 0xff, 0xf9, 0x74, 0xff, 0xf9, 0x74, 0xff, 0xf9, 0x74, 0xff, 0xf9, 0x74, 0xff,
  0xf9, 0x74, 0xff, 0xf9, 0x74, 0xff, 0xf9, 0x74, 0xff, 0xf9, 0x74, 0xff, 0xf9, 0x74, 0xff, 0xf9, 0x74, 0xff, 0xf9, 0x74, 0xff, 0xf9, 0x74, 0xff,
  0x76, 0x64, 0xff, 0x26, 0x19, 0xfd, 0x00, 0x00, 0xff, 0x00, 0x00, 0xff, 0x40, 0x38, 0xfd, 0x02, 0xb9, 0xff, 0x02, 0xc9, 0xff, 0x02, 0xc9, 0xff,
  0x02, 0xc9, 0xff, 0x02, 0xc9, 0xff, 0x02, 0xc9, 0xff, 0x02, 0xc9, 0xff, 0x02, 0xc9, 0xff, 0x02, 0xc9, 0xff, 0x02, 0xc9, 0xff, 0x02, 0xc9, 0xff,
  0x02, 0xc9, 0xff, 0x02, 0xc9, 0xff, 0xc1, 0x88, 0xfd, 0x00, 0x08, 0xfe, 0x00, 0x00, 0xff, 0x00, 0x00, 0xec, 0x00, 0x00, 0x45, 0x00, 0x00, 0x00,
  0x00, 0x00, 0x00, 0x00, 0x00, 0x00, 0x00, 0x00, 0x00, 0x00, 0x00, 0x00, 0x00, 0x00, 0x00, 0x00, 0x00, 0x00, 0x00, 0x00, 0x00, 0x00, 0x00, 0x00,
  0x00, 0x00, 0x00, 0x00, 0x00, 0x00, 0x00, 0x00, 0x00, 0x00, 0x00, 0x00, 0x00, 0x00, 0x00, 0x00, 0x00, 0x00, 0x00, 0x00, 0x00, 0x00, 0x00, 0x00,
  0x00, 0x00, 0x03, 0x00, 0x00, 0x74, 0x00, 0x00, 0xf4, 0x00, 0x00, 0xff, 0x20, 0x20, 0xfd, 0xe2, 0xa8, 0xfe, 0x02, 0xc9, 0xff, 0x02, 0xc9, 0xff,
  0x02, 0xc9, 0xff, 0x02, 0xc9, 0xff, 0x02, 0xc9, 0xff, 0x02, 0xc9, 0xff, 0x02, 0xc9, 0xff, 0x02, 0xc9, 0xff, 0x02, 0xc9, 0xff, 0x02, 0xc9, 0xff,
  0x02, 0xc9, 0xff, 0x02, 0xc9, 0xff, 0xe2, 0xb0, 0xfe, 0x20, 0x28, 0xfd, 0x00, 0x00, 0xff, 0x00, 0x00, 0xff, 0xc9, 0x29, 0xfc, 0x97, 0x6c, 0xff,
  0xf9, 0x74, 0xff, 0xf9, 0x74, 0xff, 0xf9, 0x74, 0xff, 0xf9, 0x74, 0xff, 0xf9, 0x74, 0xff, 0xf9, 0x74, 0xff, 0xf9, 0x74, 0xff, 0xf9, 0x74, 0xff,
  0xf9, 0x74, 0xff, 0xf9, 0x74, 0xff, 0xf9, 0x74, 0xff, 0xf9, 0x74, 0xff, 0xf9, 0x74, 0xff, 0xf9, 0x74, 0xff, 0xf9, 0x74, 0xff, 0xf9, 0x74, 0xff,
  0xf9, 0x74, 0xff, 0xf9, 0x74, 0xff, 0xf9, 0x74, 0xff, 0xf9, 0x74, 0xff, 0xf9, 0x74, 0xff, 0xf9, 0x74, 0xff, 0xf9, 0x74, 0xff, 0xf9, 0x74, 0xff,
  0xf9, 0x74, 0xff, 0xf9, 0x74, 0xff, 0xf9, 0x74, 0xff, 0xf9, 0x74, 0xff, 0xf9, 0x74, 0xff, 0xf9, 0x74, 0xff, 0xf9, 0x74, 0xff, 0xf9, 0x74, 0xff,
  0xf9, 0x74, 0xff, 0xf9, 0x74, 0xff, 0xf9, 0x74, 0xff, 0xdb, 0x9d, 0xff, 0xff, 0xff, 0xff, 0xff, 0xff, 0xff, 0xff, 0xff, 0xff, 0xff, 0xff, 0xff,
  0xff, 0xff, 0xff, 0xdf, 0xf7, 0xff, 0xdb, 0x9d, 0xff, 0xf9, 0x74, 0xff, 0xf9, 0x74, 0xff, 0xf9, 0x74, 0xff, 0xf9, 0x74, 0xff, 0x5a, 0x85, 0xff,
  0x9e, 0xef, 0xff, 0xff, 0xff, 0xff, 0xff, 0xff, 0xff, 0xff, 0xff, 0xff, 0xff, 0xff, 0xff, 0x9f, 0xef, 0xff, 0x3e, 0xdf, 0xff, 0xff, 0xff, 0xff,
  0xff, 0xff, 0xff, 0x9e, 0xef, 0xff, 0x5c, 0xb6, 0xff, 0xdf, 0xf7, 0xff, 0xff, 0xff, 0xff, 0xff, 0xff, 0xff, 0x1d, 0xd7, 0xff, 0xbf, 0xf7, 0xff,
  0xff, 0xff, 0xff, 0xff, 0xff, 0xff, 0xff, 0xff, 0xff, 0xff, 0xff, 0xff, 0xfd, 0xce, 0xff, 0x19, 0x75, 0xff, 0xf9, 0x74, 0xff, 0xf9, 0x74, 0xff,
  0x5a, 0x85, 0xff, 0x3e, 0xdf, 0xff, 0xff, 0xff, 0xff, 0xff, 0xff, 0xff, 0xff, 0xff, 0xff, 0xff, 0xff, 0xff, 0xff, 0xff, 0xff, 0xff, 0xff, 0xff,
  0xff, 0xff, 0xff, 0x3e, 0xdf, 0xff, 0x19, 0x7d, 0xff, 0xf9, 0x74, 0xff, 0xf9, 0x74, 0xff, 0xf9, 0x74, 0xff, 0x19, 0x75, 0xff, 0x1d, 0xd7, 0xff,
  0xff, 0xff, 0xff, 0xff, 0xff, 0xff, 0xff, 0xff, 0xff, 0xff, 0xff, 0xff, 0xbf, 0xf7, 0xff, 0xdb, 0x9d, 0xff, 0xf9, 0x74, 0xff, 0x19, 0x7d, 0xff,
  0x9a, 0x8d, 0xff, 0xba, 0x95, 0xff, 0xba, 0x95, 0xff, 0xba, 0x95, 0xff, 0xba, 0x95, 0xff, 0x5a, 0x85, 0xff, 0xf9, 0x74, 0xff, 0xf9, 0x74, 0xff,
  0xf9, 0x74, 0xff, 0xf9, 0x74, 0xff, 0xf9, 0x74, 0xff, 0xf9, 0x74, 0xff, 0xf9, 0x74, 0xff, 0xf9, 0x74, 0xff, 0xf9, 0x74, 0xff, 0xf9, 0x74, 0xff,
  0xf9, 0x74, 0xff, 0xf9, 0x74, 0xff, 0xf9, 0x74, 0xff, 0xf9, 0x74, 0xff, 0xf9, 0x74, 0xff, 0xf9, 0x74, 0xff, 0xf9, 0x74, 0xff, 0xf9, 0x74, 0xff,
  0xf9, 0x74, 0xff, 0xf9, 0x74, 0xff, 0xf9, 0x74, 0xff, 0xf9, 0x74, 0xff, 0xf9, 0x74, 0xff, 0xf9, 0x74, 0xff, 0xf9, 0x74, 0xff, 0xf9, 0x74, 0xff,
  0xf9, 0x74, 0xff, 0xf9, 0x74, 0xff, 0xf9, 0x74, 0xff, 0xf9, 0x74, 0xff, 0xf9, 0x74, 0xff, 0xf9, 0x74, 0xff, 0xf9, 0x74, 0xff, 0xd9, 0x6c, 0xfd,
  0xee, 0x42, 0xfe, 0x41, 0x00, 0xfe, 0x00, 0x00, 0xff, 0x00, 0x08, 0xfe, 0xa1, 0x80, 0xfd, 0x02, 0xc9, 0xff, 0x02, 0xc9, 0xff, 0x02, 0xc9, 0xff,
  0x02, 0xc9, 0xff, 0x02, 0xc9, 0xff, 0x02, 0xc9, 0xff, 0x02, 0xc9, 0xff, 0x02, 0xc9, 0xff, 0x02, 0xc9, 0xff, 0x02, 0xc9, 0xff, 0x02, 0xc9, 0xff,
  0x02, 0xc9, 0xff, 0x02, 0xc1, 0xff, 0x60, 0x48, 0xfa, 0x00, 0x00, 0xff, 0x00, 0x00, 0xff, 0x00, 0x00, 0xbc, 0x00, 0x00, 0x14, 0x00, 0x00, 0x00,
  0x00, 0x00, 0x00, 0x00, 0x00, 0x00, 0x00, 0x00, 0x00, 0x00, 0x00, 0x00, 0x00, 0x00, 0x00, 0x00, 0x00, 0x00, 0x00, 0x00, 0x00, 0x00, 0x00, 0x00,
  0x00, 0x00, 0x00, 0x00, 0x00, 0x00, 0x00, 0x00, 0x00, 0x00, 0x00, 0x00, 0x00, 0x00, 0x00, 0x00, 0x00, 0x00, 0x00, 0x00, 0x00, 0x00, 0x00, 0x00,
  0x00, 0x00, 0x00, 0x00, 0x00, 0x2c, 0x00, 0x00, 0xd5, 0x00, 0x00, 0xff, 0x00, 0x00, 0xff, 0x81, 0x68, 0xfd, 0x02, 0xc9, 0xff, 0x02, 0xc9, 0xff,
  0x02, 0xc9, 0xff, 0x02, 0xc9, 0xff, 0x02, 0xc9, 0xff, 0x02, 0xc9, 0xff, 0x02, 0xc9, 0xff, 0x02, 0xc9, 0xff, 0x02, 0xc9, 0xff, 0x02, 0xc9, 0xff,
  0x02, 0xc9, 0xff, 0x02, 0xc9, 0xff, 0x02, 0xc9, 0xff, 0x81, 0x70, 0xfc, 0x00, 0x08, 0xfe, 0x00, 0x00, 0xff, 0x62, 0x00, 0xfd, 0x50, 0x4b, 0xfd,
  0xd9, 0x6c, 0xfd, 0xf9, 0x74, 0xff, 0xf9, 0x74, 0xff, 0xf9, 0x74, 0xff, 0xf9, 0x74, 0xff, 0xf9, 0x74, 0xff, 0xf9, 0x74, 0xff, 0xf9, 0x74, 0xff,
  0xf9, 0x74, 0xff, 0xf9, 0x74, 0xff, 0xf9, 0x74, 0xff, 0xf9, 0x74, 0xff, 0xf9, 0x74, 0xff, 0xf9, 0x74, 0xff, 0xf9, 0x74, 0xff, 0xf9, 0x74, 0xff,
  0xf9, 0x74, 0xff, 0xf9, 0x74, 0xff, 0xf9, 0x74, 0xff, 0xf9, 0x74, 0xff, 0xf9, 0x74, 0xff, 0xf9, 0x74, 0xff, 0xf9, 0x74, 0xff, 0xf9, 0x74, 0xff,
  0xf9, 0x74, 0xff, 0xf9, 0x74, 0xff, 0xf9, 0x74, 0xff, 0xf9, 0x74, 0xff, 0xf9, 0x74, 0xff, 0xf9, 0x74, 0xff, 0xf9, 0x74, 0xff, 0xf9, 0x74, 0xff,
  0xf9, 0x74, 0xff, 0xf9, 0x74, 0xff, 0xf9, 0x74, 0xff, 0xdb, 0x9d, 0xff, 0xff, 0xff, 0xff, 0xff, 0xff, 0xff, 0xff, 0xff, 0xff, 0xff, 0xff, 0xff,
  0xff, 0xff, 0xff, 0xdf, 0xf7, 0xff, 0xdb, 0x9d, 0xff, 0xf9, 0x74, 0xff, 0xf9, 0x74, 0xff, 0xf9, 0x74, 0xff, 0xf9, 0x74, 0xff, 0x5a, 0x85, 0xff,
  0x9e, 0xef, 0xff, 0xff, 0xff, 0xff, 0xff, 0xff, 0xff, 0xff, 0xff, 0xff, 0xff, 0xff, 0xff, 0x9f, 0xef, 0xff, 0xfd, 0xce, 0xff, 0xff, 0xff, 0xff,
  0xff, 0xff, 0xff, 0xbf, 0xf7, 0xff, 0xdd, 0xc6, 0xff, 0xff, 0xff, 0xff, 0xff, 0xff, 0xff, 0xdf, 0xf7, 0xff, 0xbd, 0xc6, 0xff, 0xbf, 0xf7, 0xff,
  0xff, 0xff, 0xff, 0xff, 0xff, 0xff, 0xff, 0xff, 0xff, 0xff, 0xff, 0xff, 0xfd, 0xce, 0xff, 0x19, 0x75, 0xff, 0xf9, 0x74, 0xff, 0xf9, 0x74, 0xff,
  0xf9, 0x74, 0xff, 0x9c, 0xbe, 0xff, 0xff, 0xff, 0xff, 0xff, 0xff, 0xff, 0xff, 0xff, 0xff, 0xff, 0xff, 0xff, 0xff, 0xff, 0xff, 0xff, 0xff, 0xff,
  0xff, 0xff, 0xff, 0x9c, 0xbe, 0xff, 0xf9, 0x74, 0xff, 0xf9, 0x74, 0xff, 0xf9, 0x74, 0xff, 0xf9, 0x74, 0xff, 0x19, 0x75, 0xff, 0x1d, 0xd7, 0xff,
  0xff, 0xff, 0xff, 0xff, 0xff, 0xff, 0xff, 0xff, 0xff, 0xff, 0xff, 0xff, 0xbf, 0xf7, 0xff, 0xdb, 0x9d, 0xff, 0xf9, 0x74, 0xff, 0xf9, 0x74, 0xff,
  0xf9, 0x74, 0xff, 0xf9, 0x74, 0xff, 0xf9, 0x74, 0xff, 0xf9, 0x74, 0xff, 0xf9, 0x74, 0xff, 0xf9, 0x74, 0xff, 0xf9, 0x74, 0xff, 0xf9, 0x74, 0xff,
  0xf9, 0x74, 0xff, 0xf9, 0x74, 0xff, 0xf9, 0x74, 0xff, 0xf9, 0x74, 0xff, 0xf9, 0x74, 0xff, 0xf9, 0x74, 0xff, 0xf9, 0x74, 0xff, 0xf9, 0x74, 0xff,
  0xf9, 0x74, 0xff, 0xf9, 0x74, 0xff, 0xf9, 0x74, 0xff, 0xf9, 0x74, 0xff, 0xf9, 0x74, 0xff, 0xf9, 0x74, 0xff, 0xf9, 0x74, 0xff, 0xf9, 0x74, 0xff,
  0xf9, 0x74, 0xff, 0xf9, 0x74, 0xff, 0xf9, 0x74, 0xff, 0xf9, 0x74, 0xff, 0xf9, 0x74, 0xff, 0xf9, 0x74, 0xff, 0xf9, 0x74, 0xff, 0xf9, 0x74, 0xff,
  0xf9, 0x74, 0xff, 0xf9, 0x74, 0xff, 0xf9, 0x74, 0xff, 0xf9, 0x74, 0xff, 0xf9, 0x74, 0xff, 0xf9, 0x74, 0xff, 0xf9, 0x74, 0xff, 0xb3, 0x53, 0xfe,
  0xc4, 0x10, 0xfe, 0x00, 0x00, 0xff, 0x00, 0x00, 0xff, 0x60, 0x48, 0xfa, 0x02, 0xb9, 0xff, 0x02, 0xc9, 0xff, 0x02, 0xc9, 0xff, 0x02, 0xc9, 0xff,
  0x02, 0xc9, 0xff, 0x02, 0xc9, 0xff, 0x02, 0xc9, 0xff, 0x02, 0xc9, 0xff, 0x02, 0xc9, 0xff, 0x02, 0xc9, 0xff, 0x02, 0xc9, 0xff, 0x02, 0xc9, 0xff,
  0x02, 0xc9, 0xff, 0xc1, 0x98, 0xfd, 0x00, 0x10, 0xfd, 0x00, 0x00, 0xff, 0x00, 0x00, 0xf4, 0x00, 0x00, 0x63, 0x00, 0x00, 0x03, 0x00, 0x00, 0x00,
  0x00, 0x00, 0x00, 0x00, 0x00, 0x00, 0x00, 0x00, 0x00, 0x00, 0x00, 0x00, 0x00, 0x00, 0x00, 0x00, 0x00, 0x00, 0x00, 0x00, 0x00, 0x00, 0x00, 0x00,
  0x00, 0x00, 0x00, 0x00, 0x00, 0x00, 0x00, 0x00, 0x00, 0x00, 0x00, 0x00, 0x00, 0x00, 0x00, 0x00, 0x00, 0x00, 0x00, 0x00, 0x00, 0x00, 0x00, 0x00,
  0x00, 0x00, 0x00, 0x00, 0x00, 0x03, 0x00, 0x00, 0x84, 0x00, 0x00, 0xff, 0x00, 0x00, 0xff, 0x20, 0x20, 0xfd, 0xe2, 0xa8, 0xfe, 0x02, 0xc9, 0xff,
  0x02, 0xc9, 0xff, 0x02, 0xc9, 0xff, 0x02, 0xc9, 0xff, 0x02, 0xc9, 0xff, 0x02, 0xc9, 0xff, 0x02, 0xc9, 0xff, 0x02, 0xc9, 0xff, 0x02, 0xc9, 0xff,
  0x02, 0xc9, 0xff, 0x02, 0xc9, 0xff, 0x02, 0xc9, 0xff, 0x02, 0xb9, 0xff, 0x40, 0x40, 0xfd, 0x00, 0x00, 0xff, 0x00, 0x00, 0xff, 0xc4, 0x10, 0xfe,
  0xb3, 0x53, 0xfe, 0xf9, 0x74, 0xff, 0xf9, 0x74, 0xff, 0xf9, 0x74, 0xff, 0xf9, 0x74, 0xff, 0xf9, 0x74, 0xff, 0xf9, 0x74, 0xff, 0xf9, 0x74, 0xff,
  0xf9, 0x74, 0xff, 0xf9, 0x74, 0xff, 0xf9, 0x74, 0xff, 0xf9, 0x74, 0xff, 0xf9, 0x74, 0xff, 0xf9, 0x74, 0xff, 0xf9, 0x74, 0xff, 0xf9, 0x74, 0xff,
  0xf9, 0x74, 0xff, 0xf9, 0x74, 0xff, 0xf9, 0x74, 0xff, 0xf9, 0x74, 0xff, 0xf9, 0x74, 0xff, 0xf9, 0x74, 0xff, 0xf9, 0x74, 0xff, 0xf9, 0x74, 0xff,
  0xf9, 0x74, 0xff, 0xf9, 0x74, 0xff, 0xf9, 0x74, 0xff, 0xf9, 0x74, 0xff, 0xf9, 0x74, 0xff, 0xf9, 0x74, 0xff, 0xf9, 0x74, 0xff, 0xf9, 0x74, 0xff,
  0xf9, 0x74, 0xff, 0xf9, 0x74, 0xff, 0xf9, 0x74, 0xff, 0xdb, 0x9d, 0xff, 0xff, 0xff, 0xff, 0xff, 0xff, 0xff, 0xff, 0xff, 0xff, 0xff, 0xff, 0xff,
  0xff, 0xff, 0xff, 0xdf, 0xf7, 0xff, 0xdb, 0x9d, 0xff, 0xf9, 0x74, 0xff, 0xf9, 0x74, 0xff, 0xf9, 0x74, 0xff, 0xf9, 0x74, 0xff, 0x5a, 0x85, 0xff,
  0x9e, 0xef, 0xff, 0xff, 0xff, 0xff, 0xff, 0xff, 0xff, 0xff, 0xff, 0xff, 0xff, 0xff, 0xff, 0x9f, 0xef, 0xff, 0x9c, 0xbe, 0xff, 0xff, 0xff, 0xff,
  0xff, 0xff, 0xff, 0xff, 0xff, 0xff, 0x3e, 0xdf, 0xff, 0xff, 0xff, 0xff, 0xff, 0xff, 0xff, 0xbf, 0xf7, 0xff, 0x7c, 0xbe, 0xff, 0xbf, 0xf7, 0xff,
  0xff, 0xff, 0xff, 0xff, 0xff, 0xff, 0xff, 0xff, 0xff, 0xff, 0xff, 0xff, 0xfd, 0xce, 0xff, 0x19, 0x75, 0xff, 0xf9, 0x74, 0xff, 0xf9, 0x74, 0xff,
  0xf9, 0x74, 0xff, 0xdb, 0x9d, 0xff, 0xdf, 0xf7, 0xff, 0xff, 0xff, 0xff, 0xff, 0xff, 0xff, 0xff, 0xff, 0xff, 0xff, 0xff, 0xff, 0xff, 0xff, 0xff,
  0xdf, 0xf7, 0xff, 0xdb, 0x9d, 0xff, 0xf9, 0x74, 0xff, 0xf9, 0x74, 0xff, 0xf9, 0x74, 0xff, 0xf9, 0x74, 0xff, 0x19, 0x75, 0xff, 0x1d, 0xd7, 0xff,
  0xff, 0xff, 0xff, 0xff, 0xff, 0xff, 0xff, 0xff, 0xff, 0xff, 0xff, 0xff, 0xbf, 0xf7, 0xff, 0xdb, 0x9d, 0xff, 0xf9, 0x74, 0xff, 0xf9, 0x74, 0xff,
  0xf9, 0x74, 0xff, 0xf9, 0x74, 0xff, 0xf9, 0x74, 0xff, 0xf9, 0x74, 0xff, 0xf9, 0x74, 0xff, 0xf9, 0x74, 0xff, 0xf9, 0x74, 0xff, 0xf9, 0x74, 0xff,
  0xf9, 0x74, 0xff, 0xf9, 0x74, 0xff, 0xf9, 0x74, 0xff, 0xf9, 0x74, 0xff, 0xf9, 0x74, 0xff, 0xf9, 0x74, 0xff, 0xf9, 0x74, 0xff, 0xf9, 0x74, 0xff,
  0xf9, 0x74, 0xff, 0xf9, 0x74, 0xff, 0xf9, 0x74, 0xff, 0xf9, 0x74, 0xff, 0xf9, 0x74, 0xff, 0xf9, 0x74, 0xff, 0xf9, 0x74, 0xff, 0xf9, 0x74, 0xff,
  0xf9, 0x74, 0xff, 0xf9, 0x74, 0xff, 0xf9, 0x74, 0xff, 0xf9, 0x74, 0xff, 0xf9, 0x74, 0xff, 0xf9, 0x74, 0xff, 0xf9, 0x74, 0xff, 0xf9, 0x74, 0xff,
  0xf9, 0x74, 0xff, 0xf9, 0x74, 0xff, 0xf9, 0x74, 0xff, 0xf9, 0x74, 0xff, 0xf9, 0x74, 0xff, 0xf9, 0x74, 0xff, 0x97, 0x6c, 0xff, 0xc9, 0x29, 0xfc,
  0x00, 0x00, 0xff, 0x00, 0x00, 0xff, 0x20, 0x28, 0xfd, 0xe2, 0xa8, 0xfe, 0x02, 0xc9, 0xff, 0x02, 0xc9, 0xff, 0x02, 0xc9, 0xff, 0x02, 0xc9, 0xff,
  0x02, 0xc9, 0xff, 0x02, 0xc9, 0xff, 0x02, 0xc9, 0xff, 0x02, 0xc9, 0xff, 0x02, 0xc9, 0xff, 0x02, 0xc9, 0xff, 0x02, 0xc9, 0xff, 0x02, 0xc9, 0xff,
  0x02, 0xc1, 0xff, 0x61, 0x50, 0xfc, 0x00, 0x00, 0xff, 0x00, 0x00, 0xff, 0x00, 0x00, 0xc5, 0x00, 0x00, 0x1c, 0x00, 0x00, 0x00, 0x00, 0x00, 0x00,
  0x00, 0x00, 0x00, 0x00, 0x00, 0x00, 0x00, 0x00, 0x00, 0x00, 0x00, 0x00, 0x00, 0x00, 0x00, 0x00, 0x00, 0x00, 0x00, 0x00, 0x00, 0x00, 0x00, 0x00,
  0x00, 0x00, 0x00, 0x00, 0x00, 0x00, 0x00, 0x00, 0x00, 0x00, 0x00, 0x00, 0x00, 0x00, 0x00, 0x00, 0x00, 0x00, 0x00, 0x00, 0x00, 0x00, 0x00, 0x00,
  0x00, 0x00, 0x00, 0x00, 0x00, 0x00, 0x00, 0x00, 0x34, 0x00, 0x00, 0xdb, 0x00, 0x00, 0xff, 0x00, 0x00, 0xff, 0x81, 0x68, 0xfd, 0x02, 0xc9, 0xff,
  0x02, 0xc9, 0xff, 0x02, 0xc9, 0xff, 0x02, 0xc9, 0xff, 0x02, 0xc9, 0xff, 0x02, 0xc9, 0xff, 0x02, 0xc9, 0xff, 0x02, 0xc9, 0xff, 0x02, 0xc9, 0xff,
  0x02, 0xc9, 0xff, 0x02, 0xc9, 0xff, 0x02, 0xc9, 0xff, 0x02, 0xc9, 0xff, 0xe2, 0xa0, 0xfd, 0x20, 0x20, 0xfd, 0x00, 0x00, 0xff, 0x00, 0x00, 0xff,
  0xc9, 0x29, 0xfc, 0x97, 0x6c, 0xff, 0xf9, 0x74, 0xff, 0xf9, 0x74, 0xff, 0xf9, 0x74, 0xff, 0xf9, 0x74, 0xff, 0xf9, 0x74, 0xff, 0xf9, 0x74, 0xff,
  0xf9, 0x74, 0xff, 0xf9, 0x74, 0xff, 0xf9, 0x74, 0xff, 0xf9, 0x74, 0xff, 0xf9, 0x74, 0xff, 0xf9, 0x74, 0xff, 0xf9, 0x74, 0xff, 0xf9, 0x74, 0xff,
  0xf9, 0x74, 0xff, 0xf9, 0x74, 0xff, 0xf9, 0x74, 0xff, 0xf9, 0x74, 0xff, 0xf9, 0x74, 0xff, 0xf9, 0x74, 0xff, 0xf9, 0x74, 0xff, 0xf9, 0x74, 0xff,
  0xf9, 0x74, 0xff, 0xf9, 0x74, 0xff, 0xf9, 0x74, 0xff, 0xf9, 0x74, 0xff, 0xf9, 0x74, 0xff, 0xf9, 0x74, 0xff, 0xf9, 0x74, 0xff, 0xf9, 0x74, 0xff,
  0xf9, 0x74, 0xff, 0xf9, 0x74, 0xff, 0xf9, 0x74, 0xff, 0xdb, 0x9d, 0xff, 0xff, 0xff, 0xff, 0xff, 0xff, 0xff, 0xff, 0xff, 0xff, 0xff, 0xff, 0xff,
  0xff, 0xff, 0xff, 0xdf, 0xf7, 0xff, 0xdb, 0x9d, 0xff, 0xf9, 0x74, 0xff, 0xf9, 0x74, 0xff, 0xf9, 0x74, 0xff, 0xf9, 0x74, 0xff, 0x5a, 0x85, 0xff,
  0x9e, 0xef, 0xff, 0xff, 0xff, 0xff, 0xff, 0xff, 0xff, 0xff, 0xff, 0xff, 0xff, 0xff, 0xff, 0x9f, 0xef, 0xff, 0x3c, 0xae, 0xff, 0xdf, 0xf7, 0xff,
  0xff, 0xff, 0xff, 0xff, 0xff, 0xff, 0xdf, 0xf7, 0xff, 0xff, 0xff, 0xff, 0xff, 0xff, 0xff, 0x9e, 0xef, 0xff, 0x3c, 0xae, 0xff, 0xbf, 0xf7, 0xff,
  0xff, 0xff, 0xff, 0xff, 0xff, 0xff, 0xff, 0xff, 0xff, 0xff, 0xff, 0xff, 0xfd, 0xce, 0xff, 0x19, 0x75, 0xff, 0xf9, 0x74, 0xff, 0xf9, 0x74, 0xff,
  0xf9, 0x74, 0xff, 0x5a, 0x85, 0xff, 0x7e, 0xe7, 0xff, 0xff, 0xff, 0xff, 0xff, 0xff, 0xff, 0xff, 0xff, 0xff, 0xff, 0xff, 0xff, 0xff, 0xff, 0xff,
  0x7e, 0xe7, 0xff, 0x5a, 0x85, 0xff, 0xf9, 0x74, 0xff, 0xf9, 0x74, 0xff, 0xf9, 0x74, 0xff, 0xf9, 0x74, 0xff, 0x19, 0x75, 0xff, 0x1d, 0xd7, 0xff,
  0xff, 0xff, 0xff, 0xff, 0xff, 0xff, 0xff, 0xff, 0xff, 0xff, 0xff, 0xff, 0xbf, 0xf7, 0xff, 0xdb, 0x9d, 0xff, 0xf9, 0x74, 0xff, 0xf9, 0x74, 0xff,
  0xf9, 0x74, 0xff, 0xf9, 0x74, 0xff, 0xf9, 0x74, 0xff, 0xf9, 0x74, 0xff, 0xf9, 0x74, 0xff, 0xf9, 0x74, 0xff, 0xf9, 0x74, 0xff, 0xf9, 0x74, 0xff,
  0xf9, 0x74, 0xff, 0xf9, 0x74, 0xff, 0xf9, 0x74, 0xff, 0xf9, 0x74, 0xff, 0xf9, 0x74, 0xff, 0xf9, 0x74, 0xff, 0xf9, 0x74, 0xff, 0xf9, 0x74, 0xff,
  0xf9, 0x74, 0xff, 0xf9, 0x74, 0xff, 0xf9, 0x74, 0xff, 0xf9, 0x74, 0xff, 0xf9, 0x74, 0xff, 0xf9, 0x74, 0xff, 0xf9, 0x74, 0xff, 0xf9, 0x74, 0xff,
  0xf9, 0x74, 0xff, 0xf9, 0x74, 0xff, 0xf9, 0x74, 0xff, 0xf9, 0x74, 0xff, 0xf9, 0x74, 0xff, 0xf9, 0x74, 0xff, 0xf9, 0x74, 0xff, 0xf9, 0x74, 0xff,
  0xf9, 0x74, 0xff, 0xf9, 0x74, 0xff, 0xf9, 0x74, 0xff, 0xf9, 0x74, 0xff, 0xf9, 0x74, 0xff, 0xd8, 0x6c, 0xff, 0x0e, 0x43, 0xfd, 0x41, 0x00, 0xfe,
  0x00, 0x00, 0xff, 0x00, 0x08, 0xfe, 0x81, 0x70, 0xfc, 0x02, 0xc9, 0xff, 0x02, 0xc9, 0xff, 0x02, 0xc9, 0xff, 0x02, 0xc9, 0xff, 0x02, 0xc9, 0xff,
  0x02, 0xc9, 0xff, 0x02, 0xc9, 0xff, 0x02, 0xc9, 0xff, 0x02, 0xc9, 0xff, 0x02, 0xc9, 0xff, 0x02, 0xc9, 0xff, 0x02, 0xc9, 0xff, 0x02, 0xc9, 0xff,
  0xa1, 0x88, 0xfb, 0x00, 0x10, 0xfd, 0x00, 0x00, 0xff, 0x00, 0x00, 0xec, 0x00, 0x00, 0x5c, 0x00, 0x00, 0x03, 0x00, 0x00, 0x00, 0x00, 0x00, 0x00,
  0x00, 0x00, 0x00, 0x00, 0x00, 0x00, 0x00, 0x00, 0x00, 0x00, 0x00, 0x00, 0x00, 0x00, 0x00, 0x00, 0x00, 0x00, 0x00, 0x00, 0x00, 0x00, 0x00, 0x00,
  0x00, 0x00, 0x00, 0x00, 0x00, 0x00, 0x00, 0x00, 0x00, 0x00, 0x00, 0x00, 0x00, 0x00, 0x00, 0x00, 0x00, 0x00, 0x00, 0x00, 0x00, 0x00, 0x00, 0x00,
  0x00, 0x00, 0x00, 0x00, 0x00, 0x00, 0x00, 0x00, 0x0c, 0x00, 0x00, 0x8d, 0x00, 0x00, 0xf4, 0x00, 0x00, 0xff, 0x20, 0x28, 0xfd, 0xe2, 0xa0, 0xfd,
  0x02, 0xc9, 0xff, 0x02, 0xc9, 0xff, 0x02, 0xc9, 0xff, 0x02, 0xc9, 0xff, 0x02, 0xc9, 0xff, 0x02, 0xc9, 0xff, 0x02, 0xc9, 0xff, 0x02, 0xc9, 0xff,
  0x02, 0xc9, 0xff, 0x02, 0xc9, 0xff, 0x02, 0xc9, 0xff, 0x02, 0xc9, 0xff, 0x02, 0xc1, 0xff, 0x81, 0x60, 0xfd, 0x00, 0x08, 0xfe, 0x00, 0x00, 0xff,
  0x62, 0x00, 0xfd, 0x50, 0x4b, 0xfd, 0xd8, 0x6c, 0xff, 0xf9, 0x74, 0xff, 0xf9, 0x74, 0xff, 0xf9, 0x74, 0xff, 0xf9, 0x74, 0xff, 0xf9, 0x74, 0xff,
  0xf9, 0x74, 0xff, 0xf9, 0x74, 0xff, 0xf9, 0x74, 0xff, 0xf9, 0x74, 0xff, 0xf9, 0x74, 0xff, 0xf9, 0x74, 0xff, 0xf9, 0x74, 0xff, 0xf9, 0x74, 0xff,
  0xf9, 0x74, 0xff, 0xf9, 0x74, 0xff, 0xf9, 0x74, 0xff, 0xf9, 0x74, 0xff, 0xf9, 0x74, 0xff, 0xf9, 0x74, 0xff, 0xf9, 0x74, 0xff, 0xf9, 0x74, 0xff,
  0xf9, 0x74, 0xff, 0xf9, 0x74, 0xff, 0xf9, 0x74, 0xff, 0xf9, 0x74, 0xff, 0xf9, 0x74, 0xff, 0xf9, 0x74, 0xff, 0xf9, 0x74, 0xff, 0xf9, 0x74, 0xff,
  0xf9, 0x74, 0xff, 0xf9, 0x74, 0xff, 0xf9, 0x74, 0xff, 0xdb, 0x9d, 0xff, 0xff, 0xff, 0xff, 0xff, 0xff, 0xff, 0xff, 0xff, 0xff, 0xff, 0xff, 0xff,
  0xff, 0xff, 0xff, 0xdf, 0xf7, 0xff, 0xdb, 0x9d, 0xff, 0xf9, 0x74, 0xff, 0xf9, 0x74, 0xff, 0xf9, 0x74, 0xff, 0xf9, 0x74, 0xff, 0x5a, 0x85, 0xff,
  0x9e, 0xef, 0xff, 0xff, 0xff, 0xff, 0xff, 0xff, 0xff, 0xff, 0xff, 0xff, 0xff, 0xff, 0xff, 0x9f, 0xef, 0xff, 0x1b, 0xa6, 0xff, 0xbf, 0xf7, 0xff,
  0xff, 0xff, 0xff, 0xff, 0xff, 0xff, 0xff, 0xff, 0xff, 0xff, 0xff, 0xff, 0xff, 0xff, 0xff, 0x7e, 0xe7, 0xff, 0x1b, 0xa6, 0xff, 0xbf, 0xf7, 0xff,
  0xff, 0xff, 0xff, 0xff, 0xff, 0xff, 0xff, 0xff, 0xff, 0xff, 0xff, 0xff, 0xfd, 0xce, 0xff, 0x19, 0x75, 0xff, 0xf9, 0x74, 0xff, 0xf9, 0x74, 0xff,
  0xf9, 0x74, 0xff, 0x19, 0x75, 0xff, 0xfd, 0xce, 0xff, 0xff, 0xff, 0xff, 0xff, 0xff, 0xff, 0xff, 0xff, 0xff, 0xff, 0xff, 0xff, 0xff, 0xff, 0xff,
  0xfd, 0xce, 0xff, 0x19, 0x75, 0xff, 0xf9, 0x74, 0xff, 0xf9, 0x74, 0xff, 0xf9, 0x74, 0xff, 0xf9, 0x74, 0xff, 0x19, 0x75, 0xff, 0x1d, 0xd7, 0xff,
  0xff, 0xff, 0xff, 0xff, 0xff, 0xff, 0xff, 0xff, 0xff, 0xff, 0xff, 0xff, 0xbf, 0xf7, 0xff, 0xdb, 0x9d, 0xff, 0xf9, 0x74, 0xff, 0x19, 0x7d, 0xff,
  0x9a, 0x8d, 0xff, 0x9a, 0x8d, 0xff, 0x9a, 0x8d, 0xff, 0x9a, 0x8d, 0xff, 0x9a, 0x8d, 0xff, 0x5a, 0x85, 0xff, 0xf9, 0x74, 0xff, 0xf9, 0x74, 0xff,
  0xf9, 0x74, 0xff, 0xf9, 0x74, 0xff, 0xf9, 0x74, 0xff, 0xf9, 0x74, 0xff, 0xf9, 0x74, 0xff, 0xf9, 0x74, 0xff, 0xf9, 0x74, 0xff, 0xf9, 0x74, 0xff,
  0xf9, 0x74, 0xff, 0xf9, 0x74, 0xff, 0xf9, 0x74, 0xff, 0xf9, 0x74, 0xff, 0xf9, 0x74, 0xff, 0xf9, 0x74, 0xff, 0xf9, 0x74, 0xff, 0xf9, 0x74, 0xff,
  0xf9, 0x74, 0xff, 0xf9, 0x74, 0xff, 0xf9, 0x74, 0xff, 0xf9, 0x74, 0xff, 0xf9, 0x74, 0xff, 0xf9, 0x74, 0xff, 0xf9, 0x74, 0xff, 0xf9, 0x74, 0xff,
  0xf9, 0x74, 0xff, 0xf9, 0x74, 0xff, 0xf9, 0x74, 0xff, 0xf9, 0x74, 0xff, 0xf9, 0x74, 0xff, 0x35, 0x64, 0xff, 0x05, 0x19, 0xfc, 0x00, 0x00, 0xff,
  0x00, 0x00, 0xff, 0x40, 0x30, 0xfd, 0xe2, 0xb0, 0xfe, 0x02, 0xc9, 0xff, 0x02, 0xc9, 0xff, 0x02, 0xc9, 0xff, 0x02, 0xc9, 0xff, 0x02, 0xc9, 0xff,
  0x02, 0xc9, 0xff, 0x02, 0xc9, 0xff, 0x02, 0xc9, 0xff, 0x02, 0xc9, 0xff, 0x02, 0xc9, 0xff, 0x02, 0xc9, 0xff, 0x02, 0xc9, 0xff, 0x02, 0xc1, 0xff,
  0x40, 0x40, 0xfd, 0x00, 0x00, 0xff, 0x00, 0x00, 0xff, 0x00, 0x00, 0xbc, 0x00, 0x00, 0x1c, 0x00, 0x00, 0x00, 0x00, 0x00, 0x00, 0x00, 0x00, 0x00,
  0x00, 0x00, 0x00, 0x00, 0x00, 0x00, 0x00, 0x00, 0x00, 0x00, 0x00, 0x00, 0x00, 0x00, 0x00, 0x00, 0x00, 0x00, 0x00, 0x00, 0x00, 0x00, 0x00, 0x00,
  0x00, 0x00, 0x00, 0x00, 0x00, 0x00, 0x00, 0x00, 0x00, 0x00, 0x00, 0x00, 0x00, 0x00, 0x00, 0x00, 0x00, 0x00, 0x00, 0x00, 0x00, 0x00, 0x00, 0x00,
  0x00, 0x00, 0x00, 0x00, 0x00, 0x00, 0x00, 0x00, 0x00, 0x00, 0x00, 0x2c, 0x00, 0x00, 0xcc, 0x00, 0x00, 0xff, 0x00, 0x00, 0xff, 0x61, 0x50, 0xfc,
  0x02, 0xc1, 0xff, 0x02, 0xc9, 0xff, 0x02, 0xc9, 0xff, 0x02, 0xc9, 0xff, 0x02, 0xc9, 0xff, 0x02, 0xc9, 0xff, 0x02, 0xc9, 0xff, 0x02, 0xc9, 0xff,
  0x02, 0xc9, 0xff, 0x02, 0xc9, 0xff, 0x02, 0xc9, 0xff, 0x02, 0xc9, 0xff, 0x02, 0xc9, 0xff, 0xe2, 0xb0, 0xfe, 0x40, 0x30, 0xfd, 0x00, 0x00, 0xff,
  0x00, 0x00, 0xff, 0x05, 0x19, 0xfc, 0x35, 0x64, 0xff, 0xf9, 0x74, 0xff, 0xf9, 0x74, 0xff, 0xf9, 0x74, 0xff, 0xf9, 0x74, 0xff, 0xf9, 0x74, 0xff,
  0xf9, 0x74, 0xff, 0xf9, 0x74, 0xff, 0xf9, 0x74, 0xff, 0xf9, 0x74, 0xff, 0xf9, 0x74, 0xff, 0xf9, 0x74, 0xff, 0xf9, 0x74, 0xff, 0xf9, 0x74, 0xff,
  0xf9, 0x74, 0xff, 0xf9, 0x74, 0xff, 0xf9, 0x74, 0xff, 0xf9, 0x74, 0xff, 0xf9, 0x74, 0xff, 0xf9, 0x74, 0xff, 0xf9, 0x74, 0xff, 0xf9, 0x74, 0xff,
  0xf9, 0x74, 0xff, 0xf9, 0x74, 0xff, 0xf9, 0x74, 0xff, 0xf9, 0x74, 0xff, 0xf9, 0x74, 0xff, 0xf9, 0x74, 0xff, 0xf9, 0x74, 0xff, 0xf9, 0x74, 0xff,
  0xf9, 0x74, 0xff, 0xf9, 0x74, 0xff, 0xf9, 0x74, 0xff, 0xdb, 0x9d, 0xff, 0xff, 0xff, 0xff, 0xff, 0xff, 0xff, 0xff, 0xff, 0xff, 0xff, 0xff, 0xff,
  0xff, 0xff, 0xff, 0xdf, 0xf7, 0xff, 0xdb, 0x9d, 0xff, 0xf9, 0x74, 0xff, 0xf9, 0x74, 0xff, 0xf9, 0x74, 0xff, 0xf9, 0x74, 0xff, 0x5a, 0x85, 0xff,
  0x9e, 0xef, 0xff, 0xff, 0xff, 0xff, 0xff, 0xff, 0xff, 0xff, 0xff, 0xff, 0xff, 0xff, 0xff, 0x9f, 0xef, 0xff, 0xdb, 0x9d, 0xff, 0x9e, 0xef, 0xff,
  0xff, 0xff, 0xff, 0xff, 0xff, 0xff, 0xff, 0xff, 0xff, 0xff, 0xff, 0xff, 0xff, 0xff, 0xff, 0x1d, 0xd7, 0xff, 0xfb, 0xa5, 0xff, 0xbf, 0xf7, 0xff,
  0xff, 0xff, 0xff, 0xff, 0xff, 0xff, 0xff, 0xff, 0xff, 0xff, 0xff, 0xff, 0xfd, 0xce, 0xff, 0x19, 0x75, 0xff, 0xf9, 0x74, 0xff, 0xf9, 0x74, 0xff,
  0xf9, 0x74, 0xff, 0xf9, 0x74, 0xff, 0x9c, 0xbe, 0xff, 0xff, 0xff, 0xff, 0xff, 0xff, 0xff, 0xff, 0xff, 0xff, 0xff, 0xff, 0xff, 0xff, 0xff, 0xff,
  0x7c, 0xbe, 0xff, 0xf9, 0x74, 0xff, 0xf9, 0x74, 0xff, 0xf9, 0x74, 0xff, 0xf9, 0x74, 0xff, 0xf9, 0x74, 0xff, 0x19, 0x75, 0xff, 0x1d, 0xd7, 0xff,
  0xff, 0xff, 0xff, 0xff, 0xff, 0xff, 0xff, 0xff, 0xff, 0xff, 0xff, 0xff, 0xbf, 0xf7, 0xff, 0xdb, 0x9d, 0xff, 0xf9, 0x74, 0xff, 0xdb, 0x9d, 0xff,
  0x9f, 0xef, 0xff, 0xbf, 0xf7, 0xff, 0xbf, 0xf7, 0xff, 0xbf, 0xf7, 0xff, 0xbf, 0xf7, 0xff, 0xbd, 0xc6, 0xff, 0x19, 0x75, 0xff, 0xf9, 0x74, 0xff,
  0xf9, 0x74, 0xff, 0xf9, 0x74, 0xff, 0xf9, 0x74, 0xff, 0xf9, 0x74, 0xff, 0xf9, 0x74, 0xff, 0xf9, 0x74, 0xff, 0xf9, 0x74, 0xff, 0xf9, 0x74, 0xff,
  0xf9, 0x74, 0xff, 0xf9, 0x74, 0xff, 0xf9, 0x74, 0xff, 0xf9, 0x74, 0xff, 0xf9, 0x74, 0xff, 0xf9, 0x74, 0xff, 0xf9, 0x74, 0xff, 0xf9, 0x74, 0xff,
  0xf9, 0x74, 0xff, 0xf9, 0x74, 0xff, 0xf9, 0x74, 0xff, 0xf9, 0x74, 0xff, 0xf9, 0x74, 0xff, 0xf9, 0x74, 0xff, 0xf9, 0x74, 0xff, 0xf9, 0x74, 0xff,
  0xf9, 0x74, 0xff, 0xf9, 0x74, 0xff, 0xf9, 0x74, 0xff, 0xf9, 0x74, 0xff, 0x97, 0x6c, 0xff, 0x2b, 0x32, 0xfd, 0x00, 0x00, 0xff, 0x00, 0x00, 0xff,
  0x00, 0x10, 0xfd, 0xc1, 0x90, 0xfd, 0x02, 0xc9, 0xff, 0x02, 0xc9, 0xff, 0x02, 0xc9, 0xff, 0x02, 0xc9, 0xff, 0x02, 0xc9, 0xff, 0x02, 0xc9, 0xff,
  0x02, 0xc9, 0xff, 0x02, 0xc9, 0xff, 0x02, 0xc9, 0xff, 0x02, 0xc9, 0xff, 0x02, 0xc9, 0xff, 0x02, 0xc9, 0xff, 0x02, 0xc9, 0xff, 0xa1, 0x88, 0xfb,
  0x00, 0x08, 0xfe, 0x00, 0x00, 0xff, 0x00, 0x00, 0xec, 0x00, 0x00, 0x54, 0x00, 0x00, 0x02, 0x00, 0x00, 0x00, 0x00, 0x00, 0x00, 0x00, 0x00, 0x00,
  0x00, 0x00, 0x00, 0x00, 0x00, 0x00, 0x00, 0x00, 0x00, 0x00, 0x00, 0x00, 0x00, 0x00, 0x00, 0x00, 0x00, 0x00, 0x00, 0x00, 0x00, 0x00, 0x00, 0x00,
  0x00, 0x00, 0x00, 0x00, 0x00, 0x00, 0x00, 0x00, 0x00, 0x00, 0x00, 0x00, 0x00, 0x00, 0x00, 0x00, 0x00, 0x00, 0x00, 0x00, 0x00, 0x00, 0x00, 0x00,
  0x00, 0x00, 0x00, 0x00, 0x00, 0x00, 0x00, 0x00, 0x00, 0x00, 0x00, 0x03, 0x00, 0x00, 0x6c, 0x00, 0x00, 0xf4, 0x00, 0x00, 0xff, 0x00, 0x10, 0xfd,
  0xc1, 0x90, 0xfd, 0x02, 0xc9, 0xff, 0x02, 0xc9, 0xff, 0x02, 0xc9, 0xff, 0x02, 0xc9, 0xff, 0x02, 0xc9, 0xff, 0x02, 0xc9, 0xff, 0x02, 0xc9, 0xff,
  0x02, 0xc9, 0xff, 0x02, 0xc9, 0xff, 0x02, 0xc9, 0xff, 0x02, 0xc9, 0xff, 0x02, 0xc9, 0xff, 0x02, 0xc9, 0xff, 0xc1, 0x90, 0xfd, 0x00, 0x10, 0xfd,
  0x00, 0x00, 0xff, 0x00, 0x00, 0xff, 0xea, 0x29, 0xfe, 0x76, 0x64, 0xff, 0xf9, 0x74, 0xff, 0xf9, 0x74, 0xff, 0xf9, 0x74, 0xff, 0xf9, 0x74, 0xff,
  0xf9, 0x74, 0xff, 0xf9, 0x74, 0xff, 0xf9, 0x74, 0xff, 0xf9, 0x74, 0xff, 0xf9, 0x74, 0xff, 0xf9, 0x74, 0xff, 0xf9, 0x74, 0xff, 0xf9, 0x74, 0xff,
  0xf9, 0x74, 0xff, 0xf9, 0x74, 0xff, 0xf9, 0x74, 0xff, 0xf9, 0x74, 0xff, 0xf9, 0x74, 0xff, 0xf9, 0x74, 0xff, 0xf9, 0x74, 0xff, 0xf9, 0x74, 0xff,
  0xf9, 0x74, 0xff, 0xf9, 0x74, 0xff, 0xf9, 0x74, 0xff, 0xf9, 0x74, 0xff, 0xf9, 0x74, 0xff, 0xf9, 0x74, 0xff, 0xf9, 0x74, 0xff, 0xf9, 0x74, 0xff,
  0xf9, 0x74, 0xff, 0xf9, 0x74, 0xff, 0xf9, 0x74, 0xff, 0xdb, 0x9d, 0xff, 0xff, 0xff, 0xff, 0xff, 0xff, 0xff, 0xff, 0xff, 0xff, 0xff, 0xff, 0xff,
  0xff, 0xff, 0xff, 0xdf, 0xf7, 0xff, 0xdb, 0x9d, 0xff, 0xf9, 0x74, 0xff, 0xf9, 0x74, 0xff, 0xf9, 0x74, 0xff, 0xf9, 0x74, 0xff, 0x5a, 0x85, 0xff,
  0x9e, 0xef, 0xff, 0xff, 0xff, 0xff, 0xff, 0xff, 0xff, 0xff, 0xff, 0xff, 0xff, 0xff, 0xff, 0x9f, 0xef, 0xff, 0xba, 0x95, 0xff, 0x7e, 0xe7, 0xff,
  0xff, 0xff, 0xff, 0xff, 0xff, 0xff, 0xff, 0xff, 0xff, 0xff, 0xff, 0xff, 0xff, 0xff, 0xff, 0xdd, 0xc6, 0xff, 0xdb, 0x9d, 0xff, 0xbf, 0xf7, 0xff,
  0xff, 0xff, 0xff, 0xff, 0xff, 0xff, 0xff, 0xff, 0xff, 0xff, 0xff, 0xff, 0xfd, 0xce, 0xff, 0x19, 0x75, 0xff, 0xf9, 0x74, 0xff, 0xf9, 0x74, 0xff,
  0xf9, 0x74, 0xff, 0xf9, 0x74, 0xff, 0x9c, 0xbe, 0xff, 0xff, 0xff, 0xff, 0xff, 0xff, 0xff, 0xff, 0xff, 0xff, 0xff, 0xff, 0xff, 0xff, 0xff, 0xff,
  0x5c, 0xb6, 0xff, 0xf9, 0x74, 0xff, 0xf9, 0x74, 0xff, 0xf9, 0x74, 0xff, 0xf9, 0x74, 0xff, 0xf9, 0x74, 0xff, 0x19, 0x75, 0xff, 0x1d, 0xd7, 0xff,
  0xff, 0xff, 0xff, 0xff, 0xff, 0xff, 0xff, 0xff, 0xff, 0xff, 0xff, 0xff, 0xbf, 0xf7, 0xff, 0xdb, 0x9d, 0xff, 0xf9, 0x74, 0xff, 0x1b, 0xa6, 0xff,
  0xff, 0xff, 0xff, 0xff, 0xff, 0xff, 0xff, 0xff, 0xff, 0xff, 0xff, 0xff, 0xff, 0xff, 0xff, 0xfd, 0xce, 0xff, 0x19, 0x75, 0xff, 0xf9, 0x74, 0xff,
  0xf9, 0x74, 0xff, 0xf9, 0x74, 0xff, 0xf9, 0x74, 0xff, 0xf9, 0x74, 0xff, 0xf9, 0x74, 0xff, 0xf9, 0x74, 0xff, 0xf9, 0x74, 0xff, 0xf9, 0x74, 0xff,
  0xf9, 0x74, 0xff, 0xf9, 0x74, 0xff, 0xf9, 0x74, 0xff, 0xf9, 0x74, 0xff, 0xf9, 0x74, 0xff, 0xf9, 0x74, 0xff, 0xf9, 0x74, 0xff, 0xf9, 0x74, 0xff,
  0xf9, 0x74, 0xff, 0xf9, 0x74, 0xff, 0xf9, 0x74, 0xff, 0xf9, 0x74, 0xff, 0xf9, 0x74, 0xff, 0xf9, 0x74, 0xff, 0xf9, 0x74, 0xff, 0xf9, 0x74, 0xff,
  0xf9, 0x74, 0xff, 0xf9, 0x74, 0xff, 0xf9, 0x74, 0xff, 0xb8, 0x6c, 0xff, 0x8d, 0x3a, 0xfd, 0x41, 0x00, 0xfe, 0x00, 0x00, 0xff, 0x00, 0x08, 0xfe,
  0x81, 0x68, 0xfd, 0x02, 0xc1, 0xff, 0x02, 0xc9, 0xff, 0x02, 0xc9, 0xff, 0x02, 0xc9, 0xff, 0x02, 0xc9, 0xff, 0x02, 0xc9, 0xff, 0x02, 0xc9, 0xff,
  0x02, 0xc9, 0xff, 0x02, 0xc9, 0xff, 0x02, 0xc9, 0xff, 0x02, 0xc9, 0xff, 0x02, 0xc9, 0xff, 0x02, 0xc9, 0xff, 0x02, 0xb9, 0xff, 0x40, 0x38, 0xfd,
  0x00, 0x00, 0xff, 0x00, 0x00, 0xff, 0x00, 0x00, 0xac, 0x00, 0x00, 0x14, 0x00, 0x00, 0x00, 0x00, 0x00, 0x00, 0x00, 0x00, 0x00, 0x00, 0x00, 0x00,
  0x00, 0x00, 0x00, 0x00, 0x00, 0x00, 0x00, 0x00, 0x00, 0x00, 0x00, 0x00, 0x00, 0x00, 0x00, 0x00, 0x00, 0x00, 0x00, 0x00, 0x00, 0x00, 0x00, 0x00,
  0x00, 0x00, 0x00, 0x00, 0x00, 0x00, 0x00, 0x00, 0x00, 0x00, 0x00, 0x00, 0x00, 0x00, 0x00, 0x00, 0x00, 0x00, 0x00, 0x00, 0x00, 0x00, 0x00, 0x00,
  0x00, 0x00, 0x00, 0x00, 0x00, 0x00, 0x00, 0x00, 0x00, 0x00, 0x00, 0x00, 0x00, 0x00, 0x24, 0x00, 0x00, 0xcc, 0x00, 0x00, 0xff, 0x00, 0x00, 0xff,
  0x60, 0x48, 0xfc, 0x02, 0xc1, 0xff, 0x02, 0xc9, 0xff, 0x02, 0xc9, 0xff, 0x02, 0xc9, 0xff, 0x02, 0xc9, 0xff, 0x02, 0xc9, 0xff, 0x02, 0xc9, 0xff,
  0x02, 0xc9, 0xff, 0x02, 0xc9, 0xff, 0x02, 0xc9, 0xff, 0x02, 0xc9, 0xff, 0x02, 0xc9, 0xff, 0x02, 0xc9, 0xff, 0x02, 0xc1, 0xff, 0x81, 0x60, 0xfd,
  0x00, 0x08, 0xfe, 0x00, 0x00, 0xff, 0x41, 0x00, 0xfe, 0x6c, 0x3a, 0xfe, 0xd9, 0x6c, 0xfd, 0xf9, 0x74, 0xff, 0xf9, 0x74, 0xff, 0xf9, 0x74, 0xff,
  0xf9, 0x74, 0xff, 0xf9, 0x74, 0xff, 0xf9, 0x74, 0xff, 0xf9, 0x74, 0xff, 0xf9, 0x74, 0xff, 0xf9, 0x74, 0xff, 0xf9, 0x74, 0xff, 0xf9, 0x74, 0xff,
  0xf9, 0x74, 0xff, 0xf9, 0x74, 0xff, 0xf9, 0x74, 0xff, 0xf9, 0x74, 0xff, 0xf9, 0x74, 0xff, 0xf9, 0x74, 0xff, 0xf9, 0x74, 0xff, 0xf9, 0x74, 0xff,
  0xf9, 0x74, 0xff, 0xf9, 0x74, 0xff, 0xf9, 0x74, 0xff, 0xf9, 0x74, 0xff, 0xf9, 0x74, 0xff, 0xf9, 0x74, 0xff, 0xf9, 0x74, 0xff, 0xf9, 0x74, 0xff,
  0xf9, 0x74, 0xff, 0xf9, 0x74, 0xff, 0xf9, 0x74, 0xff, 0xdb, 0x9d, 0xff, 0xff, 0xff, 0xff, 0xff, 0xff, 0xff, 0xff, 0xff, 0xff, 0xff, 0xff, 0xff,
  0xff, 0xff, 0xff, 0xdf, 0xf7, 0xff, 0xdb, 0x9d, 0xff, 0xf9, 0x74, 0xff, 0xf9, 0x74, 0xff, 0xf9, 0x74, 0xff, 0xf9, 0x74, 0xff, 0x5a, 0x85, 0xff,
  0x9e, 0xef, 0xff, 0xff, 0xff, 0xff, 0xff, 0xff, 0xff, 0xff, 0xff, 0xff, 0xff, 0xff, 0xff, 0x9f, 0xef, 0xff, 0x7a, 0x8d, 0xff, 0x3e, 0xdf, 0xff,
  0xff, 0xff, 0xff, 0xff, 0xff, 0xff, 0xff, 0xff, 0xff, 0xff, 0xff, 0xff, 0xff, 0xff, 0xff, 0x7c, 0xbe, 0xff, 0xdb, 0x9d, 0xff, 0xbf, 0xf7, 0xff,
  0xff, 0xff, 0xff, 0xff, 0xff, 0xff, 0xff, 0xff, 0xff, 0xff, 0xff, 0xff, 0xfd, 0xce, 0xff, 0x19, 0x75, 0xff, 0xf9, 0x74, 0xff, 0xf9, 0x74, 0xff,
  0xf9, 0x74, 0xff, 0xf9, 0x74, 0xff, 0x9c, 0xbe, 0xff, 0xff, 0xff, 0xff, 0xff, 0xff, 0xff, 0xff, 0xff, 0xff, 0xff, 0xff, 0xff, 0xff, 0xff, 0xff,
  0x5c, 0xb6, 0xff, 0xf9, 0x74, 0xff, 0xf9, 0x74, 0xff, 0xf9, 0x74, 0xff, 0xf9, 0x74, 0xff, 0xf9, 0x74, 0xff, 0x19, 0x75, 0xff, 0x1d, 0xd7, 0xff,
  0xff, 0xff, 0xff, 0xff, 0xff, 0xff, 0xff, 0xff, 0xff, 0xff, 0xff, 0xff, 0xbf, 0xf7, 0xff, 0xdb, 0x9d, 0xff, 0xf9, 0x74, 0xff, 0x1b, 0xa6, 0xff,
  0xff, 0xff, 0xff, 0xff, 0xff, 0xff, 0xff, 0xff, 0xff, 0xff, 0xff, 0xff, 0xff, 0xff, 0xff, 0xfd, 0xce, 0xff, 0x19, 0x75, 0xff, 0xf9, 0x74, 0xff,
  0xf9, 0x74, 0xff, 0xf9, 0x74, 0xff, 0xf9, 0x74, 0xff, 0xf9, 0x74, 0xff, 0xf9, 0x74, 0xff, 0xf9, 0x74, 0xff, 0xf9, 0x74, 0xff, 0xf9, 0x74, 0xff,
  0xf9, 0x74, 0xff, 0xf9, 0x74, 0xff, 0xf9, 0x74, 0xff, 0xf9, 0x74, 0xff, 0xf9, 0x74, 0xff, 0xf9, 0x74, 0xff, 0xf9, 0x74, 0xff, 0xf9, 0x74, 0xff,
  0xf9, 0x74, 0xff, 0xf9, 0x74, 0xff, 0xf9, 0x74, 0xff, 0xf9, 0x74, 0xff, 0xf9, 0x74, 0xff, 0xf9, 0x74, 0xff, 0xf9, 0x74, 0xff, 0xf9, 0x74, 0xff,
  0xf9, 0x74, 0xff, 0xf9, 0x74, 0xff, 0xf9, 0x74, 0xff, 0xb3, 0x53, 0xfe, 0x83, 0x08, 0xfe, 0x00, 0x00, 0xff, 0x00, 0x00, 0xff, 0x40, 0x40, 0xfd,
  0x02, 0xb9, 0xff, 0x02, 0xc9, 0xff, 0x02, 0xc9, 0xff, 0x02, 0xc9, 0xff, 0x02, 0xc9, 0xff, 0x02, 0xc9, 0xff, 0x02, 0xc9, 0xff, 0x02, 0xc9, 0xff,
  0x02, 0xc9, 0xff, 0x02, 0xc9, 0xff, 0x02, 0xc9, 0xff, 0x02, 0xc9, 0xff, 0x02, 0xc9, 0xff, 0x02, 0xc9, 0xff, 0xa1, 0x80, 0xfd, 0x00, 0x08, 0xfe,
  0x00, 0x00, 0xff, 0x00, 0x00, 0xf4, 0x00, 0x00, 0x54, 0x00, 0x00, 0x02, 0x00, 0x00, 0x00, 0x00, 0x00, 0x00, 0x00, 0x00, 0x00, 0x00, 0x00, 0x00,
  0x00, 0x00, 0x00, 0x00, 0x00, 0x00, 0x00, 0x00, 0x00, 0x00, 0x00, 0x00, 0x00, 0x00, 0x00, 0x00, 0x00, 0x00, 0x00, 0x00, 0x00, 0x00, 0x00, 0x00,
  0x00, 0x00, 0x00, 0x00, 0x00, 0x00, 0x00, 0x00, 0x00, 0x00, 0x00, 0x00, 0x00, 0x00, 0x00, 0x00, 0x00, 0x00, 0x00, 0x00, 0x00, 0x00, 0x00, 0x00,
  0x00, 0x00, 0x00, 0x00, 0x00, 0x00, 0x00, 0x00, 0x00, 0x00, 0x00, 0x00, 0x00, 0x00, 0x03, 0x00, 0x00, 0x6c, 0x00, 0x00, 0xf4, 0x00, 0x00, 0xff,
  0x00, 0x10, 0xfd, 0xc1, 0x90, 0xfd, 0x02, 0xc9, 0xff, 0x02, 0xc9, 0xff, 0x02, 0xc9, 0xff, 0x02, 0xc9, 0xff, 0x02, 0xc9, 0xff, 0x02, 0xc9, 0xff,
  0x02, 0xc9, 0xff, 0x02, 0xc9, 0xff, 0x02, 0xc9, 0xff, 0x02, 0xc9, 0xff, 0x02, 0xc9, 0xff, 0x02, 0xc9, 0xff, 0x02, 0xc9, 0xff, 0x02, 0xb9, 0xff,
  0x40, 0x40, 0xfd, 0x00, 0x00, 0xff, 0x00, 0x00, 0xff, 0x83, 0x08, 0xfe, 0x50, 0x4b, 0xfd, 0xd8, 0x6c, 0xff, 0xf9, 0x74, 0xff, 0xf9, 0x74, 0xff,
  0xf9, 0x74, 0xff, 0xf9, 0x74, 0xff, 0xf9, 0x74, 0xff, 0xf9, 0x74, 0xff, 0xf9, 0x74, 0xff, 0xf9, 0x74, 0xff, 0xf9, 0x74, 0xff, 0xf9, 0x74, 0xff,
  0xf9, 0x74, 0xff, 0xf9, 0x74, 0xff, 0xf9, 0x74, 0xff, 0xf9, 0x74, 0xff, 0xf9, 0x74, 0xff, 0xf9, 0x74, 0xff, 0xf9, 0x74, 0xff, 0xf9, 0x74, 0xff,
  0xf9, 0x74, 0xff, 0xf9, 0x74, 0xff, 0xf9, 0x74, 0xff, 0xf9, 0x74, 0xff, 0xf9, 0x74, 0xff, 0xf9, 0x74, 0xff, 0xf9, 0x74, 0xff, 0xf9, 0x74, 0xff,
  0xf9, 0x74, 0xff, 0xf9, 0x74, 0xff, 0xf9, 0x74, 0xff, 0xdb, 0x9d, 0xff, 0xff, 0xff, 0xff, 0xff, 0xff, 0xff, 0xff, 0xff, 0xff, 0xff, 0xff, 0xff,
  0xff, 0xff, 0xff, 0xdf, 0xf7, 0xff, 0xdb, 0x9d, 0xff, 0xf9, 0x74, 0xff, 0xf9, 0x74, 0xff, 0xf9, 0x74, 0xff, 0xf9, 0x74, 0xff, 0x5a, 0x85, 0xff,
  0x9e, 0xef, 0xff, 0xff, 0xff, 0xff, 0xff, 0xff, 0xff, 0xff, 0xff, 0xff, 0xff, 0xff, 0xff, 0x9f, 0xef, 0xff, 0x7a, 0x8d, 0xff, 0xfd, 0xce, 0xff,
  0xff, 0xff, 0xff, 0xff, 0xff, 0xff, 0xff, 0xff, 0xff, 0xff, 0xff, 0xff, 0xff, 0xff, 0xff, 0x1b, 0xa6, 0xff, 0xdb, 0x9d, 0xff, 0xbf, 0xf7, 0xff,
  0xff, 0xff, 0xff, 0xff, 0xff, 0xff, 0xff, 0xff, 0xff, 0xff, 0xff, 0xff, 0xfd, 0xce, 0xff, 0x19, 0x75, 0xff, 0xf9, 0x74, 0xff, 0xf9, 0x74, 0xff,
  0xf9, 0x74, 0xff, 0xf9, 0x74, 0xff, 0x9c, 0xbe, 0xff, 0xff, 0xff, 0xff, 0xff, 0xff, 0xff, 0xff, 0xff, 0xff, 0xff, 0xff, 0xff, 0xff, 0xff, 0xff,
  0x5c, 0xb6, 0xff, 0xf9, 0x74, 0xff, 0xf9, 0x74, 0xff, 0xf9, 0x74, 0xff, 0xf9, 0x74, 0xff, 0xf9, 0x74, 0xff, 0x19, 0x75, 0xff, 0x1d, 0xd7, 0xff,
  0xff, 0xff, 0xff, 0xff, 0xff, 0xff, 0xff, 0xff, 0xff, 0xff, 0xff, 0xff, 0xbf, 0xf7, 0xff, 0xdb, 0x9d, 0xff, 0xf9, 0x74, 0xff, 0x1b, 0xa6, 0xff,
  0xff, 0xff, 0xff, 0xff, 0xff, 0xff, 0xff, 0xff, 0xff, 0xff, 0xff, 0xff, 0xff, 0xff, 0xff, 0xfd, 0xce, 0xff, 0x19, 0x75, 0xff, 0xf9, 0x74, 0xff,
  0xf9, 0x74, 0xff, 0xf9, 0x74, 0xff, 0xf9, 0x74, 0xff, 0xf9, 0x74, 0xff, 0xf9, 0x74, 0xff, 0xf9, 0x74, 0xff, 0xf9, 0x74, 0xff, 0xf9, 0x74, 0xff,
  0xf9, 0x74, 0xff, 0xf9, 0x74, 0xff, 0xf9, 0x74, 0xff, 0xf9, 0x74, 0xff, 0xf9, 0x74, 0xff, 0xf9, 0x74, 0xff, 0xf9, 0x74, 0xff, 0xf9, 0x74, 0xff,
  0xf9, 0x74, 0xff, 0xf9, 0x74, 0xff, 0xf9, 0x74, 0xff, 0xf9, 0x74, 0xff, 0xf9, 0x74, 0xff, 0xf9, 0x74, 0xff, 0xf9, 0x74, 0xff, 0xf9, 0x74, 0xff,
  0xf9, 0x74, 0xff, 0xf9, 0x74, 0xff, 0x35, 0x64, 0xff, 0x67, 0x21, 0xfd, 0x00, 0x00, 0xff, 0x00, 0x00, 0xff, 0x20, 0x18, 0xfd, 0xc1, 0x98, 0xfd,
  0x02, 0xc9, 0xff, 0x02, 0xc9, 0xff, 0x02, 0xc9, 0xff, 0x02, 0xc9, 0xff, 0x02, 0xc9, 0xff, 0x02, 0xc9, 0xff, 0x02, 0xc9, 0xff, 0x02, 0xc9, 0xff,
  0x02, 0xc9, 0xff, 0x02, 0xc9, 0xff, 0x02, 0xc9, 0xff, 0x02, 0xc9, 0xff, 0x02, 0xc9, 0xff, 0xe2, 0xb0, 0xfe, 0x40, 0x30, 0xfd, 0x00, 0x00, 0xff,
  0x00, 0x00, 0xff, 0x00, 0x00, 0xac, 0x00, 0x00, 0x14, 0x00, 0x00, 0x00, 0x00, 0x00, 0x00, 0x00, 0x00, 0x00, 0x00, 0x00, 0x00, 0x00, 0x00, 0x00,
  0x00, 0x00, 0x00, 0x00, 0x00, 0x00, 0x00, 0x00, 0x00, 0x00, 0x00, 0x00, 0x00, 0x00, 0x00, 0x00, 0x00, 0x00, 0x00, 0x00, 0x00, 0x00, 0x00, 0x00,
  0x00, 0x00, 0x00, 0x00, 0x00, 0x00, 0x00, 0x00, 0x00, 0x00, 0x00, 0x00, 0x00, 0x00, 0x00, 0x00, 0x00, 0x00, 0x00, 0x00, 0x00, 0x00, 0x00, 0x00,
  0x00, 0x00, 0x00, 0x00, 0x00, 0x00, 0x00, 0x00, 0x00, 0x00, 0x00, 0x00, 0x00, 0x00, 0x00, 0x00, 0x00, 0x1c, 0x00, 0x00, 0xbc, 0x00, 0x00, 0xff,
  0x00, 0x00, 0xff, 0x40, 0x38, 0xfd, 0xe2, 0xb0, 0xfe, 0x02, 0xc9, 0xff, 0x02, 0xc9, 0xff, 0x02, 0xc9, 0xff, 0x02, 0xc9, 0xff, 0x02, 0xc9, 0xff,
  0x02, 0xc9, 0xff, 0x02, 0xc9, 0xff, 0x02, 0xc9, 0xff, 0x02, 0xc9, 0xff, 0x02, 0xc9, 0xff, 0x02, 0xc9, 0xff, 0x02, 0xc9, 0xff, 0x02, 0xc9, 0xff,
  0xe2, 0xa0, 0xfd, 0x20, 0x28, 0xfd, 0x00, 0x00, 0xff, 0x00, 0x00, 0xff, 0x05, 0x19, 0xfc, 0x15, 0x5c, 0xfe, 0xf9, 0x74, 0xff, 0xf9, 0x74, 0xff,
  0xf9, 0x74, 0xff, 0xf9, 0x74, 0xff, 0xf9, 0x74, 0xff, 0xf9, 0x74, 0xff, 0xf9, 0x74, 0xff, 0xf9, 0x74, 0xff, 0xf9, 0x74, 0xff, 0xf9, 0x74, 0xff,
  0xf9, 0x74, 0xff, 0xf9, 0x74, 0xff, 0xf9, 0x74, 0xff, 0xf9, 0x74, 0xff, 0xf9, 0x74, 0xff, 0xf9, 0x74, 0xff, 0xf9, 0x74, 0xff, 0xf9, 0x74, 0xff,
  0xf9, 0x74, 0xff, 0xf9, 0x74, 0xff, 0xf9, 0x74, 0xff, 0xf9, 0x74, 0xff, 0xf9, 0x74, 0xff, 0xf9, 0x74, 0xff, 0xf9, 0x74, 0xff, 0xf9, 0x74, 0xff,
  0xf9, 0x74, 0xff, 0xf9, 0x74, 0xff, 0xf9, 0x74, 0xff, 0xdb, 0x9d, 0xff, 0xff, 0xff, 0xff, 0xff, 0xff, 0xff, 0xff, 0xff, 0xff, 0xff, 0xff, 0xff,
  0xff, 0xff, 0xff, 0xff, 0xff, 0xff, 0xbd, 0xc6, 0xff, 0x3c, 0xae, 0xff, 0x3c, 0xae, 0xff, 0x3c, 0xae, 0xff, 0xba, 0x95, 0xff, 0x5a, 0x85, 0xff,
  0x9e, 0xef, 0xff, 0xff, 0xff, 0xff, 0xff, 0xff, 0xff, 0xff, 0xff, 0xff, 0xff, 0xff, 0xff, 0x9f, 0xef, 0xff, 0x5a, 0x85, 0xff, 0x9c, 0xbe, 0xff,
  0xff, 0xff, 0xff, 0xff, 0xff, 0xff, 0xff, 0xff, 0xff, 0xff, 0xff, 0xff, 0xdf, 0xf7, 0xff, 0xdb, 0x9d, 0xff, 0xdb, 0x9d, 0xff, 0xbf, 0xf7, 0xff,
  0xff, 0xff, 0xff, 0xff, 0xff, 0xff, 0xff, 0xff, 0xff, 0xff, 0xff, 0xff, 0xfd, 0xce, 0xff, 0x19, 0x75, 0xff, 0xf9, 0x74, 0xff, 0xf9, 0x74, 0xff,
  0xf9, 0x74, 0xff, 0xf9, 0x74, 0xff, 0x9c, 0xbe, 0xff, 0xff, 0xff, 0xff, 0xff, 0xff, 0xff, 0xff, 0xff, 0xff, 0xff, 0xff, 0xff, 0xff, 0xff, 0xff,
  0x5c, 0xb6, 0xff, 0xf9, 0x74, 0xff, 0xf9, 0x74, 0xff, 0xf9, 0x74, 0xff, 0xf9, 0x74, 0xff, 0xf9, 0x74, 0xff, 0x19, 0x75, 0xff, 0x1d, 0xd7, 0xff,
  0xff, 0xff, 0xff, 0xff, 0xff, 0xff, 0xff, 0xff, 0xff, 0xff, 0xff, 0xff, 0xbf, 0xf7, 0xff, 0xdb, 0x9d, 0xff, 0x19, 0x75, 0xff, 0x1b, 0xa6, 0xff,
  0xff, 0xff, 0xff, 0xff, 0xff, 0xff, 0xff, 0xff, 0xff, 0xff, 0xff, 0xff, 0xff, 0xff, 0xff, 0xfd, 0xce, 0xff, 0x19, 0x75, 0xff, 0xf9, 0x74, 0xff,
  0xf9, 0x74, 0xff, 0xf9, 0x74, 0xff, 0xf9, 0x74, 0xff, 0xf9, 0x74, 0xff, 0xf9, 0x74, 0xff, 0xf9, 0x74, 0xff, 0xf9, 0x74, 0xff, 0xf9, 0x74, 0xff,
  0xf9, 0x74, 0xff, 0xf9, 0x74, 0xff, 0xf9, 0x74, 0xff, 0xf9, 0x74, 0xff, 0xf9, 0x74, 0xff, 0xf9, 0x74, 0xff, 0xf9, 0x74, 0xff, 0xf9, 0x74, 0xff,
  0xf9, 0x74, 0xff, 0xf9, 0x74, 0xff, 0xf9, 0x74, 0xff, 0xf9, 0x74, 0xff, 0xf9, 0x74, 0xff, 0xf9, 0x74, 0xff, 0xf9, 0x74, 0xff, 0xf9, 0x74, 0xff,
  0xf9, 0x74, 0xff, 0x97, 0x6c, 0xff, 0x2b, 0x32, 0xfd, 0x00, 0x00, 0xff, 0x00, 0x00, 0xff, 0x00, 0x08, 0xfe, 0xa1, 0x78, 0xfd, 0x02, 0xc9, 0xff,
  0x02, 0xc9, 0xff, 0x02, 0xc9, 0xff, 0x02, 0xc9, 0xff, 0x02, 0xc9, 0xff, 0x02, 0xc9, 0xff, 0x02, 0xc9, 0xff, 0x02, 0xc9, 0xff, 0x02, 0xc9, 0xff,
  0x02, 0xc9, 0xff, 0x02, 0xc9, 0xff, 0x02, 0xc9, 0xff, 0x02, 0xc9, 0xff, 0x02, 0xc1, 0xff, 0x61, 0x58, 0xfc, 0x00, 0x08, 0xfe, 0x00, 0x00, 0xff,
  0x00, 0x00, 0xd5, 0x00, 0x00, 0x45, 0x00, 0x00, 0x02, 0x00, 0x00, 0x00, 0x00, 0x00, 0x00, 0x00, 0x00, 0x00, 0x00, 0x00, 0x00, 0x00, 0x00, 0x00,
  0x00, 0x00, 0x00, 0x00, 0x00, 0x00, 0x00, 0x00, 0x00, 0x00, 0x00, 0x00, 0x00, 0x00, 0x00, 0x00, 0x00, 0x00, 0x00, 0x00, 0x00, 0x00, 0x00, 0x00,
  0x00, 0x00, 0x00, 0x00, 0x00, 0x00, 0x00, 0x00, 0x00, 0x00, 0x00, 0x00, 0x00, 0x00, 0x00, 0x00, 0x00, 0x00, 0x00, 0x00, 0x00, 0x00, 0x00, 0x00,
  0x00, 0x00, 0x00, 0x00, 0x00, 0x00, 0x00, 0x00, 0x00, 0x00, 0x00, 0x00, 0x00, 0x00, 0x00, 0x00, 0x00, 0x02, 0x00, 0x00, 0x4c, 0x00, 0x00, 0xe4,
  0x00, 0x00, 0xff, 0x00, 0x08, 0xfe, 0x81, 0x60, 0xfd, 0x02, 0xc1, 0xff, 0x02, 0xc9, 0xff, 0x02, 0xc9, 0xff, 0x02, 0xc9, 0xff, 0x02, 0xc9, 0xff,
  0x02, 0xc9, 0xff, 0x02, 0xc9, 0xff, 0x02, 0xc9, 0xff, 0x02, 0xc9, 0xff, 0x02, 0xc9, 0xff, 0x02, 0xc9, 0xff, 0x02, 0xc9, 0xff, 0x02, 0xc9, 0xff,
  0x02, 0xc9, 0xff, 0xa1, 0x88, 0xfb, 0x00, 0x10, 0xfd, 0x00, 0x00, 0xff, 0x00, 0x00, 0xff, 0xc9, 0x29, 0xfc, 0x76, 0x64, 0xff, 0xf9, 0x74, 0xff,
  0xf9, 0x74, 0xff, 0xf9, 0x74, 0xff, 0xf9, 0x74, 0xff, 0xf9, 0x74, 0xff, 0xf9, 0x74, 0xff, 0xf9, 0x74, 0xff, 0xf9, 0x74, 0xff, 0xf9, 0x74, 0xff,
  0xf9, 0x74, 0xff, 0xf9, 0x74, 0xff, 0xf9, 0x74, 0xff, 0xf9, 0x74, 0xff, 0xf9, 0x74, 0xff, 0xf9, 0x74, 0xff, 0xf9, 0x74, 0xff, 0xf9, 0x74, 0xff,
  0xf9, 0x74, 0xff, 0xf9, 0x74, 0xff, 0xf9, 0x74, 0xff, 0xf9, 0x74, 0xff, 0xf9, 0x74, 0xff, 0xf9, 0x74, 0xff, 0xf9, 0x74, 0xff, 0xf9, 0x74, 0xff,
  0xf9, 0x74, 0xff, 0xf9, 0x74, 0xff, 0xf9, 0x74, 0xff, 0xdb, 0x9d, 0xff, 0xff, 0xff, 0xff, 0xff, 0xff, 0xff, 0xff, 0xff, 0xff, 0xff, 0xff, 0xff,
  0xff, 0xff, 0xff, 0xff, 0xff, 0xff, 0xff, 0xff, 0xff, 0xff, 0xff, 0xff, 0xff, 0xff, 0xff, 0xdf, 0xf7, 0xff, 0x9c, 0xbe, 0xff, 0x5a, 0x85, 0xff,
  0x9e, 0xef, 0xff, 0xff, 0xff, 0xff, 0xff, 0xff, 0xff, 0xff, 0xff, 0xff, 0xff, 0xff, 0xff, 0x9f, 0xef, 0xff, 0x5a, 0x85, 0xff, 0x3c, 0xae, 0xff,
  0xff, 0xff, 0xff, 0xff, 0xff, 0xff, 0xff, 0xff, 0xff, 0xff, 0xff, 0xff, 0xbf, 0xf7, 0xff, 0xba, 0x95, 0xff, 0xdb, 0x9d, 0xff, 0xbf, 0xf7, 0xff,
  0xff, 0xff, 0xff, 0xff, 0xff, 0xff, 0xff, 0xff, 0xff, 0xff, 0xff, 0xff, 0xfd, 0xce, 0xff, 0x19, 0x75, 0xff, 0xf9, 0x74, 0xff, 0xf9, 0x74, 0xff,
  0xf9, 0x74, 0xff, 0xf9, 0x74, 0xff, 0x9c, 0xbe, 0xff, 0xff, 0xff, 0xff, 0xff, 0xff, 0xff, 0xff, 0xff, 0xff, 0xff, 0xff, 0xff, 0xff, 0xff, 0xff,
  0x5c, 0xb6, 0xff, 0xf9, 0x74, 0xff, 0xf9, 0x74, 0xff, 0xf9, 0x74, 0xff, 0xf9, 0x74, 0xff, 0xf9, 0x74, 0xff, 0x19, 0x75, 0xff, 0x1d, 0xd7, 0xff,
  0xff, 0xff, 0xff, 0xff, 0xff, 0xff, 0xff, 0xff, 0xff, 0xff, 0xff, 0xff, 0xff, 0xff, 0xff, 0x3e, 0xdf, 0xff, 0xfd, 0xd6, 0xff, 0x7e, 0xe7, 0xff,
  0xff, 0xff, 0xff, 0xff, 0xff, 0xff, 0xff, 0xff, 0xff, 0xff, 0xff, 0xff, 0xff, 0xff, 0xff, 0xdd, 0xc6, 0xff, 0x19, 0x75, 0xff, 0xf9, 0x74, 0xff,
  0xf9, 0x74, 0xff, 0xf9, 0x74, 0xff, 0xf9, 0x74, 0xff, 0xf9, 0x74, 0xff, 0xf9, 0x74, 0xff, 0xf9, 0x74, 0xff, 0xf9, 0x74, 0xff, 0xf9, 0x74, 0xff,
  0xf9, 0x74, 0xff, 0xf9, 0x74, 0xff, 0xf9, 0x74, 0xff, 0xf9, 0x74, 0xff, 0xf9, 0x74, 0xff, 0xf9, 0x74, 0xff, 0xf9, 0x74, 0xff, 0xf9, 0x74, 0xff,
  0xf9, 0x74, 0xff, 0xf9, 0x74, 0xff, 0xf9, 0x74, 0xff, 0xf9, 0x74, 0xff, 0xf9, 0x74, 0xff, 0xf9, 0x74, 0xff, 0xf9, 0x74, 0xff, 0xf9, 0x74, 0xff,
  0xb8, 0x6c, 0xff, 0x6c, 0x3a, 0xfe, 0x41, 0x00, 0xfe, 0x00, 0x00, 0xff, 0x00, 0x00, 0xff, 0x61, 0x50, 0xfc, 0x02, 0xc1, 0xff, 0x02, 0xc9, 0xff,
  0x02, 0xc9, 0xff, 0x02, 0xc9, 0xff, 0x02, 0xc9, 0xff, 0x02, 0xc9, 0xff, 0x02, 0xc9, 0xff, 0x02, 0xc9, 0xff, 0x02, 0xc9, 0xff, 0x02, 0xc9, 0xff,
  0x02, 0xc9, 0xff, 0x02, 0xc9, 0xff, 0x02, 0xc9, 0xff, 0x02, 0xc9, 0xff, 0xc1, 0x88, 0xfd, 0x00, 0x10, 0xfd, 0x00, 0x00, 0xff, 0x00, 0x00, 0xf4,
  0x00, 0x00, 0x74, 0x00, 0x00, 0x03, 0x00, 0x00, 0x00, 0x00, 0x00, 0x00, 0x00, 0x00, 0x00, 0x00, 0x00, 0x00, 0x00, 0x00, 0x00, 0x00, 0x00, 0x00,
  0x00, 0x00, 0x00, 0x00, 0x00, 0x00, 0x00, 0x00, 0x00, 0x00, 0x00, 0x00, 0x00, 0x00, 0x00, 0x00, 0x00, 0x00, 0x00, 0x00, 0x00, 0x00, 0x00, 0x00,
  0x00, 0x00, 0x00, 0x00, 0x00, 0x00, 0x00, 0x00, 0x00, 0x00, 0x00, 0x00, 0x00, 0x00, 0x00, 0x00, 0x00, 0x00, 0x00, 0x00, 0x00, 0x00, 0x00, 0x00,
  0x00, 0x00, 0x00, 0x00, 0x00, 0x00, 0x00, 0x00, 0x00, 0x00, 0x00, 0x00, 0x00, 0x00, 0x00, 0x00, 0x00, 0x00, 0x00, 0x00, 0x0c, 0x00, 0x00, 0x8d,
  0x00, 0x00, 0xff, 0x00, 0x00, 0xff, 0x20, 0x18, 0xfd, 0xc1, 0x98, 0xfd, 0x02, 0xc9, 0xff, 0x02, 0xc9, 0xff, 0x02, 0xc9, 0xff, 0x02, 0xc9, 0xff,
  0x02, 0xc9, 0xff, 0x02, 0xc9, 0xff, 0x02, 0xc9, 0xff, 0x02, 0xc9, 0xff, 0x02, 0xc9, 0xff, 0x02, 0xc9, 0xff, 0x02, 0xc9, 0xff, 0x02, 0xc9, 0xff,
  0x02, 0xc9, 0xff, 0x02, 0xc1, 0xff, 0x61, 0x58, 0xfc, 0x00, 0x08, 0xfe, 0x00, 0x00, 0xff, 0x41, 0x00, 0xfe, 0x2b, 0x32, 0xfd, 0x97, 0x6c, 0xff,
  0xf9, 0x74, 0xff, 0xf9, 0x74, 0xff, 0xf9, 0x74, 0xff, 0xf9, 0x74, 0xff, 0xf9, 0x74, 0xff, 0xf9, 0x74, 0xff, 0xf9, 0x74, 0xff, 0xf9, 0x74, 0xff,
  0xf9, 0x74, 0xff, 0xf9, 0x74, 0xff, 0xf9, 0x74, 0xff, 0xf9, 0x74, 0xff, 0xf9, 0x74, 0xff, 0xf9, 0x74, 0xff, 0xf9, 0x74, 0xff, 0xf9, 0x74, 0xff,
  0xf9, 0x74, 0xff, 0xf9, 0x74, 0xff, 0xf9, 0x74, 0xff, 0xf9, 0x74, 0xff, 0xf9, 0x74, 0xff, 0xf9, 0x74, 0xff, 0xf9, 0x74, 0xff, 0xf9, 0x74, 0xff,
  0xf9, 0x74, 0xff, 0xf9, 0x74, 0xff, 0xf9, 0x74, 0xff, 0xdb, 0x9d, 0xff, 0xff, 0xff, 0xff, 0xff, 0xff, 0xff, 0xff, 0xff, 0xff, 0xff, 0xff, 0xff,
  0xff, 0xff, 0xff, 0xff, 0xff, 0xff, 0xff, 0xff, 0xff, 0xff, 0xff, 0xff, 0xff, 0xff, 0xff, 0xff, 0xff, 0xff, 0x9c, 0xbe, 0xff, 0x5a, 0x85, 0xff,
  0x9e, 0xef, 0xff, 0xff, 0xff, 0xff, 0xff, 0xff, 0xff, 0xff, 0xff, 0xff, 0xff, 0xff, 0xff, 0x9f, 0xef, 0xff, 0x5a, 0x85, 0xff, 0xfb, 0xa5, 0xff,
  0xdf, 0xf7, 0xff, 0xff, 0xff, 0xff, 0xff, 0xff, 0xff, 0xff, 0xff, 0xff, 0x9f, 0xef, 0xff, 0x7a, 0x8d, 0xff, 0xdb, 0x9d, 0xff, 0xbf, 0xf7, 0xff,
  0xff, 0xff, 0xff, 0xff, 0xff, 0xff, 0xff, 0xff, 0xff, 0xff, 0xff, 0xff, 0xfd, 0xce, 0xff, 0x19, 0x75, 0xff, 0xf9, 0x74, 0xff, 0xf9, 0x74, 0xff,
  0xf9, 0x74, 0xff, 0xf9, 0x74, 0xff, 0x9c, 0xbe, 0xff, 0xff, 0xff, 0xff, 0xff, 0xff, 0xff, 0xff, 0xff, 0xff, 0xff, 0xff, 0xff, 0xff, 0xff, 0xff,
  0x5c, 0xb6, 0xff, 0xf9, 0x74, 0xff, 0xf9, 0x74, 0xff, 0xf9, 0x74, 0xff, 0xf9, 0x74, 0xff, 0xf9, 0x74, 0xff, 0xf9, 0x74, 0xff, 0x7c, 0xbe, 0xff,
  0xff, 0xff, 0xff, 0xff, 0xff, 0xff, 0xff, 0xff, 0xff, 0xff, 0xff, 0xff, 0xff, 0xff, 0xff, 0xff, 0xff, 0xff, 0xff, 0xff, 0xff, 0xff, 0xff, 0xff,
  0xff, 0xff, 0xff, 0xff, 0xff, 0xff, 0xff, 0xff, 0xff, 0xff, 0xff, 0xff, 0xdf, 0xf7, 0xff, 0x1b, 0xa6, 0xff, 0xf9, 0x74, 0xff, 0xf9, 0x74, 0xff,
  0xf9, 0x74, 0xff, 0xf9, 0x74, 0xff, 0xf9, 0x74, 0xff, 0xf9, 0x74, 0xff, 0xf9, 0x74, 0xff, 0xf9, 0x74, 0xff, 0xf9, 0x74, 0xff, 0xf9, 0x74, 0xff,
  0xf9, 0x74, 0xff, 0xf9, 0x74, 0xff, 0xf9, 0x74, 0xff, 0xf9, 0x74, 0xff, 0xf9, 0x74, 0xff, 0xf9, 0x74, 0xff, 0xf9, 0x74, 0xff, 0xf9, 0x74, 0xff,
  0xf9, 0x74, 0xff, 0xf9, 0x74, 0xff, 0xf9, 0x74, 0xff, 0xf9, 0x74, 0xff, 0xf9, 0x74, 0xff, 0xf9, 0x74, 0xff, 0xf9, 0x74, 0xff, 0xd9, 0x6c, 0xfd,
  0x50, 0x4b, 0xfd, 0x62, 0x00, 0xfd, 0x00, 0x00, 0xff, 0x00, 0x00, 0xff, 0x40, 0x40, 0xfd, 0xe2, 0xa8, 0xfe, 0x02, 0xc9, 0xff, 0x02, 0xc9, 0xff,
  0x02, 0xc9, 0xff, 0x02, 0xc9, 0xff, 0x02, 0xc9, 0xff, 0x02, 0xc9, 0xff, 0x02, 0xc9, 0xff, 0x02, 0xc9, 0xff, 0x02, 0xc9, 0xff, 0x02, 0xc9, 0xff,
  0x02, 0xc9, 0xff, 0x02, 0xc9, 0xff, 0x02, 0xc9, 0xff, 0x02, 0xb9, 0xff, 0x40, 0x38, 0xfd, 0x00, 0x00, 0xff, 0x00, 0x00, 0xff, 0x00, 0x00, 0xc5,
  0x00, 0x00, 0x24, 0x00, 0x00, 0x00, 0x00, 0x00, 0x00, 0x00, 0x00, 0x00, 0x00, 0x00, 0x00, 0x00, 0x00, 0x00, 0x00, 0x00, 0x00, 0x00, 0x00, 0x00,
  0x00, 0x00, 0x00, 0x00, 0x00, 0x00, 0x00, 0x00, 0x00, 0x00, 0x00, 0x00, 0x00, 0x00, 0x00, 0x00, 0x00, 0x00, 0x00, 0x00, 0x00, 0x00, 0x00, 0x00,
  0x00, 0x00, 0x00, 0x00, 0x00, 0x00, 0x00, 0x00, 0x00, 0x00, 0x00, 0x00, 0x00, 0x00, 0x00, 0x00, 0x00, 0x00, 0x00, 0x00, 0x00, 0x00, 0x00, 0x00,
  0x00, 0x00, 0x00, 0x00, 0x00, 0x00, 0x00, 0x00, 0x00, 0x00, 0x00, 0x00, 0x00, 0x00, 0x00, 0x00, 0x00, 0x00, 0x00, 0x00, 0x00, 0x00, 0x00, 0x24,
  0x00, 0x00, 0xc5, 0x00, 0x00, 0xff, 0x00, 0x00, 0xff, 0x40, 0x38, 0xfd, 0x02, 0xb9, 0xff, 0x02, 0xc9, 0xff, 0x02, 0xc9, 0xff, 0x02, 0xc9, 0xff,
  0x02, 0xc9, 0xff, 0x02, 0xc9, 0xff, 0x02, 0xc9, 0xff, 0x02, 0xc9, 0xff, 0x02, 0xc9, 0xff, 0x02, 0xc9, 0xff, 0x02, 0xc9, 0xff, 0x02, 0xc9, 0xff,
  0x02, 0xc9, 0xff, 0x02, 0xc9, 0xff, 0x02, 0xb9, 0xff, 0x60, 0x48, 0xfc, 0x00, 0x00, 0xff, 0x00, 0x00, 0xff, 0x41, 0x00, 0xfe, 0x6c, 0x3a, 0xfe,
  0xb8, 0x6c, 0xff, 0xf9, 0x74, 0xff, 0xf9, 0x74, 0xff, 0xf9, 0x74, 0xff, 0xf9, 0x74, 0xff, 0xf9, 0x74, 0xff, 0xf9, 0x74, 0xff, 0xf9, 0x74, 0xff,
  0xf9, 0x74, 0xff, 0xf9, 0x74, 0xff, 0xf9, 0x74, 0xff, 0xf9, 0x74, 0xff, 0xf9, 0x74, 0xff, 0xf9, 0x74, 0xff, 0xf9, 0x74, 0xff, 0xf9, 0x74, 0xff,
  0xf9, 0x74, 0xff, 0xf9, 0x74, 0xff, 0xf9, 0x74, 0xff, 0xf9, 0x74, 0xff, 0xf9, 0x74, 0xff, 0xf9, 0x74, 0xff, 0xf9, 0x74, 0xff, 0xf9, 0x74, 0xff,
  0xf9, 0x74, 0xff, 0xf9, 0x74, 0xff, 0xf9, 0x74, 0xff, 0xdb, 0x9d, 0xff, 0xff, 0xff, 0xff, 0xff, 0xff, 0xff, 0xff, 0xff, 0xff, 0xff, 0xff, 0xff,
  0xff, 0xff, 0xff, 0xff, 0xff, 0xff, 0xff, 0xff, 0xff, 0xff, 0xff, 0xff, 0xff, 0xff, 0xff, 0xff, 0xff, 0xff, 0x9c, 0xbe, 0xff, 0x5a, 0x85, 0xff,
  0x9e, 0xef, 0xff, 0xff, 0xff, 0xff, 0xff, 0xff, 0xff, 0xff, 0xff, 0xff, 0xff, 0xff, 0xff, 0x9f, 0xef, 0xff, 0x5a, 0x85, 0xff, 0xba, 0x95, 0xff,
  0xbf, 0xf7, 0xff, 0xff, 0xff, 0xff, 0xff, 0xff, 0xff, 0xff, 0xff, 0xff, 0x7e, 0xe7, 0xff, 0x19, 0x7d, 0xff, 0xdb, 0x9d, 0xff, 0xbf, 0xf7, 0xff,
  0xff, 0xff, 0xff, 0xff, 0xff, 0xff, 0xff, 0xff, 0xff, 0xff, 0xff, 0xff, 0xfd, 0xce, 0xff, 0x19, 0x75, 0xff, 0xf9, 0x74, 0xff, 0xf9, 0x74, 0xff,
  0xf9, 0x74, 0xff, 0xf9, 0x74, 0xff, 0x9c, 0xbe, 0xff, 0xff, 0xff, 0xff, 0xff, 0xff, 0xff, 0xff, 0xff, 0xff, 0xff, 0xff, 0xff, 0xff, 0xff, 0xff,
  0x5c, 0xb6, 0xff, 0xf9, 0x74, 0xff, 0xf9, 0x74, 0xff, 0xf9, 0x74, 0xff, 0xf9, 0x74, 0xff, 0xf9, 0x74, 0xff, 0xf9, 0x74, 0xff, 0x5a, 0x85, 0xff,
  0xfd, 0xce, 0xff, 0xdf, 0xf7, 0xff, 0xff, 0xff, 0xff, 0xff, 0xff, 0xff, 0xff, 0xff, 0xff, 0xff, 0xff, 0xff, 0xff, 0xff, 0xff, 0xff, 0xff, 0xff,
  0xff, 0xff, 0xff, 0xff, 0xff, 0xff, 0xff, 0xff, 0xff, 0xdf, 0xf7, 0xff, 0xbd, 0xc6, 0xff, 0x19, 0x7d, 0xff, 0xf9, 0x74, 0xff, 0xf9, 0x74, 0xff,
  0xf9, 0x74, 0xff, 0xf9, 0x74, 0xff, 0xf9, 0x74, 0xff, 0xf9, 0x74, 0xff, 0xf9, 0x74, 0xff, 0xf9, 0x74, 0xff, 0xf9, 0x74, 0xff, 0xf9, 0x74, 0xff,
  0xf9, 0x74, 0xff, 0xf9, 0x74, 0xff, 0xf9, 0x74, 0xff, 0xf9, 0x74, 0xff, 0xf9, 0x74, 0xff, 0xf9, 0x74, 0xff, 0xf9, 0x74, 0xff, 0xf9, 0x74, 0xff,
  0xf9, 0x74, 0xff, 0xf9, 0x74, 0xff, 0xf9, 0x74, 0xff, 0xf9, 0x74, 0xff, 0xf9, 0x74, 0xff, 0xf9, 0x74, 0xff, 0xd8, 0x6c, 0xff, 0xb3, 0x53, 0xfe,
  0xa3, 0x10, 0xfe, 0x00, 0x00, 0xff, 0x00, 0x00, 0xff, 0x00, 0x10, 0xfd, 0xc1, 0x98, 0xfd, 0x02, 0xc9, 0xff, 0x02, 0xc9, 0xff, 0x02, 0xc9, 0xff,
  0x02, 0xc9, 0xff, 0x02, 0xc9, 0xff, 0x02, 0xc9, 0xff, 0x02, 0xc9, 0xff, 0x02, 0xc9, 0xff, 0x02, 0xc9, 0xff, 0x02, 0xc9, 0xff, 0x02, 0xc9, 0xff,
  0x02, 0xc9, 0xff, 0x02, 0xc9, 0xff, 0x02, 0xc9, 0xff, 0x81, 0x70, 0xfc, 0x00, 0x08, 0xfe, 0x00, 0x00, 0xff, 0x00, 0x00, 0xec, 0x00, 0x00, 0x5c,
  0x00, 0x00, 0x03, 0x00, 0x00, 0x00, 0x00, 0x00, 0x00, 0x00, 0x00, 0x00, 0x00, 0x00, 0x00, 0x00, 0x00, 0x00, 0x00, 0x00, 0x00, 0x00, 0x00, 0x00,
  0x00, 0x00, 0x00, 0x00, 0x00, 0x00, 0x00, 0x00, 0x00, 0x00, 0x00, 0x00, 0x00, 0x00, 0x00, 0x00, 0x00, 0x00, 0x00, 0x00, 0x00, 0x00, 0x00, 0x00,
  0x00, 0x00, 0x00, 0x00, 0x00, 0x00, 0x00, 0x00, 0x00, 0x00, 0x00, 0x00, 0x00, 0x00, 0x00, 0x00, 0x00, 0x00, 0x00, 0x00, 0x00, 0x00, 0x00, 0x00,
  0x00, 0x00, 0x00, 0x00, 0x00, 0x00, 0x00, 0x00, 0x00, 0x00, 0x00, 0x00, 0x00, 0x00, 0x00, 0x00, 0x00, 0x00, 0x00, 0x00, 0x00, 0x00, 0x00, 0x03,
  0x00, 0x00, 0x5c, 0x00, 0x00, 0xec, 0x00, 0x00, 0xff, 0x00, 0x08, 0xfe, 0x81, 0x68, 0xfd, 0x02, 0xc1, 0xff, 0x02, 0xc9, 0xff, 0x02, 0xc9, 0xff,
  0x02, 0xc9, 0xff, 0x02, 0xc9, 0xff, 0x02, 0xc9, 0xff, 0x02, 0xc9, 0xff, 0x02, 0xc9, 0xff, 0x02, 0xc9, 0xff, 0x02, 0xc9, 0xff, 0x02, 0xc9, 0xff,
  0x02, 0xc9, 0xff, 0x02, 0xc9, 0xff, 0x02, 0xc1, 0xff, 0x81, 0x58, 0xfc, 0x00, 0x00, 0xff, 0x00, 0x00, 0xff, 0x00, 0x00, 0xff, 0x62, 0x00, 0xfd,
  0xee, 0x42, 0xfe, 0xb8, 0x6c, 0xff, 0xf9, 0x74, 0xff, 0xf9, 0x74, 0xff, 0xf9, 0x74, 0xff, 0xf9, 0x74, 0xff, 0xf9, 0x74, 0xff, 0xf9, 0x74, 0xff,
  0xf9, 0x74, 0xff, 0xf9, 0x74, 0xff, 0xf9, 0x74, 0xff, 0xf9, 0x74, 0xff, 0xf9, 0x74, 0xff, 0xf9, 0x74, 0xff, 0xf9, 0x74, 0xff, 0xf9, 0x74, 0xff,
  0xf9, 0x74, 0xff, 0xf9, 0x74, 0xff, 0xf9, 0x74, 0xff, 0xf9, 0x74, 0xff, 0xf9, 0x74, 0xff, 0xf9, 0x74, 0xff, 0xf9, 0x74, 0xff, 0xf9, 0x74, 0xff,
  0xf9, 0x74, 0xff, 0xf9, 0x74, 0xff, 0xf9, 0x74, 0xff, 0xdb, 0x9d, 0xff, 0xdf, 0xf7, 0xff, 0xff, 0xff, 0xff, 0xff, 0xff, 0xff, 0xff, 0xff, 0xff,
  0xff, 0xff, 0xff, 0xff, 0xff, 0xff, 0xff, 0xff, 0xff, 0xff, 0xff, 0xff, 0xff, 0xff, 0xff, 0xdf, 0xf7, 0xff, 0x9c, 0xbe, 0xff, 0x5a, 0x85, 0xff,
  0x7e, 0xe7, 0xff, 0xff, 0xff, 0xff, 0xff, 0xff, 0xff, 0xff, 0xff, 0xff, 0xff, 0xff, 0xff, 0x9e, 0xef, 0xff, 0x5a, 0x85, 0xff, 0x7a, 0x8d, 0xff,
  0x9e, 0xef, 0xff, 0xff, 0xff, 0xff, 0xff, 0xff, 0xff, 0xff, 0xff, 0xff, 0x1d, 0xd7, 0xff, 0x19, 0x7d, 0xff, 0xdb, 0x9d, 0xff, 0xbf, 0xf7, 0xff,
  0xff, 0xff, 0xff, 0xff, 0xff, 0xff, 0xff, 0xff, 0xff, 0xff, 0xff, 0xff, 0xfd, 0xce, 0xff, 0x19, 0x75, 0xff, 0xf9, 0x74, 0xff, 0xf9, 0x74, 0xff,
  0xf9, 0x74, 0xff, 0xf9, 0x74, 0xff, 0x7c, 0xbe, 0xff, 0xdf, 0xf7, 0xff, 0xff, 0xff, 0xff, 0xff, 0xff, 0xff, 0xff, 0xff, 0xff, 0xdf, 0xf7, 0xff,
  0x5c, 0xb6, 0xff, 0xf9, 0x74, 0xff, 0xf9, 0x74, 0xff, 0xf9, 0x74, 0xff, 0xf9, 0x74, 0xff, 0xf9, 0x74, 0xff, 0xf9, 0x74, 0xff, 0xf9, 0x74, 0xff,
  0x19, 0x7d, 0xff, 0x1b, 0xa6, 0xff, 0xfd, 0xce, 0xff, 0x9e, 0xef, 0xff, 0xdf, 0xf7, 0xff, 0xdf, 0xf7, 0xff, 0xff, 0xff, 0xff, 0xdf, 0xf7, 0xff,
  0xdf, 0xf7, 0xff, 0x9e, 0xef, 0xff, 0xfd, 0xce, 0xff, 0xdb, 0x9d, 0xff, 0x19, 0x7d, 0xff, 0xf9, 0x74, 0xff, 0xf9, 0x74, 0xff, 0xf9, 0x74, 0xff,
  0xf9, 0x74, 0xff, 0xf9, 0x74, 0xff, 0xf9, 0x74, 0xff, 0xf9, 0x74, 0xff, 0xf9, 0x74, 0xff, 0xf9, 0x74, 0xff, 0xf9, 0x74, 0xff, 0xf9, 0x74, 0xff,
  0xf9, 0x74, 0xff, 0xf9, 0x74, 0xff, 0xf9, 0x74, 0xff, 0xf9, 0x74, 0xff, 0xf9, 0x74, 0xff, 0xf9, 0x74, 0xff, 0xf9, 0x74, 0xff, 0xf9, 0x74, 0xff,
  0xf9, 0x74, 0xff, 0xf9, 0x74, 0xff, 0xf9, 0x74, 0xff, 0xf9, 0x74, 0xff, 0xf9, 0x74, 0xff, 0xd9, 0x6c, 0xfd, 0xb3, 0x53, 0xfe, 0xc4, 0x10, 0xfe,
  0x00, 0x00, 0xff, 0x00, 0x00, 0xff, 0x00, 0x08, 0xfe, 0x00, 0x08, 0xfe, 0xc1, 0x88, 0xfd, 0x02, 0xc9, 0xff, 0x02, 0xc9, 0xff, 0x02, 0xc9, 0xff,
  0x02, 0xc9, 0xff, 0x02, 0xc9, 0xff, 0x02, 0xc9, 0xff, 0x02, 0xc9, 0xff, 0x02, 0xc9, 0xff, 0x02, 0xc9, 0xff, 0x02, 0xc9, 0xff, 0x02, 0xc9, 0xff,
  0x02, 0xc9, 0xff, 0x02, 0xc9, 0xff, 0xc1, 0x90, 0xfd, 0x20, 0x18, 0xfd, 0x00, 0x00, 0xff, 0x00, 0x00, 0xff, 0x00, 0x00, 0x9c, 0x00, 0x00, 0x0c,
  0x00, 0x00, 0x00, 0x00, 0x00, 0x00, 0x00, 0x00, 0x00, 0x00, 0x00, 0x00, 0x00, 0x00, 0x00, 0x00, 0x00, 0x00, 0x00, 0x00, 0x00, 0x00, 0x00, 0x00,
  0x00, 0x00, 0x00, 0x00, 0x00, 0x00, 0x00, 0x00, 0x00, 0x00, 0x00, 0x00, 0x00, 0x00, 0x00, 0x00, 0x00, 0x00, 0x00, 0x00, 0x00, 0x00, 0x00, 0x00,
  0x00, 0x00, 0x00, 0x00, 0x00, 0x00, 0x00, 0x00, 0x00, 0x00, 0x00, 0x00, 0x00, 0x00, 0x00, 0x00, 0x00, 0x00, 0x00, 0x00, 0x00, 0x00, 0x00, 0x00,
  0x00, 0x00, 0x00, 0x00, 0x00, 0x00, 0x00, 0x00, 0x00, 0x00, 0x00, 0x00, 0x00, 0x00, 0x00, 0x00, 0x00, 0x00, 0x00, 0x00, 0x00, 0x00, 0x00, 0x00,
  0x00, 0x00, 0x14, 0x00, 0x00, 0xa4, 0x00, 0x00, 0xff, 0x00, 0x00, 0xff, 0x20, 0x18, 0xfd, 0xc1, 0xa0, 0xfd, 0x02, 0xc9, 0xff, 0x02, 0xc9, 0xff,
  0x02, 0xc9, 0xff, 0x02, 0xc9, 0xff, 0x02, 0xc9, 0xff, 0x02, 0xc9, 0xff, 0x02, 0xc9, 0xff, 0x02, 0xc9, 0xff, 0x02, 0xc9, 0xff, 0x02, 0xc9, 0xff,
  0x02, 0xc9, 0xff, 0x02, 0xc9, 0xff, 0xe2, 0xb0, 0xfe, 0x20, 0x28, 0xfd, 0x60, 0x10, 0xfc, 0xa1, 0x18, 0xfd, 0x00, 0x00, 0xff, 0x00, 0x00, 0xff,
  0x83, 0x08, 0xfe, 0x50, 0x4b, 0xfd, 0xd9, 0x6c, 0xfd, 0xf9, 0x74, 0xff, 0xf9, 0x74, 0xff, 0xf9, 0x74, 0xff, 0xf9, 0x74, 0xff, 0xf9, 0x74, 0xff,
  0xf9, 0x74, 0xff, 0xf9, 0x74, 0xff, 0xf9, 0x74, 0xff, 0xf9, 0x74, 0xff, 0xf9, 0x74, 0xff, 0xf9, 0x74, 0xff, 0xf9, 0x74, 0xff, 0xf9, 0x74, 0xff,
  0xf9, 0x74, 0xff, 0xf9, 0x74, 0xff, 0xf9, 0x74, 0xff, 0xf9, 0x74, 0xff, 0xf9, 0x74, 0xff, 0xf9, 0x74, 0xff, 0xf9, 0x74, 0xff, 0xf9, 0x74, 0xff,
  0xf9, 0x74, 0xff, 0xf9, 0x74, 0xff, 0xf9, 0x74, 0xff, 0x5a, 0x85, 0xff, 0x7c, 0xbe, 0xff, 0x7c, 0xbe, 0xff, 0x7c, 0xbe, 0xff, 0x7c, 0xbe, 0xff,
  0x7c, 0xbe, 0xff, 0x7c, 0xbe, 0xff, 0x7c, 0xbe, 0xff, 0x7c, 0xbe, 0xff, 0x7c, 0xbe, 0xff, 0x7c, 0xbe, 0xff, 0xdb, 0x9d, 0xff, 0x19, 0x7d, 0xff,
  0x3c, 0xae, 0xff, 0x7c, 0xbe, 0xff, 0x7c, 0xbe, 0xff, 0x7c, 0xbe, 0xff, 0x7c, 0xbe, 0xff, 0x3c, 0xae, 0xff, 0x19, 0x7d, 0xff, 0x19, 0x7d, 0xff,
  0x3c, 0xae, 0xff, 0x7c, 0xbe, 0xff, 0x7c, 0xbe, 0xff, 0x7c, 0xbe, 0xff, 0xfb, 0xa5, 0xff, 0xf9, 0x74, 0xff, 0x7a, 0x8d, 0xff, 0x5c, 0xb6, 0xff,
  0x7c, 0xbe, 0xff, 0x7c, 0xbe, 0xff, 0x7c, 0xbe, 0xff, 0x7c, 0xbe, 0xff, 0xfb, 0xa5, 0xff, 0xf9, 0x74, 0xff, 0xf9, 0x74, 0xff, 0xf9, 0x74, 0xff,
  0xf9, 0x74, 0xff, 0xf9, 0x74, 0xff, 0xba, 0x95, 0xff, 0x7c, 0xbe, 0xff, 0x7c, 0xbe, 0xff, 0x7c, 0xbe, 0xff, 0x7c, 0xbe, 0xff, 0x7c, 0xbe, 0xff,
  0xba, 0x95, 0xff, 0xf9, 0x74, 0xff, 0xf9, 0x74, 0xff, 0xf9, 0x74, 0xff, 0xf9, 0x74, 0xff, 0xf9, 0x74, 0xff, 0xf9, 0x74, 0xff, 0xf9, 0x74, 0xff,
  0xf9, 0x74, 0xff, 0xf9, 0x74, 0xff, 0x19, 0x75, 0xff, 0x7a, 0x8d, 0xff, 0xfb, 0xa5, 0xff, 0x5c, 0xb6, 0xff, 0x7c, 0xbe, 0xff, 0x3c, 0xae, 0xff,
  0xdb, 0x9d, 0xff, 0x5a, 0x85, 0xff, 0x19, 0x75, 0xff, 0xf9, 0x74, 0xff, 0xf9, 0x74, 0xff, 0xf9, 0x74, 0xff, 0xf9, 0x74, 0xff, 0xf9, 0x74, 0xff,
  0xf9, 0x74, 0xff, 0xf9, 0x74, 0xff, 0xf9, 0x74, 0xff, 0xf9, 0x74, 0xff, 0xf9, 0x74, 0xff, 0xf9, 0x74, 0xff, 0xf9, 0x74, 0xff, 0xf9, 0x74, 0xff,
  0xf9, 0x74, 0xff, 0xf9, 0x74, 0xff, 0xf9, 0x74, 0xff, 0xf9, 0x74, 0xff, 0xf9, 0x74, 0xff, 0xf9, 0x74, 0xff, 0xf9, 0x74, 0xff, 0xf9, 0x74, 0xff,
  0xf9, 0x74, 0xff, 0xf9, 0x74, 0xff, 0xf9, 0x74, 0xff, 0xf9, 0x74, 0xff, 0xf9, 0x74, 0xff, 0xf4, 0x5b, 0xfe, 0x05, 0x19, 0xfc, 0x00, 0x00, 0xff,
  0x00, 0x00, 0xff, 0x60, 0x10, 0xfc, 0x23, 0x52, 0xfb, 0x40, 0x08, 0xfe, 0x81, 0x58, 0xfc, 0x02, 0xc1, 0xff, 0x02, 0xc9, 0xff, 0x02, 0xc9, 0xff,
  0x02, 0xc9, 0xff, 0x02, 0xc9, 0xff, 0x02, 0xc9, 0xff, 0x02, 0xc9, 0xff, 0x02, 0xc9, 0xff, 0x02, 0xc9, 0xff, 0x02, 0xc9, 0xff, 0x02, 0xc9, 0xff,
  0x02, 0xc9, 0xff, 0xe2, 0xb0, 0xfe, 0x40, 0x38, 0xfd, 0x00, 0x00, 0xff, 0x00, 0x00, 0xff, 0x00, 0x00, 0xdb, 0x00, 0x00, 0x34, 0x00, 0x00, 0x00,
  0x00, 0x00, 0x00, 0x00, 0x00, 0x00, 0x00, 0x00, 0x00, 0x00, 0x00, 0x00, 0x00, 0x00, 0x00, 0x00, 0x00, 0x00, 0x00, 0x00, 0x00, 0x00, 0x00, 0x00,
  0x00, 0x00, 0x00, 0x00, 0x00, 0x00, 0x00, 0x00, 0x00, 0x00, 0x00, 0x00, 0x00, 0x00, 0x00, 0x00, 0x00, 0x00, 0x00, 0x00, 0x00, 0x00, 0x00, 0x00,
  0x00, 0x00, 0x00, 0x00, 0x00, 0x00, 0x00, 0x00, 0x00, 0x00, 0x00, 0x00, 0x00, 0x00, 0x00, 0x00, 0x00, 0x00, 0x00, 0x00, 0x00, 0x00, 0x00, 0x00,
  0x00, 0x00, 0x00, 0x00, 0x00, 0x00, 0x00, 0x00, 0x00, 0x00, 0x00, 0x00, 0x00, 0x00, 0x00, 0x00, 0x00, 0x00, 0x00, 0x00, 0x00, 0x00, 0x00, 0x00,
  0x00, 0x00, 0x02, 0x00, 0x00, 0x3c, 0x00, 0x00, 0xd5, 0x00, 0x00, 0xff, 0x00, 0x00, 0xff, 0x40, 0x38, 0xfd, 0xe2, 0xb0, 0xfe, 0x02, 0xc9, 0xff,
  0x02, 0xc9, 0xff, 0x02, 0xc9, 0xff, 0x02, 0xc9, 0xff, 0x02, 0xc9, 0xff, 0x02, 0xc9, 0xff, 0x02, 0xc9, 0xff, 0x02, 0xc9, 0xff, 0x02, 0xc9, 0xff,
  0x02, 0xc9, 0xff, 0x02, 0xc9, 0xff, 0xa1, 0x80, 0xfd, 0x00, 0x08, 0xfe, 0x23, 0x52, 0xfb, 0x66, 0xac, 0xfc, 0xe1, 0x20, 0xfd, 0x00, 0x00, 0xff,
  0x00, 0x00, 0xff, 0x83, 0x08, 0xfe, 0x50, 0x4b, 0xfd, 0xd9, 0x6c, 0xfd, 0xf9, 0x74, 0xff, 0xf9, 0x74, 0xff, 0xf9, 0x74, 0xff, 0xf9, 0x74, 0xff,
  0xf9, 0x74, 0xff, 0xf9, 0x74, 0xff, 0xf9, 0x74, 0xff, 0xf9, 0x74, 0xff, 0xf9, 0x74, 0xff, 0xf9, 0x74, 0xff, 0xf9, 0x74, 0xff, 0xf9, 0x74, 0xff,
  0xf9, 0x74, 0xff, 0xf9, 0x74, 0xff, 0xf9, 0x74, 0xff, 0xf9, 0x74, 0xff, 0xf9, 0x74, 0xff, 0xf9, 0x74, 0xff, 0xf9, 0x74, 0xff, 0xf9, 0x74, 0xff,
  0xf9, 0x74, 0xff, 0xf9, 0x74, 0xff, 0xf9, 0x74, 0xff, 0xf9, 0x74, 0xff, 0xf9, 0x74, 0xff, 0xf9, 0x74, 0xff, 0xf9, 0x74, 0xff, 0xf9, 0x74, 0xff,
  0xf9, 0x74, 0xff, 0xf9, 0x74, 0xff, 0xf9, 0x74, 0xff, 0xf9, 0x74, 0xff, 0xf9, 0x74, 0xff, 0xf9, 0x74, 0xff, 0xf9, 0x74, 0xff, 0xf9, 0x74, 0xff,
  0xf9, 0x74, 0xff, 0xf9, 0x74, 0xff, 0xf9, 0x74, 0xff, 0xf9, 0x74, 0xff, 0xf9, 0x74, 0xff, 0xf9, 0x74, 0xff, 0xf9, 0x74, 0xff, 0xf9, 0x74, 0xff,
  0xf9, 0x74, 0xff, 0xf9, 0x74, 0xff, 0xf9, 0x74, 0xff, 0xf9, 0x74, 0xff, 0xf9, 0x74, 0xff, 0xf9, 0x74, 0xff, 0xf9, 0x74, 0xff, 0xf9, 0x74, 0xff,
  0xf9, 0x74, 0xff, 0xf9, 0x74, 0xff, 0xf9, 0x74, 0xff, 0xf9, 0x74, 0xff, 0xf9, 0x74, 0xff, 0xf9, 0x74, 0xff, 0xf9, 0x74, 0xff, 0xf9, 0x74, 0xff,
  0xf9, 0x74, 0xff, 0xf9, 0x74, 0xff, 0xf9, 0x74, 0xff, 0xf9, 0x74, 0xff, 0xf9, 0x74, 0xff, 0xf9, 0x74, 0xff, 0xf9, 0x74, 0xff, 0xf9, 0x74, 0xff,
  0xf9, 0x74, 0xff, 0xf9, 0x74, 0xff, 0xf9, 0x74, 0xff, 0xf9, 0x74, 0xff, 0xf9, 0x74, 0xff, 0xf9, 0x74, 0xff, 0xf9, 0x74, 0xff, 0xf9, 0x74, 0xff,
  0xf9, 0x74, 0xff, 0xf9, 0x74, 0xff, 0xf9, 0x74, 0xff, 0xf9, 0x74, 0xff, 0xf9, 0x74, 0xff, 0xf9, 0x74, 0xff, 0xf9, 0x74, 0xff, 0xf9, 0x74, 0xff,
  0xf9, 0x74, 0xff, 0xf9, 0x74, 0xff, 0xf9, 0x74, 0xff, 0xf9, 0x74, 0xff, 0xf9, 0x74, 0xff, 0xf9, 0x74, 0xff, 0xf9, 0x74, 0xff, 0xf9, 0x74, 0xff,
  0xf9, 0x74, 0xff, 0xf9, 0x74, 0xff, 0xf9, 0x74, 0xff, 0xf9, 0x74, 0xff, 0xf9, 0x74, 0xff, 0xf9, 0x74, 0xff, 0xf9, 0x74, 0xff, 0xf9, 0x74, 0xff,
  0xf9, 0x74, 0xff, 0xf9, 0x74, 0xff, 0xf9, 0x74, 0xff, 0xf9, 0x74, 0xff, 0xf9, 0x74, 0xff, 0xf9, 0x74, 0xff, 0xf9, 0x74, 0xff, 0xf9, 0x74, 0xff,
  0xf9, 0x74, 0xff, 0xf9, 0x74, 0xff, 0xf9, 0x74, 0xff, 0xf9, 0x74, 0xff, 0x15, 0x5c, 0xfe, 0x26, 0x19, 0xfd, 0x00, 0x00, 0xff, 0x00, 0x00, 0xff,
  0xa1, 0x18, 0xfd, 0xa5, 0x8b, 0xfc, 0x48, 0xcd, 0xfe, 0x21, 0x29, 0xfb, 0x20, 0x28, 0xfd, 0xe2, 0xa8, 0xfe, 0x02, 0xc9, 0xff, 0x02, 0xc9, 0xff,
  0x02, 0xc9, 0xff, 0x02, 0xc9, 0xff, 0x02, 0xc9, 0xff, 0x02, 0xc9, 0xff, 0x02, 0xc9, 0xff, 0x02, 0xc9, 0xff, 0x02, 0xc9, 0xff, 0x02, 0xc9, 0xff,
  0x02, 0xc1, 0xff, 0x81, 0x58, 0xfc, 0x00, 0x00, 0xff, 0x00, 0x00, 0xff, 0x00, 0x00, 0xec, 0x00, 0x00, 0x5c, 0x00, 0x00, 0x03, 0x00, 0x00, 0x00,
  0x00, 0x00, 0x00, 0x00, 0x00, 0x00, 0x00, 0x00, 0x00, 0x00, 0x00, 0x00, 0x00, 0x00, 0x00, 0x00, 0x00, 0x00, 0x00, 0x00, 0x00, 0x00, 0x00, 0x00,
  0x00, 0x00, 0x00, 0x00, 0x00, 0x00, 0x00, 0x00, 0x00, 0x00, 0x00, 0x00, 0x00, 0x00, 0x00, 0x00, 0x00, 0x00, 0x00, 0x00, 0x00, 0x00, 0x00, 0x00,
  0x00, 0x00, 0x00, 0x00, 0x00, 0x00, 0x00, 0x00, 0x00, 0x00, 0x00, 0x00, 0x00, 0x00, 0x00, 0x00, 0x00, 0x00, 0x00, 0x00, 0x00, 0x00, 0x00, 0x00,
  0x00, 0x00, 0x00, 0x00, 0x00, 0x00, 0x00, 0x00, 0x00, 0x00, 0x00, 0x00, 0x00, 0x00, 0x00, 0x00, 0x00, 0x00, 0x00, 0x00, 0x00, 0x00, 0x00, 0x00,
  0x00, 0x00, 0x00, 0x00, 0x00, 0x03, 0x00, 0x00, 0x54, 0x00, 0x00, 0xe4, 0x00, 0x00, 0xff, 0x00, 0x00, 0xff, 0x61, 0x50, 0xfc, 0x02, 0xc1, 0xff,
  0x02, 0xc9, 0xff, 0x02, 0xc9, 0xff, 0x02, 0xc9, 0xff, 0x02, 0xc9, 0xff, 0x02, 0xc9, 0xff, 0x02, 0xc9, 0xff, 0x02, 0xc9, 0xff, 0x02, 0xc9, 0xff,
  0x02, 0xc9, 0xff, 0x02, 0xc1, 0xff, 0x60, 0x48, 0xfc, 0x00, 0x08, 0xfe, 0x26, 0x9c, 0xfc, 0x69, 0xf6, 0xff, 0x87, 0xac, 0xfc, 0x21, 0x29, 0xfb,
  0x00, 0x00, 0xff, 0x00, 0x00, 0xff, 0x83, 0x08, 0xfe, 0x50, 0x4b, 0xfd, 0xd9, 0x6c, 0xfd, 0xf9, 0x74, 0xff, 0xf9, 0x74, 0xff, 0xf9, 0x74, 0xff,
  0xf9, 0x74, 0xff, 0xf9, 0x74, 0xff, 0xf9, 0x74, 0xff, 0xf9, 0x74, 0xff, 0xf9, 0x74, 0xff, 0xf9, 0x74, 0xff, 0xf9, 0x74, 0xff, 0xf9, 0x74, 0xff,
  0xf9, 0x74, 0xff, 0xf9, 0x74, 0xff, 0xf9, 0x74, 0xff, 0xf9, 0x74, 0xff, 0xf9, 0x74, 0xff, 0xf9, 0x74, 0xff, 0xf9, 0x74, 0xff, 0xf9, 0x74, 0xff,
  0xf9, 0x74, 0xff, 0xf9, 0x74, 0xff, 0xf9, 0x74, 0xff, 0xf9, 0x74, 0xff, 0xf9, 0x74, 0xff, 0xf9, 0x74, 0xff, 0xf9, 0x74, 0xff, 0xf9, 0x74, 0xff,
  0xf9, 0x74, 0xff, 0xf9, 0x74, 0xff, 0xf9, 0x74, 0xff, 0xf9, 0x74, 0xff, 0xf9, 0x74, 0xff, 0xf9, 0x74, 0xff, 0xf9, 0x74, 0xff, 0xf9, 0x74, 0xff,
  0xf9, 0x74, 0xff, 0xf9, 0x74, 0xff, 0xf9, 0x74, 0xff, 0xf9, 0x74, 0xff, 0xf9, 0x74, 0xff, 0xf9, 0x74, 0xff, 0xf9, 0x74, 0xff, 0xf9, 0x74, 0xff,
  0xf9, 0x74, 0xff, 0xf9, 0x74, 0xff, 0xf9, 0x74, 0xff, 0xf9, 0x74, 0xff, 0xf9, 0x74, 0xff, 0xf9, 0x74, 0xff, 0xf9, 0x74, 0xff, 0xf9, 0x74, 0xff,
  0xf9, 0x74, 0xff, 0xf9, 0x74, 0xff, 0xf9, 0x74, 0xff, 0xf9, 0x74, 0xff, 0xf9, 0x74, 0xff, 0xf9, 0x74, 0xff, 0xf9, 0x74, 0xff, 0xf9, 0x74, 0xff,
  0xf9, 0x74, 0xff, 0xf9, 0x74, 0xff, 0xf9, 0x74, 0xff, 0xf9, 0x74, 0xff, 0xf9, 0x74, 0xff, 0xf9, 0x74, 0xff, 0xf9, 0x74, 0xff, 0xf9, 0x74, 0xff,
  0xf9, 0x74, 0xff, 0xf9, 0x74, 0xff, 0xf9, 0x74, 0xff, 0xf9, 0x74, 0xff, 0xf9, 0x74, 0xff, 0xf9, 0x74, 0xff, 0xf9, 0x74, 0xff, 0xf9, 0x74, 0xff,
  0xf9, 0x74, 0xff, 0xf9, 0x74, 0xff, 0xf9, 0x74, 0xff, 0xf9, 0x74, 0xff, 0xf9, 0x74, 0xff, 0xf9, 0x74, 0xff, 0xf9, 0x74, 0xff, 0xf9, 0x74, 0xff,
  0xf9, 0x74, 0xff, 0xf9, 0x74, 0xff, 0xf9, 0x74, 0xff, 0xf9, 0x74, 0xff, 0xf9, 0x74, 0xff, 0xf9, 0x74, 0xff, 0xf9, 0x74, 0xff, 0xf9, 0x74, 0xff,
  0xf9, 0x74, 0xff, 0xf9, 0x74, 0xff, 0xf9, 0x74, 0xff, 0xf9, 0x74, 0xff, 0xf9, 0x74, 0xff, 0xf9, 0x74, 0xff, 0xf9, 0x74, 0xff, 0xf9, 0x74, 0xff,
  0xf9, 0x74, 0xff, 0xf9, 0x74, 0xff, 0xf9, 0x74, 0xff, 0xf9, 0x74, 0xff, 0xf9, 0x74, 0xff, 0xf9, 0x74, 0xff, 0xf9, 0x74, 0xff, 0xf9, 0x74, 0xff,
  0xf9, 0x74, 0xff, 0xf9, 0x74, 0xff, 0xd8, 0x6c, 0xff, 0x15, 0x5c, 0xfe, 0x26, 0x19, 0xfd, 0x00, 0x00, 0xff, 0x00, 0x00, 0xff, 0x40, 0x08, 0xfe,
  0xa5, 0x8b, 0xfc, 0x49, 0xee, 0xff, 0x69, 0xf6, 0xff, 0x43, 0x52, 0xfb, 0x00, 0x08, 0xfe, 0xa1, 0x78, 0xfd, 0x02, 0xc9, 0xff, 0x02, 0xc9, 0xff,
  0x02, 0xc9, 0xff, 0x02, 0xc9, 0xff, 0x02, 0xc9, 0xff, 0x02, 0xc9, 0xff, 0x02, 0xc9, 0xff, 0x02, 0xc9, 0xff, 0x02, 0xc9, 0xff, 0x02, 0xc9, 0xff,
  0xa1, 0x80, 0xfd, 0x00, 0x10, 0xfd, 0x00, 0x00, 0xff, 0x00, 0x00, 0xff, 0x00, 0x00, 0x8d, 0x00, 0x00, 0x0c, 0x00, 0x00, 0x00, 0x00, 0x00, 0x00,
  0x00, 0x00, 0x00, 0x00, 0x00, 0x00, 0x00, 0x00, 0x00, 0x00, 0x00, 0x00, 0x00, 0x00, 0x00, 0x00, 0x00, 0x00, 0x00, 0x00, 0x00, 0x00, 0x00, 0x00,
  0x00, 0x00, 0x00, 0x00, 0x00, 0x00, 0x00, 0x00, 0x00, 0x00, 0x00, 0x00, 0x00, 0x00, 0x00, 0x00, 0x00, 0x00, 0x00, 0x00, 0x00, 0x00, 0x00, 0x00,
  0x00, 0x00, 0x00, 0x00, 0x00, 0x00, 0x00, 0x00, 0x00, 0x00, 0x00, 0x00, 0x00, 0x00, 0x00, 0x00, 0x00, 0x00, 0x00, 0x00, 0x00, 0x00, 0x00, 0x00,
  0x00, 0x00, 0x00, 0x00, 0x00, 0x00, 0x00, 0x00, 0x00, 0x00, 0x00, 0x00, 0x00, 0x00, 0x00, 0x00, 0x00, 0x00, 0x00, 0x00, 0x00, 0x00, 0x00, 0x00,
  0x00, 0x00, 0x00, 0x00, 0x00, 0x00, 0x00, 0x00, 0x0c, 0x00, 0x00, 0x84, 0x00, 0x00, 0xf4, 0x00, 0x00, 0xff, 0x00, 0x08, 0xfe, 0xa1, 0x78, 0xfd,
  0x02, 0xc9, 0xff, 0x02, 0xc9, 0xff, 0x02, 0xc9, 0xff, 0x02, 0xc9, 0xff, 0x02, 0xc9, 0xff, 0x02, 0xc9, 0xff, 0x02, 0xc9, 0xff, 0x02, 0xc9, 0xff,
  0x02, 0xc9, 0xff, 0xe2, 0xa8, 0xfe, 0x20, 0x18, 0xfd, 0xe1, 0x20, 0xfd, 0x48, 0xcd, 0xfe, 0x8a, 0xfe, 0xff, 0x6a, 0xf6, 0xff, 0xe7, 0xbc, 0xfd,
  0xe1, 0x20, 0xfd, 0x00, 0x00, 0xff, 0x00, 0x00, 0xff, 0x83, 0x08, 0xfe, 0x50, 0x4b, 0xfd, 0xd9, 0x6c, 0xfd, 0xf9, 0x74, 0xff, 0xf9, 0x74, 0xff,
  0xf9, 0x74, 0xff, 0xf9, 0x74, 0xff, 0xf9, 0x74, 0xff, 0xf9, 0x74, 0xff, 0xf9, 0x74, 0xff, 0xf9, 0x74, 0xff, 0xf9, 0x74, 0xff, 0xf9, 0x74, 0xff,
  0xf9, 0x74, 0xff, 0xf9, 0x74, 0xff, 0xf9, 0x74, 0xff, 0xf9, 0x74, 0xff, 0xf9, 0x74, 0xff, 0xf9, 0x74, 0xff, 0xf9, 0x74, 0xff, 0xf9, 0x74, 0xff,
  0xf9, 0x74, 0xff, 0xf9, 0x74, 0xff, 0xf9, 0x74, 0xff, 0xf9, 0x74, 0xff, 0xf9, 0x74, 0xff, 0xf9, 0x74, 0xff, 0xf9, 0x74, 0xff, 0xf9, 0x74, 0xff,
  0xf9, 0x74, 0xff, 0xf9, 0x74, 0xff, 0xf9, 0x74, 0xff, 0xf9, 0x74, 0xff, 0xf9, 0x74, 0xff, 0xf9, 0x74, 0xff, 0xf9, 0x74, 0xff, 0xf9, 0x74, 0xff,
  0xf9, 0x74, 0xff, 0xf9, 0x74, 0xff, 0xf9, 0x74, 0xff, 0xf9, 0x74, 0xff, 0xf9, 0x74, 0xff, 0xf9, 0x74, 0xff, 0xf9, 0x74, 0xff, 0xf9, 0x74, 0xff,
  0xf9, 0x74, 0xff, 0xf9, 0x74, 0xff, 0xf9, 0x74, 0xff, 0xf9, 0x74, 0xff, 0xf9, 0x74, 0xff, 0xf9, 0x74, 0xff, 0xf9, 0x74, 0xff, 0xf9, 0x74, 0xff,
  0xf9, 0x74, 0xff, 0xf9, 0x74, 0xff, 0xf9, 0x74, 0xff, 0xf9, 0x74, 0xff, 0xf9, 0x74, 0xff, 0xf9, 0x74, 0xff, 0xf9, 0x74, 0xff, 0xf9, 0x74, 0xff,
  0xf9, 0x74, 0xff, 0xf9, 0x74, 0xff, 0xf9, 0x74, 0xff, 0xf9, 0x74, 0xff, 0xf9, 0x74, 0xff, 0xf9, 0x74, 0xff, 0xf9, 0x74, 0xff, 0xf9, 0x74, 0xff,
  0xf9, 0x74, 0xff, 0xf9, 0x74, 0xff, 0xf9, 0x74, 0xff, 0xf9, 0x74, 0xff, 0xf9, 0x74, 0xff, 0xf9, 0x74, 0xff, 0xf9, 0x74, 0xff, 0xf9, 0x74, 0xff,
  0xf9, 0x74, 0xff, 0xf9, 0x74, 0xff, 0xf9, 0x74, 0xff, 0xf9, 0x74, 0xff, 0xf9, 0x74, 0xff, 0xf9, 0x74, 0xff, 0xf9, 0x74, 0xff, 0xf9, 0x74, 0xff,
  0xf9, 0x74, 0xff, 0xf9, 0x74, 0xff, 0xf9, 0x74, 0xff, 0xf9, 0x74, 0xff, 0xf9, 0x74, 0xff, 0xf9, 0x74, 0xff, 0xf9, 0x74, 0xff, 0xf9, 0x74, 0xff,
  0xf9, 0x74, 0xff, 0xf9, 0x74, 0xff, 0xf9, 0x74, 0xff, 0xf9, 0x74, 0xff, 0xf9, 0x74, 0xff, 0xf9, 0x74, 0xff, 0xf9, 0x74, 0xff, 0xf9, 0x74, 0xff,
  0xf9, 0x74, 0xff, 0xf9, 0x74, 0xff, 0xf9, 0x74, 0xff, 0xf9, 0x74, 0xff, 0xf9, 0x74, 0xff, 0xf9, 0x74, 0xff, 0xf9, 0x74, 0xff, 0xf9, 0x74, 0xff,
  0xf9, 0x74, 0xff, 0xd8, 0x6c, 0xff, 0xb3, 0x53, 0xfe, 0x05, 0x19, 0xfc, 0x00, 0x00, 0xff, 0x00, 0x00, 0xff, 0x40, 0x08, 0xfe, 0x24, 0x7b, 0xfa,
  0x29, 0xee, 0xfe, 0x8a, 0xfe, 0xff, 0x8a, 0xfe, 0xff, 0x26, 0x9c, 0xfc, 0x00, 0x08, 0xfe, 0x40, 0x40, 0xfd, 0x02, 0xc1, 0xff, 0x02, 0xc9, 0xff,
  0x02, 0xc9, 0xff, 0x02, 0xc9, 0xff, 0x02, 0xc9, 0xff, 0x02, 0xc9, 0xff, 0x02, 0xc9, 0xff, 0x02, 0xc9, 0xff, 0x02, 0xc9, 0xff, 0xe2, 0xa0, 0xfd,
  0x20, 0x20, 0xfd, 0x00, 0x00, 0xff, 0x00, 0x00, 0xff, 0x00, 0x00, 0xbc, 0x00, 0x00, 0x1c, 0x00, 0x00, 0x00, 0x00, 0x00, 0x00, 0x00, 0x00, 0x00,
  0x00, 0x00, 0x00, 0x00, 0x00, 0x00, 0x00, 0x00, 0x00, 0x00, 0x00, 0x00, 0x00, 0x00, 0x00, 0x00, 0x00, 0x00, 0x00, 0x00, 0x00, 0x00, 0x00, 0x00,
  0x00, 0x00, 0x00, 0x00, 0x00, 0x00, 0x00, 0x00, 0x00, 0x00, 0x00, 0x00, 0x00, 0x00, 0x00, 0x00, 0x00, 0x00, 0x00, 0x00, 0x00, 0x00, 0x00, 0x00,
  0x00, 0x00, 0x00, 0x00, 0x00, 0x00, 0x00, 0x00, 0x00, 0x00, 0x00, 0x00, 0x00, 0x00, 0x00, 0x00, 0x00, 0x00, 0x00, 0x00, 0x00, 0x00, 0x00, 0x00,
  0x00, 0x00, 0x00, 0x00, 0x00, 0x00, 0x00, 0x00, 0x00, 0x00, 0x00, 0x00, 0x00, 0x00, 0x00, 0x00, 0x00, 0x00, 0x00, 0x00, 0x00, 0x00, 0x00, 0x00,
  0x00, 0x00, 0x00, 0x00, 0x00, 0x00, 0x00, 0x00, 0x00, 0x00, 0x00, 0x24, 0x00, 0x00, 0xc5, 0x00, 0x00, 0xff, 0x00, 0x00, 0xff, 0x20, 0x20, 0xfd,
  0xe2, 0xa0, 0xfd, 0x02, 0xc9, 0xff, 0x02, 0xc9, 0xff, 0x02, 0xc9, 0xff, 0x02, 0xc9, 0xff, 0x02, 0xc9, 0xff, 0x02, 0xc9, 0xff, 0x02, 0xc9, 0xff,
  0x02, 0xc9, 0xff, 0xc1, 0x88, 0xfd, 0x00, 0x08, 0xfe, 0xc2, 0x41, 0xfc, 0x29, 0xee, 0xfe, 0x8a, 0xfe, 0xff, 0x8a, 0xfe, 0xff, 0x69, 0xf6, 0xff,
  0x26, 0x9c, 0xfc, 0xa1, 0x18, 0xfd, 0x00, 0x00, 0xff, 0x00, 0x00, 0xff, 0xa3, 0x10, 0xfe, 0x50, 0x4b, 0xfd, 0xb8, 0x6c, 0xff, 0xf9, 0x74, 0xff,
  0xf9, 0x74, 0xff, 0xf9, 0x74, 0xff, 0xf9, 0x74, 0xff, 0xf9, 0x74, 0xff, 0xf9, 0x74, 0xff, 0xf9, 0x74, 0xff, 0xf9, 0x74, 0xff, 0xf9, 0x74, 0xff,
  0xf9, 0x74, 0xff, 0xf9, 0x74, 0xff, 0xf9, 0x74, 0xff, 0xf9, 0x74, 0xff, 0xf9, 0x74, 0xff, 0xf9, 0x74, 0xff, 0xf9, 0x74, 0xff, 0xf9, 0x74, 0xff,
  0xf9, 0x74, 0xff, 0xf9, 0x74, 0xff, 0xf9, 0x74, 0xff, 0xf9, 0x74, 0xff, 0xf9, 0x74, 0xff, 0xf9, 0x74, 0xff, 0xf9, 0x74, 0xff, 0xf9, 0x74, 0xff,
  0xf9, 0x74, 0xff, 0xf9, 0x74, 0xff, 0xf9, 0x74, 0xff, 0xf9, 0x74, 0xff, 0xf9, 0x74, 0xff, 0xf9, 0x74, 0xff, 0xf9, 0x74, 0xff, 0xf9, 0x74, 0xff,
  0xf9, 0x74, 0xff, 0xf9, 0x74, 0xff, 0xf9, 0x74, 0xff, 0xf9, 0x74, 0xff, 0xf9, 0x74, 0xff, 0xf9, 0x74, 0xff, 0xf9, 0x74, 0xff, 0xf9, 0x74, 0xff,
  0xf9, 0x74, 0xff, 0xf9, 0x74, 0xff, 0xf9, 0x74, 0xff, 0xf9, 0x74, 0xff, 0xf9, 0x74, 0xff, 0xf9, 0x74, 0xff, 0xf9, 0x74, 0xff, 0xf9, 0x74, 0xff,
  0xf9, 0x74, 0xff, 0xf9, 0x74, 0xff, 0xf9, 0x74, 0xff, 0xf9, 0x74, 0xff, 0xf9, 0x74, 0xff, 0xf9, 0x74, 0xff, 0xf9, 0x74, 0xff, 0xf9, 0x74, 0xff,
  0xf9, 0x74, 0xff, 0xf9, 0x74, 0xff, 0xf9, 0x74, 0xff, 0xf9, 0x74, 0xff, 0xf9, 0x74, 0xff, 0xf9, 0x74, 0xff, 0xf9, 0x74, 0xff, 0xf9, 0x74, 0xff,
  0xf9, 0x74, 0xff, 0xf9, 0x74, 0xff, 0xf9, 0x74, 0xff, 0xf9, 0x74, 0xff, 0xf9, 0x74, 0xff, 0xf9, 0x74, 0xff, 0xf9, 0x74, 0xff, 0xf9, 0x74, 0xff,
  0xf9, 0x74, 0xff, 0xf9, 0x74, 0xff, 0xf9, 0x74, 0xff, 0xf9, 0x74, 0xff, 0xf9, 0x74, 0xff, 0xf9, 0x74, 0xff, 0xf9, 0x74, 0xff, 0xf9, 0x74, 0xff,
  0xf9, 0x74, 0xff, 0xf9, 0x74, 0xff, 0xf9, 0x74, 0xff, 0xf9, 0x74, 0xff, 0xf9, 0x74, 0xff, 0xf9, 0x74, 0xff, 0xf9, 0x74, 0xff, 0xf9, 0x74, 0xff,
  0xf9, 0x74, 0xff, 0xf9, 0x74, 0xff, 0xf9, 0x74, 0xff, 0xf9, 0x74, 0xff, 0xf9, 0x74, 0xff, 0xf9, 0x74, 0xff, 0xf9, 0x74, 0xff, 0xf9, 0x74, 0xff,
  0xf9, 0x74, 0xff, 0xf9, 0x74, 0xff, 0xf9, 0x74, 0xff, 0xf9, 0x74, 0xff, 0xf9, 0x74, 0xff, 0xf9, 0x74, 0xff, 0xf9, 0x74, 0xff, 0xf9, 0x74, 0xff,
  0xd8, 0x6c, 0xff, 0xb3, 0x53, 0xfe, 0x05, 0x19, 0xfc, 0x00, 0x00, 0xff, 0x00, 0x00, 0xff, 0x40, 0x08, 0xfe, 0xc4, 0x6a, 0xfb, 0xe9, 0xe5, 0xfe,
  0x8a, 0xfe, 0xff, 0x8a, 0xfe, 0xff, 0x8a, 0xfe, 0xff, 0x48, 0xcd, 0xfe, 0xa1, 0x18, 0xfd, 0x20, 0x18, 0xfd, 0xe2, 0xa8, 0xfe, 0x02, 0xc9, 0xff,
  0x02, 0xc9, 0xff, 0x02, 0xc9, 0xff, 0x02, 0xc9, 0xff, 0x02, 0xc9, 0xff, 0x02, 0xc9, 0xff, 0x02, 0xc9, 0xff, 0xe2, 0xb8, 0xfe, 0x60, 0x48, 0xfa,
  0x00, 0x00, 0xff, 0x00, 0x00, 0xff, 0x00, 0x00, 0xec, 0x00, 0x00, 0x54, 0x00, 0x00, 0x02, 0x00, 0x00, 0x00, 0x00, 0x00, 0x00, 0x00, 0x00, 0x00,
  0x00, 0x00, 0x00, 0x00, 0x00, 0x00, 0x00, 0x00, 0x00, 0x00, 0x00, 0x00, 0x00, 0x00, 0x00, 0x00, 0x00, 0x00, 0x00, 0x00, 0x00, 0x00, 0x00, 0x00,
  0x00, 0x00, 0x00, 0x00, 0x00, 0x00, 0x00, 0x00, 0x00, 0x00, 0x00, 0x00, 0x00, 0x00, 0x00, 0x00, 0x00, 0x00, 0x00, 0x00, 0x00, 0x00, 0x00, 0x00,
  0x00, 0x00, 0x00, 0x00, 0x00, 0x00, 0x00, 0x00, 0x00, 0x00, 0x00, 0x00, 0x00, 0x00, 0x00, 0x00, 0x00, 0x00, 0x00, 0x00, 0x00, 0x00, 0x00, 0x00,
  0x00, 0x00, 0x00, 0x00, 0x00, 0x00, 0x00, 0x00, 0x00, 0x00, 0x00, 0x00, 0x00, 0x00, 0x00, 0x00, 0x00, 0x00, 0x00, 0x00, 0x00, 0x00, 0x00, 0x00,
  0x00, 0x00, 0x00, 0x00, 0x00, 0x00, 0x00, 0x00, 0x00, 0x00, 0x00, 0x02, 0x00, 0x00, 0x45, 0x00, 0x00, 0xdb, 0x00, 0x00, 0xff, 0x00, 0x00, 0xff,
  0x40, 0x38, 0xfd, 0xe2, 0xa8, 0xfe, 0x02, 0xc9, 0xff, 0x02, 0xc9, 0xff, 0x02, 0xc9, 0xff, 0x02, 0xc9, 0xff, 0x02, 0xc9, 0xff, 0x02, 0xc9, 0xff,
  0x02, 0xc1, 0xff, 0x61, 0x50, 0xfc, 0x40, 0x08, 0xfe, 0xa5, 0x8b, 0xfc, 0x8a, 0xf6, 0xff, 0x8a, 0xfe, 0xff, 0x8a, 0xfe, 0xff, 0x8a, 0xfe, 0xff,
  0x69, 0xf6, 0xff, 0x66, 0xac, 0xfc, 0x21, 0x29, 0xfb, 0x00, 0x00, 0xff, 0x00, 0x00, 0xff, 0x62, 0x00, 0xfd, 0x8d, 0x3a, 0xfd, 0x97, 0x6c, 0xff,
  0xf9, 0x74, 0xff, 0xf9, 0x74, 0xff, 0xf9, 0x74, 0xff, 0xf9, 0x74, 0xff, 0xf9, 0x74, 0xff, 0xf9, 0x74, 0xff, 0xf9, 0x74, 0xff, 0xf9, 0x74, 0xff,
  0xf9, 0x74, 0xff, 0xf9, 0x74, 0xff, 0xf9, 0x74, 0xff, 0xf9, 0x74, 0xff, 0xf9, 0x74, 0xff, 0xf9, 0x74, 0xff, 0xf9, 0x74, 0xff, 0xf9, 0x74, 0xff,
  0xf9, 0x74, 0xff, 0xf9, 0x74, 0xff, 0xf9, 0x74, 0xff, 0xf9, 0x74, 0xff, 0xf9, 0x74, 0xff, 0xf9, 0x74, 0xff, 0xf9, 0x74, 0xff, 0xf9, 0x74, 0xff,
  0xf9, 0x74, 0xff, 0xf9, 0x74, 0xff, 0xf9, 0x74, 0xff, 0xf9, 0x74, 0xff, 0xf9, 0x74, 0xff, 0xf9, 0x74, 0xff, 0xf9, 0x74, 0xff, 0xf9, 0x74, 0xff,
  0xf9, 0x74, 0xff, 0xf9, 0x74, 0xff, 0xf9, 0x74, 0xff, 0xf9, 0x74, 0xff, 0xf9, 0x74, 0xff, 0xf9, 0x74, 0xff, 0xf9, 0x74, 0xff, 0xf9, 0x74, 0xff,
  0xf9, 0x74, 0xff, 0xf9, 0x74, 0xff, 0xf9, 0x74, 0xff, 0xf9, 0x74, 0xff, 0xf9, 0x74, 0xff, 0xf9, 0x74, 0xff, 0xf9, 0x74, 0xff, 0xf9, 0x74, 0xff,
  0xf9, 0x74, 0xff, 0xf9, 0x74, 0xff, 0xf9, 0x74, 0xff, 0xf9, 0x74, 0xff, 0xf9, 0x74, 0xff, 0xf9, 0x74, 0xff, 0xf9, 0x74, 0xff, 0xf9, 0x74, 0xff,
  0xf9, 0x74, 0xff, 0xf9, 0x74, 0xff, 0xf9, 0x74, 0xff, 0xf9, 0x74, 0xff, 0xf9, 0x74, 0xff, 0xf9, 0x74, 0xff, 0xf9, 0x74, 0xff, 0xf9, 0x74, 0xff,
  0xf9, 0x74, 0xff, 0xf9, 0x74, 0xff, 0xf9, 0x74, 0xff, 0xf9, 0x74, 0xff, 0xf9, 0x74, 0xff, 0xf9, 0x74, 0xff, 0xf9, 0x74, 0xff, 0xf9, 0x74, 0xff,
  0xf9, 0x74, 0xff, 0xf9, 0x74, 0xff, 0xf9, 0x74, 0xff, 0xf9, 0x74, 0xff, 0xf9, 0x74, 0xff, 0xf9, 0x74, 0xff, 0xf9, 0x74, 0xff, 0xf9, 0x74, 0xff,
  0xf9, 0x74, 0xff, 0xf9, 0x74, 0xff, 0xf9, 0x74, 0xff, 0xf9, 0x74, 0xff, 0xf9, 0x74, 0xff, 0xf9, 0x74, 0xff, 0xf9, 0x74, 0xff, 0xf9, 0x74, 0xff,
  0xf9, 0x74, 0xff, 0xf9, 0x74, 0xff, 0xf9, 0x74, 0xff, 0xf9, 0x74, 0xff, 0xf9, 0x74, 0xff, 0xf9, 0x74, 0xff, 0xf9, 0x74, 0xff, 0xf9, 0x74, 0xff,
  0xf9, 0x74, 0xff, 0xf9, 0x74, 0xff, 0xf9, 0x74, 0xff, 0xf9, 0x74, 0xff, 0xf9, 0x74, 0xff, 0xf9, 0x74, 0xff, 0xf9, 0x74, 0xff, 0xd9, 0x6c, 0xfd,
  0xb3, 0x53, 0xfe, 0x05, 0x19, 0xfc, 0x00, 0x00, 0xff, 0x00, 0x00, 0xff, 0x40, 0x08, 0xfe, 0x24, 0x7b, 0xfa, 0x29, 0xee, 0xfe, 0x8a, 0xfe, 0xff,
  0x8a, 0xfe, 0xff, 0x8a, 0xfe, 0xff, 0x8a, 0xfe, 0xff, 0x49, 0xee, 0xff, 0x23, 0x52, 0xfb, 0x00, 0x08, 0xfe, 0xa1, 0x80, 0xfd, 0x02, 0xc9, 0xff,
  0x02, 0xc9, 0xff, 0x02, 0xc9, 0xff, 0x02, 0xc9, 0xff, 0x02, 0xc9, 0xff, 0x02, 0xc9, 0xff, 0x02, 0xc1, 0xff, 0x61, 0x50, 0xfc, 0x00, 0x08, 0xfe,
  0x00, 0x00, 0xff, 0x00, 0x00, 0xec, 0x00, 0x00, 0x74, 0x00, 0x00, 0x0c, 0x00, 0x00, 0x00, 0x00, 0x00, 0x00, 0x00, 0x00, 0x00, 0x00, 0x00, 0x00,
  0x00, 0x00, 0x00, 0x00, 0x00, 0x00, 0x00, 0x00, 0x00, 0x00, 0x00, 0x00, 0x00, 0x00, 0x00, 0x00, 0x00, 0x00, 0x00, 0x00, 0x00, 0x00, 0x00, 0x00,
  0x00, 0x00, 0x00, 0x00, 0x00, 0x00, 0x00, 0x00, 0x00, 0x00, 0x00, 0x00, 0x00, 0x00, 0x00, 0x00, 0x00, 0x00, 0x00, 0x00, 0x00, 0x00, 0x00, 0x00,
  0x00, 0x00, 0x00, 0x00, 0x00, 0x00, 0x00, 0x00, 0x00, 0x00, 0x00, 0x00, 0x00, 0x00, 0x00, 0x00, 0x00, 0x00, 0x00, 0x00, 0x00, 0x00, 0x00, 0x00,
  0x00, 0x00, 0x00, 0x00, 0x00, 0x00, 0x00, 0x00, 0x00, 0x00, 0x00, 0x00, 0x00, 0x00, 0x00, 0x00, 0x00, 0x00, 0x00, 0x00, 0x00, 0x00, 0x00, 0x00,
  0x00, 0x00, 0x00, 0x00, 0x00, 0x00, 0x00, 0x00, 0x00, 0x00, 0x00, 0x00, 0x00, 0x00, 0x03, 0x00, 0x00, 0x5c, 0x00, 0x00, 0xe4, 0x00, 0x00, 0xff,
  0x00, 0x00, 0xff, 0x40, 0x40, 0xfd, 0xe2, 0xb0, 0xfe, 0x02, 0xc9, 0xff, 0x02, 0xc9, 0xff, 0x02, 0xc9, 0xff, 0x02, 0xc9, 0xff, 0x02, 0xc9, 0xff,
  0xe2, 0xb0, 0xfe, 0x20, 0x20, 0xfd, 0x21, 0x29, 0xfb, 0x48, 0xcd, 0xfe, 0x8a, 0xfe, 0xff, 0x8a, 0xfe, 0xff, 0x8a, 0xfe, 0xff, 0x8a, 0xfe, 0xff,
  0x8a, 0xfe, 0xff, 0x6a, 0xf6, 0xff, 0xe7, 0xbc, 0xfd, 0x21, 0x29, 0xfb, 0x00, 0x00, 0xff, 0x00, 0x00, 0xff, 0x41, 0x00, 0xfe, 0x2b, 0x32, 0xfd,
  0x76, 0x64, 0xff, 0xf9, 0x74, 0xff, 0xf9, 0x74, 0xff, 0xf9, 0x74, 0xff, 0xf9, 0x74, 0xff, 0xf9, 0x74, 0xff, 0xf9, 0x74, 0xff, 0xf9, 0x74, 0xff,
  0xf9, 0x74, 0xff, 0xf9, 0x74, 0xff, 0xf9, 0x74, 0xff, 0xf9, 0x74, 0xff, 0xf9, 0x74, 0xff, 0xf9, 0x74, 0xff, 0xf9, 0x74, 0xff, 0xf9, 0x74, 0xff,
  0xf9, 0x74, 0xff, 0xf9, 0x74, 0xff, 0xf9, 0x74, 0xff, 0xf9, 0x74, 0xff, 0xf9, 0x74, 0xff, 0xf9, 0x74, 0xff, 0xf9, 0x74, 0xff, 0xf9, 0x74, 0xff,
  0xf9, 0x74, 0xff, 0xf9, 0x74, 0xff, 0xf9, 0x74, 0xff, 0xf9, 0x74, 0xff, 0xf9, 0x74, 0xff, 0xf9, 0x74, 0xff, 0xf9, 0x74, 0xff, 0xf9, 0x74, 0xff,
  0xf9, 0x74, 0xff, 0xf9, 0x74, 0xff, 0xf9, 0x74, 0xff, 0xf9, 0x74, 0xff, 0xf9, 0x74, 0xff, 0xf9, 0x74, 0xff, 0xf9, 0x74, 0xff, 0xf9, 0x74, 0xff,
  0xf9, 0x74, 0xff, 0xf9, 0x74, 0xff, 0xf9, 0x74, 0xff, 0xf9, 0x74, 0xff, 0xf9, 0x74, 0xff, 0xf9, 0x74, 0xff, 0xf9, 0x74, 0xff, 0xf9, 0x74, 0xff,
  0xf9, 0x74, 0xff, 0xf9, 0x74, 0xff, 0xd8, 0x6c, 0xff, 0xf4, 0x5b, 0xfe, 0x76, 0x64, 0xff, 0xf9, 0x74, 0xff, 0xf9, 0x74, 0xff, 0xf9, 0x74, 0xff,
  0xf9, 0x74, 0xff, 0xf9, 0x74, 0xff, 0xf9, 0x74, 0xff, 0xf9, 0x74, 0xff, 0xf9, 0x74, 0xff, 0xf9, 0x74, 0xff, 0xf9, 0x74, 0xff, 0xf9, 0x74, 0xff,
  0xf9, 0x74, 0xff, 0xf9, 0x74, 0xff, 0xf9, 0x74, 0xff, 0xf9, 0x74, 0xff, 0xf9, 0x74, 0xff, 0xf9, 0x74, 0xff, 0xf9, 0x74, 0xff, 0xf9, 0x74, 0xff,
  0xf9, 0x74, 0xff, 0xf9, 0x74, 0xff, 0xf9, 0x74, 0xff, 0xf9, 0x74, 0xff, 0xf9, 0x74, 0xff, 0xf9, 0x74, 0xff, 0xf9, 0x74, 0xff, 0xf9, 0x74, 0xff,
  0xf9, 0x74, 0xff, 0xf9, 0x74, 0xff, 0xf9, 0x74, 0xff, 0xf9, 0x74, 0xff, 0xf9, 0x74, 0xff, 0xf9, 0x74, 0xff, 0xf9, 0x74, 0xff, 0xf9, 0x74, 0xff,
  0xf9, 0x74, 0xff, 0xf9, 0x74, 0xff, 0xf9, 0x74, 0xff, 0xf9, 0x74, 0xff, 0xf9, 0x74, 0xff, 0xf9, 0x74, 0xff, 0xf9, 0x74, 0xff, 0xf9, 0x74, 0xff,
  0xf9, 0x74, 0xff, 0xf9, 0x74, 0xff, 0xf9, 0x74, 0xff, 0xf9, 0x74, 0xff, 0xf9, 0x74, 0xff, 0xf9, 0x74, 0xff, 0x97, 0x6c, 0xff, 0x0e, 0x43, 0xfd,
  0xc4, 0x10, 0xfe, 0x00, 0x00, 0xff, 0x00, 0x00, 0xff, 0x60, 0x10, 0xfc, 0xa5, 0x8b, 0xfc, 0x29, 0xee, 0xfe, 0x8a, 0xfe, 0xff, 0x8a, 0xfe, 0xff,
  0x8a, 0xfe, 0xff, 0x8a, 0xfe, 0xff, 0x8a, 0xfe, 0xff, 0x8a, 0xfe, 0xff, 0xc5, 0x8b, 0xfb, 0x40, 0x08, 0xfe, 0x60, 0x48, 0xfc, 0x02, 0xc1, 0xff,
  0x02, 0xc9, 0xff, 0x02, 0xc9, 0xff, 0x02, 0xc9, 0xff, 0x02, 0xc9, 0xff, 0x02, 0xc1, 0xff, 0x81, 0x68, 0xfd, 0x00, 0x08, 0xfe, 0x00, 0x00, 0xff,
  0x00, 0x00, 0xf4, 0x00, 0x00, 0x8d, 0x00, 0x00, 0x0c, 0x00, 0x00, 0x00, 0x00, 0x00, 0x00, 0x00, 0x00, 0x00, 0x00, 0x00, 0x00, 0x00, 0x00, 0x00,
  0x00, 0x00, 0x00, 0x00, 0x00, 0x00, 0x00, 0x00, 0x00, 0x00, 0x00, 0x00, 0x00, 0x00, 0x00, 0x00, 0x00, 0x00, 0x00, 0x00, 0x00, 0x00, 0x00, 0x00,
  0x00, 0x00, 0x00, 0x00, 0x00, 0x00, 0x00, 0x00, 0x00, 0x00, 0x00, 0x00, 0x00, 0x00, 0x00, 0x00, 0x00, 0x00, 0x00, 0x00, 0x00, 0x00, 0x00, 0x00,
  0x00, 0x00, 0x00, 0x00, 0x00, 0x00, 0x00, 0x00, 0x00, 0x00, 0x00, 0x00, 0x00, 0x00, 0x00, 0x00, 0x00, 0x00, 0x00, 0x00, 0x00, 0x00, 0x00, 0x00,
  0x00, 0x00, 0x00, 0x00, 0x00, 0x00, 0x00, 0x00, 0x00, 0x00, 0x00, 0x00, 0x00, 0x00, 0x00, 0x00, 0x00, 0x00, 0x00, 0x00, 0x00, 0x00, 0x00, 0x00,
  0x00, 0x00, 0x00, 0x00, 0x00, 0x00, 0x00, 0x00, 0x00, 0x00, 0x00, 0x00, 0x00, 0x00, 0x00, 0x00, 0x00, 0x0c, 0x00, 0x00, 0x7c, 0x00, 0x00, 0xf4,
  0x00, 0x00, 0xff, 0x00, 0x00, 0xff, 0x81, 0x58, 0xfc, 0x02, 0xc1, 0xff, 0x02, 0xc9, 0xff, 0x02, 0xc9, 0xff, 0x02, 0xc9, 0xff, 0x02, 0xc9, 0xff,
  0xc1, 0x90, 0xfd, 0x00, 0x08, 0xfe, 0xc4, 0x6a, 0xfb, 0x49, 0xee, 0xff, 0x8a, 0xfe, 0xff, 0x8a, 0xfe, 0xff, 0x8a, 0xfe, 0xff, 0x8a, 0xfe, 0xff,
  0x8a, 0xfe, 0xff, 0x8a, 0xfe, 0xff, 0x8a, 0xf6, 0xff, 0xe7, 0xbc, 0xfd, 0x21, 0x29, 0xfb, 0x00, 0x00, 0xff, 0x00, 0x00, 0xff, 0x41, 0x00, 0xfe,
  0xc9, 0x29, 0xfc, 0x15, 0x5c, 0xfe, 0xf9, 0x74, 0xff, 0xf9, 0x74, 0xff, 0xf9, 0x74, 0xff, 0xf9, 0x74, 0xff, 0xf9, 0x74, 0xff, 0xf9, 0x74, 0xff,
  0xf9, 0x74, 0xff, 0xf9, 0x74, 0xff, 0xf9, 0x74, 0xff, 0xf9, 0x74, 0xff, 0xf9, 0x74, 0xff, 0xf9, 0x74, 0xff, 0xf9, 0x74, 0xff, 0xf9, 0x74, 0xff,
  0xf9, 0x74, 0xff, 0xf9, 0x74, 0xff, 0xf9, 0x74, 0xff, 0xf9, 0x74, 0xff, 0xf9, 0x74, 0xff, 0xf9, 0x74, 0xff, 0xf9, 0x74, 0xff, 0xf9, 0x74, 0xff,
  0xf9, 0x74, 0xff, 0xf9, 0x74, 0xff, 0xf9, 0x74, 0xff, 0xf9, 0x74, 0xff, 0xf9, 0x74, 0xff, 0xf9, 0x74, 0xff, 0xf9, 0x74, 0xff, 0xf9, 0x74, 0xff,
  0xf9, 0x74, 0xff, 0xf9, 0x74, 0xff, 0xf9, 0x74, 0xff, 0xf9, 0x74, 0xff, 0xf9, 0x74, 0xff, 0xf9, 0x74, 0xff, 0xf9, 0x74, 0xff, 0xf9, 0x74, 0xff,
  0xf9, 0x74, 0xff, 0xf9, 0x74, 0xff, 0xf9, 0x74, 0xff, 0xf9, 0x74, 0xff, 0xf9, 0x74, 0xff, 0xf9, 0x74, 0xff, 0xf9, 0x74, 0xff, 0xf9, 0x74, 0xff,
  0xf9, 0x74, 0xff, 0xf9, 0x74, 0xff, 0x35, 0x64, 0xff, 0x26, 0x19, 0xfd, 0x6c, 0x3a, 0xfe, 0xd9, 0x6c, 0xfd, 0xf9, 0x74, 0xff, 0xf9, 0x74, 0xff,
  0xf9, 0x74, 0xff, 0xf9, 0x74, 0xff, 0xf9, 0x74, 0xff, 0xf9, 0x74, 0xff, 0xf9, 0x74, 0xff, 0xf9, 0x74, 0xff, 0xf9, 0x74, 0xff, 0xf9, 0x74, 0xff,
  0xf9, 0x74, 0xff, 0xf9, 0x74, 0xff, 0xf9, 0x74, 0xff, 0xf9, 0x74, 0xff, 0xf9, 0x74, 0xff, 0xf9, 0x74, 0xff, 0xf9, 0x74, 0xff, 0xf9, 0x74, 0xff,
  0xf9, 0x74, 0xff, 0xf9, 0x74, 0xff, 0xf9, 0x74, 0xff, 0xf9, 0x74, 0xff, 0xf9, 0x74, 0xff, 0xf9, 0x74, 0xff, 0xf9, 0x74, 0xff, 0xf9, 0x74, 0xff,
  0xf9, 0x74, 0xff, 0xf9, 0x74, 0xff, 0xf9, 0x74, 0xff, 0xf9, 0x74, 0xff, 0xf9, 0x74, 0xff, 0xf9, 0x74, 0xff, 0xf9, 0x74, 0xff, 0xf9, 0x74, 0xff,
  0xf9, 0x74, 0xff, 0xf9, 0x74, 0xff, 0xf9, 0x74, 0xff, 0xf9, 0x74, 0xff, 0xf9, 0x74, 0xff, 0xf9, 0x74, 0xff, 0xf9, 0x74, 0xff, 0xf9, 0x74, 0xff,
  0xf9, 0x74, 0xff, 0xf9, 0x74, 0xff, 0xf9, 0x74, 0xff, 0xf9, 0x74, 0xff, 0xf9, 0x74, 0xff, 0x97, 0x6c, 0xff, 0x6c, 0x3a, 0xfe, 0x41, 0x00, 0xfe,
  0x00, 0x00, 0xff, 0x00, 0x00, 0xff, 0xa1, 0x18, 0xfd, 0xa5, 0x8b, 0xfc, 0x49, 0xee, 0xff, 0x8a, 0xfe, 0xff, 0x8a, 0xfe, 0xff, 0x8a, 0xfe, 0xff,
  0x8a, 0xfe, 0xff, 0x8a, 0xfe, 0xff, 0x8a, 0xfe, 0xff, 0x8a, 0xfe, 0xff, 0x48, 0xcd, 0xfe, 0x21, 0x29, 0xfb, 0x20, 0x20, 0xfd, 0xe2, 0xb0, 0xfe,
  0x02, 0xc9, 0xff, 0x02, 0xc9, 0xff, 0x02, 0xc9, 0xff, 0x02, 0xc9, 0xff, 0xc1, 0x90, 0xfd, 0x00, 0x10, 0xfd, 0x00, 0x00, 0xff, 0x00, 0x00, 0xff,
  0x00, 0x00, 0xb5, 0x00, 0x00, 0x1c, 0x00, 0x00, 0x00, 0x00, 0x00, 0x00, 0x00, 0x00, 0x00, 0x00, 0x00, 0x00, 0x00, 0x00, 0x00, 0x00, 0x00, 0x00,
  0x00, 0x00, 0x00, 0x00, 0x00, 0x00, 0x00, 0x00, 0x00, 0x00, 0x00, 0x00, 0x00, 0x00, 0x00, 0x00, 0x00, 0x00, 0x00, 0x00, 0x00, 0x00, 0x00, 0x00,
  0x00, 0x00, 0x00, 0x00, 0x00, 0x00, 0x00, 0x00, 0x00, 0x00, 0x00, 0x00, 0x00, 0x00, 0x00, 0x00, 0x00, 0x00, 0x00, 0x00, 0x00, 0x00, 0x00, 0x00,
  0x00, 0x00, 0x00, 0x00, 0x00, 0x00, 0x00, 0x00, 0x00, 0x00, 0x00, 0x00, 0x00, 0x00, 0x00, 0x00, 0x00, 0x00, 0x00, 0x00, 0x00, 0x00, 0x00, 0x00,
  0x00, 0x00, 0x00, 0x00, 0x00, 0x00, 0x00, 0x00, 0x00, 0x00, 0x00, 0x00, 0x00, 0x00, 0x00, 0x00, 0x00, 0x00, 0x00, 0x00, 0x00, 0x00, 0x00, 0x00,
  0x00, 0x00, 0x00, 0x00, 0x00, 0x00, 0x00, 0x00, 0x00, 0x00, 0x00, 0x00, 0x00, 0x00, 0x00, 0x00, 0x00, 0x00, 0x00, 0x00, 0x1c, 0x00, 0x00, 0xac,
  0x00, 0x00, 0xff, 0x00, 0x00, 0xff, 0x00, 0x10, 0xfd, 0xa1, 0x78, 0xfd, 0x02, 0xc1, 0xff, 0x02, 0xc9, 0xff, 0x02, 0xc9, 0xff, 0x02, 0xc9, 0xff,
  0x81, 0x60, 0xfd, 0x40, 0x08, 0xfe, 0x66, 0xac, 0xfc, 0x8a, 0xfe, 0xff, 0x8a, 0xfe, 0xff, 0x8a, 0xfe, 0xff, 0x8a, 0xfe, 0xff, 0x8a, 0xfe, 0xff,
  0x8a, 0xfe, 0xff, 0x8a, 0xf6, 0xff, 0x49, 0xee, 0xff, 0x48, 0xcd, 0xfe, 0x43, 0x52, 0xfb, 0x00, 0x08, 0xfe, 0x00, 0x00, 0xff, 0x00, 0x00, 0xff,
  0x00, 0x00, 0xff, 0x67, 0x21, 0xfd, 0xb3, 0x53, 0xfe, 0xd8, 0x6c, 0xff, 0xf9, 0x74, 0xff, 0xf9, 0x74, 0xff, 0xf9, 0x74, 0xff, 0xf9, 0x74, 0xff,
  0xf9, 0x74, 0xff, 0xf9, 0x74, 0xff, 0xf9, 0x74, 0xff, 0xf9, 0x74, 0xff, 0xf9, 0x74, 0xff, 0xf9, 0x74, 0xff, 0xf9, 0x74, 0xff, 0xf9, 0x74, 0xff,
  0xf9, 0x74, 0xff, 0xf9, 0x74, 0xff, 0xf9, 0x74, 0xff, 0xf9, 0x74, 0xff, 0xf9, 0x74, 0xff, 0xf9, 0x74, 0xff, 0xf9, 0x74, 0xff, 0xf9, 0x74, 0xff,
  0xf9, 0x74, 0xff, 0xf9, 0x74, 0xff, 0xf9, 0x74, 0xff, 0xf9, 0x74, 0xff, 0xf9, 0x74, 0xff, 0xf9, 0x74, 0xff, 0xf9, 0x74, 0xff, 0xf9, 0x74, 0xff,
  0xf9, 0x74, 0xff, 0xf9, 0x74, 0xff, 0xf9, 0x74, 0xff, 0xf9, 0x74, 0xff, 0xf9, 0x74, 0xff, 0xf9, 0x74, 0xff, 0xf9, 0x74, 0xff, 0xf9, 0x74, 0xff,
  0xf9, 0x74, 0xff, 0xf9, 0x74, 0xff, 0xf9, 0x74, 0xff, 0xf9, 0x74, 0xff, 0xf9, 0x74, 0xff, 0xf9, 0x74, 0xff, 0xf9, 0x74, 0xff, 0xf9, 0x74, 0xff,
  0xf9, 0x74, 0xff, 0x76, 0x64, 0xff, 0x2b, 0x32, 0xfd, 0x41, 0x00, 0xfe, 0xa3, 0x10, 0xfe, 0xb3, 0x53, 0xfe, 0xd8, 0x6c, 0xff, 0xf9, 0x74, 0xff,
  0xf9, 0x74, 0xff, 0xf9, 0x74, 0xff, 0xf9, 0x74, 0xff, 0xf9, 0x74, 0xff, 0xf9, 0x74, 0xff, 0xf9, 0x74, 0xff, 0xf9, 0x74, 0xff, 0xf9, 0x74, 0xff,
  0xf9, 0x74, 0xff, 0xf9, 0x74, 0xff, 0xf9, 0x74, 0xff, 0xf9, 0x74, 0xff, 0xf9, 0x74, 0xff, 0xf9, 0x74, 0xff, 0xf9, 0x74, 0xff, 0xf9, 0x74, 0xff,
  0xf9, 0x74, 0xff, 0xf9, 0x74, 0xff, 0xf9, 0x74, 0xff, 0xf9, 0x74, 0xff, 0xf9, 0x74, 0xff, 0xf9, 0x74, 0xff, 0xf9, 0x74, 0xff, 0xf9, 0x74, 0xff,
  0xf9, 0x74, 0xff, 0xf9, 0x74, 0xff, 0xf9, 0x74, 0xff, 0xf9, 0x74, 0xff, 0xf9, 0x74, 0xff, 0xf9, 0x74, 0xff, 0xf9, 0x74, 0xff, 0xf9, 0x74, 0xff,
  0xf9, 0x74, 0xff, 0xf9, 0x74, 0xff, 0xf9, 0x74, 0xff, 0xf9, 0x74, 0xff, 0xf9, 0x74, 0xff, 0xf9, 0x74, 0xff, 0xf9, 0x74, 0xff, 0xf9, 0x74, 0xff,
  0xf9, 0x74, 0xff, 0xf9, 0x74, 0xff, 0xf9, 0x74, 0xff, 0xf9, 0x74, 0xff, 0x76, 0x64, 0xff, 0x2b, 0x32, 0xfd, 0x41, 0x00, 0xfe, 0x00, 0x00, 0xff,
  0x00, 0x00, 0xff, 0x00, 0x00, 0xff, 0x82, 0x39, 0xfc, 0x66, 0xac, 0xfc, 0xe9, 0xe5, 0xfe, 0x69, 0xf6, 0xff, 0x8a, 0xfe, 0xff, 0x8a, 0xfe, 0xff,
  0x8a, 0xfe, 0xff, 0x8a, 0xfe, 0xff, 0x8a, 0xfe, 0xff, 0x8a, 0xfe, 0xff, 0x49, 0xee, 0xff, 0xc4, 0x6a, 0xfb, 0x00, 0x08, 0xfe, 0xc1, 0x90, 0xfd,
  0x02, 0xc9, 0xff, 0x02, 0xc9, 0xff, 0x02, 0xc9, 0xff, 0xe2, 0xa0, 0xfd, 0x40, 0x30, 0xfd, 0x00, 0x00, 0xff, 0x00, 0x00, 0xff, 0x00, 0x00, 0xdb,
  0x00, 0x00, 0x45, 0x00, 0x00, 0x02, 0x00, 0x00, 0x00, 0x00, 0x00, 0x00, 0x00, 0x00, 0x00, 0x00, 0x00, 0x00, 0x00, 0x00, 0x00, 0x00, 0x00, 0x00,
  0x00, 0x00, 0x00, 0x00, 0x00, 0x00, 0x00, 0x00, 0x00, 0x00, 0x00, 0x00, 0x00, 0x00, 0x00, 0x00, 0x00, 0x00, 0x00, 0x00, 0x00, 0x00, 0x00, 0x00,
  0x00, 0x00, 0x00, 0x00, 0x00, 0x00, 0x00, 0x00, 0x00, 0x00, 0x00, 0x00, 0x00, 0x00, 0x00, 0x00, 0x00, 0x00, 0x00, 0x00, 0x00, 0x00, 0x00, 0x00,
  0x00, 0x00, 0x00, 0x00, 0x00, 0x00, 0x00, 0x00, 0x00, 0x00, 0x00, 0x00, 0x00, 0x00, 0x00, 0x00, 0x00, 0x00, 0x00, 0x00, 0x00, 0x00, 0x00, 0x00,
  0x00, 0x00, 0x00, 0x00, 0x00, 0x00, 0x00, 0x00, 0x00, 0x00, 0x00, 0x00, 0x00, 0x00, 0x00, 0x00, 0x00, 0x00, 0x00, 0x00, 0x00, 0x00, 0x00, 0x00,
  0x00, 0x00, 0x00, 0x00, 0x00, 0x00, 0x00, 0x00, 0x00, 0x00, 0x00, 0x00, 0x00, 0x00, 0x00, 0x00, 0x00, 0x00, 0x00, 0x00, 0x00, 0x00, 0x00, 0x2c,
  0x00, 0x00, 0xc5, 0x00, 0x00, 0xff, 0x00, 0x00, 0xff, 0x20, 0x18, 0xfd, 0xa1, 0x80, 0xfd, 0x02, 0xc1, 0xff, 0x02, 0xc9, 0xff, 0x02, 0xb9, 0xff,
  0x40, 0x30, 0xfd, 0x21, 0x29, 0xfb, 0xa8, 0xdd, 0xfe, 0x8a, 0xfe, 0xff, 0x8a, 0xfe, 0xff, 0x8a, 0xfe, 0xff, 0x8a, 0xf6, 0xff, 0x29, 0xee, 0xfe,
  0x48, 0xcd, 0xfe, 0xc5, 0x8b, 0xfb, 0x23, 0x52, 0xfb, 0xe1, 0x20, 0xfd, 0x40, 0x08, 0xfe, 0x00, 0x10, 0xfd, 0x20, 0x18, 0xfd, 0x00, 0x08, 0xfe,
  0x00, 0x00, 0xff, 0x00, 0x00, 0xff, 0xc4, 0x10, 0xfe, 0x0e, 0x43, 0xfd, 0x97, 0x6c, 0xff, 0xf9, 0x74, 0xff, 0xf9, 0x74, 0xff, 0xf9, 0x74, 0xff,
  0xf9, 0x74, 0xff, 0xf9, 0x74, 0xff, 0xf9, 0x74, 0xff, 0xf9, 0x74, 0xff, 0xf9, 0x74, 0xff, 0xf9, 0x74, 0xff, 0xf9, 0x74, 0xff, 0xf9, 0x74, 0xff,
  0xf9, 0x74, 0xff, 0xf9, 0x74, 0xff, 0xf9, 0x74, 0xff, 0xf9, 0x74, 0xff, 0xf9, 0x74, 0xff, 0xf9, 0x74, 0xff, 0xf9, 0x74, 0xff, 0xf9, 0x74, 0xff,
  0xf9, 0x74, 0xff, 0xf9, 0x74, 0xff, 0xf9, 0x74, 0xff, 0xf9, 0x74, 0xff, 0xf9, 0x74, 0xff, 0xf9, 0x74, 0xff, 0xf9, 0x74, 0xff, 0xf9, 0x74, 0xff,
  0xf9, 0x74, 0xff, 0xf9, 0x74, 0xff, 0xf9, 0x74, 0xff, 0xf9, 0x74, 0xff, 0xf9, 0x74, 0xff, 0xf9, 0x74, 0xff, 0xf9, 0x74, 0xff, 0xf9, 0x74, 0xff,
  0xf9, 0x74, 0xff, 0xf9, 0x74, 0xff, 0xf9, 0x74, 0xff, 0xf9, 0x74, 0xff, 0xd8, 0x6c, 0xff, 0xf9, 0x74, 0xff, 0xf9, 0x74, 0xff, 0xf9, 0x74, 0xff,
  0xd9, 0x6c, 0xfd, 0x8d, 0x3a, 0xfd, 0x41, 0x00, 0xfe, 0x00, 0x10, 0xfd, 0x00, 0x08, 0xfe, 0x05, 0x19, 0xfc, 0x15, 0x5c, 0xfe, 0xf9, 0x74, 0xff,
  0xf9, 0x74, 0xff, 0xf9, 0x74, 0xff, 0xf9, 0x74, 0xff, 0xd8, 0x6c, 0xff, 0xf9, 0x74, 0xff, 0xf9, 0x74, 0xff, 0xf9, 0x74, 0xff, 0xf9, 0x74, 0xff,
  0xf9, 0x74, 0xff, 0xf9, 0x74, 0xff, 0xf9, 0x74, 0xff, 0xf9, 0x74, 0xff, 0xf9, 0x74, 0xff, 0xf9, 0x74, 0xff, 0xf9, 0x74, 0xff, 0xf9, 0x74, 0xff,
  0xf9, 0x74, 0xff, 0xf9, 0x74, 0xff, 0xf9, 0x74, 0xff, 0xf9, 0x74, 0xff, 0xf9, 0x74, 0xff, 0xf9, 0x74, 0xff, 0xf9, 0x74, 0xff, 0xf9, 0x74, 0xff,
  0xf9, 0x74, 0xff, 0xf9, 0x74, 0xff, 0xf9, 0x74, 0xff, 0xf9, 0x74, 0xff, 0xf9, 0x74, 0xff, 0xf9, 0x74, 0xff, 0xf9, 0x74, 0xff, 0xf9, 0x74, 0xff,
  0xf9, 0x74, 0xff, 0xf9, 0x74, 0xff, 0xf9, 0x74, 0xff, 0xf9, 0x74, 0xff, 0xf9, 0x74, 0xff, 0xf9, 0x74, 0xff, 0xf9, 0x74, 0xff, 0xf9, 0x74, 0xff,
  0xf9, 0x74, 0xff, 0xf9, 0x74, 0xff, 0xd9, 0x6c, 0xfd, 0xb3, 0x53, 0xfe, 0x26, 0x19, 0xfd, 0x41, 0x00, 0xfe, 0x00, 0x00, 0xff, 0x00, 0x00, 0xff,
  0x20, 0x18, 0xfd, 0x20, 0x18, 0xfd, 0x00, 0x08, 0xfe, 0x60, 0x10, 0xfc, 0x82, 0x39, 0xfc, 0x24, 0x7b, 0xfa, 0x87, 0xac, 0xfc, 0xa8, 0xdd, 0xfe,
  0x69, 0xf6, 0xff, 0x8a, 0xfe, 0xff, 0x8a, 0xfe, 0xff, 0x8a, 0xfe, 0xff, 0x8a, 0xfe, 0xff, 0x66, 0xac, 0xfc, 0x40, 0x08, 0xfe, 0x81, 0x58, 0xfc,
  0x02, 0xc9, 0xff, 0x02, 0xc9, 0xff, 0xc1, 0x98, 0xfd, 0x20, 0x28, 0xfd, 0x00, 0x00, 0xff, 0x00, 0x00, 0xff, 0x00, 0x00, 0xdb, 0x00, 0x00, 0x5c,
  0x00, 0x00, 0x03, 0x00, 0x00, 0x00, 0x00, 0x00, 0x00, 0x00, 0x00, 0x00, 0x00, 0x00, 0x00, 0x00, 0x00, 0x00, 0x00, 0x00, 0x00, 0x00, 0x00, 0x00,
  0x00, 0x00, 0x00, 0x00, 0x00, 0x00, 0x00, 0x00, 0x00, 0x00, 0x00, 0x00, 0x00, 0x00, 0x00, 0x00, 0x00, 0x00, 0x00, 0x00, 0x00, 0x00, 0x00, 0x00,
  0x00, 0x00, 0x00, 0x00, 0x00, 0x00, 0x00, 0x00, 0x00, 0x00, 0x00, 0x00, 0x00, 0x00, 0x00, 0x00, 0x00, 0x00, 0x00, 0x00, 0x00, 0x00, 0x00, 0x00,
  0x00, 0x00, 0x00, 0x00, 0x00, 0x00, 0x00, 0x00, 0x00, 0x00, 0x00, 0x00, 0x00, 0x00, 0x00, 0x00, 0x00, 0x00, 0x00, 0x00, 0x00, 0x00, 0x00, 0x00,
  0x00, 0x00, 0x00, 0x00, 0x00, 0x00, 0x00, 0x00, 0x00, 0x00, 0x00, 0x00, 0x00, 0x00, 0x00, 0x00, 0x00, 0x00, 0x00, 0x00, 0x00, 0x00, 0x00, 0x00,
  0x00, 0x00, 0x00, 0x00, 0x00, 0x00, 0x00, 0x00, 0x00, 0x00, 0x00, 0x00, 0x00, 0x00, 0x00, 0x00, 0x00, 0x00, 0x00, 0x00, 0x00, 0x00, 0x00, 0x02,
  0x00, 0x00, 0x3c, 0x00, 0x00, 0xc5, 0x00, 0x00, 0xff, 0x00, 0x00, 0xff, 0x00, 0x10, 0xfd, 0xa1, 0x80, 0xfd, 0x02, 0xc9, 0xff, 0xc1, 0x88, 0xfd,
  0x00, 0x10, 0xfd, 0x43, 0x52, 0xfb, 0x69, 0xf6, 0xff, 0x8a, 0xfe, 0xff, 0x29, 0xee, 0xfe, 0xe7, 0xbc, 0xfd, 0x24, 0x7b, 0xfa, 0xc2, 0x41, 0xfc,
  0xa1, 0x18, 0xfd, 0x00, 0x08, 0xfe, 0x00, 0x10, 0xfd, 0x40, 0x30, 0xfd, 0x81, 0x68, 0xfd, 0xc1, 0x90, 0xfd, 0xe2, 0xa8, 0xfe, 0x81, 0x58, 0xfc,
  0x00, 0x08, 0xfe, 0x00, 0x00, 0xff, 0x00, 0x00, 0xff, 0x41, 0x00, 0xfe, 0xc9, 0x29, 0xfc, 0x35, 0x64, 0xff, 0xf9, 0x74, 0xff, 0xf9, 0x74, 0xff,
  0xf9, 0x74, 0xff, 0xf9, 0x74, 0xff, 0xf9, 0x74, 0xff, 0xf9, 0x74, 0xff, 0xf9, 0x74, 0xff, 0xf9, 0x74, 0xff, 0xf9, 0x74, 0xff, 0xf9, 0x74, 0xff,
  0xf9, 0x74, 0xff, 0xf9, 0x74, 0xff, 0xf9, 0x74, 0xff, 0xf9, 0x74, 0xff, 0xf9, 0x74, 0xff, 0xf9, 0x74, 0xff, 0xf9, 0x74, 0xff, 0xf9, 0x74, 0xff,
  0xf9, 0x74, 0xff, 0xf9, 0x74, 0xff, 0xf9, 0x74, 0xff, 0xf9, 0x74, 0xff, 0xf9, 0x74, 0xff, 0xf9, 0x74, 0xff, 0xf9, 0x74, 0xff, 0xf9, 0x74, 0xff,
  0xf9, 0x74, 0xff, 0xf9, 0x74, 0xff, 0xf9, 0x74, 0xff, 0xf9, 0x74, 0xff, 0xf9, 0x74, 0xff, 0xf9, 0x74, 0xff, 0xf9, 0x74, 0xff, 0xf9, 0x74, 0xff,
  0xf9, 0x74, 0xff, 0xf9, 0x74, 0xff, 0xf9, 0x74, 0xff, 0x97, 0x6c, 0xff, 0x0e, 0x43, 0xfd, 0x35, 0x64, 0xff, 0xd8, 0x6c, 0xff, 0xf9, 0x74, 0xff,
  0xb3, 0x53, 0xfe, 0x83, 0x08, 0xfe, 0x00, 0x10, 0xfd, 0xa1, 0x80, 0xfd, 0x60, 0x48, 0xfc, 0x00, 0x00, 0xff, 0xc9, 0x29, 0xfc, 0x97, 0x6c, 0xff,
  0xf9, 0x74, 0xff, 0xb8, 0x6c, 0xff, 0xb3, 0x53, 0xfe, 0xb3, 0x53, 0xfe, 0xf9, 0x74, 0xff, 0xf9, 0x74, 0xff, 0xf9, 0x74, 0xff, 0xf9, 0x74, 0xff,
  0xf9, 0x74, 0xff, 0xf9, 0x74, 0xff, 0xf9, 0x74, 0xff, 0xf9, 0x74, 0xff, 0xf9, 0x74, 0xff, 0xf9, 0x74, 0xff, 0xf9, 0x74, 0xff, 0xf9, 0x74, 0xff,
  0xf9, 0x74, 0xff, 0xf9, 0x74, 0xff, 0xf9, 0x74, 0xff, 0xf9, 0x74, 0xff, 0xf9, 0x74, 0xff, 0xf9, 0x74, 0xff, 0xf9, 0x74, 0xff, 0xf9, 0x74, 0xff,
  0xf9, 0x74, 0xff, 0xf9, 0x74, 0xff, 0xf9, 0x74, 0xff, 0xf9, 0x74, 0xff, 0xf9, 0x74, 0xff, 0xf9, 0x74, 0xff, 0xf9, 0x74, 0xff, 0xf9, 0x74, 0xff,
  0xf9, 0x74, 0xff, 0xf9, 0x74, 0xff, 0xf9, 0x74, 0xff, 0xf9, 0x74, 0xff, 0xf9, 0x74, 0xff, 0xf9, 0x74, 0xff, 0xf9, 0x74, 0xff, 0xf9, 0x74, 0xff,
  0xf9, 0x74, 0xff, 0x97, 0x6c, 0xff, 0xee, 0x42, 0xfe, 0x83, 0x08, 0xfe, 0x00, 0x00, 0xff, 0x00, 0x00, 0xff, 0x00, 0x08, 0xfe, 0x40, 0x40, 0xfd,
  0xc1, 0x98, 0xfd, 0xe2, 0xa8, 0xfe, 0xa1, 0x78, 0xfd, 0x60, 0x48, 0xfc, 0x20, 0x18, 0xfd, 0x00, 0x08, 0xfe, 0x40, 0x08, 0xfe, 0x21, 0x29, 0xfb,
  0xc4, 0x6a, 0xfb, 0x66, 0xac, 0xfc, 0xa8, 0xdd, 0xfe, 0x6a, 0xf6, 0xff, 0x8a, 0xfe, 0xff, 0xa8, 0xdd, 0xfe, 0x21, 0x29, 0xfb, 0x20, 0x28, 0xfd,
  0xe2, 0xb8, 0xfe, 0xe2, 0xa8, 0xfe, 0x40, 0x30, 0xfd, 0x00, 0x00, 0xff, 0x00, 0x00, 0xff, 0x00, 0x00, 0xe4, 0x00, 0x00, 0x54, 0x00, 0x00, 0x03,
  0x00, 0x00, 0x00, 0x00, 0x00, 0x00, 0x00, 0x00, 0x00, 0x00, 0x00, 0x00, 0x00, 0x00, 0x00, 0x00, 0x00, 0x00, 0x00, 0x00, 0x00, 0x00, 0x00, 0x00,
  0x00, 0x00, 0x00, 0x00, 0x00, 0x00, 0x00, 0x00, 0x00, 0x00, 0x00, 0x00, 0x00, 0x00, 0x00, 0x00, 0x00, 0x00, 0x00, 0x00, 0x00, 0x00, 0x00, 0x00,
  0x00, 0x00, 0x00, 0x00, 0x00, 0x00, 0x00, 0x00, 0x00, 0x00, 0x00, 0x00, 0x00, 0x00, 0x00, 0x00, 0x00, 0x00, 0x00, 0x00, 0x00, 0x00, 0x00, 0x00,
  0x00, 0x00, 0x00, 0x00, 0x00, 0x00, 0x00, 0x00, 0x00, 0x00, 0x00, 0x00, 0x00, 0x00, 0x00, 0x00, 0x00, 0x00, 0x00, 0x00, 0x00, 0x00, 0x00, 0x00,
  0x00, 0x00, 0x00, 0x00, 0x00, 0x00, 0x00, 0x00, 0x00, 0x00, 0x00, 0x00, 0x00, 0x00, 0x00, 0x00, 0x00, 0x00, 0x00, 0x00, 0x00, 0x00, 0x00, 0x00,
  0x00, 0x00, 0x00, 0x00, 0x00, 0x00, 0x00, 0x00, 0x00, 0x00, 0x00, 0x00, 0x00, 0x00, 0x00, 0x00, 0x00, 0x00, 0x00, 0x00, 0x00, 0x00, 0x00, 0x00,
  0x00, 0x00, 0x03, 0x00, 0x00, 0x45, 0x00, 0x00, 0xdb, 0x00, 0x00, 0xff, 0x00, 0x00, 0xff, 0x20, 0x20, 0xfd, 0xc1, 0x90, 0xfd, 0x61, 0x58, 0xfc,
  0x00, 0x08, 0xfe, 0xa5, 0x8b, 0xfc, 0x48, 0xcd, 0xfe, 0x26, 0x9c, 0xfc, 0x43, 0x52, 0xfb, 0xa1, 0x18, 0xfd, 0x00, 0x08, 0xfe, 0x00, 0x08, 0xfe,
  0x20, 0x28, 0xfd, 0x61, 0x50, 0xfc, 0xa1, 0x88, 0xfb, 0xe2, 0xb8, 0xfe, 0x02, 0xc1, 0xff, 0x02, 0xc9, 0xff, 0x02, 0xc9, 0xff, 0x02, 0xb9, 0xff,
  0x81, 0x70, 0xfc, 0x20, 0x18, 0xfd, 0x00, 0x00, 0xff, 0x00, 0x00, 0xff, 0x00, 0x00, 0xff, 0x67, 0x21, 0xfd, 0xb3, 0x53, 0xfe, 0xd9, 0x6c, 0xfd,
  0xf9, 0x74, 0xff, 0xf9, 0x74, 0xff, 0xf9, 0x74, 0xff, 0xf9, 0x74, 0xff, 0xf9, 0x74, 0xff, 0xf9, 0x74, 0xff, 0xf9, 0x74, 0xff, 0xf9, 0x74, 0xff,
  0xf9, 0x74, 0xff, 0xf9, 0x74, 0xff, 0xf9, 0x74, 0xff, 0xf9, 0x74, 0xff, 0xf9, 0x74, 0xff, 0xf9, 0x74, 0xff, 0xf9, 0x74, 0xff, 0xf9, 0x74, 0xff,
  0xf9, 0x74, 0xff, 0xf9, 0x74, 0xff, 0xf9, 0x74, 0xff, 0xf9, 0x74, 0xff, 0xf9, 0x74, 0xff, 0xf9, 0x74, 0xff, 0xf9, 0x74, 0xff, 0xf9, 0x74, 0xff,
  0xf9, 0x74, 0xff, 0xf9, 0x74, 0xff, 0xf9, 0x74, 0xff, 0xf9, 0x74, 0xff, 0xf9, 0x74, 0xff, 0xf9, 0x74, 0xff, 0xf9, 0x74, 0xff, 0xf9, 0x74, 0xff,
  0xf9, 0x74, 0xff, 0xf9, 0x74, 0xff, 0xf9, 0x74, 0xff, 0x76, 0x64, 0xff, 0xc4, 0x10, 0xfe, 0x26, 0x19, 0xfd, 0x0e, 0x43, 0xfd, 0x15, 0x5c, 0xfe,
  0xc9, 0x29, 0xfc, 0x00, 0x08, 0xfe, 0x61, 0x58, 0xfc, 0x02, 0xc1, 0xff, 0xc1, 0x98, 0xfd, 0x20, 0x20, 0xfd, 0x62, 0x00, 0xfd, 0x50, 0x4b, 0xfd,
  0xb3, 0x53, 0xfe, 0x2b, 0x32, 0xfd, 0x83, 0x08, 0xfe, 0x6c, 0x3a, 0xfe, 0xf9, 0x74, 0xff, 0xf9, 0x74, 0xff, 0xf9, 0x74, 0xff, 0xf9, 0x74, 0xff,
  0xf9, 0x74, 0xff, 0xf9, 0x74, 0xff, 0xf9, 0x74, 0xff, 0xf9, 0x74, 0xff, 0xf9, 0x74, 0xff, 0xf9, 0x74, 0xff, 0xf9, 0x74, 0xff, 0xf9, 0x74, 0xff,
  0xf9, 0x74, 0xff, 0xf9, 0x74, 0xff, 0xf9, 0x74, 0xff, 0xf9, 0x74, 0xff, 0xf9, 0x74, 0xff, 0xf9, 0x74, 0xff, 0xf9, 0x74, 0xff, 0xf9, 0x74, 0xff,
  0xf9, 0x74, 0xff, 0xf9, 0x74, 0xff, 0xf9, 0x74, 0xff, 0xf9, 0x74, 0xff, 0xf9, 0x74, 0xff, 0xf9, 0x74, 0xff, 0xf9, 0x74, 0xff, 0xf9, 0x74, 0xff,
  0xf9, 0x74, 0xff, 0xf9, 0x74, 0xff, 0xf9, 0x74, 0xff, 0xf9, 0x74, 0xff, 0xf9, 0x74, 0xff, 0xf9, 0x74, 0xff, 0xf9, 0x74, 0xff, 0xd8, 0x6c, 0xff,
  0x35, 0x64, 0xff, 0x6c, 0x3a, 0xfe, 0x62, 0x00, 0xfd, 0x00, 0x00, 0xff, 0x00, 0x00, 0xff, 0x00, 0x08, 0xfe, 0x61, 0x50, 0xfc, 0xe2, 0xb0, 0xfe,
  0x02, 0xc9, 0xff, 0x02, 0xc9, 0xff, 0x02, 0xc9, 0xff, 0x02, 0xc1, 0xff, 0xc1, 0x98, 0xfd, 0x81, 0x68, 0xfd, 0x40, 0x38, 0xfd, 0x00, 0x10, 0xfd,
  0x00, 0x08, 0xfe, 0x60, 0x10, 0xfc, 0x62, 0x31, 0xfc, 0x24, 0x7b, 0xfa, 0xe7, 0xbc, 0xfd, 0xa8, 0xdd, 0xfe, 0x23, 0x52, 0xfb, 0x00, 0x10, 0xfd,
  0xa1, 0x78, 0xfd, 0x60, 0x48, 0xfc, 0x00, 0x00, 0xff, 0x00, 0x00, 0xff, 0x00, 0x00, 0xf4, 0x00, 0x00, 0x84, 0x00, 0x00, 0x0c, 0x00, 0x00, 0x00,
  0x00, 0x00, 0x00, 0x00, 0x00, 0x00, 0x00, 0x00, 0x00, 0x00, 0x00, 0x00, 0x00, 0x00, 0x00, 0x00, 0x00, 0x00, 0x00, 0x00, 0x00, 0x00, 0x00, 0x00,
  0x00, 0x00, 0x00, 0x00, 0x00, 0x00, 0x00, 0x00, 0x00, 0x00, 0x00, 0x00, 0x00, 0x00, 0x00, 0x00, 0x00, 0x00, 0x00, 0x00, 0x00, 0x00, 0x00, 0x00,
  0x00, 0x00, 0x00, 0x00, 0x00, 0x00, 0x00, 0x00, 0x00, 0x00, 0x00, 0x00, 0x00, 0x00, 0x00, 0x00, 0x00, 0x00, 0x00, 0x00, 0x00, 0x00, 0x00, 0x00,
  0x00, 0x00, 0x00, 0x00, 0x00, 0x00, 0x00, 0x00, 0x00, 0x00, 0x00, 0x00, 0x00, 0x00, 0x00, 0x00, 0x00, 0x00, 0x00, 0x00, 0x00, 0x00, 0x00, 0x00,
  0x00, 0x00, 0x00, 0x00, 0x00, 0x00, 0x00, 0x00, 0x00, 0x00, 0x00, 0x00, 0x00, 0x00, 0x00, 0x00, 0x00, 0x00, 0x00, 0x00, 0x00, 0x00, 0x00, 0x00,
  0x00, 0x00, 0x00, 0x00, 0x00, 0x00, 0x00, 0x00, 0x00, 0x00, 0x00, 0x00, 0x00, 0x00, 0x00, 0x00, 0x00, 0x00, 0x00, 0x00, 0x00, 0x00, 0x00, 0x00,
  0x00, 0x00, 0x00, 0x00, 0x00, 0x03, 0x00, 0x00, 0x5c, 0x00, 0x00, 0xe4, 0x00, 0x00, 0xff, 0x00, 0x00, 0xff, 0x20, 0x20, 0xfd, 0x00, 0x10, 0xfd,
  0x00, 0x00, 0xff, 0x21, 0x29, 0xfb, 0xa1, 0x18, 0xfd, 0x40, 0x08, 0xfe, 0x00, 0x10, 0xfd, 0x40, 0x30, 0xfd, 0x81, 0x58, 0xfc, 0xc1, 0x88, 0xfd,
  0xe2, 0xb0, 0xfe, 0x02, 0xc1, 0xff, 0x02, 0xc9, 0xff, 0x02, 0xc9, 0xff, 0x02, 0xc9, 0xff, 0x02, 0xc9, 0xff, 0x02, 0xc9, 0xff, 0x02, 0xc9, 0xff,
  0x02, 0xc1, 0xff, 0xc1, 0x90, 0xfd, 0x40, 0x30, 0xfd, 0x00, 0x00, 0xff, 0x00, 0x00, 0xff, 0x00, 0x00, 0xff, 0xa3, 0x10, 0xfe, 0x6c, 0x3a, 0xfe,
  0x35, 0x64, 0xff, 0xf9, 0x74, 0xff, 0xf9, 0x74, 0xff, 0xf9, 0x74, 0xff, 0xf9, 0x74, 0xff, 0xf9, 0x74, 0xff, 0xf9, 0x74, 0xff, 0xf9, 0x74, 0xff,
  0xf9, 0x74, 0xff, 0xf9, 0x74, 0xff, 0xf9, 0x74, 0xff, 0xf9, 0x74, 0xff, 0xf9, 0x74, 0xff, 0xf9, 0x74, 0xff, 0xf9, 0x74, 0xff, 0xf9, 0x74, 0xff,
  0xf9, 0x74, 0xff, 0xf9, 0x74, 0xff, 0xf9, 0x74, 0xff, 0xf9, 0x74, 0xff, 0xf9, 0x74, 0xff, 0xf9, 0x74, 0xff, 0xf9, 0x74, 0xff, 0xf9, 0x74, 0xff,
  0xf9, 0x74, 0xff, 0xf9, 0x74, 0xff, 0xf9, 0x74, 0xff, 0xf9, 0x74, 0xff, 0xf9, 0x74, 0xff, 0xf9, 0x74, 0xff, 0xf9, 0x74, 0xff, 0xf9, 0x74, 0xff,
  0xf9, 0x74, 0xff, 0xf9, 0x74, 0xff, 0xf9, 0x74, 0xff, 0x76, 0x64, 0xff, 0xc4, 0x10, 0xfe, 0x00, 0x00, 0xff, 0x41, 0x00, 0xfe, 0xa3, 0x10, 0xfe,
  0x41, 0x00, 0xfe, 0x40, 0x40, 0xfd, 0xe2, 0xb8, 0xfe, 0x02, 0xc9, 0xff, 0x02, 0xc9, 0xff, 0xa1, 0x80, 0xfd, 0x00, 0x10, 0xfd, 0x62, 0x00, 0xfd,
  0x83, 0x08, 0xfe, 0x00, 0x00, 0xff, 0x00, 0x00, 0xff, 0x6c, 0x3a, 0xfe, 0xf9, 0x74, 0xff, 0xf9, 0x74, 0xff, 0xf9, 0x74, 0xff, 0xf9, 0x74, 0xff,
  0xf9, 0x74, 0xff, 0xf9, 0x74, 0xff, 0xf9, 0x74, 0xff, 0xf9, 0x74, 0xff, 0xf9, 0x74, 0xff, 0xf9, 0x74, 0xff, 0xf9, 0x74, 0xff, 0xf9, 0x74, 0xff,
  0xf9, 0x74, 0xff, 0xf9, 0x74, 0xff, 0xf9, 0x74, 0xff, 0xf9, 0x74, 0xff, 0xf9, 0x74, 0xff, 0xf9, 0x74, 0xff, 0xf9, 0x74, 0xff, 0xf9, 0x74, 0xff,
  0xf9, 0x74, 0xff, 0xf9, 0x74, 0xff, 0xf9, 0x74, 0xff, 0xf9, 0x74, 0xff, 0xf9, 0x74, 0xff, 0xf9, 0x74, 0xff, 0xf9, 0x74, 0xff, 0xf9, 0x74, 0xff,
  0xf9, 0x74, 0xff, 0xf9, 0x74, 0xff, 0xf9, 0x74, 0xff, 0xf9, 0x74, 0xff, 0xf9, 0x74, 0xff, 0xf9, 0x74, 0xff, 0xb8, 0x6c, 0xff, 0x50, 0x4b, 0xfd,
  0x05, 0x19, 0xfc, 0x00, 0x00, 0xff, 0x00, 0x00, 0xff, 0x00, 0x00, 0xff, 0x20, 0x18, 0xfd, 0x81, 0x70, 0xfc, 0x02, 0xc1, 0xff, 0x02, 0xc9, 0xff,
  0x02, 0xc9, 0xff, 0x02, 0xc9, 0xff, 0x02, 0xc9, 0xff, 0x02, 0xc9, 0xff, 0x02, 0xc9, 0xff, 0x02, 0xc9, 0xff, 0x02, 0xc1, 0xff, 0xe2, 0xa0, 0xfd,
  0x81, 0x70, 0xfc, 0x40, 0x40, 0xfd, 0x20, 0x18, 0xfd, 0x00, 0x08, 0xfe, 0x60, 0x10, 0xfc, 0x62, 0x31, 0xfc, 0x21, 0x29, 0xfb, 0x00, 0x00, 0xff,
  0x00, 0x10, 0xfd, 0x00, 0x00, 0xff, 0x00, 0x00, 0xff, 0x00, 0x00, 0xf4, 0x00, 0x00, 0x94, 0x00, 0x00, 0x14, 0x00, 0x00, 0x00, 0x00, 0x00, 0x00,
  0x00, 0x00, 0x00, 0x00, 0x00, 0x00, 0x00, 0x00, 0x00, 0x00, 0x00, 0x00, 0x00, 0x00, 0x00, 0x00, 0x00, 0x00, 0x00, 0x00, 0x00, 0x00, 0x00, 0x00,
  0x00, 0x00, 0x00, 0x00, 0x00, 0x00, 0x00, 0x00, 0x00, 0x00, 0x00, 0x00, 0x00, 0x00, 0x00, 0x00, 0x00, 0x00, 0x00, 0x00, 0x00, 0x00, 0x00, 0x00,
  0x00, 0x00, 0x00, 0x00, 0x00, 0x00, 0x00, 0x00, 0x00, 0x00, 0x00, 0x00, 0x00, 0x00, 0x00, 0x00, 0x00, 0x00, 0x00, 0x00, 0x00, 0x00, 0x00, 0x00,
  0x00, 0x00, 0x00, 0x00, 0x00, 0x00, 0x00, 0x00, 0x00, 0x00, 0x00, 0x00, 0x00, 0x00, 0x00, 0x00, 0x00, 0x00, 0x00, 0x00, 0x00, 0x00, 0x00, 0x00,
  0x00, 0x00, 0x00, 0x00, 0x00, 0x00, 0x00, 0x00, 0x00, 0x00, 0x00, 0x00, 0x00, 0x00, 0x00, 0x00, 0x00, 0x00, 0x00, 0x00, 0x00, 0x00, 0x00, 0x00,
  0x00, 0x00, 0x00, 0x00, 0x00, 0x00, 0x00, 0x00, 0x00, 0x00, 0x00, 0x00, 0x00, 0x00, 0x00, 0x00, 0x00, 0x00, 0x00, 0x00, 0x00, 0x00, 0x00, 0x00,
  0x00, 0x00, 0x00, 0x00, 0x00, 0x00, 0x00, 0x00, 0x0c, 0x00, 0x00, 0x63, 0x00, 0x00, 0xe4, 0x00, 0x00, 0xff, 0x00, 0x00, 0xff, 0x00, 0x00, 0xff,
  0x00, 0x00, 0xff, 0x00, 0x10, 0xfd, 0x40, 0x38, 0xfd, 0x81, 0x60, 0xfd, 0xc1, 0x98, 0xfd, 0x02, 0xb9, 0xff, 0x02, 0xc9, 0xff, 0x02, 0xc9, 0xff,
  0x02, 0xc9, 0xff, 0x02, 0xc9, 0xff, 0x02, 0xc9, 0xff, 0x02, 0xc9, 0xff, 0x02, 0xc9, 0xff, 0x02, 0xc9, 0xff, 0x02, 0xc9, 0xff, 0x02, 0xc9, 0xff,
  0x02, 0xc9, 0xff, 0x02, 0xc9, 0xff, 0xe2, 0xb0, 0xfe, 0x81, 0x58, 0xfc, 0x00, 0x10, 0xfd, 0x00, 0x00, 0xff, 0x00, 0x00, 0xff, 0x00, 0x00, 0xff,
  0x26, 0x19, 0xfd, 0x50, 0x4b, 0xfd, 0xb8, 0x6c, 0xff, 0xf9, 0x74, 0xff, 0xf9, 0x74, 0xff, 0xf9, 0x74, 0xff, 0xf9, 0x74, 0xff, 0xf9, 0x74, 0xff,
  0xf9, 0x74, 0xff, 0xf9, 0x74, 0xff, 0xf9, 0x74, 0xff, 0xf9, 0x74, 0xff, 0xf9, 0x74, 0xff, 0xf9, 0x74, 0xff, 0xf9, 0x74, 0xff, 0xf9, 0x74, 0xff,
  0xf9, 0x74, 0xff, 0xf9, 0x74, 0xff, 0xf9, 0x74, 0xff, 0xf9, 0x74, 0xff, 0xf9, 0x74, 0xff, 0xf9, 0x74, 0xff, 0xf9, 0x74, 0xff, 0xf9, 0x74, 0xff,
  0xf9, 0x74, 0xff, 0xf9, 0x74, 0xff, 0xf9, 0x74, 0xff, 0xf9, 0x74, 0xff, 0xf9, 0x74, 0xff, 0xf9, 0x74, 0xff, 0xf9, 0x74, 0xff, 0xf9, 0x74, 0xff,
  0xf9, 0x74, 0xff, 0xf9, 0x74, 0xff, 0xf9, 0x74, 0xff, 0x76, 0x64, 0xff, 0xc4, 0x10, 0xfe, 0x20, 0x20, 0xfd, 0x61, 0x50, 0xfc, 0x20, 0x18, 0xfd,
  0x20, 0x20, 0xfd, 0xe2, 0xa0, 0xfd, 0x02, 0xc9, 0xff, 0x02, 0xc9, 0xff, 0x02, 0xc9, 0xff, 0x02, 0xc1, 0xff, 0x81, 0x60, 0xfd, 0x00, 0x10, 0xfd,
  0x40, 0x30, 0xfd, 0x60, 0x48, 0xfc, 0x00, 0x08, 0xfe, 0x6c, 0x3a, 0xfe, 0xf9, 0x74, 0xff, 0xf9, 0x74, 0xff, 0xf9, 0x74, 0xff, 0xf9, 0x74, 0xff,
  0xf9, 0x74, 0xff, 0xf9, 0x74, 0xff, 0xf9, 0x74, 0xff, 0xf9, 0x74, 0xff, 0xf9, 0x74, 0xff, 0xf9, 0x74, 0xff, 0xf9, 0x74, 0xff, 0xf9, 0x74, 0xff,
  0xf9, 0x74, 0xff, 0xf9, 0x74, 0xff, 0xf9, 0x74, 0xff, 0xf9, 0x74, 0xff, 0xf9, 0x74, 0xff, 0xf9, 0x74, 0xff, 0xf9, 0x74, 0xff, 0xf9, 0x74, 0xff,
  0xf9, 0x74, 0xff, 0xf9, 0x74, 0xff, 0xf9, 0x74, 0xff, 0xf9, 0x74, 0xff, 0xf9, 0x74, 0xff, 0xf9, 0x74, 0xff, 0xf9, 0x74, 0xff, 0xf9, 0x74, 0xff,
  0xf9, 0x74, 0xff, 0xf9, 0x74, 0xff, 0xf9, 0x74, 0xff, 0xf9, 0x74, 0xff, 0xd9, 0x6c, 0xfd, 0xf4, 0x5b, 0xfe, 0xea, 0x29, 0xfe, 0x62, 0x00, 0xfd,
  0x00, 0x00, 0xff, 0x00, 0x00, 0xff, 0x00, 0x08, 0xfe, 0x40, 0x40, 0xfd, 0xe2, 0xa0, 0xfd, 0x02, 0xc1, 0xff, 0x02, 0xc9, 0xff, 0x02, 0xc9, 0xff,
  0x02, 0xc9, 0xff, 0x02, 0xc9, 0xff, 0x02, 0xc9, 0xff, 0x02, 0xc9, 0xff, 0x02, 0xc9, 0xff, 0x02, 0xc9, 0xff, 0x02, 0xc9, 0xff, 0x02, 0xc9, 0xff,
  0x02, 0xc9, 0xff, 0x02, 0xc1, 0xff, 0xe2, 0xa8, 0xfe, 0xa1, 0x78, 0xfd, 0x60, 0x48, 0xfc, 0x20, 0x20, 0xfd, 0x00, 0x08, 0xfe, 0x00, 0x00, 0xff,
  0x00, 0x00, 0xff, 0x00, 0x00, 0xff, 0x00, 0x00, 0xf4, 0x00, 0x00, 0x8d, 0x00, 0x00, 0x1c, 0x00, 0x00, 0x00, 0x00, 0x00, 0x00, 0x00, 0x00, 0x00,
  0x00, 0x00, 0x00, 0x00, 0x00, 0x00, 0x00, 0x00, 0x00, 0x00, 0x00, 0x00, 0x00, 0x00, 0x00, 0x00, 0x00, 0x00, 0x00, 0x00, 0x00, 0x00, 0x00, 0x00,
  0x00, 0x00, 0x00, 0x00, 0x00, 0x00, 0x00, 0x00, 0x00, 0x00, 0x00, 0x00, 0x00, 0x00, 0x00, 0x00, 0x00, 0x00, 0x00, 0x00, 0x00, 0x00, 0x00, 0x00,
  0x00, 0x00, 0x00, 0x00, 0x00, 0x00, 0x00, 0x00, 0x00, 0x00, 0x00, 0x00, 0x00, 0x00, 0x00, 0x00, 0x00, 0x00, 0x00, 0x00, 0x00, 0x00, 0x00, 0x00,
  0x00, 0x00, 0x00, 0x00, 0x00, 0x00, 0x00, 0x00, 0x00, 0x00, 0x00, 0x00, 0x00, 0x00, 0x00, 0x00, 0x00, 0x00, 0x00, 0x00, 0x00, 0x00, 0x00, 0x00,
  0x00, 0x00, 0x00, 0x00, 0x00, 0x00, 0x00, 0x00, 0x00, 0x00, 0x00, 0x00, 0x00, 0x00, 0x00, 0x00, 0x00, 0x00, 0x00, 0x00, 0x00, 0x00, 0x00, 0x00,
  0x00, 0x00, 0x00, 0x00, 0x00, 0x00, 0x00, 0x00, 0x00, 0x00, 0x00, 0x00, 0x00, 0x00, 0x00, 0x00, 0x00, 0x00, 0x00, 0x00, 0x00, 0x00, 0x00, 0x00,
  0x00, 0x00, 0x00, 0x00, 0x00, 0x00, 0x00, 0x00, 0x00, 0x00, 0x00, 0x0c, 0x00, 0x00, 0x5c, 0x00, 0x00, 0xe4, 0x00, 0x00, 0xff, 0x00, 0x00, 0xff,
  0x00, 0x08, 0xfe, 0x81, 0x70, 0xfc, 0x02, 0xb9, 0xff, 0x02, 0xc9, 0xff, 0x02, 0xc9, 0xff, 0x02, 0xc9, 0xff, 0x02, 0xc9, 0xff, 0x02, 0xc9, 0xff,
  0x02, 0xc9, 0xff, 0x02, 0xc9, 0xff, 0x02, 0xc9, 0xff, 0x02, 0xc9, 0xff, 0x02, 0xc9, 0xff, 0x02, 0xc9, 0xff, 0x02, 0xc9, 0xff, 0x02, 0xc9, 0xff,
  0x02, 0xc9, 0xff, 0x02, 0xc9, 0xff, 0x02, 0xc9, 0xff, 0x02, 0xc1, 0xff, 0xc1, 0x90, 0xfd, 0x20, 0x20, 0xfd, 0x00, 0x00, 0xff, 0x00, 0x00, 0xff,
  0x00, 0x00, 0xff, 0x62, 0x00, 0xfd, 0xc9, 0x29, 0xfc, 0x15, 0x5c, 0xfe, 0xd8, 0x6c, 0xff, 0xf9, 0x74, 0xff, 0xf9, 0x74, 0xff, 0xf9, 0x74, 0xff,
  0xf9, 0x74, 0xff, 0xf9, 0x74, 0xff, 0xf9, 0x74, 0xff, 0xf9, 0x74, 0xff, 0xf9, 0x74, 0xff, 0xf9, 0x74, 0xff, 0xf9, 0x74, 0xff, 0xf9, 0x74, 0xff,
  0xf9, 0x74, 0xff, 0xf9, 0x74, 0xff, 0xf9, 0x74, 0xff, 0xf9, 0x74, 0xff, 0xf9, 0x74, 0xff, 0xf9, 0x74, 0xff, 0xf9, 0x74, 0xff, 0xf9, 0x74, 0xff,
  0xf9, 0x74, 0xff, 0xf9, 0x74, 0xff, 0xf9, 0x74, 0xff, 0xf9, 0x74, 0xff, 0xf9, 0x74, 0xff, 0xf9, 0x74, 0xff, 0xf9, 0x74, 0xff, 0xf9, 0x74, 0xff,
  0xf9, 0x74, 0xff, 0xf9, 0x74, 0xff, 0xf9, 0x74, 0xff, 0x76, 0x64, 0xff, 0xc4, 0x10, 0xfe, 0x40, 0x40, 0xfd, 0x02, 0xc1, 0xff, 0xe2, 0xa0, 0xfd,
  0xc1, 0x98, 0xfd, 0x02, 0xc9, 0xff, 0x02, 0xc9, 0xff, 0x02, 0xc9, 0xff, 0x02, 0xc9, 0xff, 0x02, 0xc9, 0xff, 0x02, 0xb9, 0xff, 0xc1, 0x90, 0xfd,
  0x02, 0xb9, 0xff, 0xc1, 0x90, 0xfd, 0x00, 0x08, 0xfe, 0x6c, 0x3a, 0xfe, 0xf9, 0x74, 0xff, 0xf9, 0x74, 0xff, 0xf9, 0x74, 0xff, 0xf9, 0x74, 0xff,
  0xf9, 0x74, 0xff, 0xf9, 0x74, 0xff, 0xf9, 0x74, 0xff, 0xf9, 0x74, 0xff, 0xf9, 0x74, 0xff, 0xf9, 0x74, 0xff, 0xf9, 0x74, 0xff, 0xf9, 0x74, 0xff,
  0xf9, 0x74, 0xff, 0xf9, 0x74, 0xff, 0xf9, 0x74, 0xff, 0xf9, 0x74, 0xff, 0xf9, 0x74, 0xff, 0xf9, 0x74, 0xff, 0xf9, 0x74, 0xff, 0xf9, 0x74, 0xff,
  0xf9, 0x74, 0xff, 0xf9, 0x74, 0xff, 0xf9, 0x74, 0xff, 0xf9, 0x74, 0xff, 0xf9, 0x74, 0xff, 0xf9, 0x74, 0xff, 0xf9, 0x74, 0xff, 0xf9, 0x74, 0xff,
  0xf9, 0x74, 0xff, 0xf9, 0x74, 0xff, 0xf9, 0x74, 0xff, 0x97, 0x6c, 0xff, 0x8d, 0x3a, 0xfd, 0x83, 0x08, 0xfe, 0x00, 0x00, 0xff, 0x00, 0x00, 0xff,
  0x00, 0x00, 0xff, 0x00, 0x08, 0xfe, 0x81, 0x60, 0xfd, 0x02, 0xb9, 0xff, 0x02, 0xc9, 0xff, 0x02, 0xc9, 0xff, 0x02, 0xc9, 0xff, 0x02, 0xc9, 0xff,
  0x02, 0xc9, 0xff, 0x02, 0xc9, 0xff, 0x02, 0xc9, 0xff, 0x02, 0xc9, 0xff, 0x02, 0xc9, 0xff, 0x02, 0xc9, 0xff, 0x02, 0xc9, 0xff, 0x02, 0xc9, 0xff,
  0x02, 0xc9, 0xff, 0x02, 0xc9, 0xff, 0x02, 0xc9, 0xff, 0x02, 0xc9, 0xff, 0x02, 0xc1, 0xff, 0xc1, 0x98, 0xfd, 0x20, 0x20, 0xfd, 0x00, 0x00, 0xff,
  0x00, 0x00, 0xff, 0x00, 0x00, 0xf4, 0x00, 0x00, 0x8d, 0x00, 0x00, 0x14, 0x00, 0x00, 0x00, 0x00, 0x00, 0x00, 0x00, 0x00, 0x00, 0x00, 0x00, 0x00,
  0x00, 0x00, 0x00, 0x00, 0x00, 0x00, 0x00, 0x00, 0x00, 0x00, 0x00, 0x00, 0x00, 0x00, 0x00, 0x00, 0x00, 0x00, 0x00, 0x00, 0x00, 0x00, 0x00, 0x00,
  0x00, 0x00, 0x00, 0x00, 0x00, 0x00, 0x00, 0x00, 0x00, 0x00, 0x00, 0x00, 0x00, 0x00, 0x00, 0x00, 0x00, 0x00, 0x00, 0x00, 0x00, 0x00, 0x00, 0x00,
  0x00, 0x00, 0x00, 0x00, 0x00, 0x00, 0x00, 0x00, 0x00, 0x00, 0x00, 0x00, 0x00, 0x00, 0x00, 0x00, 0x00, 0x00, 0x00, 0x00, 0x00, 0x00, 0x00, 0x00,
  0x00, 0x00, 0x00, 0x00, 0x00, 0x00, 0x00, 0x00, 0x00, 0x00, 0x00, 0x00, 0x00, 0x00, 0x00, 0x00, 0x00, 0x00, 0x00, 0x00, 0x00, 0x00, 0x00, 0x00,
  0x00, 0x00, 0x00, 0x00, 0x00, 0x00, 0x00, 0x00, 0x00, 0x00, 0x00, 0x00, 0x00, 0x00, 0x00, 0x00, 0x00, 0x00, 0x00, 0x00, 0x00, 0x00, 0x00, 0x00,
  0x00, 0x00, 0x00, 0x00, 0x00, 0x00, 0x00, 0x00, 0x00, 0x00, 0x00, 0x00, 0x00, 0x00, 0x00, 0x00, 0x00, 0x00, 0x00, 0x00, 0x00, 0x00, 0x00, 0x00,
  0x00, 0x00, 0x00, 0x00, 0x00, 0x00, 0x00, 0x00, 0x00, 0x00, 0x00, 0x00, 0x00, 0x00, 0x0c, 0x00, 0x00, 0x74, 0x00, 0x00, 0xec, 0x00, 0x00, 0xff,
  0x00, 0x00, 0xff, 0x20, 0x28, 0xfd, 0xc1, 0x98, 0xfd, 0x02, 0xc9, 0xff, 0x02, 0xc9, 0xff, 0x02, 0xc9, 0xff, 0x02, 0xc9, 0xff, 0x02, 0xc9, 0xff,
  0x02, 0xc9, 0xff, 0x02, 0xc9, 0xff, 0x02, 0xc9, 0xff, 0x02, 0xc9, 0xff, 0x02, 0xc9, 0xff, 0x02, 0xc9, 0xff, 0x02, 0xc9, 0xff, 0x02, 0xc9, 0xff,
  0x02, 0xc9, 0xff, 0x02, 0xc9, 0xff, 0x02, 0xc9, 0xff, 0x02, 0xc9, 0xff, 0x02, 0xc9, 0xff, 0xe2, 0xa0, 0xfd, 0x60, 0x48, 0xfc, 0x00, 0x08, 0xfe,
  0x00, 0x00, 0xff, 0x00, 0x00, 0xff, 0x00, 0x00, 0xff, 0xc4, 0x10, 0xfe, 0xee, 0x42, 0xfe, 0x76, 0x64, 0xff, 0xd8, 0x6c, 0xff, 0xf9, 0x74, 0xff,
  0xf9, 0x74, 0xff, 0xf9, 0x74, 0xff, 0xf9, 0x74, 0xff, 0xf9, 0x74, 0xff, 0xf9, 0x74, 0xff, 0xf9, 0x74, 0xff, 0xf9, 0x74, 0xff, 0xf9, 0x74, 0xff,
  0xf9, 0x74, 0xff, 0xf9, 0x74, 0xff, 0xf9, 0x74, 0xff, 0xf9, 0x74, 0xff, 0xf9, 0x74, 0xff, 0xf9, 0x74, 0xff, 0xf9, 0x74, 0xff, 0xf9, 0x74, 0xff,
  0xf9, 0x74, 0xff, 0xf9, 0x74, 0xff, 0xf9, 0x74, 0xff, 0xf9, 0x74, 0xff, 0xf9, 0x74, 0xff, 0xf9, 0x74, 0xff, 0xf9, 0x74, 0xff, 0xf9, 0x74, 0xff,
  0xf9, 0x74, 0xff, 0xf9, 0x74, 0xff, 0xf9, 0x74, 0xff, 0x76, 0x64, 0xff, 0xc4, 0x10, 0xfe, 0x40, 0x40, 0xfd, 0x02, 0xc9, 0xff, 0x02, 0xc9, 0xff,
  0x02, 0xc9, 0xff, 0x02, 0xc9, 0xff, 0x02, 0xc9, 0xff, 0x02, 0xc9, 0xff, 0x02, 0xc9, 0xff, 0x02, 0xc9, 0xff, 0x02, 0xc9, 0xff, 0x02, 0xc9, 0xff,
  0x02, 0xc9, 0xff, 0xc1, 0x90, 0xfd, 0x00, 0x08, 0xfe, 0x6c, 0x3a, 0xfe, 0xf9, 0x74, 0xff, 0xf9, 0x74, 0xff, 0xf9, 0x74, 0xff, 0xf9, 0x74, 0xff,
  0xf9, 0x74, 0xff, 0xf9, 0x74, 0xff, 0xf9, 0x74, 0xff, 0xf9, 0x74, 0xff, 0xf9, 0x74, 0xff, 0xf9, 0x74, 0xff, 0xf9, 0x74, 0xff, 0xf9, 0x74, 0xff,
  0xf9, 0x74, 0xff, 0xf9, 0x74, 0xff, 0xf9, 0x74, 0xff, 0xf9, 0x74, 0xff, 0xf9, 0x74, 0xff, 0xf9, 0x74, 0xff, 0xf9, 0x74, 0xff, 0xf9, 0x74, 0xff,
  0xf9, 0x74, 0xff, 0xf9, 0x74, 0xff, 0xf9, 0x74, 0xff, 0xf9, 0x74, 0xff, 0xf9, 0x74, 0xff, 0xf9, 0x74, 0xff, 0xf9, 0x74, 0xff, 0xf9, 0x74, 0xff,
  0xf9, 0x74, 0xff, 0x97, 0x6c, 0xff, 0xb3, 0x53, 0xfe, 0xc9, 0x29, 0xfc, 0x41, 0x00, 0xfe, 0x00, 0x00, 0xff, 0x00, 0x00, 0xff, 0x00, 0x08, 0xfe,
  0x40, 0x30, 0xfd, 0xa1, 0x80, 0xfd, 0x02, 0xc1, 0xff, 0x02, 0xc9, 0xff, 0x02, 0xc9, 0xff, 0x02, 0xc9, 0xff, 0x02, 0xc9, 0xff, 0x02, 0xc9, 0xff,
  0x02, 0xc9, 0xff, 0x02, 0xc9, 0xff, 0x02, 0xc9, 0xff, 0x02, 0xc9, 0xff, 0x02, 0xc9, 0xff, 0x02, 0xc9, 0xff, 0x02, 0xc9, 0xff, 0x02, 0xc9, 0xff,
  0x02, 0xc9, 0xff, 0x02, 0xc9, 0xff, 0x02, 0xc9, 0xff, 0x02, 0xc9, 0xff, 0xe2, 0xa8, 0xfe, 0x60, 0x48, 0xfc, 0x00, 0x08, 0xfe, 0x00, 0x00, 0xff,
  0x00, 0x00, 0xf4, 0x00, 0x00, 0xa4, 0x00, 0x00, 0x1c, 0x00, 0x00, 0x00, 0x00, 0x00, 0x00, 0x00, 0x00, 0x00, 0x00, 0x00, 0x00, 0x00, 0x00, 0x00,
  0x00, 0x00, 0x00, 0x00, 0x00, 0x00, 0x00, 0x00, 0x00, 0x00, 0x00, 0x00, 0x00, 0x00, 0x00, 0x00, 0x00, 0x00, 0x00, 0x00, 0x00, 0x00, 0x00, 0x00,
  0x00, 0x00, 0x00, 0x00, 0x00, 0x00, 0x00, 0x00, 0x00, 0x00, 0x00, 0x00, 0x00, 0x00, 0x00, 0x00, 0x00, 0x00, 0x00, 0x00, 0x00, 0x00, 0x00, 0x00,
  0x00, 0x00, 0x00, 0x00, 0x00, 0x00, 0x00, 0x00, 0x00, 0x00, 0x00, 0x00, 0x00, 0x00, 0x00, 0x00, 0x00, 0x00, 0x00, 0x00, 0x00, 0x00, 0x00, 0x00,
  0x00, 0x00, 0x00, 0x00, 0x00, 0x00, 0x00, 0x00, 0x00, 0x00, 0x00, 0x00, 0x00, 0x00, 0x00, 0x00, 0x00, 0x00, 0x00, 0x00, 0x00, 0x00, 0x00, 0x00,
  0x00, 0x00, 0x00, 0x00, 0x00, 0x00, 0x00, 0x00, 0x00, 0x00, 0x00, 0x00, 0x00, 0x00, 0x00, 0x00, 0x00, 0x00, 0x00, 0x00, 0x00, 0x00, 0x00, 0x00,
  0x00, 0x00, 0x00, 0x00, 0x00, 0x00, 0x00, 0x00, 0x00, 0x00, 0x00, 0x00, 0x00, 0x00, 0x00, 0x00, 0x00, 0x00, 0x00, 0x00, 0x00, 0x00, 0x00, 0x00,
  0x00, 0x00, 0x00, 0x00, 0x00, 0x00, 0x00, 0x00, 0x00, 0x00, 0x00, 0x00, 0x00, 0x00, 0x00, 0x00, 0x00, 0x0c, 0x00, 0x00, 0x74, 0x00, 0x00, 0xe4,
  0x00, 0x00, 0xff, 0x00, 0x00, 0xff, 0x20, 0x20, 0xfd, 0xa1, 0x80, 0xfd, 0x02, 0xc1, 0xff, 0x02, 0xc9, 0xff, 0x02, 0xc9, 0xff, 0x02, 0xc9, 0xff,
  0x02, 0xc9, 0xff, 0x02, 0xc9, 0xff, 0x02, 0xc9, 0xff, 0x02, 0xc9, 0xff, 0x02, 0xc9, 0xff, 0x02, 0xc9, 0xff, 0x02, 0xc9, 0xff, 0x02, 0xc9, 0xff,
  0x02, 0xc9, 0xff, 0x02, 0xc9, 0xff, 0x02, 0xc9, 0xff, 0x02, 0xc9, 0xff, 0x02, 0xc9, 0xff, 0x02, 0xc9, 0xff, 0x02, 0xc1, 0xff, 0xc1, 0x88, 0xfd,
  0x40, 0x30, 0xfd, 0x00, 0x08, 0xfe, 0x00, 0x00, 0xff, 0x00, 0x00, 0xff, 0x41, 0x00, 0xfe, 0x05, 0x19, 0xfc, 0xee, 0x42, 0xfe, 0x76, 0x64, 0xff,
  0xd8, 0x6c, 0xff, 0xf9, 0x74, 0xff, 0xf9, 0x74, 0xff, 0xf9, 0x74, 0xff, 0xf9, 0x74, 0xff, 0xf9, 0x74, 0xff, 0xf9, 0x74, 0xff, 0xf9, 0x74, 0xff,
  0xf9, 0x74, 0xff, 0xf9, 0x74, 0xff, 0xf9, 0x74, 0xff, 0xf9, 0x74, 0xff, 0xf9, 0x74, 0xff, 0xf9, 0x74, 0xff, 0xf9, 0x74, 0xff, 0xf9, 0x74, 0xff,
  0xf9, 0x74, 0xff, 0xf9, 0x74, 0xff, 0xd8, 0x6c, 0xff, 0xf9, 0x74, 0xff, 0xf9, 0x74, 0xff, 0xf9, 0x74, 0xff, 0xf9, 0x74, 0xff, 0xf9, 0x74, 0xff,
  0xf9, 0x74, 0xff, 0xf9, 0x74, 0xff, 0xf9, 0x74, 0xff, 0x76, 0x64, 0xff, 0xc4, 0x10, 0xfe, 0x40, 0x40, 0xfd, 0x02, 0xc9, 0xff, 0x02, 0xc9, 0xff,
  0x02, 0xc9, 0xff, 0x02, 0xc9, 0xff, 0x02, 0xc9, 0xff, 0x02, 0xc9, 0xff, 0x02, 0xc9, 0xff, 0x02, 0xc9, 0xff, 0x02, 0xc9, 0xff, 0x02, 0xc9, 0xff,
  0x02, 0xc9, 0xff, 0xc1, 0x90, 0xfd, 0x00, 0x08, 0xfe, 0x6c, 0x3a, 0xfe, 0xf9, 0x74, 0xff, 0xf9, 0x74, 0xff, 0xf9, 0x74, 0xff, 0xf9, 0x74, 0xff,
  0xf9, 0x74, 0xff, 0xf9, 0x74, 0xff, 0xf9, 0x74, 0xff, 0xf9, 0x74, 0xff, 0xd8, 0x6c, 0xff, 0xf9, 0x74, 0xff, 0xf9, 0x74, 0xff, 0xf9, 0x74, 0xff,
  0xf9, 0x74, 0xff, 0xf9, 0x74, 0xff, 0xf9, 0x74, 0xff, 0xf9, 0x74, 0xff, 0xf9, 0x74, 0xff, 0xf9, 0x74, 0xff, 0xf9, 0x74, 0xff, 0xf9, 0x74, 0xff,
  0xf9, 0x74, 0xff, 0xf9, 0x74, 0xff, 0xf9, 0x74, 0xff, 0xf9, 0x74, 0xff, 0xf9, 0x74, 0xff, 0xf9, 0x74, 0xff, 0xf9, 0x74, 0xff, 0x97, 0x6c, 0xff,
  0xb3, 0x53, 0xfe, 0xc9, 0x29, 0xfc, 0x62, 0x00, 0xfd, 0x00, 0x00, 0xff, 0x00, 0x00, 0xff, 0x00, 0x00, 0xff, 0x20, 0x18, 0xfd, 0x81, 0x68, 0xfd,
  0xe2, 0xb8, 0xfe, 0x02, 0xc9, 0xff, 0x02, 0xc9, 0xff, 0x02, 0xc9, 0xff, 0x02, 0xc9, 0xff, 0x02, 0xc9, 0xff, 0x02, 0xc9, 0xff, 0x02, 0xc9, 0xff,
  0x02, 0xc9, 0xff, 0x02, 0xc9, 0xff, 0x02, 0xc9, 0xff, 0x02, 0xc9, 0xff, 0x02, 0xc9, 0xff, 0x02, 0xc9, 0xff, 0x02, 0xc9, 0xff, 0x02, 0xc9, 0xff,
  0x02, 0xc9, 0xff, 0x02, 0xc9, 0xff, 0x02, 0xc9, 0xff, 0xe2, 0xa0, 0xfd, 0x40, 0x30, 0xfd, 0x00, 0x00, 0xff, 0x00, 0x00, 0xff, 0x00, 0x00, 0xf4,
  0x00, 0x00, 0x94, 0x00, 0x00, 0x1c, 0x00, 0x00, 0x00, 0x00, 0x00, 0x00, 0x00, 0x00, 0x00, 0x00, 0x00, 0x00, 0x00, 0x00, 0x00, 0x00, 0x00, 0x00,
  0x00, 0x00, 0x00, 0x00, 0x00, 0x00, 0x00, 0x00, 0x00, 0x00, 0x00, 0x00, 0x00, 0x00, 0x00, 0x00, 0x00, 0x00, 0x00, 0x00, 0x00, 0x00, 0x00, 0x00,
  0x00, 0x00, 0x00, 0x00, 0x00, 0x00, 0x00, 0x00, 0x00, 0x00, 0x00, 0x00, 0x00, 0x00, 0x00, 0x00, 0x00, 0x00, 0x00, 0x00, 0x00, 0x00, 0x00, 0x00,
  0x00, 0x00, 0x00, 0x00, 0x00, 0x00, 0x00, 0x00, 0x00, 0x00, 0x00, 0x00, 0x00, 0x00, 0x00, 0x00, 0x00, 0x00, 0x00, 0x00, 0x00, 0x00, 0x00, 0x00,
  0x00, 0x00, 0x00, 0x00, 0x00, 0x00, 0x00, 0x00, 0x00, 0x00, 0x00, 0x00, 0x00, 0x00, 0x00, 0x00, 0x00, 0x00, 0x00, 0x00, 0x00, 0x00, 0x00, 0x00,
  0x00, 0x00, 0x00, 0x00, 0x00, 0x00, 0x00, 0x00, 0x00, 0x00, 0x00, 0x00, 0x00, 0x00, 0x00, 0x00, 0x00, 0x00, 0x00, 0x00, 0x00, 0x00, 0x00, 0x00,
  0x00, 0x00, 0x00, 0x00, 0x00, 0x00, 0x00, 0x00, 0x00, 0x00, 0x00, 0x00, 0x00, 0x00, 0x00, 0x00, 0x00, 0x00, 0x00, 0x00, 0x00, 0x00, 0x00, 0x00,
  0x00, 0x00, 0x00, 0x00, 0x00, 0x00, 0x00, 0x00, 0x00, 0x00, 0x00, 0x00, 0x00, 0x00, 0x00, 0x00, 0x00, 0x00, 0x00, 0x00, 0x0c, 0x00, 0x00, 0x5c,
  0x00, 0x00, 0xdb, 0x00, 0x00, 0xff, 0x00, 0x00, 0xff, 0x00, 0x10, 0xfd, 0x81, 0x70, 0xfc, 0x02, 0xc1, 0xff, 0x02, 0xc9, 0xff, 0x02, 0xc9, 0xff,
  0x02, 0xc9, 0xff, 0x02, 0xc9, 0xff, 0x02, 0xc9, 0xff, 0x02, 0xc9, 0xff, 0x02, 0xc9, 0xff, 0x02, 0xc9, 0xff, 0x02, 0xc9, 0xff, 0x02, 0xc9, 0xff,
  0x02, 0xc9, 0xff, 0x02, 0xc9, 0xff, 0x02, 0xc9, 0xff, 0x02, 0xc9, 0xff, 0x02, 0xc9, 0xff, 0x02, 0xc9, 0xff, 0x02, 0xc9, 0xff, 0x02, 0xc9, 0xff,
  0xe2, 0xb8, 0xfe, 0x81, 0x68, 0xfd, 0x20, 0x20, 0xfd, 0x00, 0x00, 0xff, 0x00, 0x00, 0xff, 0x00, 0x00, 0xff, 0x41, 0x00, 0xfe, 0x05, 0x19, 0xfc,
  0xee, 0x42, 0xfe, 0x35, 0x64, 0xff, 0xd8, 0x6c, 0xff, 0xf9, 0x74, 0xff, 0xf9, 0x74, 0xff, 0xf9, 0x74, 0xff, 0xf9, 0x74, 0xff, 0xf9, 0x74, 0xff,
  0xf9, 0x74, 0xff, 0xf9, 0x74, 0xff, 0xf9, 0x74, 0xff, 0xf9, 0x74, 0xff, 0xf9, 0x74, 0xff, 0xf9, 0x74, 0xff, 0xf9, 0x74, 0xff, 0xf9, 0x74, 0xff,
  0xf9, 0x74, 0xff, 0xd9, 0x6c, 0xfd, 0x50, 0x4b, 0xfd, 0xf4, 0x5b, 0xfe, 0xf9, 0x74, 0xff, 0xf9, 0x74, 0xff, 0xf9, 0x74, 0xff, 0xf9, 0x74, 0xff,
  0xf9, 0x74, 0xff, 0xf9, 0x74, 0xff, 0xf9, 0x74, 0xff, 0x76, 0x64, 0xff, 0xc4, 0x10, 0xfe, 0x40, 0x40, 0xfd, 0x02, 0xc9, 0xff, 0x02, 0xc9, 0xff,
  0x02, 0xc9, 0xff, 0x02, 0xc9, 0xff, 0x02, 0xc9, 0xff, 0x02, 0xc9, 0xff, 0x02, 0xc9, 0xff, 0x02, 0xc9, 0xff, 0x02, 0xc9, 0xff, 0x02, 0xc9, 0xff,
  0x02, 0xc9, 0xff, 0xc1, 0x90, 0xfd, 0x00, 0x08, 0xfe, 0x6c, 0x3a, 0xfe, 0xf9, 0x74, 0xff, 0xf9, 0x74, 0xff, 0xf9, 0x74, 0xff, 0xf9, 0x74, 0xff,
  0xf9, 0x74, 0xff, 0xf9, 0x74, 0xff, 0xf9, 0x74, 0xff, 0xb8, 0x6c, 0xff, 0x50, 0x4b, 0xfd, 0x35, 0x64, 0xff, 0xf9, 0x74, 0xff, 0xf9, 0x74, 0xff,
  0xf9, 0x74, 0xff, 0xf9, 0x74, 0xff, 0xf9, 0x74, 0xff, 0xf9, 0x74, 0xff, 0xf9, 0x74, 0xff, 0xf9, 0x74, 0xff, 0xf9, 0x74, 0xff, 0xf9, 0x74, 0xff,
  0xf9, 0x74, 0xff, 0xf9, 0x74, 0xff, 0xf9, 0x74, 0xff, 0xf9, 0x74, 0xff, 0xf9, 0x74, 0xff, 0x97, 0x6c, 0xff, 0x50, 0x4b, 0xfd, 0xc9, 0x29, 0xfc,
  0x62, 0x00, 0xfd, 0x00, 0x00, 0xff, 0x00, 0x00, 0xff, 0x00, 0x00, 0xff, 0x00, 0x10, 0xfd, 0x61, 0x58, 0xfc, 0xe2, 0xa0, 0xfd, 0x02, 0xc9, 0xff,
  0x02, 0xc9, 0xff, 0x02, 0xc9, 0xff, 0x02, 0xc9, 0xff, 0x02, 0xc9, 0xff, 0x02, 0xc9, 0xff, 0x02, 0xc9, 0xff, 0x02, 0xc9, 0xff, 0x02, 0xc9, 0xff,
  0x02, 0xc9, 0xff, 0x02, 0xc9, 0xff, 0x02, 0xc9, 0xff, 0x02, 0xc9, 0xff, 0x02, 0xc9, 0xff, 0x02, 0xc9, 0xff, 0x02, 0xc9, 0xff, 0x02, 0xc9, 0xff,
  0x02, 0xc9, 0xff, 0x02, 0xc9, 0xff, 0xc1, 0x90, 0xfd, 0x20, 0x28, 0xfd, 0x00, 0x00, 0xff, 0x00, 0x00, 0xff, 0x00, 0x00, 0xf4, 0x00, 0x00, 0x84,
  0x00, 0x00, 0x14, 0x00, 0x00, 0x00, 0x00, 0x00, 0x00, 0x00, 0x00, 0x00, 0x00, 0x00, 0x00, 0x00, 0x00, 0x00, 0x00, 0x00, 0x00, 0x00, 0x00, 0x00,
  0x00, 0x00, 0x00, 0x00, 0x00, 0x00, 0x00, 0x00, 0x00, 0x00, 0x00, 0x00, 0x00, 0x00, 0x00, 0x00, 0x00, 0x00, 0x00, 0x00, 0x00, 0x00, 0x00, 0x00,
  0x00, 0x00, 0x00, 0x00, 0x00, 0x00, 0x00, 0x00, 0x00, 0x00, 0x00, 0x00, 0x00, 0x00, 0x00, 0x00, 0x00, 0x00, 0x00, 0x00, 0x00, 0x00, 0x00, 0x00,
  0x00, 0x00, 0x00, 0x00, 0x00, 0x00, 0x00, 0x00, 0x00, 0x00, 0x00, 0x00, 0x00, 0x00, 0x00, 0x00, 0x00, 0x00, 0x00, 0x00, 0x00, 0x00, 0x00, 0x00,
  0x00, 0x00, 0x00, 0x00, 0x00, 0x00, 0x00, 0x00, 0x00, 0x00, 0x00, 0x00, 0x00, 0x00, 0x00, 0x00, 0x00, 0x00, 0x00, 0x00, 0x00, 0x00, 0x00, 0x00,
  0x00, 0x00, 0x00, 0x00, 0x00, 0x00, 0x00, 0x00, 0x00, 0x00, 0x00, 0x00, 0x00, 0x00, 0x00, 0x00, 0x00, 0x00, 0x00, 0x00, 0x00, 0x00, 0x00, 0x00,
  0x00, 0x00, 0x00, 0x00, 0x00, 0x00, 0x00, 0x00, 0x00, 0x00, 0x00, 0x00, 0x00, 0x00, 0x00, 0x00, 0x00, 0x00, 0x00, 0x00, 0x00, 0x00, 0x00, 0x00,
  0x00, 0x00, 0x00, 0x00, 0x00, 0x00, 0x00, 0x00, 0x00, 0x00, 0x00, 0x00, 0x00, 0x00, 0x00, 0x00, 0x00, 0x00, 0x00, 0x00, 0x00, 0x00, 0x00, 0x03,
  0x00, 0x00, 0x5c, 0x00, 0x00, 0xe4, 0x00, 0x00, 0xff, 0x00, 0x00, 0xff, 0x00, 0x10, 0xfd, 0x81, 0x70, 0xfc, 0x02, 0xc1, 0xff, 0x02, 0xc9, 0xff,
  0x02, 0xc9, 0xff, 0x02, 0xc9, 0xff, 0x02, 0xc9, 0xff, 0x02, 0xc9, 0xff, 0x02, 0xc9, 0xff, 0x02, 0xc9, 0xff, 0x02, 0xc9, 0xff, 0x02, 0xc9, 0xff,
  0x02, 0xc9, 0xff, 0x02, 0xc9, 0xff, 0x02, 0xc9, 0xff, 0x02, 0xc9, 0xff, 0x02, 0xc9, 0xff, 0x02, 0xc9, 0xff, 0x02, 0xc9, 0xff, 0x02, 0xc9, 0xff,
  0x02, 0xc9, 0xff, 0x02, 0xc1, 0xff, 0xe2, 0xa0, 0xfd, 0x60, 0x48, 0xfa, 0x00, 0x10, 0xfd, 0x00, 0x00, 0xff, 0x00, 0x00, 0xff, 0x00, 0x00, 0xff,
  0x41, 0x00, 0xfe, 0x26, 0x19, 0xfd, 0x50, 0x4b, 0xfd, 0x76, 0x64, 0xff, 0xd8, 0x6c, 0xff, 0xf9, 0x74, 0xff, 0xf9, 0x74, 0xff, 0xf9, 0x74, 0xff,
  0xf9, 0x74, 0xff, 0xf9, 0x74, 0xff, 0xf9, 0x74, 0xff, 0xf9, 0x74, 0xff, 0xf9, 0x74, 0xff, 0xf9, 0x74, 0xff, 0xf9, 0x74, 0xff, 0xf9, 0x74, 0xff,
  0xf9, 0x74, 0xff, 0x97, 0x6c, 0xff, 0x26, 0x19, 0xfd, 0x67, 0x21, 0xfd, 0x35, 0x64, 0xff, 0xf9, 0x74, 0xff, 0xf9, 0x74, 0xff, 0xf9, 0x74, 0xff,
  0xf9, 0x74, 0xff, 0xf9, 0x74, 0xff, 0xf9, 0x74, 0xff, 0x76, 0x64, 0xff, 0xc4, 0x10, 0xfe, 0x40, 0x40, 0xfd, 0x02, 0xc9, 0xff, 0x02, 0xc9, 0xff,
  0x02, 0xc9, 0xff, 0x02, 0xc9, 0xff, 0x02, 0xc9, 0xff, 0x02, 0xc9, 0xff, 0x02, 0xc9, 0xff, 0x02, 0xc9, 0xff, 0x02, 0xc9, 0xff, 0x02, 0xc9, 0xff,
  0x02, 0xc9, 0xff, 0xc1, 0x90, 0xfd, 0x00, 0x08, 0xfe, 0x6c, 0x3a, 0xfe, 0xf9, 0x74, 0xff, 0xf9, 0x74, 0xff, 0xf9, 0x74, 0xff, 0xf9, 0x74, 0xff,
  0xf9, 0x74, 0xff, 0xf9, 0x74, 0xff, 0xb8, 0x6c, 0xff, 0x50, 0x4b, 0xfd, 0xa3, 0x10, 0xfe, 0x50, 0x4b, 0xfd, 0xf9, 0x74, 0xff, 0xf9, 0x74, 0xff,
  0xf9, 0x74, 0xff, 0xf9, 0x74, 0xff, 0xf9, 0x74, 0xff, 0xf9, 0x74, 0xff, 0xf9, 0x74, 0xff, 0xf9, 0x74, 0xff, 0xf9, 0x74, 0xff, 0xf9, 0x74, 0xff,
  0xf9, 0x74, 0xff, 0xf9, 0x74, 0xff, 0xf9, 0x74, 0xff, 0x97, 0x6c, 0xff, 0xb3, 0x53, 0xfe, 0xea, 0x29, 0xfe, 0x62, 0x00, 0xfd, 0x00, 0x00, 0xff,
  0x00, 0x00, 0xff, 0x00, 0x00, 0xff, 0x00, 0x08, 0xfe, 0x40, 0x30, 0xfd, 0xa1, 0x88, 0xfb, 0x02, 0xc1, 0xff, 0x02, 0xc9, 0xff, 0x02, 0xc9, 0xff,
  0x02, 0xc9, 0xff, 0x02, 0xc9, 0xff, 0x02, 0xc9, 0xff, 0x02, 0xc9, 0xff, 0x02, 0xc9, 0xff, 0x02, 0xc9, 0xff, 0x02, 0xc9, 0xff, 0x02, 0xc9, 0xff,
  0x02, 0xc9, 0xff, 0x02, 0xc9, 0xff, 0x02, 0xc9, 0xff, 0x02, 0xc9, 0xff, 0x02, 0xc9, 0xff, 0x02, 0xc9, 0xff, 0x02, 0xc9, 0xff, 0x02, 0xc9, 0xff,
  0x02, 0xc1, 0xff, 0xc1, 0x90, 0xfd, 0x20, 0x28, 0xfd, 0x00, 0x00, 0xff, 0x00, 0x00, 0xff, 0x00, 0x00, 0xf4, 0x00, 0x00, 0x94, 0x00, 0x00, 0x14,
  0x00, 0x00, 0x00, 0x00, 0x00, 0x00, 0x00, 0x00, 0x00, 0x00, 0x00, 0x00, 0x00, 0x00, 0x00, 0x00, 0x00, 0x00, 0x00, 0x00, 0x00, 0x00, 0x00, 0x00,
  0x00, 0x00, 0x00, 0x00, 0x00, 0x00, 0x00, 0x00, 0x00, 0x00, 0x00, 0x00, 0x00, 0x00, 0x00, 0x00, 0x00, 0x00, 0x00, 0x00, 0x00, 0x00, 0x00, 0x00,
  0x00, 0x00, 0x00, 0x00, 0x00, 0x00, 0x00, 0x00, 0x00, 0x00, 0x00, 0x00, 0x00, 0x00, 0x00, 0x00, 0x00, 0x00, 0x00, 0x00, 0x00, 0x00, 0x00, 0x00,
  0x00, 0x00, 0x00, 0x00, 0x00, 0x00, 0x00, 0x00, 0x00, 0x00, 0x00, 0x00, 0x00, 0x00, 0x00, 0x00, 0x00, 0x00, 0x00, 0x00, 0x00, 0x00, 0x00, 0x00,
  0x00, 0x00, 0x00, 0x00, 0x00, 0x00, 0x00, 0x00, 0x00, 0x00, 0x00, 0x00, 0x00, 0x00, 0x00, 0x00, 0x00, 0x00, 0x00, 0x00, 0x00, 0x00, 0x00, 0x00,
  0x00, 0x00, 0x00, 0x00, 0x00, 0x00, 0x00, 0x00, 0x00, 0x00, 0x00, 0x00, 0x00, 0x00, 0x00, 0x00, 0x00, 0x00, 0x00, 0x00, 0x00, 0x00, 0x00, 0x00,
  0x00, 0x00, 0x00, 0x00, 0x00, 0x00, 0x00, 0x00, 0x00, 0x00, 0x00, 0x00, 0x00, 0x00, 0x00, 0x00, 0x00, 0x00, 0x00, 0x00, 0x00, 0x00, 0x00, 0x00,
  0x00, 0x00, 0x00, 0x00, 0x00, 0x00, 0x00, 0x00, 0x00, 0x00, 0x00, 0x00, 0x00, 0x00, 0x00, 0x00, 0x00, 0x00, 0x00, 0x00, 0x00, 0x00, 0x00, 0x00,
  0x00, 0x00, 0x03, 0x00, 0x00, 0x54, 0x00, 0x00, 0xdb, 0x00, 0x00, 0xff, 0x00, 0x00, 0xff, 0x00, 0x08, 0xfe, 0x61, 0x50, 0xfc, 0xe2, 0xb0, 0xfe,
  0x02, 0xc9, 0xff, 0x02, 0xc9, 0xff, 0x02, 0xc9, 0xff, 0x02, 0xc9, 0xff, 0x02, 0xc9, 0xff, 0x02, 0xc9, 0xff, 0x02, 0xc9, 0xff, 0x02, 0xc9, 0xff,
  0x02, 0xc9, 0xff, 0x02, 0xc9, 0xff, 0x02, 0xc9, 0xff, 0x02, 0xc9, 0xff, 0x02, 0xc9, 0xff, 0x02, 0xc9, 0xff, 0x02, 0xc9, 0xff, 0x02, 0xc9, 0xff,
  0x02, 0xc9, 0xff, 0x02, 0xc9, 0xff, 0x02, 0xc9, 0xff, 0x02, 0xc1, 0xff, 0xc1, 0x90, 0xfd, 0x40, 0x40, 0xfd, 0x00, 0x10, 0xfd, 0x00, 0x00, 0xff,
  0x00, 0x00, 0xff, 0x00, 0x00, 0xff, 0x41, 0x00, 0xfe, 0x26, 0x19, 0xfd, 0x8d, 0x3a, 0xfd, 0xf4, 0x5b, 0xfe, 0xb8, 0x6c, 0xff, 0xf9, 0x74, 0xff,
  0xf9, 0x74, 0xff, 0xf9, 0x74, 0xff, 0x97, 0x6c, 0xff, 0x97, 0x6c, 0xff, 0xd9, 0x6c, 0xfd, 0xd8, 0x6c, 0xff, 0xf9, 0x74, 0xff, 0xf9, 0x74, 0xff,
  0xf9, 0x74, 0xff, 0xb3, 0x53, 0xfe, 0x62, 0x00, 0xfd, 0x00, 0x00, 0xff, 0xc9, 0x29, 0xfc, 0x15, 0x5c, 0xfe, 0xd8, 0x6c, 0xff, 0xf9, 0x74, 0xff,
  0xf9, 0x74, 0xff, 0xf9, 0x74, 0xff, 0xf9, 0x74, 0xff, 0x76, 0x64, 0xff, 0xc4, 0x10, 0xfe, 0x40, 0x40, 0xfd, 0x02, 0xc9, 0xff, 0x02, 0xc9, 0xff,
  0x02, 0xc9, 0xff, 0x02, 0xc9, 0xff, 0x02, 0xc9, 0xff, 0x02, 0xc9, 0xff, 0x02, 0xc9, 0xff, 0x02, 0xc9, 0xff, 0x02, 0xc9, 0xff, 0x02, 0xc9, 0xff,
  0x02, 0xc9, 0xff, 0xc1, 0x90, 0xfd, 0x00, 0x08, 0xfe, 0x6c, 0x3a, 0xfe, 0xf9, 0x74, 0xff, 0xf9, 0x74, 0xff, 0xf9, 0x74, 0xff, 0xf9, 0x74, 0xff,
  0xf9, 0x74, 0xff, 0xb8, 0x6c, 0xff, 0xee, 0x42, 0xfe, 0x83, 0x08, 0xfe, 0x00, 0x00, 0xff, 0xea, 0x29, 0xfe, 0xb8, 0x6c, 0xff, 0xf9, 0x74, 0xff,
  0xf9, 0x74, 0xff, 0xf9, 0x74, 0xff, 0xd8, 0x6c, 0xff, 0xb8, 0x6c, 0xff, 0x97, 0x6c, 0xff, 0xd9, 0x6c, 0xfd, 0xf9, 0x74, 0xff, 0xf9, 0x74, 0xff,
  0xd9, 0x6c, 0xfd, 0x35, 0x64, 0xff, 0x0e, 0x43, 0xfd, 0x67, 0x21, 0xfd, 0x62, 0x00, 0xfd, 0x00, 0x00, 0xff, 0x00, 0x00, 0xff, 0x00, 0x00, 0xff,
  0x00, 0x08, 0xfe, 0x40, 0x30, 0xfd, 0xa1, 0x78, 0xfd, 0xe2, 0xb0, 0xfe, 0x02, 0xc9, 0xff, 0x02, 0xc9, 0xff, 0x02, 0xc9, 0xff, 0x02, 0xc9, 0xff,
  0x02, 0xc9, 0xff, 0x02, 0xc9, 0xff, 0x02, 0xc9, 0xff, 0x02, 0xc9, 0xff, 0x02, 0xc9, 0xff, 0x02, 0xc9, 0xff, 0x02, 0xc9, 0xff, 0x02, 0xc9, 0xff,
  0x02, 0xc9, 0xff, 0x02, 0xc9, 0xff, 0x02, 0xc9, 0xff, 0x02, 0xc9, 0xff, 0x02, 0xc9, 0xff, 0x02, 0xc9, 0xff, 0x02, 0xc9, 0xff, 0x02, 0xc1, 0xff,
  0x81, 0x70, 0xfc, 0x20, 0x18, 0xfd, 0x00, 0x00, 0xff, 0x00, 0x00, 0xff, 0x00, 0x00, 0xec, 0x00, 0x00, 0x84, 0x00, 0x00, 0x14, 0x00, 0x00, 0x00,
  0x00, 0x00, 0x00, 0x00, 0x00, 0x00, 0x00, 0x00, 0x00, 0x00, 0x00, 0x00, 0x00, 0x00, 0x00, 0x00, 0x00, 0x00, 0x00, 0x00, 0x00, 0x00, 0x00, 0x00,
  0x00, 0x00, 0x00, 0x00, 0x00, 0x00, 0x00, 0x00, 0x00, 0x00, 0x00, 0x00, 0x00, 0x00, 0x00, 0x00, 0x00, 0x00, 0x00, 0x00, 0x00, 0x00, 0x00, 0x00,
  0x00, 0x00, 0x00, 0x00, 0x00, 0x00, 0x00, 0x00, 0x00, 0x00, 0x00, 0x00, 0x00, 0x00, 0x00, 0x00, 0x00, 0x00, 0x00, 0x00, 0x00, 0x00, 0x00, 0x00,
  0x00, 0x00, 0x00, 0x00, 0x00, 0x00, 0x00, 0x00, 0x00, 0x00, 0x00, 0x00, 0x00, 0x00, 0x00, 0x00, 0x00, 0x00, 0x00, 0x00, 0x00, 0x00, 0x00, 0x00,
  0x00, 0x00, 0x00, 0x00, 0x00, 0x00, 0x00, 0x00, 0x00, 0x00, 0x00, 0x00, 0x00, 0x00, 0x00, 0x00, 0x00, 0x00, 0x00, 0x00, 0x00, 0x00, 0x00, 0x00,
  0x00, 0x00, 0x00, 0x00, 0x00, 0x00, 0x00, 0x00, 0x00, 0x00, 0x00, 0x00, 0x00, 0x00, 0x00, 0x00, 0x00, 0x00, 0x00, 0x00, 0x00, 0x00, 0x00, 0x00,
  0x00, 0x00, 0x00, 0x00, 0x00, 0x00, 0x00, 0x00, 0x00, 0x00, 0x00, 0x00, 0x00, 0x00, 0x00, 0x00, 0x00, 0x00, 0x00, 0x00, 0x00, 0x00, 0x00, 0x00,
  0x00, 0x00, 0x00, 0x00, 0x00, 0x00, 0x00, 0x00, 0x00, 0x00, 0x00, 0x00, 0x00, 0x00, 0x00, 0x00, 0x00, 0x00, 0x00, 0x00, 0x00, 0x00, 0x00, 0x00,
  0x00, 0x00, 0x00, 0x00, 0x00, 0x03, 0x00, 0x00, 0x45, 0x00, 0x00, 0xb5, 0x00, 0x00, 0xff, 0x00, 0x00, 0xff, 0x00, 0x00, 0xff, 0x40, 0x38, 0xfd,
  0xc1, 0xa0, 0xfb, 0x02, 0xc9, 0xff, 0x02, 0xc9, 0xff, 0x02, 0xc9, 0xff, 0x02, 0xc9, 0xff, 0x02, 0xc9, 0xff, 0x02, 0xc9, 0xff, 0x02, 0xc9, 0xff,
  0x02, 0xc9, 0xff, 0x02, 0xc9, 0xff, 0x02, 0xc9, 0xff, 0x02, 0xc9, 0xff, 0x02, 0xc9, 0xff, 0x02, 0xc9, 0xff, 0x02, 0xc9, 0xff, 0x02, 0xc9, 0xff,
  0x02, 0xc9, 0xff, 0x02, 0xc9, 0xff, 0x02, 0xc9, 0xff, 0x02, 0xc9, 0xff, 0x02, 0xc9, 0xff, 0x02, 0xc1, 0xff, 0xc1, 0x90, 0xfd, 0x60, 0x48, 0xfc,
  0x00, 0x10, 0xfd, 0x00, 0x00, 0xff, 0x00, 0x00, 0xff, 0x00, 0x00, 0xff, 0x00, 0x00, 0xff, 0x83, 0x08, 0xfe, 0xc9, 0x29, 0xfc, 0x50, 0x4b, 0xfd,
  0x15, 0x5c, 0xfe, 0x97, 0x6c, 0xff, 0x8d, 0x3a, 0xfd, 0x67, 0x21, 0xfd, 0xea, 0x29, 0xfe, 0x8d, 0x3a, 0xfd, 0x50, 0x4b, 0xfd, 0xb3, 0x53, 0xfe,
  0x35, 0x64, 0xff, 0x2b, 0x32, 0xfd, 0x00, 0x08, 0xfe, 0x00, 0x10, 0xfd, 0x00, 0x08, 0xfe, 0x26, 0x19, 0xfd, 0xf4, 0x5b, 0xfe, 0xd8, 0x6c, 0xff,
  0xf9, 0x74, 0xff, 0xf9, 0x74, 0xff, 0xf9, 0x74, 0xff, 0x76, 0x64, 0xff, 0xc4, 0x10, 0xfe, 0x40, 0x40, 0xfd, 0x02, 0xc9, 0xff, 0x02, 0xc9, 0xff,
  0x02, 0xc9, 0xff, 0x02, 0xc9, 0xff, 0x02, 0xc9, 0xff, 0x02, 0xc9, 0xff, 0x02, 0xc9, 0xff, 0x02, 0xc9, 0xff, 0x02, 0xc9, 0xff, 0x02, 0xc9, 0xff,
  0x02, 0xc9, 0xff, 0xc1, 0x90, 0xfd, 0x00, 0x08, 0xfe, 0x6c, 0x3a, 0xfe, 0xf9, 0x74, 0xff, 0xf9, 0x74, 0xff, 0xf9, 0x74, 0xff, 0xf9, 0x74, 0xff,
  0xb8, 0x6c, 0xff, 0xee, 0x42, 0xfe, 0x62, 0x00, 0xfd, 0x00, 0x10, 0xfd, 0x00, 0x10, 0xfd, 0xc4, 0x10, 0xfe, 0xb3, 0x53, 0xfe, 0x15, 0x5c, 0xfe,
  0xb3, 0x53, 0xfe, 0xee, 0x42, 0xfe, 0x6c, 0x3a, 0xfe, 0xc9, 0x29, 0xfc, 0xc9, 0x29, 0xfc, 0x15, 0x5c, 0xfe, 0x76, 0x64, 0xff, 0x50, 0x4b, 0xfd,
  0x2b, 0x32, 0xfd, 0xc4, 0x10, 0xfe, 0x41, 0x00, 0xfe, 0x00, 0x00, 0xff, 0x00, 0x00, 0xff, 0x00, 0x00, 0xff, 0x00, 0x10, 0xfd, 0x40, 0x30, 0xfd,
  0xa1, 0x78, 0xfd, 0x02, 0xb9, 0xff, 0x02, 0xc9, 0xff, 0x02, 0xc9, 0xff, 0x02, 0xc9, 0xff, 0x02, 0xc9, 0xff, 0x02, 0xc9, 0xff, 0x02, 0xc9, 0xff,
  0x02, 0xc9, 0xff, 0x02, 0xc9, 0xff, 0x02, 0xc9, 0xff, 0x02, 0xc9, 0xff, 0x02, 0xc9, 0xff, 0x02, 0xc9, 0xff, 0x02, 0xc9, 0xff, 0x02, 0xc9, 0xff,
  0x02, 0xc9, 0xff, 0x02, 0xc9, 0xff, 0x02, 0xc9, 0xff, 0x02, 0xc9, 0xff, 0x02, 0xc9, 0xff, 0x02, 0xc9, 0xff, 0xe2, 0xb0, 0xfe, 0x81, 0x58, 0xfc,
  0x00, 0x08, 0xfe, 0x00, 0x00, 0xff, 0x00, 0x00, 0xff, 0x00, 0x00, 0xdb, 0x00, 0x00, 0x5c, 0x00, 0x00, 0x0c, 0x00, 0x00, 0x00, 0x00, 0x00, 0x00,
  0x00, 0x00, 0x00, 0x00, 0x00, 0x00, 0x00, 0x00, 0x00, 0x00, 0x00, 0x00, 0x00, 0x00, 0x00, 0x00, 0x00, 0x00, 0x00, 0x00, 0x00, 0x00, 0x00, 0x00,
  0x00, 0x00, 0x00, 0x00, 0x00, 0x00, 0x00, 0x00, 0x00, 0x00, 0x00, 0x00, 0x00, 0x00, 0x00, 0x00, 0x00, 0x00, 0x00, 0x00, 0x00, 0x00, 0x00, 0x00,
  0x00, 0x00, 0x00, 0x00, 0x00, 0x00, 0x00, 0x00, 0x00, 0x00, 0x00, 0x00, 0x00, 0x00, 0x00, 0x00, 0x00, 0x00, 0x00, 0x00, 0x00, 0x00, 0x00, 0x00,
  0x00, 0x00, 0x00, 0x00, 0x00, 0x00, 0x00, 0x00, 0x00, 0x00, 0x00, 0x00, 0x00, 0x00, 0x00, 0x00, 0x00, 0x00, 0x00, 0x00, 0x00, 0x00, 0x00, 0x00,
  0x00, 0x00, 0x00, 0x00, 0x00, 0x00, 0x00, 0x00, 0x00, 0x00, 0x00, 0x00, 0x00, 0x00, 0x00, 0x00, 0x00, 0x00, 0x00, 0x00, 0x00, 0x00, 0x00, 0x00,
  0x00, 0x00, 0x00, 0x00, 0x00, 0x00, 0x00, 0x00, 0x00, 0x00, 0x00, 0x00, 0x00, 0x00, 0x00, 0x00, 0x00, 0x00, 0x00, 0x00, 0x00, 0x00, 0x00, 0x00,
  0x00, 0x00, 0x00, 0x00, 0x00, 0x00, 0x00, 0x00, 0x00, 0x00, 0x00, 0x00, 0x00, 0x00, 0x00, 0x00, 0x00, 0x00, 0x00, 0x00, 0x00, 0x00, 0x00, 0x00,
  0x00, 0x00, 0x00, 0x00, 0x00, 0x00, 0x00, 0x00, 0x00, 0x00, 0x00, 0x00, 0x00, 0x00, 0x00, 0x00, 0x00, 0x00, 0x00, 0x00, 0x00, 0x00, 0x00, 0x00,
  0x00, 0x00, 0x00, 0x00, 0x00, 0x00, 0x00, 0x00, 0x02, 0x00, 0x00, 0x24, 0x00, 0x00, 0xa4, 0x00, 0x00, 0xff, 0x00, 0x00, 0xff, 0x00, 0x00, 0xff,
  0x20, 0x20, 0xfd, 0xa1, 0x88, 0xfb, 0x02, 0xc1, 0xff, 0x02, 0xc9, 0xff, 0x02, 0xc9, 0xff, 0x02, 0xc9, 0xff, 0x02, 0xc9, 0xff, 0x02, 0xc9, 0xff,
  0x02, 0xc9, 0xff, 0x02, 0xc9, 0xff, 0x02, 0xc9, 0xff, 0x02, 0xc9, 0xff, 0x02, 0xc9, 0xff, 0x02, 0xc9, 0xff, 0x02, 0xc9, 0xff, 0x02, 0xc9, 0xff,
  0x02, 0xc9, 0xff, 0x02, 0xc9, 0xff, 0x02, 0xc9, 0xff, 0x02, 0xc9, 0xff, 0x02, 0xc9, 0xff, 0x02, 0xc9, 0xff, 0x02, 0xc9, 0xff, 0x02, 0xc1, 0xff,
  0xc1, 0xa0, 0xfd, 0x81, 0x60, 0xfd, 0x20, 0x18, 0xfd, 0x00, 0x00, 0xff, 0x00, 0x00, 0xff, 0x00, 0x00, 0xff, 0x00, 0x00, 0xff, 0x41, 0x00, 0xfe,
  0xa3, 0x10, 0xfe, 0xc9, 0x29, 0xfc, 0x67, 0x21, 0xfd, 0x00, 0x00, 0xff, 0x00, 0x00, 0xff, 0x00, 0x00, 0xff, 0x41, 0x00, 0xfe, 0x62, 0x00, 0xfd,
  0xc4, 0x10, 0xfe, 0x41, 0x00, 0xfe, 0x00, 0x10, 0xfd, 0xa1, 0x88, 0xfb, 0x40, 0x38, 0xfd, 0x00, 0x00, 0xff, 0x26, 0x19, 0xfd, 0x15, 0x5c, 0xfe,
  0xf9, 0x74, 0xff, 0xf9, 0x74, 0xff, 0xf9, 0x74, 0xff, 0x76, 0x64, 0xff, 0xc4, 0x10, 0xfe, 0x40, 0x40, 0xfd, 0x02, 0xc9, 0xff, 0x02, 0xc9, 0xff,
  0x02, 0xc9, 0xff, 0x02, 0xc9, 0xff, 0x02, 0xc9, 0xff, 0x02, 0xc9, 0xff, 0x02, 0xc9, 0xff, 0x02, 0xc9, 0xff, 0x02, 0xc9, 0xff, 0x02, 0xc9, 0xff,
  0x02, 0xc9, 0xff, 0xc1, 0x90, 0xfd, 0x00, 0x08, 0xfe, 0x6c, 0x3a, 0xfe, 0xf9, 0x74, 0xff, 0xf9, 0x74, 0xff, 0xf9, 0x74, 0xff, 0xd9, 0x6c, 0xfd,
  0xee, 0x42, 0xfe, 0x62, 0x00, 0xfd, 0x20, 0x18, 0xfd, 0xa1, 0x78, 0xfd, 0x61, 0x50, 0xfc, 0x00, 0x00, 0xff, 0xa3, 0x10, 0xfe, 0xa3, 0x10, 0xfe,
  0x41, 0x00, 0xfe, 0x41, 0x00, 0xfe, 0x00, 0x00, 0xff, 0x00, 0x00, 0xff, 0xa3, 0x10, 0xfe, 0x2b, 0x32, 0xfd, 0x05, 0x19, 0xfc, 0x41, 0x00, 0xfe,
  0x00, 0x00, 0xff, 0x00, 0x00, 0xff, 0x00, 0x00, 0xff, 0x00, 0x00, 0xff, 0x00, 0x08, 0xfe, 0x40, 0x40, 0xfd, 0xc1, 0x90, 0xfd, 0x02, 0xb9, 0xff,
  0x02, 0xc9, 0xff, 0x02, 0xc9, 0xff, 0x02, 0xc9, 0xff, 0x02, 0xc9, 0xff, 0x02, 0xc9, 0xff, 0x02, 0xc9, 0xff, 0x02, 0xc9, 0xff, 0x02, 0xc9, 0xff,
  0x02, 0xc9, 0xff, 0x02, 0xc9, 0xff, 0x02, 0xc9, 0xff, 0x02, 0xc9, 0xff, 0x02, 0xc9, 0xff, 0x02, 0xc9, 0xff, 0x02, 0xc9, 0xff, 0x02, 0xc9, 0xff,
  0x02, 0xc9, 0xff, 0x02, 0xc9, 0xff, 0x02, 0xc9, 0xff, 0x02, 0xc9, 0xff, 0x02, 0xc9, 0xff, 0xc1, 0x98, 0xfd, 0x40, 0x38, 0xfd, 0x00, 0x08, 0xfe,
  0x00, 0x00, 0xff, 0x00, 0x00, 0xff, 0x00, 0x00, 0xd5, 0x00, 0x00, 0x45, 0x00, 0x00, 0x03, 0x00, 0x00, 0x00, 0x00, 0x00, 0x00, 0x00, 0x00, 0x00,
  0x00, 0x00, 0x00, 0x00, 0x00, 0x00, 0x00, 0x00, 0x00, 0x00, 0x00, 0x00, 0x00, 0x00, 0x00, 0x00, 0x00, 0x00, 0x00, 0x00, 0x00, 0x00, 0x00, 0x00,
  0x00, 0x00, 0x00, 0x00, 0x00, 0x00, 0x00, 0x00, 0x00, 0x00, 0x00, 0x00, 0x00, 0x00, 0x00, 0x00, 0x00, 0x00, 0x00, 0x00, 0x00, 0x00, 0x00, 0x00,
  0x00, 0x00, 0x00, 0x00, 0x00, 0x00, 0x00, 0x00, 0x00, 0x00, 0x00, 0x00, 0x00, 0x00, 0x00, 0x00, 0x00, 0x00, 0x00, 0x00, 0x00, 0x00, 0x00, 0x00,
  0x00, 0x00, 0x00, 0x00, 0x00, 0x00, 0x00, 0x00, 0x00, 0x00, 0x00, 0x00, 0x00, 0x00, 0x00, 0x00, 0x00, 0x00, 0x00, 0x00, 0x00, 0x00, 0x00, 0x00,
  0x00, 0x00, 0x00, 0x00, 0x00, 0x00, 0x00, 0x00, 0x00, 0x00, 0x00, 0x00, 0x00, 0x00, 0x00, 0x00, 0x00, 0x00, 0x00, 0x00, 0x00, 0x00, 0x00, 0x00,
  0x00, 0x00, 0x00, 0x00, 0x00, 0x00, 0x00, 0x00, 0x00, 0x00, 0x00, 0x00, 0x00, 0x00, 0x00, 0x00, 0x00, 0x00, 0x00, 0x00, 0x00, 0x00, 0x00, 0x00,
  0x00, 0x00, 0x00, 0x00, 0x00, 0x00, 0x00, 0x00, 0x00, 0x00, 0x00, 0x00, 0x00, 0x00, 0x00, 0x00, 0x00, 0x00, 0x00, 0x00, 0x00, 0x00, 0x00, 0x00,
  0x00, 0x00, 0x00, 0x00, 0x00, 0x00, 0x00, 0x00, 0x00, 0x00, 0x00, 0x00, 0x00, 0x00, 0x00, 0x00, 0x00, 0x00, 0x00, 0x00, 0x00, 0x00, 0x00, 0x00,
  0x00, 0x00, 0x00, 0x00, 0x00, 0x00, 0x00, 0x00, 0x00, 0x00, 0x00, 0x02, 0x00, 0x00, 0x24, 0x00, 0x00, 0x9c, 0x00, 0x00, 0xf4, 0x00, 0x00, 0xff,
  0x00, 0x00, 0xff, 0x00, 0x10, 0xfd, 0x81, 0x68, 0xfd, 0x02, 0xb9, 0xff, 0x02, 0xc9, 0xff, 0x02, 0xc9, 0xff, 0x02, 0xc9, 0xff, 0x02, 0xc9, 0xff,
  0x02, 0xc9, 0xff, 0x02, 0xc9, 0xff, 0x02, 0xc9, 0xff, 0x02, 0xc9, 0xff, 0x02, 0xc9, 0xff, 0x02, 0xc9, 0xff, 0x02, 0xc9, 0xff, 0x02, 0xc9, 0xff,
  0x02, 0xc9, 0xff, 0x02, 0xc9, 0xff, 0x02, 0xc9, 0xff, 0x02, 0xc9, 0xff, 0x02, 0xc9, 0xff, 0x02, 0xc9, 0xff, 0x02, 0xc9, 0xff, 0x02, 0xc9, 0xff,
  0x02, 0xc9, 0xff, 0x02, 0xc1, 0xff, 0xc1, 0x98, 0xfd, 0x81, 0x58, 0xfc, 0x20, 0x20, 0xfd, 0x00, 0x08, 0xfe, 0x00, 0x00, 0xff, 0x00, 0x00, 0xff,
  0x00, 0x00, 0xff, 0x00, 0x00, 0xff, 0x00, 0x00, 0xff, 0x00, 0x00, 0xff, 0x20, 0x20, 0xfd, 0x61, 0x58, 0xf7, 0x60, 0x48, 0xfc, 0x40, 0x30, 0xfd,
  0x20, 0x18, 0xfd, 0x00, 0x10, 0xfd, 0x40, 0x38, 0xfd, 0x02, 0xb9, 0xff, 0xe2, 0xa0, 0xfd, 0x40, 0x38, 0xfd, 0x00, 0x08, 0xfe, 0xc9, 0x29, 0xfc,
  0x35, 0x64, 0xff, 0xf9, 0x74, 0xff, 0xf9, 0x74, 0xff, 0x76, 0x64, 0xff, 0xc4, 0x10, 0xfe, 0x40, 0x40, 0xfd, 0x02, 0xc9, 0xff, 0x02, 0xc9, 0xff,
  0x02, 0xc9, 0xff, 0x02, 0xc9, 0xff, 0x02, 0xc9, 0xff, 0x02, 0xc9, 0xff, 0x02, 0xc9, 0xff, 0x02, 0xc9, 0xff, 0x02, 0xc9, 0xff, 0x02, 0xc9, 0xff,
  0x02, 0xc9, 0xff, 0xc1, 0x90, 0xfd, 0x00, 0x08, 0xfe, 0x6c, 0x3a, 0xfe, 0xf9, 0x74, 0xff, 0xf9, 0x74, 0xff, 0xb8, 0x6c, 0xff, 0x0e, 0x43, 0xfd,
  0xa3, 0x10, 0xfe, 0x00, 0x10, 0xfd, 0xa1, 0x80, 0xfd, 0x02, 0xc1, 0xff, 0xa1, 0x88, 0xfb, 0x00, 0x10, 0xfd, 0x00, 0x10, 0xfd, 0x20, 0x20, 0xfd,
  0x40, 0x38, 0xfd, 0x61, 0x50, 0xfc, 0x60, 0x48, 0xfa, 0x00, 0x08, 0xfe, 0x00, 0x00, 0xff, 0x00, 0x00, 0xff, 0x00, 0x00, 0xff, 0x00, 0x00, 0xff,
  0x00, 0x00, 0xff, 0x00, 0x00, 0xff, 0x20, 0x18, 0xfd, 0x60, 0x48, 0xfc, 0xa1, 0x80, 0xfd, 0x02, 0xb9, 0xff, 0x02, 0xc9, 0xff, 0x02, 0xc9, 0xff,
  0x02, 0xc9, 0xff, 0x02, 0xc9, 0xff, 0x02, 0xc9, 0xff, 0x02, 0xc9, 0xff, 0x02, 0xc9, 0xff, 0x02, 0xc9, 0xff, 0x02, 0xc9, 0xff, 0x02, 0xc9, 0xff,
  0x02, 0xc9, 0xff, 0x02, 0xc9, 0xff, 0x02, 0xc9, 0xff, 0x02, 0xc9, 0xff, 0x02, 0xc9, 0xff, 0x02, 0xc9, 0xff, 0x02, 0xc9, 0xff, 0x02, 0xc9, 0xff,
  0x02, 0xc9, 0xff, 0x02, 0xc9, 0xff, 0x02, 0xc9, 0xff, 0x02, 0xc1, 0xff, 0xc1, 0x88, 0xfd, 0x20, 0x28, 0xfd, 0x00, 0x00, 0xff, 0x00, 0x00, 0xff,
  0x00, 0x00, 0xf4, 0x00, 0x00, 0xc5, 0x00, 0x00, 0x45, 0x00, 0x00, 0x03, 0x00, 0x00, 0x00, 0x00, 0x00, 0x00, 0x00, 0x00, 0x00, 0x00, 0x00, 0x00,
  0x00, 0x00, 0x00, 0x00, 0x00, 0x00, 0x00, 0x00, 0x00, 0x00, 0x00, 0x00, 0x00, 0x00, 0x00, 0x00, 0x00, 0x00, 0x00, 0x00, 0x00, 0x00, 0x00, 0x00,
  0x00, 0x00, 0x00, 0x00, 0x00, 0x00, 0x00, 0x00, 0x00, 0x00, 0x00, 0x00, 0x00, 0x00, 0x00, 0x00, 0x00, 0x00, 0x00, 0x00, 0x00, 0x00, 0x00, 0x00,
  0x00, 0x00, 0x00, 0x00, 0x00, 0x00, 0x00, 0x00, 0x00, 0x00, 0x00, 0x00, 0x00, 0x00, 0x00, 0x00, 0x00, 0x00, 0x00, 0x00, 0x00, 0x00, 0x00, 0x00,
  0x00, 0x00, 0x00, 0x00, 0x00, 0x00, 0x00, 0x00, 0x00, 0x00, 0x00, 0x00, 0x00, 0x00, 0x00, 0x00, 0x00, 0x00, 0x00, 0x00, 0x00, 0x00, 0x00, 0x00,
  0x00, 0x00, 0x00, 0x00, 0x00, 0x00, 0x00, 0x00, 0x00, 0x00, 0x00, 0x00, 0x00, 0x00, 0x00, 0x00, 0x00, 0x00, 0x00, 0x00, 0x00, 0x00, 0x00, 0x00,
  0x00, 0x00, 0x00, 0x00, 0x00, 0x00, 0x00, 0x00, 0x00, 0x00, 0x00, 0x00, 0x00, 0x00, 0x00, 0x00, 0x00, 0x00, 0x00, 0x00, 0x00, 0x00, 0x00, 0x00,
  0x00, 0x00, 0x00, 0x00, 0x00, 0x00, 0x00, 0x00, 0x00, 0x00, 0x00, 0x00, 0x00, 0x00, 0x00, 0x00, 0x00, 0x00, 0x00, 0x00, 0x00, 0x00, 0x00, 0x00,
  0x00, 0x00, 0x00, 0x00, 0x00, 0x00, 0x00, 0x00, 0x00, 0x00, 0x00, 0x00, 0x00, 0x00, 0x00, 0x00, 0x00, 0x00, 0x00, 0x00, 0x00, 0x00, 0x00, 0x00,
  0x00, 0x00, 0x00, 0x00, 0x00, 0x00, 0x00, 0x00, 0x00, 0x00, 0x00, 0x00, 0x00, 0x00, 0x00, 0x00, 0x00, 0x14, 0x00, 0x00, 0x6c, 0x00, 0x00, 0xdb,
  0x00, 0x00, 0xff, 0x00, 0x00, 0xff, 0x00, 0x08, 0xfe, 0x40, 0x40, 0xfd, 0xe2, 0xa0, 0xfd, 0x02, 0xc1, 0xff, 0x02, 0xc9, 0xff, 0x02, 0xc9, 0xff,
  0x02, 0xc9, 0xff, 0x02, 0xc9, 0xff, 0x02, 0xc9, 0xff, 0x02, 0xc9, 0xff, 0x02, 0xc9, 0xff, 0x02, 0xc9, 0xff, 0x02, 0xc9, 0xff, 0x02, 0xc9, 0xff,
  0x02, 0xc9, 0xff, 0x02, 0xc9, 0xff, 0x02, 0xc9, 0xff, 0x02, 0xc9, 0xff, 0x02, 0xc9, 0xff, 0x02, 0xc9, 0xff, 0x02, 0xc9, 0xff, 0x02, 0xc9, 0xff,
  0x02, 0xc9, 0xff, 0x02, 0xc9, 0xff, 0x02, 0xc9, 0xff, 0x02, 0xc1, 0xff, 0xe2, 0xb0, 0xfe, 0xa1, 0x80, 0xfd, 0x60, 0x48, 0xfc, 0x20, 0x18, 0xfd,
  0x00, 0x08, 0xfe, 0x00, 0x00, 0xff, 0x00, 0x00, 0xff, 0x00, 0x00, 0xff, 0x40, 0x30, 0xfd, 0x02, 0xb9, 0xff, 0x02, 0xc1, 0xff, 0x02, 0xb9, 0xff,
  0xe2, 0xa8, 0xfe, 0xc1, 0x98, 0xfd, 0xe2, 0xa0, 0xfd, 0x02, 0xc9, 0xff, 0x02, 0xc9, 0xff, 0xe2, 0xb0, 0xfe, 0x40, 0x40, 0xfd, 0x00, 0x08, 0xfe,
  0x26, 0x19, 0xfd, 0xf4, 0x5b, 0xfe, 0xf9, 0x74, 0xff, 0x76, 0x64, 0xff, 0xc4, 0x10, 0xfe, 0x40, 0x40, 0xfd, 0x02, 0xc9, 0xff, 0x02, 0xc9, 0xff,
  0x02, 0xc9, 0xff, 0x02, 0xc9, 0xff, 0x02, 0xc9, 0xff, 0x02, 0xc9, 0xff, 0x02, 0xc9, 0xff, 0x02, 0xc9, 0xff, 0x02, 0xc9, 0xff, 0x02, 0xc9, 0xff,
  0x02, 0xc9, 0xff, 0xc1, 0x90, 0xfd, 0x00, 0x08, 0xfe, 0x6c, 0x3a, 0xfe, 0xf9, 0x74, 0xff, 0xb8, 0x6c, 0xff, 0xee, 0x42, 0xfe, 0x62, 0x00, 0xfd,
  0x00, 0x10, 0xfd, 0xa1, 0x80, 0xfd, 0x02, 0xc1, 0xff, 0x02, 0xc9, 0xff, 0x02, 0xb9, 0xff, 0xc1, 0x90, 0xfd, 0xe2, 0xa0, 0xfd, 0xe2, 0xb0, 0xfe,
  0x02, 0xc1, 0xff, 0x02, 0xc9, 0xff, 0xa1, 0x88, 0xfb, 0x00, 0x08, 0xfe, 0x00, 0x00, 0xff, 0x00, 0x00, 0xff, 0x00, 0x00, 0xff, 0x00, 0x10, 0xfd,
  0x40, 0x38, 0xfd, 0x81, 0x70, 0xfc, 0xe2, 0xa0, 0xfd, 0x02, 0xc1, 0xff, 0x02, 0xc9, 0xff, 0x02, 0xc9, 0xff, 0x02, 0xc9, 0xff, 0x02, 0xc9, 0xff,
  0x02, 0xc9, 0xff, 0x02, 0xc9, 0xff, 0x02, 0xc9, 0xff, 0x02, 0xc9, 0xff, 0x02, 0xc9, 0xff, 0x02, 0xc9, 0xff, 0x02, 0xc9, 0xff, 0x02, 0xc9, 0xff,
  0x02, 0xc9, 0xff, 0x02, 0xc9, 0xff, 0x02, 0xc9, 0xff, 0x02, 0xc9, 0xff, 0x02, 0xc9, 0xff, 0x02, 0xc9, 0xff, 0x02, 0xc9, 0xff, 0x02, 0xc9, 0xff,
  0x02, 0xc9, 0xff, 0x02, 0xc9, 0xff, 0xe2, 0xb0, 0xfe, 0x81, 0x68, 0xfd, 0x00, 0x10, 0xfd, 0x00, 0x00, 0xff, 0x00, 0x00, 0xff, 0x00, 0x00, 0xec,
  0x00, 0x00, 0x94, 0x00, 0x00, 0x24, 0x00, 0x00, 0x03, 0x00, 0x00, 0x00, 0x00, 0x00, 0x00, 0x00, 0x00, 0x00, 0x00, 0x00, 0x00, 0x00, 0x00, 0x00,
  0x00, 0x00, 0x00, 0x00, 0x00, 0x00, 0x00, 0x00, 0x00, 0x00, 0x00, 0x00, 0x00, 0x00, 0x00, 0x00, 0x00, 0x00, 0x00, 0x00, 0x00, 0x00, 0x00, 0x00,
  0x00, 0x00, 0x00, 0x00, 0x00, 0x00, 0x00, 0x00, 0x00, 0x00, 0x00, 0x00, 0x00, 0x00, 0x00, 0x00, 0x00, 0x00, 0x00, 0x00, 0x00, 0x00, 0x00, 0x00,
  0x00, 0x00, 0x00, 0x00, 0x00, 0x00, 0x00, 0x00, 0x00, 0x00, 0x00, 0x00, 0x00, 0x00, 0x00, 0x00, 0x00, 0x00, 0x00, 0x00, 0x00, 0x00, 0x00, 0x00,
  0x00, 0x00, 0x00, 0x00, 0x00, 0x00, 0x00, 0x00, 0x00, 0x00, 0x00, 0x00, 0x00, 0x00, 0x00, 0x00, 0x00, 0x00, 0x00, 0x00, 0x00, 0x00, 0x00, 0x00,
  0x00, 0x00, 0x00, 0x00, 0x00, 0x00, 0x00, 0x00, 0x00, 0x00, 0x00, 0x00, 0x00, 0x00, 0x00, 0x00, 0x00, 0x00, 0x00, 0x00, 0x00, 0x00, 0x00, 0x00,
  0x00, 0x00, 0x00, 0x00, 0x00, 0x00, 0x00, 0x00, 0x00, 0x00, 0x00, 0x00, 0x00, 0x00, 0x00, 0x00, 0x00, 0x00, 0x00, 0x00, 0x00, 0x00, 0x00, 0x00,
  0x00, 0x00, 0x00, 0x00, 0x00, 0x00, 0x00, 0x00, 0x00, 0x00, 0x00, 0x00, 0x00, 0x00, 0x00, 0x00, 0x00, 0x00, 0x00, 0x00, 0x00, 0x00, 0x00, 0x00,
  0x00, 0x00, 0x00, 0x00, 0x00, 0x00, 0x00, 0x00, 0x00, 0x00, 0x00, 0x00, 0x00, 0x00, 0x00, 0x00, 0x00, 0x00, 0x00, 0x00, 0x00, 0x00, 0x00, 0x00,
  0x00, 0x00, 0x00, 0x00, 0x00, 0x00, 0x00, 0x00, 0x00, 0x00, 0x00, 0x00, 0x00, 0x00, 0x00, 0x00, 0x00, 0x00, 0x00, 0x00, 0x03, 0x00, 0x00, 0x3c,
  0x00, 0x00, 0xbc, 0x00, 0x00, 0xff, 0x00, 0x00, 0xff, 0x00, 0x00, 0xff, 0x20, 0x20, 0xfd, 0x81, 0x70, 0xfc, 0x02, 0xb9, 0xff, 0x02, 0xc9, 0xff,
  0x02, 0xc9, 0xff, 0x02, 0xc9, 0xff, 0x02, 0xc9, 0xff, 0x02, 0xc9, 0xff, 0x02, 0xc9, 0xff, 0x02, 0xc9, 0xff, 0x02, 0xc9, 0xff, 0x02, 0xc9, 0xff,
  0x02, 0xc9, 0xff, 0x02, 0xc9, 0xff, 0x02, 0xc9, 0xff, 0x02, 0xc9, 0xff, 0x02, 0xc9, 0xff, 0x02, 0xc9, 0xff, 0x02, 0xc9, 0xff, 0x02, 0xc9, 0xff,
  0x02, 0xc9, 0xff, 0x02, 0xc9, 0xff, 0x02, 0xc9, 0xff, 0x02, 0xc9, 0xff, 0x02, 0xc9, 0xff, 0x02, 0xc9, 0xff, 0x02, 0xc1, 0xff, 0xe2, 0xa8, 0xfe,
  0xa1, 0x80, 0xfd, 0x60, 0x48, 0xfc, 0x20, 0x18, 0xfd, 0x00, 0x00, 0xff, 0x20, 0x20, 0xfd, 0xe2, 0xb0, 0xfe, 0x02, 0xc9, 0xff, 0x02, 0xc9, 0xff,
  0x02, 0xc9, 0xff, 0x02, 0xc9, 0xff, 0x02, 0xc9, 0xff, 0x02, 0xc9, 0xff, 0x02, 0xc9, 0xff, 0x02, 0xc9, 0xff, 0xe2, 0xb0, 0xfe, 0x40, 0x40, 0xfd,
  0x00, 0x00, 0xff, 0x26, 0x19, 0xfd, 0xf4, 0x5b, 0xfe, 0x35, 0x64, 0xff, 0xc4, 0x10, 0xfe, 0x40, 0x40, 0xfd, 0x02, 0xc9, 0xff, 0x02, 0xc9, 0xff,
  0x02, 0xc9, 0xff, 0x02, 0xc9, 0xff, 0x02, 0xc9, 0xff, 0x02, 0xc9, 0xff, 0x02, 0xc9, 0xff, 0x02, 0xc9, 0xff, 0x02, 0xc9, 0xff, 0x02, 0xc9, 0xff,
  0x02, 0xc9, 0xff, 0xc1, 0x90, 0xfd, 0x00, 0x08, 0xfe, 0x6c, 0x3a, 0xfe, 0x97, 0x6c, 0xff, 0xee, 0x42, 0xfe, 0x62, 0x00, 0xfd, 0x20, 0x18, 0xfd,
  0xa1, 0x80, 0xfd, 0x02, 0xc1, 0xff, 0x02, 0xc9, 0xff, 0x02, 0xc9, 0xff, 0x02, 0xc9, 0xff, 0x02, 0xc9, 0xff, 0x02, 0xc9, 0xff, 0x02, 0xc9, 0xff,
  0x02, 0xc9, 0xff, 0x02, 0xc9, 0xff, 0x81, 0x68, 0xfd, 0x00, 0x00, 0xff, 0x00, 0x10, 0xfd, 0x40, 0x30, 0xfd, 0x81, 0x68, 0xfd, 0xe2, 0xa0, 0xfd,
  0x02, 0xc1, 0xff, 0x02, 0xc9, 0xff, 0x02, 0xc9, 0xff, 0x02, 0xc9, 0xff, 0x02, 0xc9, 0xff, 0x02, 0xc9, 0xff, 0x02, 0xc9, 0xff, 0x02, 0xc9, 0xff,
  0x02, 0xc9, 0xff, 0x02, 0xc9, 0xff, 0x02, 0xc9, 0xff, 0x02, 0xc9, 0xff, 0x02, 0xc9, 0xff, 0x02, 0xc9, 0xff, 0x02, 0xc9, 0xff, 0x02, 0xc9, 0xff,
  0x02, 0xc9, 0xff, 0x02, 0xc9, 0xff, 0x02, 0xc9, 0xff, 0x02, 0xc9, 0xff, 0x02, 0xc9, 0xff, 0x02, 0xc9, 0xff, 0x02, 0xc9, 0xff, 0x02, 0xc9, 0xff,
  0x02, 0xc1, 0xff, 0xc1, 0x90, 0xfd, 0x40, 0x30, 0xfd, 0x00, 0x08, 0xfe, 0x00, 0x00, 0xff, 0x00, 0x00, 0xff, 0x00, 0x00, 0xdb, 0x00, 0x00, 0x6c,
  0x00, 0x00, 0x14, 0x00, 0x00, 0x00, 0x00, 0x00, 0x00, 0x00, 0x00, 0x00, 0x00, 0x00, 0x00, 0x00, 0x00, 0x00, 0x00, 0x00, 0x00, 0x00, 0x00, 0x00,
  0x00, 0x00, 0x00, 0x00, 0x00, 0x00, 0x00, 0x00, 0x00, 0x00, 0x00, 0x00, 0x00, 0x00, 0x00, 0x00, 0x00, 0x00, 0x00, 0x00, 0x00, 0x00, 0x00, 0x00,
  0x00, 0x00, 0x00, 0x00, 0x00, 0x00, 0x00, 0x00, 0x00, 0x00, 0x00, 0x00, 0x00, 0x00, 0x00, 0x00, 0x00, 0x00, 0x00, 0x00, 0x00, 0x00, 0x00, 0x00,
  0x00, 0x00, 0x00, 0x00, 0x00, 0x00, 0x00, 0x00, 0x00, 0x00, 0x00, 0x00, 0x00, 0x00, 0x00, 0x00, 0x00, 0x00, 0x00, 0x00, 0x00, 0x00, 0x00, 0x00,
  0x00, 0x00, 0x00, 0x00, 0x00, 0x00, 0x00, 0x00, 0x00, 0x00, 0x00, 0x00, 0x00, 0x00, 0x00, 0x00, 0x00, 0x00, 0x00, 0x00, 0x00, 0x00, 0x00, 0x00,
  0x00, 0x00, 0x00, 0x00, 0x00, 0x00, 0x00, 0x00, 0x00, 0x00, 0x00, 0x00, 0x00, 0x00, 0x00, 0x00, 0x00, 0x00, 0x00, 0x00, 0x00, 0x00, 0x00, 0x00,
  0x00, 0x00, 0x00, 0x00, 0x00, 0x00, 0x00, 0x00, 0x00, 0x00, 0x00, 0x00, 0x00, 0x00, 0x00, 0x00, 0x00, 0x00, 0x00, 0x00, 0x00, 0x00, 0x00, 0x00,
  0x00, 0x00, 0x00, 0x00, 0x00, 0x00, 0x00, 0x00, 0x00, 0x00, 0x00, 0x00, 0x00, 0x00, 0x00, 0x00, 0x00, 0x00, 0x00, 0x00, 0x00, 0x00, 0x00, 0x00,
  0x00, 0x00, 0x00, 0x00, 0x00, 0x00, 0x00, 0x00, 0x00, 0x00, 0x00, 0x00, 0x00, 0x00, 0x00, 0x00, 0x00, 0x00, 0x00, 0x00, 0x00, 0x00, 0x00, 0x00,
  0x00, 0x00, 0x00, 0x00, 0x00, 0x00, 0x00, 0x00, 0x00, 0x00, 0x00, 0x00, 0x00, 0x00, 0x00, 0x00, 0x00, 0x00, 0x00, 0x00, 0x00, 0x00, 0x00, 0x02,
  0x00, 0x00, 0x2c, 0x00, 0x00, 0xac, 0x00, 0x00, 0xf4, 0x00, 0x00, 0xff, 0x00, 0x00, 0xff, 0x00, 0x08, 0xfe, 0x61, 0x58, 0xfc, 0xe2, 0xb0, 0xfe,
  0x02, 0xc9, 0xff, 0x02, 0xc9, 0xff, 0x02, 0xc9, 0xff, 0x02, 0xc9, 0xff, 0x02, 0xc9, 0xff, 0x02, 0xc9, 0xff, 0x02, 0xc9, 0xff, 0x02, 0xc9, 0xff,
  0x02, 0xc9, 0xff, 0x02, 0xc9, 0xff, 0x02, 0xc9, 0xff, 0x02, 0xc9, 0xff, 0x02, 0xc9, 0xff, 0x02, 0xc9, 0xff, 0x02, 0xc9, 0xff, 0x02, 0xc9, 0xff,
  0x02, 0xc9, 0xff, 0x02, 0xc9, 0xff, 0x02, 0xc9, 0xff, 0x02, 0xc9, 0xff, 0x02, 0xc9, 0xff, 0x02, 0xc9, 0xff, 0x02, 0xc9, 0xff, 0x02, 0xc9, 0xff,
  0x02, 0xc9, 0xff, 0x02, 0xc1, 0xff, 0xe2, 0xa0, 0xfd, 0x40, 0x30, 0xfd, 0x00, 0x10, 0xfd, 0xc1, 0x98, 0xfd, 0x02, 0xc9, 0xff, 0x02, 0xc9, 0xff,
  0x02, 0xc9, 0xff, 0x02, 0xc9, 0xff, 0x02, 0xc9, 0xff, 0x02, 0xc9, 0xff, 0x02, 0xc9, 0xff, 0x02, 0xc9, 0xff, 0x02, 0xc9, 0xff, 0xe2, 0xa0, 0xfd,
  0x40, 0x30, 0xfd, 0x00, 0x00, 0xff, 0x05, 0x19, 0xfc, 0x2b, 0x32, 0xfd, 0x62, 0x00, 0xfd, 0x40, 0x40, 0xfd, 0x02, 0xc9, 0xff, 0x02, 0xc9, 0xff,
  0x02, 0xc9, 0xff, 0x02, 0xc9, 0xff, 0x02, 0xc9, 0xff, 0x02, 0xc9, 0xff, 0x02, 0xc9, 0xff, 0x02, 0xc9, 0xff, 0x02, 0xc9, 0xff, 0x02, 0xc9, 0xff,
  0x02, 0xc9, 0xff, 0xc1, 0x90, 0xfd, 0x00, 0x08, 0xfe, 0x05, 0x19, 0xfc, 0xc9, 0x29, 0xfc, 0x62, 0x00, 0xfd, 0x00, 0x10, 0xfd, 0xa1, 0x80, 0xfd,
  0x02, 0xc1, 0xff, 0x02, 0xc9, 0xff, 0x02, 0xc9, 0xff, 0x02, 0xc9, 0xff, 0x02, 0xc9, 0xff, 0x02, 0xc9, 0xff, 0x02, 0xc9, 0xff, 0x02, 0xc9, 0xff,
  0x02, 0xc9, 0xff, 0x02, 0xc9, 0xff, 0x60, 0x48, 0xfa, 0x00, 0x08, 0xfe, 0xa1, 0x80, 0xfd, 0x02, 0xb9, 0xff, 0x02, 0xc9, 0xff, 0x02, 0xc9, 0xff,
  0x02, 0xc9, 0xff, 0x02, 0xc9, 0xff, 0x02, 0xc9, 0xff, 0x02, 0xc9, 0xff, 0x02, 0xc9, 0xff, 0x02, 0xc9, 0xff, 0x02, 0xc9, 0xff, 0x02, 0xc9, 0xff,
  0x02, 0xc9, 0xff, 0x02, 0xc9, 0xff, 0x02, 0xc9, 0xff, 0x02, 0xc9, 0xff, 0x02, 0xc9, 0xff, 0x02, 0xc9, 0xff, 0x02, 0xc9, 0xff, 0x02, 0xc9, 0xff,
  0x02, 0xc9, 0xff, 0x02, 0xc9, 0xff, 0x02, 0xc9, 0xff, 0x02, 0xc9, 0xff, 0x02, 0xc9, 0xff, 0x02, 0xc9, 0xff, 0x02, 0xc9, 0xff, 0x02, 0xb9, 0xff,
  0xa1, 0x78, 0xfd, 0x20, 0x18, 0xfd, 0x00, 0x00, 0xff, 0x00, 0x00, 0xff, 0x00, 0x00, 0xff, 0x00, 0x00, 0xc5, 0x00, 0x00, 0x4c, 0x00, 0x00, 0x0c,
  0x00, 0x00, 0x00, 0x00, 0x00, 0x00, 0x00, 0x00, 0x00, 0x00, 0x00, 0x00, 0x00, 0x00, 0x00, 0x00, 0x00, 0x00, 0x00, 0x00, 0x00, 0x00, 0x00, 0x00,
  0x00, 0x00, 0x00, 0x00, 0x00, 0x00, 0x00, 0x00, 0x00, 0x00, 0x00, 0x00, 0x00, 0x00, 0x00, 0x00, 0x00, 0x00, 0x00, 0x00, 0x00, 0x00, 0x00, 0x00,
  0x00, 0x00, 0x00, 0x00, 0x00, 0x00, 0x00, 0x00, 0x00, 0x00, 0x00, 0x00, 0x00, 0x00, 0x00, 0x00, 0x00, 0x00, 0x00, 0x00, 0x00, 0x00, 0x00, 0x00,
  0x00, 0x00, 0x00, 0x00, 0x00, 0x00, 0x00, 0x00, 0x00, 0x00, 0x00, 0x00, 0x00, 0x00, 0x00, 0x00, 0x00, 0x00, 0x00, 0x00, 0x00, 0x00, 0x00, 0x00,
  0x00, 0x00, 0x00, 0x00, 0x00, 0x00, 0x00, 0x00, 0x00, 0x00, 0x00, 0x00, 0x00, 0x00, 0x00, 0x00, 0x00, 0x00, 0x00, 0x00, 0x00, 0x00, 0x00, 0x00,
  0x00, 0x00, 0x00, 0x00, 0x00, 0x00, 0x00, 0x00, 0x00, 0x00, 0x00, 0x00, 0x00, 0x00, 0x00, 0x00, 0x00, 0x00, 0x00, 0x00, 0x00, 0x00, 0x00, 0x00,
  0x00, 0x00, 0x00, 0x00, 0x00, 0x00, 0x00, 0x00, 0x00, 0x00, 0x00, 0x00, 0x00, 0x00, 0x00, 0x00, 0x00, 0x00, 0x00, 0x00, 0x00, 0x00, 0x00, 0x00,
  0x00, 0x00, 0x00, 0x00, 0x00, 0x00, 0x00, 0x00, 0x00, 0x00, 0x00, 0x00, 0x00, 0x00, 0x00, 0x00, 0x00, 0x00, 0x00, 0x00, 0x00, 0x00, 0x00, 0x00,
  0x00, 0x00, 0x00, 0x00, 0x00, 0x00, 0x00, 0x00, 0x00, 0x00, 0x00, 0x00, 0x00, 0x00, 0x00, 0x00, 0x00, 0x00, 0x00, 0x00, 0x00, 0x00, 0x00, 0x00,
  0x00, 0x00, 0x00, 0x00, 0x00, 0x00, 0x00, 0x00, 0x00, 0x00, 0x00, 0x00, 0x00, 0x00, 0x00, 0x00, 0x00, 0x00, 0x00, 0x00, 0x00, 0x00, 0x00, 0x00,
  0x00, 0x00, 0x02, 0x00, 0x00, 0x14, 0x00, 0x00, 0x6c, 0x00, 0x00, 0xdb, 0x00, 0x00, 0xff, 0x00, 0x00, 0xff, 0x00, 0x00, 0xff, 0x20, 0x28, 0xfd,
  0xa1, 0x80, 0xfd, 0x02, 0xb9, 0xff, 0x02, 0xc9, 0xff, 0x02, 0xc9, 0xff, 0x02, 0xc9, 0xff, 0x02, 0xc9, 0xff, 0x02, 0xc9, 0xff, 0x02, 0xc9, 0xff,
  0x02, 0xc9, 0xff, 0x02, 0xc9, 0xff, 0x02, 0xc9, 0xff, 0x02, 0xc9, 0xff, 0x02, 0xc9, 0xff, 0x02, 0xc9, 0xff, 0x02, 0xc9, 0xff, 0x02, 0xc9, 0xff,
  0x02, 0xc9, 0xff, 0x02, 0xc9, 0xff, 0x02, 0xc9, 0xff, 0x02, 0xc9, 0xff, 0x02, 0xc9, 0xff, 0x02, 0xc9, 0xff, 0x02, 0xc9, 0xff, 0x02, 0xc9, 0xff,
  0x02, 0xc9, 0xff, 0x02, 0xc9, 0xff, 0x02, 0xb9, 0xff, 0x61, 0x50, 0xfc, 0x00, 0x08, 0xfe, 0xc1, 0x88, 0xfd, 0x02, 0xc9, 0xff, 0x02, 0xc9, 0xff,
  0x02, 0xc9, 0xff, 0x02, 0xc9, 0xff, 0x02, 0xc9, 0xff, 0x02, 0xc9, 0xff, 0x02, 0xc9, 0xff, 0x02, 0xc9, 0xff, 0x02, 0xc9, 0xff, 0x02, 0xc9, 0xff,
  0xe2, 0xa8, 0xfe, 0x40, 0x40, 0xfd, 0x00, 0x00, 0xff, 0x00, 0x00, 0xff, 0x00, 0x00, 0xff, 0x40, 0x40, 0xfd, 0x02, 0xc9, 0xff, 0x02, 0xc9, 0xff,
  0x02, 0xc9, 0xff, 0x02, 0xc9, 0xff, 0x02, 0xc9, 0xff, 0x02, 0xc9, 0xff, 0x02, 0xc9, 0xff, 0x02, 0xc9, 0xff, 0x02, 0xc9, 0xff, 0x02, 0xc9, 0xff,
  0x02, 0xc9, 0xff, 0xc1, 0x90, 0xfd, 0x00, 0x08, 0xfe, 0x00, 0x00, 0xff, 0x00, 0x00, 0xff, 0x00, 0x10, 0xfd, 0xa1, 0x80, 0xfd, 0x02, 0xc1, 0xff,
  0x02, 0xc9, 0xff, 0x02, 0xc9, 0xff, 0x02, 0xc9, 0xff, 0x02, 0xc9, 0xff, 0x02, 0xc9, 0xff, 0x02, 0xc9, 0xff, 0x02, 0xc9, 0xff, 0x02, 0xc9, 0xff,
  0x02, 0xc9, 0xff, 0x02, 0xc1, 0xff, 0x40, 0x38, 0xfd, 0x20, 0x18, 0xfd, 0xc1, 0x98, 0xfd, 0x02, 0xc1, 0xff, 0x02, 0xc9, 0xff, 0x02, 0xc9, 0xff,
  0x02, 0xc9, 0xff, 0x02, 0xc9, 0xff, 0x02, 0xc9, 0xff, 0x02, 0xc9, 0xff, 0x02, 0xc9, 0xff, 0x02, 0xc9, 0xff, 0x02, 0xc9, 0xff, 0x02, 0xc9, 0xff,
  0x02, 0xc9, 0xff, 0x02, 0xc9, 0xff, 0x02, 0xc9, 0xff, 0x02, 0xc9, 0xff, 0x02, 0xc9, 0xff, 0x02, 0xc9, 0xff, 0x02, 0xc9, 0xff, 0x02, 0xc9, 0xff,
  0x02, 0xc9, 0xff, 0x02, 0xc9, 0xff, 0x02, 0xc9, 0xff, 0x02, 0xc9, 0xff, 0x02, 0xc9, 0xff, 0x02, 0xc1, 0xff, 0xc1, 0x90, 0xfd, 0x40, 0x40, 0xfd,
  0x00, 0x08, 0xfe, 0x00, 0x00, 0xff, 0x00, 0x00, 0xff, 0x00, 0x00, 0xf4, 0x00, 0x00, 0x9c, 0x00, 0x00, 0x24, 0x00, 0x00, 0x03, 0x00, 0x00, 0x00,
  0x00, 0x00, 0x00, 0x00, 0x00, 0x00, 0x00, 0x00, 0x00, 0x00, 0x00, 0x00, 0x00, 0x00, 0x00, 0x00, 0x00, 0x00, 0x00, 0x00, 0x00, 0x00, 0x00, 0x00,
  0x00, 0x00, 0x00, 0x00, 0x00, 0x00, 0x00, 0x00, 0x00, 0x00, 0x00, 0x00, 0x00, 0x00, 0x00, 0x00, 0x00, 0x00, 0x00, 0x00, 0x00, 0x00, 0x00, 0x00,
  0x00, 0x00, 0x00, 0x00, 0x00, 0x00, 0x00, 0x00, 0x00, 0x00, 0x00, 0x00, 0x00, 0x00, 0x00, 0x00, 0x00, 0x00, 0x00, 0x00, 0x00, 0x00, 0x00, 0x00,
  0x00, 0x00, 0x00, 0x00, 0x00, 0x00, 0x00, 0x00, 0x00, 0x00, 0x00, 0x00, 0x00, 0x00, 0x00, 0x00, 0x00, 0x00, 0x00, 0x00, 0x00, 0x00, 0x00, 0x00,
  0x00, 0x00, 0x00, 0x00, 0x00, 0x00, 0x00, 0x00, 0x00, 0x00, 0x00, 0x00, 0x00, 0x00, 0x00, 0x00, 0x00, 0x00, 0x00, 0x00, 0x00, 0x00, 0x00, 0x00,
  0x00, 0x00, 0x00, 0x00, 0x00, 0x00, 0x00, 0x00, 0x00, 0x00, 0x00, 0x00, 0x00, 0x00, 0x00, 0x00, 0x00, 0x00, 0x00, 0x00, 0x00, 0x00, 0x00, 0x00,
  0x00, 0x00, 0x00, 0x00, 0x00, 0x00, 0x00, 0x00, 0x00, 0x00, 0x00, 0x00, 0x00, 0x00, 0x00, 0x00, 0x00, 0x00, 0x00, 0x00, 0x00, 0x00, 0x00, 0x00,
  0x00, 0x00, 0x00, 0x00, 0x00, 0x00, 0x00, 0x00, 0x00, 0x00, 0x00, 0x00, 0x00, 0x00, 0x00, 0x00, 0x00, 0x00, 0x00, 0x00, 0x00, 0x00, 0x00, 0x00,
  0x00, 0x00, 0x00, 0x00, 0x00, 0x00, 0x00, 0x00, 0x00, 0x00, 0x00, 0x00, 0x00, 0x00, 0x00, 0x00, 0x00, 0x00, 0x00, 0x00, 0x00, 0x00, 0x00, 0x00,
  0x00, 0x00, 0x00, 0x00, 0x00, 0x00, 0x00, 0x00, 0x00, 0x00, 0x00, 0x00, 0x00, 0x00, 0x00, 0x00, 0x00, 0x00, 0x00, 0x00, 0x00, 0x00, 0x00, 0x00,
  0x00, 0x00, 0x00, 0x00, 0x00, 0x00, 0x00, 0x00, 0x03, 0x00, 0x00, 0x3c, 0x00, 0x00, 0xac, 0x00, 0x00, 0xf4, 0x00, 0x00, 0xff, 0x00, 0x00, 0xff,
  0x00, 0x08, 0xfe, 0x40, 0x40, 0xfd, 0xc1, 0x98, 0xfd, 0x02, 0xc1, 0xff, 0x02, 0xc9, 0xff, 0x02, 0xc9, 0xff, 0x02, 0xc9, 0xff, 0x02, 0xc9, 0xff,
  0x02, 0xc9, 0xff, 0x02, 0xc9, 0xff, 0x02, 0xc9, 0xff, 0x02, 0xc9, 0xff, 0x02, 0xc9, 0xff, 0x02, 0xc9, 0xff, 0x02, 0xc9, 0xff, 0x02, 0xc9, 0xff,
  0x02, 0xc9, 0xff, 0x02, 0xc9, 0xff, 0x02, 0xc9, 0xff, 0x02, 0xc9, 0xff, 0x02, 0xc9, 0xff, 0x02, 0xc9, 0xff, 0x02, 0xc9, 0xff, 0x02, 0xc1, 0xff,
  0xe2, 0xa0, 0xfd, 0x81, 0x68, 0xfd, 0x40, 0x30, 0xfd, 0x00, 0x10, 0xfd, 0x00, 0x08, 0xfe, 0x81, 0x70, 0xfc, 0x02, 0xc9, 0xff, 0x02, 0xc9, 0xff,
  0x02, 0xc9, 0xff, 0x02, 0xc9, 0xff, 0x02, 0xc9, 0xff, 0x02, 0xc9, 0xff, 0x02, 0xc9, 0xff, 0x02, 0xc9, 0xff, 0x02, 0xc9, 0xff, 0x02, 0xc9, 0xff,
  0x02, 0xc9, 0xff, 0xe2, 0xb0, 0xfe, 0x40, 0x40, 0xfd, 0x00, 0x00, 0xff, 0x00, 0x00, 0xff, 0x40, 0x40, 0xfd, 0x02, 0xc9, 0xff, 0x02, 0xc9, 0xff,
  0x02, 0xc9, 0xff, 0x02, 0xc9, 0xff, 0x02, 0xc9, 0xff, 0x02, 0xc9, 0xff, 0x02, 0xc9, 0xff, 0x02, 0xc9, 0xff, 0x02, 0xc9, 0xff, 0x02, 0xc9, 0xff,
  0x02, 0xc9, 0xff, 0xc1, 0x90, 0xfd, 0x00, 0x08, 0xfe, 0x00, 0x00, 0xff, 0x00, 0x10, 0xfd, 0xa1, 0x80, 0xfd, 0x02, 0xc1, 0xff, 0x02, 0xc9, 0xff,
  0x02, 0xc9, 0xff, 0x02, 0xc9, 0xff, 0x02, 0xc9, 0xff, 0x02, 0xc9, 0xff, 0x02, 0xc9, 0xff, 0x02, 0xc9, 0xff, 0x02, 0xc9, 0xff, 0x02, 0xc9, 0xff,
  0x02, 0xc9, 0xff, 0xe2, 0xb0, 0xfe, 0x20, 0x20, 0xfd, 0x00, 0x00, 0xff, 0x20, 0x20, 0xfd, 0x60, 0x48, 0xfc, 0xa1, 0x80, 0xfd, 0xe2, 0xb0, 0xfe,
  0x02, 0xc9, 0xff, 0x02, 0xc9, 0xff, 0x02, 0xc9, 0xff, 0x02, 0xc9, 0xff, 0x02, 0xc9, 0xff, 0x02, 0xc9, 0xff, 0x02, 0xc9, 0xff, 0x02, 0xc9, 0xff,
  0x02, 0xc9, 0xff, 0x02, 0xc9, 0xff, 0x02, 0xc9, 0xff, 0x02, 0xc9, 0xff, 0x02, 0xc9, 0xff, 0x02, 0xc9, 0xff, 0x02, 0xc9, 0xff, 0x02, 0xc9, 0xff,
  0x02, 0xc9, 0xff, 0x02, 0xc9, 0xff, 0x02, 0xc9, 0xff, 0x02, 0xc9, 0xff, 0xe2, 0xa8, 0xfe, 0x81, 0x58, 0xfc, 0x00, 0x10, 0xfd, 0x00, 0x00, 0xff,
  0x00, 0x00, 0xff, 0x00, 0x00, 0xf4, 0x00, 0x00, 0xc5, 0x00, 0x00, 0x5c, 0x00, 0x00, 0x0c, 0x00, 0x00, 0x00, 0x00, 0x00, 0x00, 0x00, 0x00, 0x00,
  0x00, 0x00, 0x00, 0x00, 0x00, 0x00, 0x00, 0x00, 0x00, 0x00, 0x00, 0x00, 0x00, 0x00, 0x00, 0x00, 0x00, 0x00, 0x00, 0x00, 0x00, 0x00, 0x00, 0x00,
  0x00, 0x00, 0x00, 0x00, 0x00, 0x00, 0x00, 0x00, 0x00, 0x00, 0x00, 0x00, 0x00, 0x00, 0x00, 0x00, 0x00, 0x00, 0x00, 0x00, 0x00, 0x00, 0x00, 0x00,
  0x00, 0x00, 0x00, 0x00, 0x00, 0x00, 0x00, 0x00, 0x00, 0x00, 0x00, 0x00, 0x00, 0x00, 0x00, 0x00, 0x00, 0x00, 0x00, 0x00, 0x00, 0x00, 0x00, 0x00,
  0x00, 0x00, 0x00, 0x00, 0x00, 0x00, 0x00, 0x00, 0x00, 0x00, 0x00, 0x00, 0x00, 0x00, 0x00, 0x00, 0x00, 0x00, 0x00, 0x00, 0x00, 0x00, 0x00, 0x00,
  0x00, 0x00, 0x00, 0x00, 0x00, 0x00, 0x00, 0x00, 0x00, 0x00, 0x00, 0x00, 0x00, 0x00, 0x00, 0x00, 0x00, 0x00, 0x00, 0x00, 0x00, 0x00, 0x00, 0x00,
  0x00, 0x00, 0x00, 0x00, 0x00, 0x00, 0x00, 0x00, 0x00, 0x00, 0x00, 0x00, 0x00, 0x00, 0x00, 0x00, 0x00, 0x00, 0x00, 0x00, 0x00, 0x00, 0x00, 0x00,
  0x00, 0x00, 0x00, 0x00, 0x00, 0x00, 0x00, 0x00, 0x00, 0x00, 0x00, 0x00, 0x00, 0x00, 0x00, 0x00, 0x00, 0x00, 0x00, 0x00, 0x00, 0x00, 0x00, 0x00,
  0x00, 0x00, 0x00, 0x00, 0x00, 0x00, 0x00, 0x00, 0x00, 0x00, 0x00, 0x00, 0x00, 0x00, 0x00, 0x00, 0x00, 0x00, 0x00, 0x00, 0x00, 0x00, 0x00, 0x00,
  0x00, 0x00, 0x00, 0x00, 0x00, 0x00, 0x00, 0x00, 0x00, 0x00, 0x00, 0x00, 0x00, 0x00, 0x00, 0x00, 0x00, 0x00, 0x00, 0x00, 0x00, 0x00, 0x00, 0x00,
  0x00, 0x00, 0x00, 0x00, 0x00, 0x00, 0x00, 0x00, 0x00, 0x00, 0x00, 0x00, 0x00, 0x00, 0x00, 0x00, 0x00, 0x00, 0x00, 0x00, 0x00, 0x00, 0x00, 0x00,
  0x00, 0x00, 0x00, 0x00, 0x00, 0x00, 0x00, 0x00, 0x00, 0x00, 0x00, 0x02, 0x00, 0x00, 0x14, 0x00, 0x00, 0x63, 0x00, 0x00, 0xdb, 0x00, 0x00, 0xff,
  0x00, 0x00, 0xff, 0x00, 0x00, 0xff, 0x00, 0x10, 0xfd, 0x61, 0x58, 0xfc, 0xe2, 0xa8, 0xfe, 0x02, 0xc9, 0xff, 0x02, 0xc9, 0xff, 0x02, 0xc9, 0xff,
  0x02, 0xc9, 0xff, 0x02, 0xc9, 0xff, 0x02, 0xc9, 0xff, 0x02, 0xc9, 0xff, 0x02, 0xc9, 0xff, 0x02, 0xc9, 0xff, 0x02, 0xc9, 0xff, 0x02, 0xc9, 0xff,
  0x02, 0xc9, 0xff, 0x02, 0xc9, 0xff, 0x02, 0xc9, 0xff, 0x02, 0xc9, 0xff, 0x02, 0xc9, 0xff, 0x02, 0xc9, 0xff, 0x02, 0xc9, 0xff, 0xe2, 0xa8, 0xfe,
  0x40, 0x30, 0xfd, 0x00, 0x00, 0xff, 0x00, 0x00, 0xff, 0x20, 0x28, 0xfd, 0x81, 0x68, 0xfd, 0xe2, 0xb0, 0xfe, 0x02, 0xc9, 0xff, 0x02, 0xc9, 0xff,
  0x02, 0xc9, 0xff, 0x02, 0xc9, 0xff, 0x02, 0xc9, 0xff, 0x02, 0xc9, 0xff, 0x02, 0xc9, 0xff, 0x02, 0xc9, 0xff, 0x02, 0xc9, 0xff, 0x02, 0xc9, 0xff,
  0x02, 0xc9, 0xff, 0x02, 0xc9, 0xff, 0xe2, 0xb0, 0xfe, 0x40, 0x38, 0xfd, 0x00, 0x00, 0xff, 0x40, 0x40, 0xfd, 0x02, 0xc9, 0xff, 0x02, 0xc9, 0xff,
  0x02, 0xc9, 0xff, 0x02, 0xc9, 0xff, 0x02, 0xc9, 0xff, 0x02, 0xc9, 0xff, 0x02, 0xc9, 0xff, 0x02, 0xc9, 0xff, 0x02, 0xc9, 0xff, 0x02, 0xc9, 0xff,
  0x02, 0xc9, 0xff, 0xc1, 0x90, 0xfd, 0x00, 0x08, 0xfe, 0x20, 0x18, 0xfd, 0xa1, 0x88, 0xfb, 0x02, 0xc1, 0xff, 0x02, 0xc9, 0xff, 0x02, 0xc9, 0xff,
  0x02, 0xc9, 0xff, 0x02, 0xc9, 0xff, 0x02, 0xc9, 0xff, 0x02, 0xc9, 0xff, 0x02, 0xc9, 0xff, 0x02, 0xc9, 0xff, 0x02, 0xc9, 0xff, 0x02, 0xc9, 0xff,
  0x02, 0xc9, 0xff, 0x02, 0xc1, 0xff, 0xa1, 0x88, 0xfb, 0x60, 0x48, 0xfc, 0x00, 0x08, 0xfe, 0x00, 0x00, 0xff, 0x00, 0x08, 0xfe, 0x81, 0x70, 0xfc,
  0x02, 0xc9, 0xff, 0x02, 0xc9, 0xff, 0x02, 0xc9, 0xff, 0x02, 0xc9, 0xff, 0x02, 0xc9, 0xff, 0x02, 0xc9, 0xff, 0x02, 0xc9, 0xff, 0x02, 0xc9, 0xff,
  0x02, 0xc9, 0xff, 0x02, 0xc9, 0xff, 0x02, 0xc9, 0xff, 0x02, 0xc9, 0xff, 0x02, 0xc9, 0xff, 0x02, 0xc9, 0xff, 0x02, 0xc9, 0xff, 0x02, 0xc9, 0xff,
  0x02, 0xc9, 0xff, 0x02, 0xc9, 0xff, 0x02, 0xb9, 0xff, 0x81, 0x70, 0xfc, 0x20, 0x20, 0xfd, 0x00, 0x00, 0xff, 0x00, 0x00, 0xff, 0x00, 0x00, 0xff,
  0x00, 0x00, 0xf4, 0x00, 0x00, 0x8d, 0x00, 0x00, 0x24, 0x00, 0x00, 0x03, 0x00, 0x00, 0x00, 0x00, 0x00, 0x00, 0x00, 0x00, 0x00, 0x00, 0x00, 0x00,
  0x00, 0x00, 0x00, 0x00, 0x00, 0x00, 0x00, 0x00, 0x00, 0x00, 0x00, 0x00, 0x00, 0x00, 0x00, 0x00, 0x00, 0x00, 0x00, 0x00, 0x00, 0x00, 0x00, 0x00,
  0x00, 0x00, 0x00, 0x00, 0x00, 0x00, 0x00, 0x00, 0x00, 0x00, 0x00, 0x00, 0x00, 0x00, 0x00, 0x00, 0x00, 0x00, 0x00, 0x00, 0x00, 0x00, 0x00, 0x00,
  0x00, 0x00, 0x00, 0x00, 0x00, 0x00, 0x00, 0x00, 0x00, 0x00, 0x00, 0x00, 0x00, 0x00, 0x00, 0x00, 0x00, 0x00, 0x00, 0x00, 0x00, 0x00, 0x00, 0x00,
  0x00, 0x00, 0x00, 0x00, 0x00, 0x00, 0x00, 0x00, 0x00, 0x00, 0x00, 0x00, 0x00, 0x00, 0x00, 0x00, 0x00, 0x00, 0x00, 0x00, 0x00, 0x00, 0x00, 0x00,
  0x00, 0x00, 0x00, 0x00, 0x00, 0x00, 0x00, 0x00, 0x00, 0x00, 0x00, 0x00, 0x00, 0x00, 0x00, 0x00, 0x00, 0x00, 0x00, 0x00, 0x00, 0x00, 0x00, 0x00,
  0x00, 0x00, 0x00, 0x00, 0x00, 0x00, 0x00, 0x00, 0x00, 0x00, 0x00, 0x00, 0x00, 0x00, 0x00, 0x00, 0x00, 0x00, 0x00, 0x00, 0x00, 0x00, 0x00, 0x00,
  0x00, 0x00, 0x00, 0x00, 0x00, 0x00, 0x00, 0x00, 0x00, 0x00, 0x00, 0x00, 0x00, 0x00, 0x00, 0x00, 0x00, 0x00, 0x00, 0x00, 0x00, 0x00, 0x00, 0x00,
  0x00, 0x00, 0x00, 0x00, 0x00, 0x00, 0x00, 0x00, 0x00, 0x00, 0x00, 0x00, 0x00, 0x00, 0x00, 0x00, 0x00, 0x00, 0x00, 0x00, 0x00, 0x00, 0x00, 0x00,
  0x00, 0x00, 0x00, 0x00, 0x00, 0x00, 0x00, 0x00, 0x00, 0x00, 0x00, 0x00, 0x00, 0x00, 0x00, 0x00, 0x00, 0x00, 0x00, 0x00, 0x00, 0x00, 0x00, 0x00,
  0x00, 0x00, 0x00, 0x00, 0x00, 0x00, 0x00, 0x00, 0x00, 0x00, 0x00, 0x00, 0x00, 0x00, 0x00, 0x00, 0x00, 0x00, 0x00, 0x00, 0x00, 0x00, 0x00, 0x00,
  0x00, 0x00, 0x00, 0x00, 0x00, 0x00, 0x00, 0x00, 0x00, 0x00, 0x00, 0x00, 0x00, 0x00, 0x00, 0x00, 0x00, 0x03, 0x00, 0x00, 0x45, 0x00, 0x00, 0xb5,
  0x00, 0x00, 0xf4, 0x00, 0x00, 0xff, 0x00, 0x00, 0xff, 0x00, 0x00, 0xff, 0x20, 0x28, 0xfd, 0xa1, 0x80, 0xfd, 0x02, 0xb9, 0xff, 0x02, 0xc9, 0xff,
  0x02, 0xc9, 0xff, 0x02, 0xc9, 0xff, 0x02, 0xc9, 0xff, 0x02, 0xc9, 0xff, 0x02, 0xc9, 0xff, 0x02, 0xc9, 0xff, 0x02, 0xc9, 0xff, 0x02, 0xc9, 0xff,
  0x02, 0xc9, 0xff, 0x02, 0xc9, 0xff, 0x02, 0xc9, 0xff, 0x02, 0xc9, 0xff, 0x02, 0xc9, 0xff, 0x02, 0xc9, 0xff, 0x02, 0xc9, 0xff, 0x02, 0xc1, 0xff,
  0xa1, 0x80, 0xfd, 0x00, 0x10, 0xfd, 0x00, 0x08, 0xfe, 0x81, 0x60, 0xf6, 0x02, 0xc1, 0xff, 0x02, 0xc9, 0xff, 0x02, 0xc9, 0xff, 0x02, 0xc9, 0xff,
  0x02, 0xc9, 0xff, 0x02, 0xc9, 0xff, 0x02, 0xc9, 0xff, 0x02, 0xc9, 0xff, 0x02, 0xc9, 0xff, 0x02, 0xc9, 0xff, 0x02, 0xc9, 0xff, 0x02, 0xc9, 0xff,
  0x02, 0xc9, 0xff, 0x02, 0xc9, 0xff, 0x02, 0xc9, 0xff, 0xe2, 0xa8, 0xfe, 0x40, 0x40, 0xfd, 0x40, 0x40, 0xfd, 0x02, 0xc9, 0xff, 0x02, 0xc9, 0xff,
  0x02, 0xc9, 0xff, 0x02, 0xc9, 0xff, 0x02, 0xc9, 0xff, 0x02, 0xc9, 0xff, 0x02, 0xc9, 0xff, 0x02, 0xc9, 0xff, 0x02, 0xc9, 0xff, 0x02, 0xc9, 0xff,
  0x02, 0xc9, 0xff, 0xc1, 0x90, 0xfd, 0x20, 0x18, 0xfd, 0xa1, 0x80, 0xfd, 0x02, 0xc1, 0xff, 0x02, 0xc9, 0xff, 0x02, 0xc9, 0xff, 0x02, 0xc9, 0xff,
  0x02, 0xc9, 0xff, 0x02, 0xc9, 0xff, 0x02, 0xc9, 0xff, 0x02, 0xc9, 0xff, 0x02, 0xc9, 0xff, 0x02, 0xc9, 0xff, 0x02, 0xc9, 0xff, 0x02, 0xc9, 0xff,
  0x02, 0xc9, 0xff, 0x02, 0xc9, 0xff, 0x02, 0xc9, 0xff, 0xc1, 0x98, 0xfd, 0x20, 0x18, 0xfd, 0x00, 0x00, 0xff, 0x40, 0x40, 0xfd, 0xe2, 0xb0, 0xfe,
  0x02, 0xc9, 0xff, 0x02, 0xc9, 0xff, 0x02, 0xc9, 0xff, 0x02, 0xc9, 0xff, 0x02, 0xc9, 0xff, 0x02, 0xc9, 0xff, 0x02, 0xc9, 0xff, 0x02, 0xc9, 0xff,
  0x02, 0xc9, 0xff, 0x02, 0xc9, 0xff, 0x02, 0xc9, 0xff, 0x02, 0xc9, 0xff, 0x02, 0xc9, 0xff, 0x02, 0xc9, 0xff, 0x02, 0xc9, 0xff, 0x02, 0xc9, 0xff,
  0x02, 0xc1, 0xff, 0xc1, 0x98, 0xfd, 0x60, 0x48, 0xfc, 0x00, 0x08, 0xfe, 0x00, 0x00, 0xff, 0x00, 0x00, 0xff, 0x00, 0x00, 0xf4, 0x00, 0x00, 0xcc,
  0x00, 0x00, 0x6c, 0x00, 0x00, 0x14, 0x00, 0x00, 0x00, 0x00, 0x00, 0x00, 0x00, 0x00, 0x00, 0x00, 0x00, 0x00, 0x00, 0x00, 0x00, 0x00, 0x00, 0x00,
  0x00, 0x00, 0x00, 0x00, 0x00, 0x00, 0x00, 0x00, 0x00, 0x00, 0x00, 0x00, 0x00, 0x00, 0x00, 0x00, 0x00, 0x00, 0x00, 0x00, 0x00, 0x00, 0x00, 0x00,
  0x00, 0x00, 0x00, 0x00, 0x00, 0x00, 0x00, 0x00, 0x00, 0x00, 0x00, 0x00, 0x00, 0x00, 0x00, 0x00, 0x00, 0x00, 0x00, 0x00, 0x00, 0x00, 0x00, 0x00,
  0x00, 0x00, 0x00, 0x00, 0x00, 0x00, 0x00, 0x00, 0x00, 0x00, 0x00, 0x00, 0x00, 0x00, 0x00, 0x00, 0x00, 0x00, 0x00, 0x00, 0x00, 0x00, 0x00, 0x00,
  0x00, 0x00, 0x00, 0x00, 0x00, 0x00, 0x00, 0x00, 0x00, 0x00, 0x00, 0x00, 0x00, 0x00, 0x00, 0x00, 0x00, 0x00, 0x00, 0x00, 0x00, 0x00, 0x00, 0x00,
  0x00, 0x00, 0x00, 0x00, 0x00, 0x00, 0x00, 0x00, 0x00, 0x00, 0x00, 0x00, 0x00, 0x00, 0x00, 0x00, 0x00, 0x00, 0x00, 0x00, 0x00, 0x00, 0x00, 0x00,
  0x00, 0x00, 0x00, 0x00, 0x00, 0x00, 0x00, 0x00, 0x00, 0x00, 0x00, 0x00, 0x00, 0x00, 0x00, 0x00, 0x00, 0x00, 0x00, 0x00, 0x00, 0x00, 0x00, 0x00,
  0x00, 0x00, 0x00, 0x00, 0x00, 0x00, 0x00, 0x00, 0x00, 0x00, 0x00, 0x00, 0x00, 0x00, 0x00, 0x00, 0x00, 0x00, 0x00, 0x00, 0x00, 0x00, 0x00, 0x00,
  0x00, 0x00, 0x00, 0x00, 0x00, 0x00, 0x00, 0x00, 0x00, 0x00, 0x00, 0x00, 0x00, 0x00, 0x00, 0x00, 0x00, 0x00, 0x00, 0x00, 0x00, 0x00, 0x00, 0x00,
  0x00, 0x00, 0x00, 0x00, 0x00, 0x00, 0x00, 0x00, 0x00, 0x00, 0x00, 0x00, 0x00, 0x00, 0x00, 0x00, 0x00, 0x00, 0x00, 0x00, 0x00, 0x00, 0x00, 0x00,
  0x00, 0x00, 0x00, 0x00, 0x00, 0x00, 0x00, 0x00, 0x00, 0x00, 0x00, 0x00, 0x00, 0x00, 0x00, 0x00, 0x00, 0x00, 0x00, 0x00, 0x00, 0x00, 0x00, 0x00,
  0x00, 0x00, 0x00, 0x00, 0x00, 0x00, 0x00, 0x00, 0x00, 0x00, 0x00, 0x00, 0x00, 0x00, 0x00, 0x00, 0x00, 0x00, 0x00, 0x00, 0x02, 0x00, 0x00, 0x1c,
  0x00, 0x00, 0x63, 0x00, 0x00, 0xc5, 0x00, 0x00, 0xf4, 0x00, 0x00, 0xff, 0x00, 0x00, 0xff, 0x00, 0x08, 0xfe, 0x40, 0x38, 0xfd, 0xa1, 0x78, 0xfd,
  0x02, 0xb9, 0xff, 0x02, 0xc9, 0xff, 0x02, 0xc9, 0xff, 0x02, 0xc9, 0xff, 0x02, 0xc9, 0xff, 0x02, 0xc9, 0xff, 0x02, 0xc9, 0xff, 0x02, 0xc9, 0xff,
  0x02, 0xc9, 0xff, 0x02, 0xc9, 0xff, 0x02, 0xc9, 0xff, 0x02, 0xc9, 0xff, 0x02, 0xc9, 0xff, 0x02, 0xc9, 0xff, 0x02, 0xc9, 0xff, 0x02, 0xc9, 0xff,
  0x02, 0xc1, 0xff, 0xa1, 0x80, 0xfd, 0x00, 0x10, 0xfd, 0x00, 0x10, 0xfd, 0x81, 0x70, 0xfc, 0x02, 0xc1, 0xff, 0x02, 0xc9, 0xff, 0x02, 0xc9, 0xff,
  0x02, 0xc9, 0xff, 0x02, 0xc9, 0xff, 0x02, 0xc9, 0xff, 0x02, 0xc9, 0xff, 0x02, 0xc9, 0xff, 0x02, 0xc9, 0xff, 0x02, 0xc9, 0xff, 0x02, 0xc9, 0xff,
  0x02, 0xc9, 0xff, 0x02, 0xc9, 0xff, 0x02, 0xc9, 0xff, 0x02, 0xc9, 0xff, 0xe2, 0xb0, 0xfe, 0xa1, 0x78, 0xfd, 0x02, 0xc9, 0xff, 0x02, 0xc9, 0xff,
  0x02, 0xc9, 0xff, 0x02, 0xc9, 0xff, 0x02, 0xc9, 0xff, 0x02, 0xc9, 0xff, 0x02, 0xc9, 0xff, 0x02, 0xc9, 0xff, 0x02, 0xc9, 0xff, 0x02, 0xc9, 0xff,
  0x02, 0xc9, 0xff, 0xe2, 0xa0, 0xfd, 0xa1, 0x88, 0xfb, 0x02, 0xc1, 0xff, 0x02, 0xc9, 0xff, 0x02, 0xc9, 0xff, 0x02, 0xc9, 0xff, 0x02, 0xc9, 0xff,
  0x02, 0xc9, 0xff, 0x02, 0xc9, 0xff, 0x02, 0xc9, 0xff, 0x02, 0xc9, 0xff, 0x02, 0xc9, 0xff, 0x02, 0xc9, 0xff, 0x02, 0xc9, 0xff, 0x02, 0xc9, 0xff,
  0x02, 0xc9, 0xff, 0x02, 0xc9, 0xff, 0xe2, 0xa8, 0xfe, 0x40, 0x30, 0xfd, 0x00, 0x08, 0xfe, 0x40, 0x40, 0xfd, 0xe2, 0xb0, 0xfe, 0x02, 0xc9, 0xff,
  0x02, 0xc9, 0xff, 0x02, 0xc9, 0xff, 0x02, 0xc9, 0xff, 0x02, 0xc9, 0xff, 0x02, 0xc9, 0xff, 0x02, 0xc9, 0xff, 0x02, 0xc9, 0xff, 0x02, 0xc9, 0xff,
  0x02, 0xc9, 0xff, 0x02, 0xc9, 0xff, 0x02, 0xc9, 0xff, 0x02, 0xc9, 0xff, 0x02, 0xc9, 0xff, 0x02, 0xc9, 0xff, 0x02, 0xc1, 0xff, 0xc1, 0x90, 0xfd,
  0x60, 0x48, 0xfc, 0x00, 0x10, 0xfd, 0x00, 0x00, 0xff, 0x00, 0x00, 0xff, 0x00, 0x00, 0xff, 0x00, 0x00, 0xdb, 0x00, 0x00, 0x84, 0x00, 0x00, 0x24,
  0x00, 0x00, 0x03, 0x00, 0x00, 0x00, 0x00, 0x00, 0x00, 0x00, 0x00, 0x00, 0x00, 0x00, 0x00, 0x00, 0x00, 0x00, 0x00, 0x00, 0x00, 0x00, 0x00, 0x00,
  0x00, 0x00, 0x00, 0x00, 0x00, 0x00, 0x00, 0x00, 0x00, 0x00, 0x00, 0x00, 0x00, 0x00, 0x00, 0x00, 0x00, 0x00, 0x00, 0x00, 0x00, 0x00, 0x00, 0x00,
  0x00, 0x00, 0x00, 0x00, 0x00, 0x00, 0x00, 0x00, 0x00, 0x00, 0x00, 0x00, 0x00, 0x00, 0x00, 0x00, 0x00, 0x00, 0x00, 0x00, 0x00, 0x00, 0x00, 0x00,
  0x00, 0x00, 0x00, 0x00, 0x00, 0x00, 0x00, 0x00, 0x00, 0x00, 0x00, 0x00, 0x00, 0x00, 0x00, 0x00, 0x00, 0x00, 0x00, 0x00, 0x00, 0x00, 0x00, 0x00,
  0x00, 0x00, 0x00, 0x00, 0x00, 0x00, 0x00, 0x00, 0x00, 0x00, 0x00, 0x00, 0x00, 0x00, 0x00, 0x00, 0x00, 0x00, 0x00, 0x00, 0x00, 0x00, 0x00, 0x00,
  0x00, 0x00, 0x00, 0x00, 0x00, 0x00, 0x00, 0x00, 0x00, 0x00, 0x00, 0x00, 0x00, 0x00, 0x00, 0x00, 0x00, 0x00, 0x00, 0x00, 0x00, 0x00, 0x00, 0x00,
  0x00, 0x00, 0x00, 0x00, 0x00, 0x00, 0x00, 0x00, 0x00, 0x00, 0x00, 0x00, 0x00, 0x00, 0x00, 0x00, 0x00, 0x00, 0x00, 0x00, 0x00, 0x00, 0x00, 0x00,
  0x00, 0x00, 0x00, 0x00, 0x00, 0x00, 0x00, 0x00, 0x00, 0x00, 0x00, 0x00, 0x00, 0x00, 0x00, 0x00, 0x00, 0x00, 0x00, 0x00, 0x00, 0x00, 0x00, 0x00,
  0x00, 0x00, 0x00, 0x00, 0x00, 0x00, 0x00, 0x00, 0x00, 0x00, 0x00, 0x00, 0x00, 0x00, 0x00, 0x00, 0x00, 0x00, 0x00, 0x00, 0x00, 0x00, 0x00, 0x00,
  0x00, 0x00, 0x00, 0x00, 0x00, 0x00, 0x00, 0x00, 0x00, 0x00, 0x00, 0x00, 0x00, 0x00, 0x00, 0x00, 0x00, 0x00, 0x00, 0x00, 0x00, 0x00, 0x00, 0x00,
  0x00, 0x00, 0x00, 0x00, 0x00, 0x00, 0x00, 0x00, 0x00, 0x00, 0x00, 0x00, 0x00, 0x00, 0x00, 0x00, 0x00, 0x00, 0x00, 0x00, 0x00, 0x00, 0x00, 0x00,
  0x00, 0x00, 0x00, 0x00, 0x00, 0x00, 0x00, 0x00, 0x00, 0x00, 0x00, 0x00, 0x00, 0x00, 0x00, 0x00, 0x00, 0x00, 0x00, 0x00, 0x00, 0x00, 0x00, 0x00,
  0x00, 0x00, 0x03, 0x00, 0x00, 0x1c, 0x00, 0x00, 0x7c, 0x00, 0x00, 0xd5, 0x00, 0x00, 0xf4, 0x00, 0x00, 0xff, 0x00, 0x00, 0xff, 0x00, 0x08, 0xfe,
  0x40, 0x30, 0xfd, 0xa1, 0x78, 0xfd, 0xe2, 0xb0, 0xfe, 0x02, 0xc9, 0xff, 0x02, 0xc9, 0xff, 0x02, 0xc9, 0xff, 0x02, 0xc9, 0xff, 0x02, 0xc9, 0xff,
  0x02, 0xc9, 0xff, 0x02, 0xc9, 0xff, 0x02, 0xc9, 0xff, 0x02, 0xc9, 0xff, 0x02, 0xc9, 0xff, 0x02, 0xc9, 0xff, 0x02, 0xc9, 0xff, 0x02, 0xc9, 0xff,
  0x02, 0xc9, 0xff, 0x02, 0xc1, 0xff, 0xa1, 0x80, 0xfd, 0x20, 0x20, 0xfd, 0x00, 0x10, 0xfd, 0x81, 0x70, 0xfc, 0x02, 0xc1, 0xff, 0x02, 0xc9, 0xff,
  0x02, 0xc9, 0xff, 0x02, 0xc9, 0xff, 0x02, 0xc9, 0xff, 0x02, 0xc9, 0xff, 0x02, 0xc9, 0xff, 0x02, 0xc9, 0xff, 0x02, 0xc9, 0xff, 0x02, 0xc9, 0xff,
  0x02, 0xc9, 0xff, 0x02, 0xc9, 0xff, 0x02, 0xc9, 0xff, 0x02, 0xc9, 0xff, 0x02, 0xc9, 0xff, 0x02, 0xc1, 0xff, 0x02, 0xc9, 0xff, 0x02, 0xc9, 0xff,
  0x02, 0xc9, 0xff, 0x02, 0xc9, 0xff, 0x02, 0xc9, 0xff, 0x02, 0xc9, 0xff, 0x02, 0xc9, 0xff, 0x02, 0xc9, 0xff, 0x02, 0xc9, 0xff, 0x02, 0xc9, 0xff,
  0x02, 0xc9, 0xff, 0x02, 0xc9, 0xff, 0x02, 0xc9, 0xff, 0x02, 0xc9, 0xff, 0x02, 0xc9, 0xff, 0x02, 0xc9, 0xff, 0x02, 0xc9, 0xff, 0x02, 0xc9, 0xff,
  0x02, 0xc9, 0xff, 0x02, 0xc9, 0xff, 0x02, 0xc9, 0xff, 0x02, 0xc9, 0xff, 0x02, 0xc9, 0xff, 0x02, 0xc9, 0xff, 0x02, 0xc9, 0xff, 0x02, 0xc9, 0xff,
  0x02, 0xc9, 0xff, 0xe2, 0xa0, 0xfd, 0x40, 0x30, 0xfd, 0x00, 0x08, 0xfe, 0x61, 0x58, 0xfc, 0xe2, 0xb0, 0xfe, 0x02, 0xc9, 0xff, 0x02, 0xc9, 0xff,
  0x02, 0xc9, 0xff, 0x02, 0xc9, 0xff, 0x02, 0xc9, 0xff, 0x02, 0xc9, 0xff, 0x02, 0xc9, 0xff, 0x02, 0xc9, 0xff, 0x02, 0xc9, 0xff, 0x02, 0xc9, 0xff,
  0x02, 0xc9, 0xff, 0x02, 0xc9, 0xff, 0x02, 0xc9, 0xff, 0x02, 0xc9, 0xff, 0x02, 0xb9, 0xff, 0xc1, 0x90, 0xfd, 0x60, 0x48, 0xfc, 0x00, 0x10, 0xfd,
  0x00, 0x00, 0xff, 0x00, 0x00, 0xff, 0x00, 0x00, 0xff, 0x00, 0x00, 0xe4, 0x00, 0x00, 0x9c, 0x00, 0x00, 0x3c, 0x00, 0x00, 0x0c, 0x00, 0x00, 0x00,
  0x00, 0x00, 0x00, 0x00, 0x00, 0x00, 0x00, 0x00, 0x00, 0x00, 0x00, 0x00, 0x00, 0x00, 0x00, 0x00, 0x00, 0x00, 0x00, 0x00, 0x00, 0x00, 0x00, 0x00,
  0x00, 0x00, 0x00, 0x00, 0x00, 0x00, 0x00, 0x00, 0x00, 0x00, 0x00, 0x00, 0x00, 0x00, 0x00, 0x00, 0x00, 0x00, 0x00, 0x00, 0x00, 0x00, 0x00, 0x00,
  0x00, 0x00, 0x00, 0x00, 0x00, 0x00, 0x00, 0x00, 0x00, 0x00, 0x00, 0x00, 0x00, 0x00, 0x00, 0x00, 0x00, 0x00, 0x00, 0x00, 0x00, 0x00, 0x00, 0x00,
  0x00, 0x00, 0x00, 0x00, 0x00, 0x00, 0x00, 0x00, 0x00, 0x00, 0x00, 0x00, 0x00, 0x00, 0x00, 0x00, 0x00, 0x00, 0x00, 0x00, 0x00, 0x00, 0x00, 0x00,
  0x00, 0x00, 0x00, 0x00, 0x00, 0x00, 0x00, 0x00, 0x00, 0x00, 0x00, 0x00, 0x00, 0x00, 0x00, 0x00, 0x00, 0x00, 0x00, 0x00, 0x00, 0x00, 0x00, 0x00,
  0x00, 0x00, 0x00, 0x00, 0x00, 0x00, 0x00, 0x00, 0x00, 0x00, 0x00, 0x00, 0x00, 0x00, 0x00, 0x00, 0x00, 0x00, 0x00, 0x00, 0x00, 0x00, 0x00, 0x00,
  0x00, 0x00, 0x00, 0x00, 0x00, 0x00, 0x00, 0x00, 0x00, 0x00, 0x00, 0x00, 0x00, 0x00, 0x00, 0x00, 0x00, 0x00, 0x00, 0x00, 0x00, 0x00, 0x00, 0x00,
  0x00, 0x00, 0x00, 0x00, 0x00, 0x00, 0x00, 0x00, 0x00, 0x00, 0x00, 0x00, 0x00, 0x00, 0x00, 0x00, 0x00, 0x00, 0x00, 0x00, 0x00, 0x00, 0x00, 0x00,
  0x00, 0x00, 0x00, 0x00, 0x00, 0x00, 0x00, 0x00, 0x00, 0x00, 0x00, 0x00, 0x00, 0x00, 0x00, 0x00, 0x00, 0x00, 0x00, 0x00, 0x00, 0x00, 0x00, 0x00,
  0x00, 0x00, 0x00, 0x00, 0x00, 0x00, 0x00, 0x00, 0x00, 0x00, 0x00, 0x00, 0x00, 0x00, 0x00, 0x00, 0x00, 0x00, 0x00, 0x00, 0x00, 0x00, 0x00, 0x00,
  0x00, 0x00, 0x00, 0x00, 0x00, 0x00, 0x00, 0x00, 0x00, 0x00, 0x00, 0x00, 0x00, 0x00, 0x00, 0x00, 0x00, 0x00, 0x00, 0x00, 0x00, 0x00, 0x00, 0x00,
  0x00, 0x00, 0x00, 0x00, 0x00, 0x00, 0x00, 0x00, 0x00, 0x00, 0x00, 0x00, 0x00, 0x00, 0x00, 0x00, 0x00, 0x00, 0x00, 0x00, 0x00, 0x00, 0x00, 0x00,
  0x00, 0x00, 0x00, 0x00, 0x00, 0x00, 0x00, 0x00, 0x03, 0x00, 0x00, 0x34, 0x00, 0x00, 0x9c, 0x00, 0x00, 0xec, 0x00, 0x00, 0xff, 0x00, 0x00, 0xff,
  0x00, 0x00, 0xff, 0x00, 0x08, 0xfe, 0x40, 0x30, 0xfd, 0xa1, 0x80, 0xfd, 0x02, 0xb9, 0xff, 0x02, 0xc9, 0xff, 0x02, 0xc9, 0xff, 0x02, 0xc9, 0xff,
  0x02, 0xc9, 0xff, 0x02, 0xc9, 0xff, 0x02, 0xc9, 0xff, 0x02, 0xc9, 0xff, 0x02, 0xc9, 0xff, 0x02, 0xc9, 0xff, 0x02, 0xc9, 0xff, 0x02, 0xc9, 0xff,
  0x02, 0xc9, 0xff, 0x02, 0xc9, 0xff, 0x02, 0xc9, 0xff, 0xc1, 0x88, 0xfd, 0x00, 0x10, 0xfd, 0x00, 0x10, 0xfd, 0x81, 0x70, 0xfc, 0x02, 0xc1, 0xff,
  0x02, 0xc9, 0xff, 0x02, 0xc9, 0xff, 0x02, 0xc9, 0xff, 0x02, 0xc9, 0xff, 0x02, 0xc9, 0xff, 0x02, 0xc9, 0xff, 0x02, 0xc9, 0xff, 0x02, 0xc9, 0xff,
  0x02, 0xc9, 0xff, 0x02, 0xc9, 0xff, 0x02, 0xc9, 0xff, 0x02, 0xc9, 0xff, 0x02, 0xc9, 0xff, 0x02, 0xc9, 0xff, 0x02, 0xc9, 0xff, 0x02, 0xc9, 0xff,
  0x02, 0xc9, 0xff, 0x02, 0xc9, 0xff, 0x02, 0xc9, 0xff, 0x02, 0xc9, 0xff, 0x02, 0xc9, 0xff, 0x02, 0xc9, 0xff, 0x02, 0xc9, 0xff, 0x02, 0xc9, 0xff,
  0x02, 0xc9, 0xff, 0x02, 0xc9, 0xff, 0x02, 0xc9, 0xff, 0x02, 0xc9, 0xff, 0x02, 0xc9, 0xff, 0x02, 0xc9, 0xff, 0x02, 0xc9, 0xff, 0x02, 0xc9, 0xff,
  0x02, 0xc9, 0xff, 0x02, 0xc9, 0xff, 0x02, 0xc9, 0xff, 0x02, 0xc9, 0xff, 0x02, 0xc9, 0xff, 0x02, 0xc9, 0xff, 0x02, 0xc9, 0xff, 0x02, 0xc9, 0xff,
  0xe2, 0xa0, 0xfd, 0x20, 0x28, 0xfd, 0x00, 0x08, 0xfe, 0x60, 0x48, 0xfc, 0x02, 0xb9, 0xff, 0x02, 0xc9, 0xff, 0x02, 0xc9, 0xff, 0x02, 0xc9, 0xff,
  0x02, 0xc9, 0xff, 0x02, 0xc9, 0xff, 0x02, 0xc9, 0xff, 0x02, 0xc9, 0xff, 0x02, 0xc9, 0xff, 0x02, 0xc9, 0xff, 0x02, 0xc9, 0xff, 0x02, 0xc9, 0xff,
  0x02, 0xc9, 0xff, 0x02, 0xc9, 0xff, 0x02, 0xc1, 0xff, 0xc1, 0x98, 0xfd, 0x60, 0x48, 0xfc, 0x00, 0x10, 0xfd, 0x00, 0x00, 0xff, 0x00, 0x00, 0xff,
  0x00, 0x00, 0xff, 0x00, 0x00, 0xf4, 0x00, 0x00, 0xbc, 0x00, 0x00, 0x4c, 0x00, 0x00, 0x0c, 0x00, 0x00, 0x00, 0x00, 0x00, 0x00, 0x00, 0x00, 0x00,
  0x00, 0x00, 0x00, 0x00, 0x00, 0x00, 0x00, 0x00, 0x00, 0x00, 0x00, 0x00, 0x00, 0x00, 0x00, 0x00, 0x00, 0x00, 0x00, 0x00, 0x00, 0x00, 0x00, 0x00,
  0x00, 0x00, 0x00, 0x00, 0x00, 0x00, 0x00, 0x00, 0x00, 0x00, 0x00, 0x00, 0x00, 0x00, 0x00, 0x00, 0x00, 0x00, 0x00, 0x00, 0x00, 0x00, 0x00, 0x00,
  0x00, 0x00, 0x00, 0x00, 0x00, 0x00, 0x00, 0x00, 0x00, 0x00, 0x00, 0x00, 0x00, 0x00, 0x00, 0x00, 0x00, 0x00, 0x00, 0x00, 0x00, 0x00, 0x00, 0x00,
  0x00, 0x00, 0x00, 0x00, 0x00, 0x00, 0x00, 0x00, 0x00, 0x00, 0x00, 0x00, 0x00, 0x00, 0x00, 0x00, 0x00, 0x00, 0x00, 0x00, 0x00, 0x00, 0x00, 0x00,
  0x00, 0x00, 0x00, 0x00, 0x00, 0x00, 0x00, 0x00, 0x00, 0x00, 0x00, 0x00, 0x00, 0x00, 0x00, 0x00, 0x00, 0x00, 0x00, 0x00, 0x00, 0x00, 0x00, 0x00,
  0x00, 0x00, 0x00, 0x00, 0x00, 0x00, 0x00, 0x00, 0x00, 0x00, 0x00, 0x00, 0x00, 0x00, 0x00, 0x00, 0x00, 0x00, 0x00, 0x00, 0x00, 0x00, 0x00, 0x00,
  0x00, 0x00, 0x00, 0x00, 0x00, 0x00, 0x00, 0x00, 0x00, 0x00, 0x00, 0x00, 0x00, 0x00, 0x00, 0x00, 0x00, 0x00, 0x00, 0x00, 0x00, 0x00, 0x00, 0x00,
  0x00, 0x00, 0x00, 0x00, 0x00, 0x00, 0x00, 0x00, 0x00, 0x00, 0x00, 0x00, 0x00, 0x00, 0x00, 0x00, 0x00, 0x00, 0x00, 0x00, 0x00, 0x00, 0x00, 0x00,
  0x00, 0x00, 0x00, 0x00, 0x00, 0x00, 0x00, 0x00, 0x00, 0x00, 0x00, 0x00, 0x00, 0x00, 0x00, 0x00, 0x00, 0x00, 0x00, 0x00, 0x00, 0x00, 0x00, 0x00,
  0x00, 0x00, 0x00, 0x00, 0x00, 0x00, 0x00, 0x00, 0x00, 0x00, 0x00, 0x00, 0x00, 0x00, 0x00, 0x00, 0x00, 0x00, 0x00, 0x00, 0x00, 0x00, 0x00, 0x00,
  0x00, 0x00, 0x00, 0x00, 0x00, 0x00, 0x00, 0x00, 0x00, 0x00, 0x00, 0x00, 0x00, 0x00, 0x00, 0x00, 0x00, 0x00, 0x00, 0x00, 0x00, 0x00, 0x00, 0x00,
  0x00, 0x00, 0x00, 0x00, 0x00, 0x00, 0x00, 0x00, 0x00, 0x00, 0x00, 0x00, 0x00, 0x00, 0x00, 0x00, 0x00, 0x00, 0x00, 0x00, 0x00, 0x00, 0x00, 0x00,
  0x00, 0x00, 0x00, 0x00, 0x00, 0x00, 0x00, 0x00, 0x00, 0x00, 0x00, 0x02, 0x00, 0x00, 0x0c, 0x00, 0x00, 0x4c, 0x00, 0x00, 0xac, 0x00, 0x00, 0xec,
  0x00, 0x00, 0xff, 0x00, 0x00, 0xff, 0x00, 0x00, 0xff, 0x00, 0x08, 0xfe, 0x40, 0x30, 0xfd, 0x81, 0x70, 0xfc, 0xe2, 0xa8, 0xfe, 0x02, 0xc1, 0xff,
  0x02, 0xc9, 0xff, 0x02, 0xc9, 0xff, 0x02, 0xc9, 0xff, 0x02, 0xc9, 0xff, 0x02, 0xc9, 0xff, 0x02, 0xc9, 0xff, 0x02, 0xc9, 0xff, 0x02, 0xc9, 0xff,
  0x02, 0xc9, 0xff, 0x02, 0xc9, 0xff, 0x02, 0xc9, 0xff, 0x02, 0xc1, 0xff, 0xa1, 0x80, 0xfd, 0x00, 0x10, 0xfd, 0x00, 0x10, 0xfd, 0x81, 0x70, 0xfc,
  0x02, 0xc1, 0xff, 0x02, 0xc9, 0xff, 0x02, 0xc9, 0xff, 0x02, 0xc9, 0xff, 0x02, 0xc9, 0xff, 0x02, 0xc9, 0xff, 0x02, 0xc9, 0xff, 0x02, 0xc9, 0xff,
  0x02, 0xc9, 0xff, 0x02, 0xc9, 0xff, 0x02, 0xc9, 0xff, 0x02, 0xc9, 0xff, 0x02, 0xc9, 0xff, 0x02, 0xc9, 0xff, 0x02, 0xc9, 0xff, 0x02, 0xc9, 0xff,
  0x02, 0xc9, 0xff, 0x02, 0xc9, 0xff, 0x02, 0xc9, 0xff, 0x02, 0xc9, 0xff, 0x02, 0xc9, 0xff, 0x02, 0xc9, 0xff, 0x02, 0xc9, 0xff, 0x02, 0xc9, 0xff,
  0x02, 0xc9, 0xff, 0x02, 0xc9, 0xff, 0x02, 0xc9, 0xff, 0x02, 0xc9, 0xff, 0x02, 0xc9, 0xff, 0x02, 0xc9, 0xff, 0x02, 0xc9, 0xff, 0x02, 0xc9, 0xff,
  0x02, 0xc9, 0xff, 0x02, 0xc9, 0xff, 0x02, 0xc9, 0xff, 0x02, 0xc9, 0xff, 0x02, 0xc9, 0xff, 0x02, 0xc9, 0xff, 0x02, 0xc9, 0xff, 0xe2, 0xa8, 0xfe,
  0x40, 0x30, 0xfd, 0x00, 0x08, 0xfe, 0x40, 0x40, 0xfd, 0xe2, 0xb0, 0xfe, 0x02, 0xc9, 0xff, 0x02, 0xc9, 0xff, 0x02, 0xc9, 0xff, 0x02, 0xc9, 0xff,
  0x02, 0xc9, 0xff, 0x02, 0xc9, 0xff, 0x02, 0xc9, 0xff, 0x02, 0xc9, 0xff, 0x02, 0xc9, 0xff, 0x02, 0xc9, 0xff, 0x02, 0xc9, 0xff, 0x02, 0xc9, 0xff,
  0xe2, 0xb8, 0xfe, 0xa1, 0x80, 0xfd, 0x40, 0x40, 0xfd, 0x00, 0x10, 0xfd, 0x00, 0x00, 0xff, 0x00, 0x00, 0xff, 0x00, 0x00, 0xff, 0x00, 0x00, 0xf4,
  0x00, 0x00, 0xbc, 0x00, 0x00, 0x6c, 0x00, 0x00, 0x1c, 0x00, 0x00, 0x03, 0x00, 0x00, 0x00, 0x00, 0x00, 0x00, 0x00, 0x00, 0x00, 0x00, 0x00, 0x00,
  0x00, 0x00, 0x00, 0x00, 0x00, 0x00, 0x00, 0x00, 0x00, 0x00, 0x00, 0x00, 0x00, 0x00, 0x00, 0x00, 0x00, 0x00, 0x00, 0x00, 0x00, 0x00, 0x00, 0x00,
  0x00, 0x00, 0x00, 0x00, 0x00, 0x00, 0x00, 0x00, 0x00, 0x00, 0x00, 0x00, 0x00, 0x00, 0x00, 0x00, 0x00, 0x00, 0x00, 0x00, 0x00, 0x00, 0x00, 0x00,
  0x00, 0x00, 0x00, 0x00, 0x00, 0x00, 0x00, 0x00, 0x00, 0x00, 0x00, 0x00, 0x00, 0x00, 0x00, 0x00, 0x00, 0x00, 0x00, 0x00, 0x00, 0x00, 0x00, 0x00,
  0x00, 0x00, 0x00, 0x00, 0x00, 0x00, 0x00, 0x00, 0x00, 0x00, 0x00, 0x00, 0x00, 0x00, 0x00, 0x00, 0x00, 0x00, 0x00, 0x00, 0x00, 0x00, 0x00, 0x00,
  0x00, 0x00, 0x00, 0x00, 0x00, 0x00, 0x00, 0x00, 0x00, 0x00, 0x00, 0x00, 0x00, 0x00, 0x00, 0x00, 0x00, 0x00, 0x00, 0x00, 0x00, 0x00, 0x00, 0x00,
  0x00, 0x00, 0x00, 0x00, 0x00, 0x00, 0x00, 0x00, 0x00, 0x00, 0x00, 0x00, 0x00, 0x00, 0x00, 0x00, 0x00, 0x00, 0x00, 0x00, 0x00, 0x00, 0x00, 0x00,
  0x00, 0x00, 0x00, 0x00, 0x00, 0x00, 0x00, 0x00, 0x00, 0x00, 0x00, 0x00, 0x00, 0x00, 0x00, 0x00, 0x00, 0x00, 0x00, 0x00, 0x00, 0x00, 0x00, 0x00,
  0x00, 0x00, 0x00, 0x00, 0x00, 0x00, 0x00, 0x00, 0x00, 0x00, 0x00, 0x00, 0x00, 0x00, 0x00, 0x00, 0x00, 0x00, 0x00, 0x00, 0x00, 0x00, 0x00, 0x00,
  0x00, 0x00, 0x00, 0x00, 0x00, 0x00, 0x00, 0x00, 0x00, 0x00, 0x00, 0x00, 0x00, 0x00, 0x00, 0x00, 0x00, 0x00, 0x00, 0x00, 0x00, 0x00, 0x00, 0x00,
  0x00, 0x00, 0x00, 0x00, 0x00, 0x00, 0x00, 0x00, 0x00, 0x00, 0x00, 0x00, 0x00, 0x00, 0x00, 0x00, 0x00, 0x00, 0x00, 0x00, 0x00, 0x00, 0x00, 0x00,
  0x00, 0x00, 0x00, 0x00, 0x00, 0x00, 0x00, 0x00, 0x00, 0x00, 0x00, 0x00, 0x00, 0x00, 0x00, 0x00, 0x00, 0x00, 0x00, 0x00, 0x00, 0x00, 0x00, 0x00,
  0x00, 0x00, 0x00, 0x00, 0x00, 0x00, 0x00, 0x00, 0x00, 0x00, 0x00, 0x00, 0x00, 0x00, 0x00, 0x00, 0x00, 0x00, 0x00, 0x00, 0x00, 0x00, 0x00, 0x00,
  0x00, 0x00, 0x00, 0x00, 0x00, 0x00, 0x00, 0x00, 0x00, 0x00, 0x00, 0x00, 0x00, 0x00, 0x00, 0x00, 0x00, 0x02, 0x00, 0x00, 0x14, 0x00, 0x00, 0x45,
  0x00, 0x00, 0x9c, 0x00, 0x00, 0xe4, 0x00, 0x00, 0xff, 0x00, 0x00, 0xff, 0x00, 0x00, 0xff, 0x00, 0x00, 0xff, 0x20, 0x18, 0xfd, 0x61, 0x50, 0xfc,
  0xc1, 0x90, 0xfd, 0xe2, 0xb8, 0xfe, 0x02, 0xc9, 0xff, 0x02, 0xc9, 0xff, 0x02, 0xc9, 0xff, 0x02, 0xc9, 0xff, 0x02, 0xc9, 0xff, 0x02, 0xc9, 0xff,
  0x02, 0xc9, 0xff, 0x02, 0xc9, 0xff, 0x02, 0xc9, 0xff, 0x02, 0xc9, 0xff, 0x02, 0xc1, 0xff, 0xa1, 0x80, 0xfd, 0x20, 0x18, 0xfd, 0x00, 0x10, 0xfd,
  0x81, 0x70, 0xfc, 0x02, 0xc1, 0xff, 0x02, 0xc9, 0xff, 0x02, 0xc9, 0xff, 0x02, 0xc9, 0xff, 0x02, 0xc9, 0xff, 0x02, 0xc9, 0xff, 0x02, 0xc9, 0xff,
  0x02, 0xc9, 0xff, 0x02, 0xc9, 0xff, 0x02, 0xc9, 0xff, 0x02, 0xc9, 0xff, 0x02, 0xc9, 0xff, 0x02, 0xc9, 0xff, 0x02, 0xc9, 0xff, 0x02, 0xc9, 0xff,
  0x02, 0xc9, 0xff, 0x02, 0xc9, 0xff, 0x02, 0xc9, 0xff, 0x02, 0xc9, 0xff, 0x02, 0xc9, 0xff, 0x02, 0xc9, 0xff, 0x02, 0xc9, 0xff, 0x02, 0xc9, 0xff,
  0x02, 0xc9, 0xff, 0x02, 0xc9, 0xff, 0x02, 0xc9, 0xff, 0x02, 0xc9, 0xff, 0x02, 0xc9, 0xff, 0x02, 0xc9, 0xff, 0x02, 0xc9, 0xff, 0x02, 0xc9, 0xff,
  0x02, 0xc9, 0xff, 0x02, 0xc9, 0xff, 0x02, 0xc9, 0xff, 0x02, 0xc9, 0xff, 0x02, 0xc9, 0xff, 0x02, 0xc9, 0xff, 0xe2, 0xa0, 0xfd, 0x40, 0x30, 0xfd,
  0x00, 0x08, 0xfe, 0x61, 0x50, 0xfc, 0xe2, 0xb0, 0xfe, 0x02, 0xc9, 0xff, 0x02, 0xc9, 0xff, 0x02, 0xc9, 0xff, 0x02, 0xc9, 0xff, 0x02, 0xc9, 0xff,
  0x02, 0xc9, 0xff, 0x02, 0xc9, 0xff, 0x02, 0xc9, 0xff, 0x02, 0xc9, 0xff, 0x02, 0xc9, 0xff, 0x02, 0xc1, 0xff, 0xc1, 0x98, 0xfd, 0x81, 0x68, 0xfd,
  0x20, 0x28, 0xfd, 0x00, 0x08, 0xfe, 0x00, 0x00, 0xff, 0x00, 0x00, 0xff, 0x00, 0x00, 0xff, 0x00, 0x00, 0xec, 0x00, 0x00, 0xbc, 0x00, 0x00, 0x63,
  0x00, 0x00, 0x1c, 0x00, 0x00, 0x03, 0x00, 0x00, 0x00, 0x00, 0x00, 0x00, 0x00, 0x00, 0x00, 0x00, 0x00, 0x00, 0x00, 0x00, 0x00, 0x00, 0x00, 0x00,
  0x00, 0x00, 0x00, 0x00, 0x00, 0x00, 0x00, 0x00, 0x00, 0x00, 0x00, 0x00, 0x00, 0x00, 0x00, 0x00, 0x00, 0x00, 0x00, 0x00, 0x00, 0x00, 0x00, 0x00,
  0x00, 0x00, 0x00, 0x00, 0x00, 0x00, 0x00, 0x00, 0x00, 0x00, 0x00, 0x00, 0x00, 0x00, 0x00, 0x00, 0x00, 0x00, 0x00, 0x00, 0x00, 0x00, 0x00, 0x00,
  0x00, 0x00, 0x00, 0x00, 0x00, 0x00, 0x00, 0x00, 0x00, 0x00, 0x00, 0x00, 0x00, 0x00, 0x00, 0x00, 0x00, 0x00, 0x00, 0x00, 0x00, 0x00, 0x00, 0x00,
  0x00, 0x00, 0x00, 0x00, 0x00, 0x00, 0x00, 0x00, 0x00, 0x00, 0x00, 0x00, 0x00, 0x00, 0x00, 0x00, 0x00, 0x00, 0x00, 0x00, 0x00, 0x00, 0x00, 0x00,
  0x00, 0x00, 0x00, 0x00, 0x00, 0x00, 0x00, 0x00, 0x00, 0x00, 0x00, 0x00, 0x00, 0x00, 0x00, 0x00, 0x00, 0x00, 0x00, 0x00, 0x00, 0x00, 0x00, 0x00,
  0x00, 0x00, 0x00, 0x00, 0x00, 0x00, 0x00, 0x00, 0x00, 0x00, 0x00, 0x00, 0x00, 0x00, 0x00, 0x00, 0x00, 0x00, 0x00, 0x00, 0x00, 0x00, 0x00, 0x00,
  0x00, 0x00, 0x00, 0x00, 0x00, 0x00, 0x00, 0x00, 0x00, 0x00, 0x00, 0x00, 0x00, 0x00, 0x00, 0x00, 0x00, 0x00, 0x00, 0x00, 0x00, 0x00, 0x00, 0x00,
  0x00, 0x00, 0x00, 0x00, 0x00, 0x00, 0x00, 0x00, 0x00, 0x00, 0x00, 0x00, 0x00, 0x00, 0x00, 0x00, 0x00, 0x00, 0x00, 0x00, 0x00, 0x00, 0x00, 0x00,
  0x00, 0x00, 0x00, 0x00, 0x00, 0x00, 0x00, 0x00, 0x00, 0x00, 0x00, 0x00, 0x00, 0x00, 0x00, 0x00, 0x00, 0x00, 0x00, 0x00, 0x00, 0x00, 0x00, 0x00,
  0x00, 0x00, 0x00, 0x00, 0x00, 0x00, 0x00, 0x00, 0x00, 0x00, 0x00, 0x00, 0x00, 0x00, 0x00, 0x00, 0x00, 0x00, 0x00, 0x00, 0x00, 0x00, 0x00, 0x00,
  0x00, 0x00, 0x00, 0x00, 0x00, 0x00, 0x00, 0x00, 0x00, 0x00, 0x00, 0x00, 0x00, 0x00, 0x00, 0x00, 0x00, 0x00, 0x00, 0x00, 0x00, 0x00, 0x00, 0x00,
  0x00, 0x00, 0x00, 0x00, 0x00, 0x00, 0x00, 0x00, 0x00, 0x00, 0x00, 0x00, 0x00, 0x00, 0x00, 0x00, 0x00, 0x00, 0x00, 0x00, 0x00, 0x00, 0x00, 0x00,
  0x00, 0x00, 0x00, 0x00, 0x00, 0x00, 0x00, 0x00, 0x00, 0x00, 0x00, 0x00, 0x00, 0x00, 0x00, 0x00, 0x00, 0x00, 0x00, 0x00, 0x00, 0x00, 0x00, 0x02,
  0x00, 0x00, 0x0c, 0x00, 0x00, 0x3c, 0x00, 0x00, 0x8d, 0x00, 0x00, 0xd5, 0x00, 0x00, 0xff, 0x00, 0x00, 0xff, 0x00, 0x00, 0xff, 0x00, 0x00, 0xff,
  0x00, 0x08, 0xfe, 0x20, 0x28, 0xfd, 0x81, 0x60, 0xfd, 0xe2, 0xa0, 0xfd, 0x02, 0xc1, 0xff, 0x02, 0xc9, 0xff, 0x02, 0xc9, 0xff, 0x02, 0xc9, 0xff,
  0x02, 0xc9, 0xff, 0x02, 0xc9, 0xff, 0x02, 0xc9, 0xff, 0x02, 0xc9, 0xff, 0x02, 0xc9, 0xff, 0x02, 0xc1, 0xff, 0xc1, 0x90, 0xfd, 0x20, 0x20, 0xfd,
  0x00, 0x10, 0xfd, 0x81, 0x68, 0xfd, 0x02, 0xc1, 0xff, 0x02, 0xc9, 0xff, 0x02, 0xc9, 0xff, 0x02, 0xc9, 0xff, 0x02, 0xc9, 0xff, 0x02, 0xc9, 0xff,
  0x02, 0xc9, 0xff, 0x02, 0xc9, 0xff, 0x02, 0xc9, 0xff, 0x02, 0xc9, 0xff, 0x02, 0xc9, 0xff, 0x02, 0xc9, 0xff, 0x02, 0xc9, 0xff, 0x02, 0xc9, 0xff,
  0x02, 0xc9, 0xff, 0x02, 0xc9, 0xff, 0x02, 0xc9, 0xff, 0x02, 0xc9, 0xff, 0x02, 0xc9, 0xff, 0x02, 0xc9, 0xff, 0x02, 0xc9, 0xff, 0x02, 0xc9, 0xff,
  0x02, 0xc9, 0xff, 0x02, 0xc9, 0xff, 0x02, 0xc9, 0xff, 0x02, 0xc9, 0xff, 0x02, 0xc9, 0xff, 0x02, 0xc9, 0xff, 0x02, 0xc9, 0xff, 0x02, 0xc9, 0xff,
  0x02, 0xc9, 0xff, 0x02, 0xc9, 0xff, 0x02, 0xc9, 0xff, 0x02, 0xc9, 0xff, 0x02, 0xc9, 0xff, 0xc1, 0x98, 0xfd, 0x20, 0x28, 0xfd, 0x00, 0x08, 0xfe,
  0x61, 0x58, 0xfc, 0x02, 0xb9, 0xff, 0x02, 0xc9, 0xff, 0x02, 0xc9, 0xff, 0x02, 0xc9, 0xff, 0x02, 0xc9, 0xff, 0x02, 0xc9, 0xff, 0x02, 0xc9, 0xff,
  0x02, 0xc9, 0xff, 0x02, 0xc9, 0xff, 0x02, 0xc1, 0xff, 0xe2, 0xa8, 0xfe, 0xa1, 0x78, 0xf8, 0x40, 0x38, 0xfd, 0x00, 0x10, 0xfd, 0x00, 0x00, 0xff,
  0x00, 0x00, 0xff, 0x00, 0x00, 0xff, 0x00, 0x00, 0xff, 0x00, 0x00, 0xec, 0x00, 0x00, 0xa4, 0x00, 0x00, 0x54, 0x00, 0x00, 0x14, 0x00, 0x00, 0x02,
  0x00, 0x00, 0x00, 0x00, 0x00, 0x00, 0x00, 0x00, 0x00, 0x00, 0x00, 0x00, 0x00, 0x00, 0x00, 0x00, 0x00, 0x00, 0x00, 0x00, 0x00, 0x00, 0x00, 0x00,
  0x00, 0x00, 0x00, 0x00, 0x00, 0x00, 0x00, 0x00, 0x00, 0x00, 0x00, 0x00, 0x00, 0x00, 0x00, 0x00, 0x00, 0x00, 0x00, 0x00, 0x00, 0x00, 0x00, 0x00,
  0x00, 0x00, 0x00, 0x00, 0x00, 0x00, 0x00, 0x00, 0x00, 0x00, 0x00, 0x00, 0x00, 0x00, 0x00, 0x00, 0x00, 0x00, 0x00, 0x00, 0x00, 0x00, 0x00, 0x00,
  0x00, 0x00, 0x00, 0x00, 0x00, 0x00, 0x00, 0x00, 0x00, 0x00, 0x00, 0x00, 0x00, 0x00, 0x00, 0x00, 0x00, 0x00, 0x00, 0x00, 0x00, 0x00, 0x00, 0x00,
  0x00, 0x00, 0x00, 0x00, 0x00, 0x00, 0x00, 0x00, 0x00, 0x00, 0x00, 0x00, 0x00, 0x00, 0x00, 0x00, 0x00, 0x00, 0x00, 0x00, 0x00, 0x00, 0x00, 0x00,
  0x00, 0x00, 0x00, 0x00, 0x00, 0x00, 0x00, 0x00, 0x00, 0x00, 0x00, 0x00, 0x00, 0x00, 0x00, 0x00, 0x00, 0x00, 0x00, 0x00, 0x00, 0x00, 0x00, 0x00,
  0x00, 0x00, 0x00, 0x00, 0x00, 0x00, 0x00, 0x00, 0x00, 0x00, 0x00, 0x00, 0x00, 0x00, 0x00, 0x00, 0x00, 0x00, 0x00, 0x00, 0x00, 0x00, 0x00, 0x00,
  0x00, 0x00, 0x00, 0x00, 0x00, 0x00, 0x00, 0x00, 0x00, 0x00, 0x00, 0x00, 0x00, 0x00, 0x00, 0x00, 0x00, 0x00, 0x00, 0x00, 0x00, 0x00, 0x00, 0x00,
  0x00, 0x00, 0x00, 0x00, 0x00, 0x00, 0x00, 0x00, 0x00, 0x00, 0x00, 0x00, 0x00, 0x00, 0x00, 0x00, 0x00, 0x00, 0x00, 0x00, 0x00, 0x00, 0x00, 0x00,
  0x00, 0x00, 0x00, 0x00, 0x00, 0x00, 0x00, 0x00, 0x00, 0x00, 0x00, 0x00, 0x00, 0x00, 0x00, 0x00, 0x00, 0x00, 0x00, 0x00, 0x00, 0x00, 0x00, 0x00,
  0x00, 0x00, 0x00, 0x00, 0x00, 0x00, 0x00, 0x00, 0x00, 0x00, 0x00, 0x00, 0x00, 0x00, 0x00, 0x00, 0x00, 0x00, 0x00, 0x00, 0x00, 0x00, 0x00, 0x00,
  0x00, 0x00, 0x00, 0x00, 0x00, 0x00, 0x00, 0x00, 0x00, 0x00, 0x00, 0x00, 0x00, 0x00, 0x00, 0x00, 0x00, 0x00, 0x00, 0x00, 0x00, 0x00, 0x00, 0x00,
  0x00, 0x00, 0x00, 0x00, 0x00, 0x00, 0x00, 0x00, 0x00, 0x00, 0x00, 0x00, 0x00, 0x00, 0x00, 0x00, 0x00, 0x00, 0x00, 0x00, 0x00, 0x00, 0x00, 0x00,
  0x00, 0x00, 0x00, 0x00, 0x00, 0x00, 0x00, 0x00, 0x00, 0x00, 0x00, 0x00, 0x00, 0x00, 0x00, 0x00, 0x00, 0x00, 0x00, 0x00, 0x00, 0x00, 0x00, 0x00,
  0x00, 0x00, 0x00, 0x00, 0x00, 0x00, 0x00, 0x00, 0x0c, 0x00, 0x00, 0x3c, 0x00, 0x00, 0x94, 0x00, 0x00, 0xd5, 0x00, 0x00, 0xf4, 0x00, 0x00, 0xff,
  0x00, 0x00, 0xff, 0x00, 0x00, 0xff, 0x00, 0x00, 0xff, 0x20, 0x18, 0xfd, 0x60, 0x48, 0xfc, 0xa1, 0x80, 0xfd, 0xe2, 0xa8, 0xfe, 0x02, 0xc1, 0xff,
  0x02, 0xc9, 0xff, 0x02, 0xc9, 0xff, 0x02, 0xc9, 0xff, 0x02, 0xc9, 0xff, 0x02, 0xc9, 0xff, 0x02, 0xc9, 0xff, 0x02, 0xc9, 0xff, 0xa1, 0x80, 0xfd,
  0x00, 0x10, 0xfd, 0x00, 0x10, 0xfd, 0x81, 0x70, 0xfc, 0x02, 0xc1, 0xff, 0x02, 0xc9, 0xff, 0x02, 0xc9, 0xff, 0x02, 0xc9, 0xff, 0x02, 0xc9, 0xff,
  0x02, 0xc9, 0xff, 0x02, 0xc9, 0xff, 0x02, 0xc9, 0xff, 0x02, 0xc9, 0xff, 0x02, 0xc9, 0xff, 0x02, 0xc9, 0xff, 0x02, 0xc9, 0xff, 0x02, 0xc9, 0xff,
  0x02, 0xc9, 0xff, 0x02, 0xc9, 0xff, 0x02, 0xc9, 0xff, 0x02, 0xc9, 0xff, 0x02, 0xc9, 0xff, 0x02, 0xc9, 0xff, 0x02, 0xc9, 0xff, 0x02, 0xc9, 0xff,
  0x02, 0xc9, 0xff, 0x02, 0xc9, 0xff, 0x02, 0xc9, 0xff, 0x02, 0xc9, 0xff, 0x02, 0xc9, 0xff, 0x02, 0xc9, 0xff, 0x02, 0xc9, 0xff, 0x02, 0xc9, 0xff,
  0x02, 0xc9, 0xff, 0x02, 0xc9, 0xff, 0x02, 0xc9, 0xff, 0x02, 0xc9, 0xff, 0xe2, 0xa8, 0xfe, 0x40, 0x30, 0xfd, 0x00, 0x00, 0xff, 0x40, 0x40, 0xfd,
  0xe2, 0xb0, 0xfe, 0x02, 0xc9, 0xff, 0x02, 0xc9, 0xff, 0x02, 0xc9, 0xff, 0x02, 0xc9, 0xff, 0x02, 0xc9, 0xff, 0x02, 0xc9, 0xff, 0x02, 0xc1, 0xff,
  0xe2, 0xb0, 0xfe, 0xc1, 0x90, 0xfd, 0x81, 0x58, 0xfc, 0x20, 0x20, 0xfd, 0x00, 0x08, 0xfe, 0x00, 0x00, 0xff, 0x00, 0x00, 0xff, 0x00, 0x00, 0xff,
  0x00, 0x00, 0xff, 0x00, 0x00, 0xe4, 0x00, 0x00, 0xac, 0x00, 0x00, 0x54, 0x00, 0x00, 0x14, 0x00, 0x00, 0x02, 0x00, 0x00, 0x00, 0x00, 0x00, 0x00,
  0x00, 0x00, 0x00, 0x00, 0x00, 0x00, 0x00, 0x00, 0x00, 0x00, 0x00, 0x00, 0x00, 0x00, 0x00, 0x00, 0x00, 0x00, 0x00, 0x00, 0x00, 0x00, 0x00, 0x00,
  0x00, 0x00, 0x00, 0x00, 0x00, 0x00, 0x00, 0x00, 0x00, 0x00, 0x00, 0x00, 0x00, 0x00, 0x00, 0x00, 0x00, 0x00, 0x00, 0x00, 0x00, 0x00, 0x00, 0x00,
  0x00, 0x00, 0x00, 0x00, 0x00, 0x00, 0x00, 0x00, 0x00, 0x00, 0x00, 0x00, 0x00, 0x00, 0x00, 0x00, 0x00, 0x00, 0x00, 0x00, 0x00, 0x00, 0x00, 0x00,
  0x00, 0x00, 0x00, 0x00, 0x00, 0x00, 0x00, 0x00, 0x00, 0x00, 0x00, 0x00, 0x00, 0x00, 0x00, 0x00, 0x00, 0x00, 0x00, 0x00, 0x00, 0x00, 0x00, 0x00,
  0x00, 0x00, 0x00, 0x00, 0x00, 0x00, 0x00, 0x00, 0x00, 0x00, 0x00, 0x00, 0x00, 0x00, 0x00, 0x00, 0x00, 0x00, 0x00, 0x00, 0x00, 0x00, 0x00, 0x00,
  0x00, 0x00, 0x00, 0x00, 0x00, 0x00, 0x00, 0x00, 0x00, 0x00, 0x00, 0x00, 0x00, 0x00, 0x00, 0x00, 0x00, 0x00, 0x00, 0x00, 0x00, 0x00, 0x00, 0x00,
  0x00, 0x00, 0x00, 0x00, 0x00, 0x00, 0x00, 0x00, 0x00, 0x00, 0x00, 0x00, 0x00, 0x00, 0x00, 0x00, 0x00, 0x00, 0x00, 0x00, 0x00, 0x00, 0x00, 0x00,
  0x00, 0x00, 0x00, 0x00, 0x00, 0x00, 0x00, 0x00, 0x00, 0x00, 0x00, 0x00, 0x00, 0x00, 0x00, 0x00, 0x00, 0x00, 0x00, 0x00, 0x00, 0x00, 0x00, 0x00,
  0x00, 0x00, 0x00, 0x00, 0x00, 0x00, 0x00, 0x00, 0x00, 0x00, 0x00, 0x00, 0x00, 0x00, 0x00, 0x00, 0x00, 0x00, 0x00, 0x00, 0x00, 0x00, 0x00, 0x00,
  0x00, 0x00, 0x00, 0x00, 0x00, 0x00, 0x00, 0x00, 0x00, 0x00, 0x00, 0x00, 0x00, 0x00, 0x00, 0x00, 0x00, 0x00, 0x00, 0x00, 0x00, 0x00, 0x00, 0x00,
  0x00, 0x00, 0x00, 0x00, 0x00, 0x00, 0x00, 0x00, 0x00, 0x00, 0x00, 0x00, 0x00, 0x00, 0x00, 0x00, 0x00, 0x00, 0x00, 0x00, 0x00, 0x00, 0x00, 0x00,
  0x00, 0x00, 0x00, 0x00, 0x00, 0x00, 0x00, 0x00, 0x00, 0x00, 0x00, 0x00, 0x00, 0x00, 0x00, 0x00, 0x00, 0x00, 0x00, 0x00, 0x00, 0x00, 0x00, 0x00,
  0x00, 0x00, 0x00, 0x00, 0x00, 0x00, 0x00, 0x00, 0x00, 0x00, 0x00, 0x00, 0x00, 0x00, 0x00, 0x00, 0x00, 0x00, 0x00, 0x00, 0x00, 0x00, 0x00, 0x00,
  0x00, 0x00, 0x00, 0x00, 0x00, 0x00, 0x00, 0x00, 0x00, 0x00, 0x00, 0x00, 0x00, 0x00, 0x00, 0x00, 0x00, 0x00, 0x00, 0x00, 0x00, 0x00, 0x00, 0x00,
  0x00, 0x00, 0x00, 0x00, 0x00, 0x00, 0x00, 0x00, 0x00, 0x00, 0x00, 0x00, 0x00, 0x00, 0x0c, 0x00, 0x00, 0x24, 0x00, 0x00, 0x63, 0x00, 0x00, 0xb5,
  0x00, 0x00, 0xe4, 0x00, 0x00, 0xff, 0x00, 0x00, 0xff, 0x00, 0x00, 0xff, 0x00, 0x00, 0xff, 0x00, 0x08, 0xfe, 0x20, 0x18, 0xfd, 0x40, 0x40, 0xfd,
  0x81, 0x70, 0xfc, 0xc1, 0x98, 0xfd, 0x02, 0xb9, 0xff, 0x02, 0xc1, 0xff, 0x02, 0xc9, 0xff, 0x02, 0xc9, 0xff, 0x02, 0xc9, 0xff, 0x02, 0xc1, 0xff,
  0xa1, 0x78, 0xfd, 0x00, 0x10, 0xfd, 0x00, 0x10, 0xfd, 0x81, 0x70, 0xfc, 0x02, 0xc1, 0xff, 0x02, 0xc9, 0xff, 0x02, 0xc9, 0xff, 0x02, 0xc9, 0xff,
  0x02, 0xc9, 0xff, 0x02, 0xc9, 0xff, 0x02, 0xc9, 0xff, 0x02, 0xc9, 0xff, 0x02, 0xc9, 0xff, 0x02, 0xc9, 0xff, 0x02, 0xc9, 0xff, 0x02, 0xc9, 0xff,
  0x02, 0xc9, 0xff, 0x02, 0xc9, 0xff, 0x02, 0xc9, 0xff, 0x02, 0xc9, 0xff, 0x02, 0xc9, 0xff, 0x02, 0xc9, 0xff, 0x02, 0xc9, 0xff, 0x02, 0xc9, 0xff,
  0x02, 0xc9, 0xff, 0x02, 0xc9, 0xff, 0x02, 0xc9, 0xff, 0x02, 0xc9, 0xff, 0x02, 0xc9, 0xff, 0x02, 0xc9, 0xff, 0x02, 0xc9, 0xff, 0x02, 0xc9, 0xff,
  0x02, 0xc9, 0xff, 0x02, 0xc9, 0xff, 0x02, 0xc9, 0xff, 0xe2, 0xa8, 0xfe, 0x40, 0x38, 0xfd, 0x00, 0x08, 0xfe, 0x60, 0x48, 0xfc, 0xe2, 0xb0, 0xfe,
  0x02, 0xc9, 0xff, 0x02, 0xc9, 0xff, 0x02, 0xc9, 0xff, 0x02, 0xc9, 0xff, 0x02, 0xb9, 0xff, 0xe2, 0xa8, 0xfe, 0xa1, 0x80, 0xfd, 0x60, 0x48, 0xfc,
  0x20, 0x28, 0xfd, 0x00, 0x08, 0xfe, 0x00, 0x00, 0xff, 0x00, 0x00, 0xff, 0x00, 0x00, 0xff, 0x00, 0x00, 0xff, 0x00, 0x00, 0xec, 0x00, 0x00, 0xcc,
  0x00, 0x00, 0x84, 0x00, 0x00, 0x34, 0x00, 0x00, 0x0c, 0x00, 0x00, 0x02, 0x00, 0x00, 0x00, 0x00, 0x00, 0x00, 0x00, 0x00, 0x00, 0x00, 0x00, 0x00,
  0x00, 0x00, 0x00, 0x00, 0x00, 0x00, 0x00, 0x00, 0x00, 0x00, 0x00, 0x00, 0x00, 0x00, 0x00, 0x00, 0x00, 0x00, 0x00, 0x00, 0x00, 0x00, 0x00, 0x00,
  0x00, 0x00, 0x00, 0x00, 0x00, 0x00, 0x00, 0x00, 0x00, 0x00, 0x00, 0x00, 0x00, 0x00, 0x00, 0x00, 0x00, 0x00, 0x00, 0x00, 0x00, 0x00, 0x00, 0x00,
  0x00, 0x00, 0x00, 0x00, 0x00, 0x00, 0x00, 0x00, 0x00, 0x00, 0x00, 0x00, 0x00, 0x00, 0x00, 0x00, 0x00, 0x00, 0x00, 0x00, 0x00, 0x00, 0x00, 0x00,
  0x00, 0x00, 0x00, 0x00, 0x00, 0x00, 0x00, 0x00, 0x00, 0x00, 0x00, 0x00, 0x00, 0x00, 0x00, 0x00, 0x00, 0x00, 0x00, 0x00, 0x00, 0x00, 0x00, 0x00,
  0x00, 0x00, 0x00, 0x00, 0x00, 0x00, 0x00, 0x00, 0x00, 0x00, 0x00, 0x00, 0x00, 0x00, 0x00, 0x00, 0x00, 0x00, 0x00, 0x00, 0x00, 0x00, 0x00, 0x00,
  0x00, 0x00, 0x00, 0x00, 0x00, 0x00, 0x00, 0x00, 0x00, 0x00, 0x00, 0x00, 0x00, 0x00, 0x00, 0x00, 0x00, 0x00, 0x00, 0x00, 0x00, 0x00, 0x00, 0x00,
  0x00, 0x00, 0x00, 0x00, 0x00, 0x00, 0x00, 0x00, 0x00, 0x00, 0x00, 0x00, 0x00, 0x00, 0x00, 0x00, 0x00, 0x00, 0x00, 0x00, 0x00, 0x00, 0x00, 0x00,
  0x00, 0x00, 0x00, 0x00, 0x00, 0x00, 0x00, 0x00, 0x00, 0x00, 0x00, 0x00, 0x00, 0x00, 0x00, 0x00, 0x00, 0x00, 0x00, 0x00, 0x00, 0x00, 0x00, 0x00,
  0x00, 0x00, 0x00, 0x00, 0x00, 0x00, 0x00, 0x00, 0x00, 0x00, 0x00, 0x00, 0x00, 0x00, 0x00, 0x00, 0x00, 0x00, 0x00, 0x00, 0x00, 0x00, 0x00, 0x00,
  0x00, 0x00, 0x00, 0x00, 0x00, 0x00, 0x00, 0x00, 0x00, 0x00, 0x00, 0x00, 0x00, 0x00, 0x00, 0x00, 0x00, 0x00, 0x00, 0x00, 0x00, 0x00, 0x00, 0x00,
  0x00, 0x00, 0x00, 0x00, 0x00, 0x00, 0x00, 0x00, 0x00, 0x00, 0x00, 0x00, 0x00, 0x00, 0x00, 0x00, 0x00, 0x00, 0x00, 0x00, 0x00, 0x00, 0x00, 0x00,
  0x00, 0x00, 0x00, 0x00, 0x00, 0x00, 0x00, 0x00, 0x00, 0x00, 0x00, 0x00, 0x00, 0x00, 0x00, 0x00, 0x00, 0x00, 0x00, 0x00, 0x00, 0x00, 0x00, 0x00,
  0x00, 0x00, 0x00, 0x00, 0x00, 0x00, 0x00, 0x00, 0x00, 0x00, 0x00, 0x00, 0x00, 0x00, 0x00, 0x00, 0x00, 0x00, 0x00, 0x00, 0x00, 0x00, 0x00, 0x00,
  0x00, 0x00, 0x00, 0x00, 0x00, 0x00, 0x00, 0x00, 0x00, 0x00, 0x00, 0x00, 0x00, 0x00, 0x00, 0x00, 0x00, 0x00, 0x00, 0x00, 0x00, 0x00, 0x00, 0x00,
  0x00, 0x00, 0x00, 0x00, 0x00, 0x00, 0x00, 0x00, 0x00, 0x00, 0x00, 0x00, 0x00, 0x00, 0x00, 0x00, 0x00, 0x00, 0x00, 0x00, 0x02, 0x00, 0x00, 0x14,
  0x00, 0x00, 0x3c, 0x00, 0x00, 0x74, 0x00, 0x00, 0xbc, 0x00, 0x00, 0xec, 0x00, 0x00, 0xff, 0x00, 0x00, 0xff, 0x00, 0x00, 0xff, 0x00, 0x00, 0xff,
  0x00, 0x00, 0xff, 0x00, 0x10, 0xfd, 0x20, 0x28, 0xfd, 0x60, 0x48, 0xfa, 0x81, 0x70, 0xfc, 0xc1, 0x98, 0xfd, 0xe2, 0xb0, 0xfe, 0x02, 0xc1, 0xff,
  0x02, 0xc1, 0xff, 0xa1, 0x88, 0xfb, 0x20, 0x20, 0xfd, 0x00, 0x10, 0xfd, 0x81, 0x70, 0xfc, 0x02, 0xc1, 0xff, 0x02, 0xc9, 0xff, 0x02, 0xc9, 0xff,
  0x02, 0xc9, 0xff, 0x02, 0xc9, 0xff, 0x02, 0xc9, 0xff, 0x02, 0xc9, 0xff, 0x02, 0xc9, 0xff, 0x02, 0xc9, 0xff, 0x02, 0xc9, 0xff, 0x02, 0xc9, 0xff,
  0x02, 0xc9, 0xff, 0x02, 0xc9, 0xff, 0x02, 0xc9, 0xff, 0x02, 0xc9, 0xff, 0x02, 0xc9, 0xff, 0x02, 0xc9, 0xff, 0x02, 0xc9, 0xff, 0x02, 0xc9, 0xff,
  0x02, 0xc9, 0xff, 0x02, 0xc9, 0xff, 0x02, 0xc9, 0xff, 0x02, 0xc9, 0xff, 0x02, 0xc9, 0xff, 0x02, 0xc9, 0xff, 0x02, 0xc9, 0xff, 0x02, 0xc9, 0xff,
  0x02, 0xc9, 0xff, 0x02, 0xc9, 0xff, 0xc1, 0x98, 0xfd, 0x40, 0x30, 0xfd, 0x00, 0x08, 0xfe, 0x61, 0x58, 0xfc, 0x02, 0xb9, 0xff, 0x02, 0xc1, 0xff,
  0x02, 0xb9, 0xff, 0xe2, 0xa0, 0xfd, 0xa1, 0x80, 0xfd, 0x81, 0x58, 0xfc, 0x40, 0x30, 0xfd, 0x20, 0x18, 0xfd, 0x00, 0x08, 0xfe, 0x00, 0x00, 0xff,
  0x00, 0x00, 0xff, 0x00, 0x00, 0xff, 0x00, 0x00, 0xff, 0x00, 0x00, 0xf4, 0x00, 0x00, 0xd5, 0x00, 0x00, 0x94, 0x00, 0x00, 0x4c, 0x00, 0x00, 0x1c,
  0x00, 0x00, 0x03, 0x00, 0x00, 0x00, 0x00, 0x00, 0x00, 0x00, 0x00, 0x00, 0x00, 0x00, 0x00, 0x00, 0x00, 0x00, 0x00, 0x00, 0x00, 0x00, 0x00, 0x00,
  0x00, 0x00, 0x00, 0x00, 0x00, 0x00, 0x00, 0x00, 0x00, 0x00, 0x00, 0x00, 0x00, 0x00, 0x00, 0x00, 0x00, 0x00, 0x00, 0x00, 0x00, 0x00, 0x00, 0x00,
  0x00, 0x00, 0x00, 0x00, 0x00, 0x00, 0x00, 0x00, 0x00, 0x00, 0x00, 0x00, 0x00, 0x00, 0x00, 0x00, 0x00, 0x00, 0x00, 0x00, 0x00, 0x00, 0x00, 0x00,
  0x00, 0x00, 0x00, 0x00, 0x00, 0x00, 0x00, 0x00, 0x00, 0x00, 0x00, 0x00, 0x00, 0x00, 0x00, 0x00, 0x00, 0x00, 0x00, 0x00, 0x00, 0x00, 0x00, 0x00,
  0x00, 0x00, 0x00, 0x00, 0x00, 0x00, 0x00, 0x00, 0x00, 0x00, 0x00, 0x00, 0x00, 0x00, 0x00, 0x00, 0x00, 0x00, 0x00, 0x00, 0x00, 0x00, 0x00, 0x00,
  0x00, 0x00, 0x00, 0x00, 0x00, 0x00, 0x00, 0x00, 0x00, 0x00, 0x00, 0x00, 0x00, 0x00, 0x00, 0x00, 0x00, 0x00, 0x00, 0x00, 0x00, 0x00, 0x00, 0x00,
  0x00, 0x00, 0x00, 0x00, 0x00, 0x00, 0x00, 0x00, 0x00, 0x00, 0x00, 0x00, 0x00, 0x00, 0x00, 0x00, 0x00, 0x00, 0x00, 0x00, 0x00, 0x00, 0x00, 0x00,
  0x00, 0x00, 0x00, 0x00, 0x00, 0x00, 0x00, 0x00, 0x00, 0x00, 0x00, 0x00, 0x00, 0x00, 0x00, 0x00, 0x00, 0x00, 0x00, 0x00, 0x00, 0x00, 0x00, 0x00,
  0x00, 0x00, 0x00, 0x00, 0x00, 0x00, 0x00, 0x00, 0x00, 0x00, 0x00, 0x00, 0x00, 0x00, 0x00, 0x00, 0x00, 0x00, 0x00, 0x00, 0x00, 0x00, 0x00, 0x00,
  0x00, 0x00, 0x00, 0x00, 0x00, 0x00, 0x00, 0x00, 0x00, 0x00, 0x00, 0x00, 0x00, 0x00, 0x00, 0x00, 0x00, 0x00, 0x00, 0x00, 0x00, 0x00, 0x00, 0x00,
  0x00, 0x00, 0x00, 0x00, 0x00, 0x00, 0x00, 0x00, 0x00, 0x00, 0x00, 0x00, 0x00, 0x00, 0x00, 0x00, 0x00, 0x00, 0x00, 0x00, 0x00, 0x00, 0x00, 0x00,
  0x00, 0x00, 0x00, 0x00, 0x00, 0x00, 0x00, 0x00, 0x00, 0x00, 0x00, 0x00, 0x00, 0x00, 0x00, 0x00, 0x00, 0x00, 0x00, 0x00, 0x00, 0x00, 0x00, 0x00,
  0x00, 0x00, 0x00, 0x00, 0x00, 0x00, 0x00, 0x00, 0x00, 0x00, 0x00, 0x00, 0x00, 0x00, 0x00, 0x00, 0x00, 0x00, 0x00, 0x00, 0x00, 0x00, 0x00, 0x00,
  0x00, 0x00, 0x00, 0x00, 0x00, 0x00, 0x00, 0x00, 0x00, 0x00, 0x00, 0x00, 0x00, 0x00, 0x00, 0x00, 0x00, 0x00, 0x00, 0x00, 0x00, 0x00, 0x00, 0x00,
  0x00, 0x00, 0x00, 0x00, 0x00, 0x00, 0x00, 0x00, 0x00, 0x00, 0x00, 0x00, 0x00, 0x00, 0x00, 0x00, 0x00, 0x00, 0x00, 0x00, 0x00, 0x00, 0x00, 0x00,
  0x00, 0x00, 0x00, 0x00, 0x00, 0x00, 0x00, 0x00, 0x00, 0x00, 0x00, 0x00, 0x00, 0x00, 0x00, 0x00, 0x00, 0x00, 0x00, 0x00, 0x00, 0x00, 0x00, 0x00,
  0x00, 0x00, 0x00, 0x00, 0x00, 0x03, 0x00, 0x00, 0x14, 0x00, 0x00, 0x4c, 0x00, 0x00, 0x94, 0x00, 0x00, 0xd5, 0x00, 0x00, 0xf4, 0x00, 0x00, 0xff,
  0x00, 0x00, 0xff, 0x00, 0x00, 0xff, 0x00, 0x00, 0xff, 0x00, 0x00, 0xff, 0x00, 0x00, 0xff, 0x00, 0x10, 0xfd, 0x20, 0x28, 0xfd, 0x60, 0x48, 0xfa,
  0x81, 0x70, 0xfc, 0xc1, 0x98, 0xfd, 0x81, 0x68, 0xfd, 0x00, 0x08, 0xfe, 0x00, 0x10, 0xfd, 0x81, 0x70, 0xfc, 0x02, 0xc1, 0xff, 0x02, 0xc9, 0xff,
  0x02, 0xc9, 0xff, 0x02, 0xc9, 0xff, 0x02, 0xc9, 0xff, 0x02, 0xc9, 0xff, 0x02, 0xc9, 0xff, 0x02, 0xc9, 0xff, 0x02, 0xc9, 0xff, 0x02, 0xc9, 0xff,
  0x02, 0xc9, 0xff, 0x02, 0xc9, 0xff, 0x02, 0xc9, 0xff, 0x02, 0xc9, 0xff, 0x02, 0xc9, 0xff, 0x02, 0xc9, 0xff, 0x02, 0xc9, 0xff, 0x02, 0xc9, 0xff,
  0x02, 0xc9, 0xff, 0x02, 0xc9, 0xff, 0x02, 0xc9, 0xff, 0x02, 0xc9, 0xff, 0x02, 0xc9, 0xff, 0x02, 0xc9, 0xff, 0x02, 0xc9, 0xff, 0x02, 0xc9, 0xff,
  0x02, 0xc9, 0xff, 0xe2, 0xa0, 0xfd, 0x20, 0x28, 0xfd, 0x00, 0x00, 0xff, 0x40, 0x30, 0xfd, 0xc1, 0x90, 0xfd, 0xa1, 0x80, 0xfd, 0x81, 0x58, 0xfc,
  0x40, 0x30, 0xfd, 0x00, 0x10, 0xfd, 0x00, 0x08, 0xfe, 0x00, 0x00, 0xff, 0x00, 0x00, 0xff, 0x00, 0x00, 0xff, 0x00, 0x00, 0xff, 0x00, 0x00, 0xff,
  0x00, 0x00, 0xf4, 0x00, 0x00, 0xe4, 0x00, 0x00, 0xac, 0x00, 0x00, 0x63, 0x00, 0x00, 0x24, 0x00, 0x00, 0x03, 0x00, 0x00, 0x00, 0x00, 0x00, 0x00,
  0x00, 0x00, 0x00, 0x00, 0x00, 0x00, 0x00, 0x00, 0x00, 0x00, 0x00, 0x00, 0x00, 0x00, 0x00, 0x00, 0x00, 0x00, 0x00, 0x00, 0x00, 0x00, 0x00, 0x00,
  0x00, 0x00, 0x00, 0x00, 0x00, 0x00, 0x00, 0x00, 0x00, 0x00, 0x00, 0x00, 0x00, 0x00, 0x00, 0x00, 0x00, 0x00, 0x00, 0x00, 0x00, 0x00, 0x00, 0x00,
  0x00, 0x00, 0x00, 0x00, 0x00, 0x00, 0x00, 0x00, 0x00, 0x00, 0x00, 0x00, 0x00, 0x00, 0x00, 0x00, 0x00, 0x00, 0x00, 0x00, 0x00, 0x00, 0x00, 0x00,
  0x00, 0x00, 0x00, 0x00, 0x00, 0x00, 0x00, 0x00, 0x00, 0x00, 0x00, 0x00, 0x00, 0x00, 0x00, 0x00, 0x00, 0x00, 0x00, 0x00, 0x00, 0x00, 0x00, 0x00,
  0x00, 0x00, 0x00, 0x00, 0x00, 0x00, 0x00, 0x00, 0x00, 0x00, 0x00, 0x00, 0x00, 0x00, 0x00, 0x00, 0x00, 0x00, 0x00, 0x00, 0x00, 0x00, 0x00, 0x00,
  0x00, 0x00, 0x00, 0x00, 0x00, 0x00, 0x00, 0x00, 0x00, 0x00, 0x00, 0x00, 0x00, 0x00, 0x00, 0x00, 0x00, 0x00, 0x00, 0x00, 0x00, 0x00, 0x00, 0x00,
  0x00, 0x00, 0x00, 0x00, 0x00, 0x00, 0x00, 0x00, 0x00, 0x00, 0x00, 0x00, 0x00, 0x00, 0x00, 0x00, 0x00, 0x00, 0x00, 0x00, 0x00, 0x00, 0x00, 0x00,
  0x00, 0x00, 0x00, 0x00, 0x00, 0x00, 0x00, 0x00, 0x00, 0x00, 0x00, 0x00, 0x00, 0x00, 0x00, 0x00, 0x00, 0x00, 0x00, 0x00, 0x00, 0x00, 0x00, 0x00,
  0x00, 0x00, 0x00, 0x00, 0x00, 0x00, 0x00, 0x00, 0x00, 0x00, 0x00, 0x00, 0x00, 0x00, 0x00, 0x00, 0x00, 0x00, 0x00, 0x00, 0x00, 0x00, 0x00, 0x00,
  0x00, 0x00, 0x00, 0x00, 0x00, 0x00, 0x00, 0x00, 0x00, 0x00, 0x00, 0x00, 0x00, 0x00, 0x00, 0x00, 0x00, 0x00, 0x00, 0x00, 0x00, 0x00, 0x00, 0x00,
  0x00, 0x00, 0x00, 0x00, 0x00, 0x00, 0x00, 0x00, 0x00, 0x00, 0x00, 0x00, 0x00, 0x00, 0x00, 0x00, 0x00, 0x00, 0x00, 0x00, 0x00, 0x00, 0x00, 0x00,
  0x00, 0x00, 0x00, 0x00, 0x00, 0x00, 0x00, 0x00, 0x00, 0x00, 0x00, 0x00, 0x00, 0x00, 0x00, 0x00, 0x00, 0x00, 0x00, 0x00, 0x00, 0x00, 0x00, 0x00,
  0x00, 0x00, 0x00, 0x00, 0x00, 0x00, 0x00, 0x00, 0x00, 0x00, 0x00, 0x00, 0x00, 0x00, 0x00, 0x00, 0x00, 0x00, 0x00, 0x00, 0x00, 0x00, 0x00, 0x00,
  0x00, 0x00, 0x00, 0x00, 0x00, 0x00, 0x00, 0x00, 0x00, 0x00, 0x00, 0x00, 0x00, 0x00, 0x00, 0x00, 0x00, 0x00, 0x00, 0x00, 0x00, 0x00, 0x00, 0x00,
  0x00, 0x00, 0x00, 0x00, 0x00, 0x00, 0x00, 0x00, 0x00, 0x00, 0x00, 0x00, 0x00, 0x00, 0x00, 0x00, 0x00, 0x00, 0x00, 0x00, 0x00, 0x00, 0x00, 0x00,
  0x00, 0x00, 0x00, 0x00, 0x00, 0x00, 0x00, 0x00, 0x00, 0x00, 0x00, 0x00, 0x00, 0x00, 0x00, 0x00, 0x00, 0x00, 0x00, 0x00, 0x00, 0x00, 0x00, 0x00,
  0x00, 0x00, 0x00, 0x00, 0x00, 0x00, 0x00, 0x00, 0x00, 0x00, 0x00, 0x02, 0x00, 0x00, 0x0c, 0x00, 0x00, 0x24, 0x00, 0x00, 0x54, 0x00, 0x00, 0x8d,
  0x00, 0x00, 0xbc, 0x00, 0x00, 0xe4, 0x00, 0x00, 0xf4, 0x00, 0x00, 0xff, 0x00, 0x00, 0xff, 0x00, 0x00, 0xff, 0x00, 0x00, 0xff, 0x00, 0x00, 0xff,
  0x00, 0x08, 0xfe, 0x00, 0x10, 0xfd, 0x00, 0x10, 0xfd, 0x00, 0x08, 0xfe, 0x00, 0x00, 0xff, 0x00, 0x10, 0xfd, 0x81, 0x70, 0xfc, 0x02, 0xc1, 0xff,
  0x02, 0xc9, 0xff, 0x02, 0xc9, 0xff, 0x02, 0xc9, 0xff, 0x02, 0xc9, 0xff, 0x02, 0xc9, 0xff, 0x02, 0xc9, 0xff, 0x02, 0xc9, 0xff, 0x02, 0xc9, 0xff,
  0x02, 0xc9, 0xff, 0x02, 0xc9, 0xff, 0x02, 0xc9, 0xff, 0x02, 0xc9, 0xff, 0x02, 0xc9, 0xff, 0x02, 0xc9, 0xff, 0x02, 0xc9, 0xff, 0x02, 0xc9, 0xff,
  0x02, 0xc9, 0xff, 0x02, 0xc9, 0xff, 0x02, 0xc9, 0xff, 0x02, 0xc9, 0xff, 0x02, 0xc9, 0xff, 0x02, 0xc9, 0xff, 0x02, 0xc9, 0xff, 0x02, 0xc9, 0xff,
  0xe2, 0xa8, 0xfe, 0x40, 0x38, 0xfd, 0x00, 0x00, 0xff, 0x00, 0x00, 0xff, 0x00, 0x10, 0xfd, 0x00, 0x10, 0xfd, 0x00, 0x08, 0xfe, 0x00, 0x00, 0xff,
  0x00, 0x00, 0xff, 0x00, 0x00, 0xff, 0x00, 0x00, 0xff, 0x00, 0x00, 0xff, 0x00, 0x00, 0xff, 0x00, 0x00, 0xec, 0x00, 0x00, 0xcc, 0x00, 0x00, 0x9c,
  0x00, 0x00, 0x63, 0x00, 0x00, 0x34, 0x00, 0x00, 0x0c, 0x00, 0x00, 0x02, 0x00, 0x00, 0x00, 0x00, 0x00, 0x00, 0x00, 0x00, 0x00, 0x00, 0x00, 0x00,
  0x00, 0x00, 0x00, 0x00, 0x00, 0x00, 0x00, 0x00, 0x00, 0x00, 0x00, 0x00, 0x00, 0x00, 0x00, 0x00, 0x00, 0x00, 0x00, 0x00, 0x00, 0x00, 0x00, 0x00,
  0x00, 0x00, 0x00, 0x00, 0x00, 0x00, 0x00, 0x00, 0x00, 0x00, 0x00, 0x00, 0x00, 0x00, 0x00, 0x00, 0x00, 0x00, 0x00, 0x00, 0x00, 0x00, 0x00, 0x00,
  0x00, 0x00, 0x00, 0x00, 0x00, 0x00, 0x00, 0x00, 0x00, 0x00, 0x00, 0x00, 0x00, 0x00, 0x00, 0x00, 0x00, 0x00, 0x00, 0x00, 0x00, 0x00, 0x00, 0x00,
  0x00, 0x00, 0x00, 0x00, 0x00, 0x00, 0x00, 0x00, 0x00, 0x00, 0x00, 0x00, 0x00, 0x00, 0x00, 0x00, 0x00, 0x00, 0x00, 0x00, 0x00, 0x00, 0x00, 0x00,
  0x00, 0x00, 0x00, 0x00, 0x00, 0x00, 0x00, 0x00, 0x00, 0x00, 0x00, 0x00, 0x00, 0x00, 0x00, 0x00, 0x00, 0x00, 0x00, 0x00, 0x00, 0x00, 0x00, 0x00,
  0x00, 0x00, 0x00, 0x00, 0x00, 0x00, 0x00, 0x00, 0x00, 0x00, 0x00, 0x00, 0x00, 0x00, 0x00, 0x00, 0x00, 0x00, 0x00, 0x00, 0x00, 0x00, 0x00, 0x00,
  0x00, 0x00, 0x00, 0x00, 0x00, 0x00, 0x00, 0x00, 0x00, 0x00, 0x00, 0x00, 0x00, 0x00, 0x00, 0x00, 0x00, 0x00, 0x00, 0x00, 0x00, 0x00, 0x00, 0x00,
  0x00, 0x00, 0x00, 0x00, 0x00, 0x00, 0x00, 0x00, 0x00, 0x00, 0x00, 0x00, 0x00, 0x00, 0x00, 0x00, 0x00, 0x00, 0x00, 0x00, 0x00, 0x00, 0x00, 0x00,
  0x00, 0x00, 0x00, 0x00, 0x00, 0x00, 0x00, 0x00, 0x00, 0x00, 0x00, 0x00, 0x00, 0x00, 0x00, 0x00, 0x00, 0x00, 0x00, 0x00, 0x00, 0x00, 0x00, 0x00,
  0x00, 0x00, 0x00, 0x00, 0x00, 0x00, 0x00, 0x00, 0x00, 0x00, 0x00, 0x00, 0x00, 0x00, 0x00, 0x00, 0x00, 0x00, 0x00, 0x00, 0x00, 0x00, 0x00, 0x00,
  0x00, 0x00, 0x00, 0x00, 0x00, 0x00, 0x00, 0x00, 0x00, 0x00, 0x00, 0x00, 0x00, 0x00, 0x00, 0x00, 0x00, 0x00, 0x00, 0x00, 0x00, 0x00, 0x00, 0x00,
  0x00, 0x00, 0x00, 0x00, 0x00, 0x00, 0x00, 0x00, 0x00, 0x00, 0x00, 0x00, 0x00, 0x00, 0x00, 0x00, 0x00, 0x00, 0x00, 0x00, 0x00, 0x00, 0x00, 0x00,
  0x00, 0x00, 0x00, 0x00, 0x00, 0x00, 0x00, 0x00, 0x00, 0x00, 0x00, 0x00, 0x00, 0x00, 0x00, 0x00, 0x00, 0x00, 0x00, 0x00, 0x00, 0x00, 0x00, 0x00,
  0x00, 0x00, 0x00, 0x00, 0x00, 0x00, 0x00, 0x00, 0x00, 0x00, 0x00, 0x00, 0x00, 0x00, 0x00, 0x00, 0x00, 0x00, 0x00, 0x00, 0x00, 0x00, 0x00, 0x00,
  0x00, 0x00, 0x00, 0x00, 0x00, 0x00, 0x00, 0x00, 0x00, 0x00, 0x00, 0x00, 0x00, 0x00, 0x00, 0x00, 0x00, 0x00, 0x00, 0x00, 0x00, 0x00, 0x00, 0x00,
  0x00, 0x00, 0x00, 0x00, 0x00, 0x00, 0x00, 0x00, 0x00, 0x00, 0x00, 0x00, 0x00, 0x00, 0x00, 0x00, 0x00, 0x00, 0x00, 0x00, 0x00, 0x00, 0x00, 0x00,
  0x00, 0x00, 0x00, 0x00, 0x00, 0x00, 0x00, 0x00, 0x00, 0x00, 0x00, 0x00, 0x00, 0x00, 0x00, 0x00, 0x00, 0x00, 0x00, 0x00, 0x02, 0x00, 0x00, 0x03,
  0x00, 0x00, 0x14, 0x00, 0x00, 0x34, 0x00, 0x00, 0x63, 0x00, 0x00, 0x8d, 0x00, 0x00, 0xbc, 0x00, 0x00, 0xe4, 0x00, 0x00, 0xf4, 0x00, 0x00, 0xff,
  0x00, 0x00, 0xff, 0x00, 0x00, 0xff, 0x00, 0x00, 0xff, 0x00, 0x00, 0xff, 0x00, 0x00, 0xff, 0x00, 0x00, 0xff, 0x00, 0x10, 0xfd, 0xa1, 0x78, 0xfd,
  0x02, 0xc9, 0xff, 0x02, 0xc9, 0xff, 0x02, 0xc9, 0xff, 0x02, 0xc9, 0xff, 0x02, 0xc9, 0xff, 0x02, 0xc9, 0xff, 0x02, 0xc9, 0xff, 0x02, 0xc9, 0xff,
  0x02, 0xc9, 0xff, 0x02, 0xc1, 0xff, 0x02, 0xc9, 0xff, 0x02, 0xc9, 0xff, 0x02, 0xc9, 0xff, 0x02, 0xc1, 0xff, 0x02, 0xc1, 0xff, 0x02, 0xc9, 0xff,
  0x02, 0xc9, 0xff, 0x02, 0xc9, 0xff, 0x02, 0xc9, 0xff, 0x02, 0xc9, 0xff, 0x02, 0xc9, 0xff, 0x02, 0xc9, 0xff, 0x02, 0xc9, 0xff, 0xe2, 0xa8, 0xfe,
  0x40, 0x38, 0xfd, 0x00, 0x00, 0xff, 0x00, 0x00, 0xff, 0x00, 0x00, 0xff, 0x00, 0x00, 0xff, 0x00, 0x00, 0xff, 0x00, 0x00, 0xff, 0x00, 0x00, 0xff,
  0x00, 0x00, 0xf4, 0x00, 0x00, 0xe4, 0x00, 0x00, 0xcc, 0x00, 0x00, 0xa4, 0x00, 0x00, 0x6c, 0x00, 0x00, 0x45, 0x00, 0x00, 0x1c, 0x00, 0x00, 0x0c,
  0x00, 0x00, 0x02, 0x00, 0x00, 0x00, 0x00, 0x00, 0x00, 0x00, 0x00, 0x00, 0x00, 0x00, 0x00, 0x00, 0x00, 0x00, 0x00, 0x00, 0x00, 0x00, 0x00, 0x00,
  0x00, 0x00, 0x00, 0x00, 0x00, 0x00, 0x00, 0x00, 0x00, 0x00, 0x00, 0x00, 0x00, 0x00, 0x00, 0x00, 0x00, 0x00, 0x00, 0x00, 0x00, 0x00, 0x00, 0x00,
  0x00, 0x00, 0x00, 0x00, 0x00, 0x00, 0x00, 0x00, 0x00, 0x00, 0x00, 0x00, 0x00, 0x00, 0x00, 0x00, 0x00, 0x00, 0x00, 0x00, 0x00, 0x00, 0x00, 0x00,
  0x00, 0x00, 0x00, 0x00, 0x00, 0x00, 0x00, 0x00, 0x00, 0x00, 0x00, 0x00, 0x00, 0x00, 0x00, 0x00, 0x00, 0x00, 0x00, 0x00, 0x00, 0x00, 0x00, 0x00,
  0x00, 0x00, 0x00, 0x00, 0x00, 0x00, 0x00, 0x00, 0x00, 0x00, 0x00, 0x00, 0x00, 0x00, 0x00, 0x00, 0x00, 0x00, 0x00, 0x00, 0x00, 0x00, 0x00, 0x00,
  0x00, 0x00, 0x00, 0x00, 0x00, 0x00, 0x00, 0x00, 0x00, 0x00, 0x00, 0x00, 0x00, 0x00, 0x00, 0x00, 0x00, 0x00, 0x00, 0x00, 0x00, 0x00, 0x00, 0x00,
  0x00, 0x00, 0x00, 0x00, 0x00, 0x00, 0x00, 0x00, 0x00, 0x00, 0x00, 0x00, 0x00, 0x00, 0x00, 0x00, 0x00, 0x00, 0x00, 0x00, 0x00, 0x00, 0x00, 0x00,
  0x00, 0x00, 0x00, 0x00, 0x00, 0x00, 0x00, 0x00, 0x00, 0x00, 0x00, 0x00, 0x00, 0x00, 0x00, 0x00, 0x00, 0x00, 0x00, 0x00, 0x00, 0x00, 0x00, 0x00,
  0x00, 0x00, 0x00, 0x00, 0x00, 0x00, 0x00, 0x00, 0x00, 0x00, 0x00, 0x00, 0x00, 0x00, 0x00, 0x00, 0x00, 0x00, 0x00, 0x00, 0x00, 0x00, 0x00, 0x00,
  0x00, 0x00, 0x00, 0x00, 0x00, 0x00, 0x00, 0x00, 0x00, 0x00, 0x00, 0x00, 0x00, 0x00, 0x00, 0x00, 0x00, 0x00, 0x00, 0x00, 0x00, 0x00, 0x00, 0x00,
  0x00, 0x00, 0x00, 0x00, 0x00, 0x00, 0x00, 0x00, 0x00, 0x00, 0x00, 0x00, 0x00, 0x00, 0x00, 0x00, 0x00, 0x00, 0x00, 0x00, 0x00, 0x00, 0x00, 0x00,
  0x00, 0x00, 0x00, 0x00, 0x00, 0x00, 0x00, 0x00, 0x00, 0x00, 0x00, 0x00, 0x00, 0x00, 0x00, 0x00, 0x00, 0x00, 0x00, 0x00, 0x00, 0x00, 0x00, 0x00,
  0x00, 0x00, 0x00, 0x00, 0x00, 0x00, 0x00, 0x00, 0x00, 0x00, 0x00, 0x00, 0x00, 0x00, 0x00, 0x00, 0x00, 0x00, 0x00, 0x00, 0x00, 0x00, 0x00, 0x00,
  0x00, 0x00, 0x00, 0x00, 0x00, 0x00, 0x00, 0x00, 0x00, 0x00, 0x00, 0x00, 0x00, 0x00, 0x00, 0x00, 0x00, 0x00, 0x00, 0x00, 0x00, 0x00, 0x00, 0x00,
  0x00, 0x00, 0x00, 0x00, 0x00, 0x00, 0x00, 0x00, 0x00, 0x00, 0x00, 0x00, 0x00, 0x00, 0x00, 0x00, 0x00, 0x00, 0x00, 0x00, 0x00, 0x00, 0x00, 0x00,
  0x00, 0x00, 0x00, 0x00, 0x00, 0x00, 0x00, 0x00, 0x00, 0x00, 0x00, 0x00, 0x00, 0x00, 0x00, 0x00, 0x00, 0x00, 0x00, 0x00, 0x00, 0x00, 0x00, 0x00,
  0x00, 0x00, 0x00, 0x00, 0x00, 0x00, 0x00, 0x00, 0x00, 0x00, 0x00, 0x00, 0x00, 0x00, 0x00, 0x00, 0x00, 0x00, 0x00, 0x00, 0x00, 0x00, 0x00, 0x00,
  0x00, 0x00, 0x00, 0x00, 0x00, 0x00, 0x00, 0x00, 0x00, 0x00, 0x00, 0x00, 0x00, 0x00, 0x00, 0x00, 0x00, 0x00, 0x00, 0x00, 0x00, 0x00, 0x00, 0x00,
  0x00, 0x00, 0x00, 0x00, 0x00, 0x00, 0x00, 0x00, 0x02, 0x00, 0x00, 0x03, 0x00, 0x00, 0x14, 0x00, 0x00, 0x2c, 0x00, 0x00, 0x4c, 0x00, 0x00, 0x74,
  0x00, 0x00, 0xa4, 0x00, 0x00, 0xc5, 0x00, 0x00, 0xdb, 0x00, 0x00, 0xf4, 0x00, 0x00, 0xff, 0x00, 0x00, 0xff, 0x00, 0x00, 0xff, 0x81, 0x60, 0xfd,
  0x02, 0xc1, 0xff, 0x02, 0xc9, 0xff, 0x02, 0xc9, 0xff, 0x02, 0xc9, 0xff, 0x02, 0xc1, 0xff, 0xe2, 0xb0, 0xfe, 0xc1, 0x90, 0xfd, 0x81, 0x70, 0xfc,
  0x61, 0x50, 0xfc, 0x60, 0x48, 0xfc, 0x02, 0xb9, 0xff, 0x02, 0xc9, 0xff, 0x02, 0xc9, 0xff, 0xa1, 0x78, 0xfd, 0x40, 0x40, 0xfd, 0x81, 0x60, 0xf6,
  0xa1, 0x88, 0xfb, 0xe2, 0xa0, 0xfd, 0x02, 0xb9, 0xff, 0x02, 0xc9, 0xff, 0x02, 0xc9, 0xff, 0x02, 0xc9, 0xff, 0x02, 0xc9, 0xff, 0xe2, 0xa0, 0xfd,
  0x20, 0x18, 0xfd, 0x00, 0x00, 0xff, 0x00, 0x00, 0xff, 0x00, 0x00, 0xff, 0x00, 0x00, 0xec, 0x00, 0x00, 0xcc, 0x00, 0x00, 0xac, 0x00, 0x00, 0x84,
  0x00, 0x00, 0x5c, 0x00, 0x00, 0x34, 0x00, 0x00, 0x1c, 0x00, 0x00, 0x0c, 0x00, 0x00, 0x02, 0x00, 0x00, 0x00, 0x00, 0x00, 0x00, 0x00, 0x00, 0x00,
  0x00, 0x00, 0x00, 0x00, 0x00, 0x00, 0x00, 0x00, 0x00, 0x00, 0x00, 0x00, 0x00, 0x00, 0x00, 0x00, 0x00, 0x00, 0x00, 0x00, 0x00, 0x00, 0x00, 0x00,
  0x00, 0x00, 0x00, 0x00, 0x00, 0x00, 0x00, 0x00, 0x00, 0x00, 0x00, 0x00, 0x00, 0x00, 0x00, 0x00, 0x00, 0x00, 0x00, 0x00, 0x00, 0x00, 0x00, 0x00,
  0x00, 0x00, 0x00, 0x00, 0x00, 0x00, 0x00, 0x00, 0x00, 0x00, 0x00, 0x00, 0x00, 0x00, 0x00, 0x00, 0x00, 0x00, 0x00, 0x00, 0x00, 0x00, 0x00, 0x00,
  0x00, 0x00, 0x00, 0x00, 0x00, 0x00, 0x00, 0x00, 0x00, 0x00, 0x00, 0x00, 0x00, 0x00, 0x00, 0x00, 0x00, 0x00, 0x00, 0x00, 0x00, 0x00, 0x00, 0x00,
  0x00, 0x00, 0x00, 0x00, 0x00, 0x00, 0x00, 0x00, 0x00, 0x00, 0x00, 0x00, 0x00, 0x00, 0x00, 0x00, 0x00, 0x00, 0x00, 0x00, 0x00, 0x00, 0x00, 0x00,
  0x00, 0x00, 0x00, 0x00, 0x00, 0x00, 0x00, 0x00, 0x00, 0x00, 0x00, 0x00, 0x00, 0x00, 0x00, 0x00, 0x00, 0x00, 0x00, 0x00, 0x00, 0x00, 0x00, 0x00,
  0x00, 0x00, 0x00, 0x00, 0x00, 0x00, 0x00, 0x00, 0x00, 0x00, 0x00, 0x00, 0x00, 0x00, 0x00, 0x00, 0x00, 0x00, 0x00, 0x00, 0x00, 0x00, 0x00, 0x00,
  0x00, 0x00, 0x00, 0x00, 0x00, 0x00, 0x00, 0x00, 0x00, 0x00, 0x00, 0x00, 0x00, 0x00, 0x00, 0x00, 0x00, 0x00, 0x00, 0x00, 0x00, 0x00, 0x00, 0x00,
  0x00, 0x00, 0x00, 0x00, 0x00, 0x00, 0x00, 0x00, 0x00, 0x00, 0x00, 0x00, 0x00, 0x00, 0x00, 0x00, 0x00, 0x00, 0x00, 0x00, 0x00, 0x00, 0x00, 0x00,
  0x00, 0x00, 0x00, 0x00, 0x00, 0x00, 0x00, 0x00, 0x00, 0x00, 0x00, 0x00, 0x00, 0x00, 0x00, 0x00, 0x00, 0x00, 0x00, 0x00, 0x00, 0x00, 0x00, 0x00,
  0x00, 0x00, 0x00, 0x00, 0x00, 0x00, 0x00, 0x00, 0x00, 0x00, 0x00, 0x00, 0x00, 0x00, 0x00, 0x00, 0x00, 0x00, 0x00, 0x00, 0x00, 0x00, 0x00, 0x00,
  0x00, 0x00, 0x00, 0x00, 0x00, 0x00, 0x00, 0x00, 0x00, 0x00, 0x00, 0x00, 0x00, 0x00, 0x00, 0x00, 0x00, 0x00, 0x00, 0x00, 0x00, 0x00, 0x00, 0x00,
  0x00, 0x00, 0x00, 0x00, 0x00, 0x00, 0x00, 0x00, 0x00, 0x00, 0x00, 0x00, 0x00, 0x00, 0x00, 0x00, 0x00, 0x00, 0x00, 0x00, 0x00, 0x00, 0x00, 0x00,
  0x00, 0x00, 0x00, 0x00, 0x00, 0x00, 0x00, 0x00, 0x00, 0x00, 0x00, 0x00, 0x00, 0x00, 0x00, 0x00, 0x00, 0x00, 0x00, 0x00, 0x00, 0x00, 0x00, 0x00,
  0x00, 0x00, 0x00, 0x00, 0x00, 0x00, 0x00, 0x00, 0x00, 0x00, 0x00, 0x00, 0x00, 0x00, 0x00, 0x00, 0x00, 0x00, 0x00, 0x00, 0x00, 0x00, 0x00, 0x00,
  0x00, 0x00, 0x00, 0x00, 0x00, 0x00, 0x00, 0x00, 0x00, 0x00, 0x00, 0x00, 0x00, 0x00, 0x00, 0x00, 0x00, 0x00, 0x00, 0x00, 0x00, 0x00, 0x00, 0x00,
  0x00, 0x00, 0x00, 0x00, 0x00, 0x00, 0x00, 0x00, 0x00, 0x00, 0x00, 0x00, 0x00, 0x00, 0x00, 0x00, 0x00, 0x00, 0x00, 0x00, 0x00, 0x00, 0x00, 0x00,
  0x00, 0x00, 0x00, 0x00, 0x00, 0x00, 0x00, 0x00, 0x00, 0x00, 0x00, 0x00, 0x00, 0x00, 0x00, 0x00, 0x00, 0x00, 0x00, 0x00, 0x00, 0x00, 0x00, 0x00,
  0x00, 0x00, 0x00, 0x00, 0x00, 0x00, 0x00, 0x00, 0x00, 0x00, 0x00, 0x00, 0x00, 0x00, 0x00, 0x00, 0x00, 0x00, 0x00, 0x00, 0x00, 0x00, 0x00, 0x03,
  0x00, 0x00, 0x0c, 0x00, 0x00, 0x1c, 0x00, 0x00, 0x3c, 0x00, 0x00, 0x63, 0x00, 0x00, 0xb5, 0x00, 0x00, 0xff, 0x20, 0x18, 0xfd, 0xc1, 0x98, 0xfd,
  0x02, 0xb9, 0xff, 0xe2, 0xa8, 0xfe, 0xc1, 0x90, 0xfd, 0x81, 0x70, 0xfc, 0x61, 0x50, 0xfc, 0x20, 0x28, 0xfd, 0x00, 0x10, 0xfd, 0x00, 0x08, 0xfe,
  0x00, 0x00, 0xff, 0x20, 0x18, 0xfd, 0xe2, 0xb8, 0xfe, 0x02, 0xc9, 0xff, 0x02, 0xc9, 0xff, 0x81, 0x60, 0xfd, 0x00, 0x00, 0xff, 0x00, 0x00, 0xff,
  0x00, 0x08, 0xfe, 0x20, 0x18, 0xfd, 0x40, 0x38, 0xfd, 0x81, 0x60, 0xfd, 0xa1, 0x80, 0xfd, 0xc1, 0x98, 0xfd, 0xe2, 0xb0, 0xfe, 0x02, 0xb9, 0xff,
  0x61, 0x58, 0xfc, 0x00, 0x00, 0xff, 0x00, 0x00, 0xd5, 0x00, 0x00, 0x74, 0x00, 0x00, 0x4c, 0x00, 0x00, 0x24, 0x00, 0x00, 0x0c, 0x00, 0x00, 0x03,
  0x00, 0x00, 0x02, 0x00, 0x00, 0x00, 0x00, 0x00, 0x00, 0x00, 0x00, 0x00, 0x00, 0x00, 0x00, 0x00, 0x00, 0x00, 0x00, 0x00, 0x00, 0x00, 0x00, 0x00,
  0x00, 0x00, 0x00, 0x00, 0x00, 0x00, 0x00, 0x00, 0x00, 0x00, 0x00, 0x00, 0x00, 0x00, 0x00, 0x00, 0x00, 0x00, 0x00, 0x00, 0x00, 0x00, 0x00, 0x00,
  0x00, 0x00, 0x00, 0x00, 0x00, 0x00, 0x00, 0x00, 0x00, 0x00, 0x00, 0x00, 0x00, 0x00, 0x00, 0x00, 0x00, 0x00, 0x00, 0x00, 0x00, 0x00, 0x00, 0x00,
  0x00, 0x00, 0x00, 0x00, 0x00, 0x00, 0x00, 0x00, 0x00, 0x00, 0x00, 0x00, 0x00, 0x00, 0x00, 0x00, 0x00, 0x00, 0x00, 0x00, 0x00, 0x00, 0x00, 0x00,
  0x00, 0x00, 0x00, 0x00, 0x00, 0x00, 0x00, 0x00, 0x00, 0x00, 0x00, 0x00, 0x00, 0x00, 0x00, 0x00, 0x00, 0x00, 0x00, 0x00, 0x00, 0x00, 0x00, 0x00,
  0x00, 0x00, 0x00, 0x00, 0x00, 0x00, 0x00, 0x00, 0x00, 0x00, 0x00, 0x00, 0x00, 0x00, 0x00, 0x00, 0x00, 0x00, 0x00, 0x00, 0x00, 0x00, 0x00, 0x00,
  0x00, 0x00, 0x00, 0x00, 0x00, 0x00, 0x00, 0x00, 0x00, 0x00, 0x00, 0x00, 0x00, 0x00, 0x00, 0x00, 0x00, 0x00, 0x00, 0x00, 0x00, 0x00, 0x00, 0x00,
  0x00, 0x00, 0x00, 0x00, 0x00, 0x00, 0x00, 0x00, 0x00, 0x00, 0x00, 0x00, 0x00, 0x00, 0x00, 0x00, 0x00, 0x00, 0x00, 0x00, 0x00, 0x00, 0x00, 0x00,
  0x00, 0x00, 0x00, 0x00, 0x00, 0x00, 0x00, 0x00, 0x00, 0x00, 0x00, 0x00, 0x00, 0x00, 0x00, 0x00, 0x00, 0x00, 0x00, 0x00, 0x00, 0x00, 0x00, 0x00,
  0x00, 0x00, 0x00, 0x00, 0x00, 0x00, 0x00, 0x00, 0x00, 0x00, 0x00, 0x00, 0x00, 0x00, 0x00, 0x00, 0x00, 0x00, 0x00, 0x00, 0x00, 0x00, 0x00, 0x00,
  0x00, 0x00, 0x00, 0x00, 0x00, 0x00, 0x00, 0x00, 0x00, 0x00, 0x00, 0x00, 0x00, 0x00, 0x00, 0x00, 0x00, 0x00, 0x00, 0x00, 0x00, 0x00, 0x00, 0x00,
  0x00, 0x00, 0x00, 0x00, 0x00, 0x00, 0x00, 0x00, 0x00, 0x00, 0x00, 0x00, 0x00, 0x00, 0x00, 0x00, 0x00, 0x00, 0x00, 0x00, 0x00, 0x00, 0x00, 0x00,
  0x00, 0x00, 0x00, 0x00, 0x00, 0x00, 0x00, 0x00, 0x00, 0x00, 0x00, 0x00, 0x00, 0x00, 0x00, 0x00, 0x00, 0x00, 0x00, 0x00, 0x00, 0x00, 0x00, 0x00,
  0x00, 0x00, 0x00, 0x00, 0x00, 0x00, 0x00, 0x00, 0x00, 0x00, 0x00, 0x00, 0x00, 0x00, 0x00, 0x00, 0x00, 0x00, 0x00, 0x00, 0x00, 0x00, 0x00, 0x00,
  0x00, 0x00, 0x00, 0x00, 0x00, 0x00, 0x00, 0x00, 0x00, 0x00, 0x00, 0x00, 0x00, 0x00, 0x00, 0x00, 0x00, 0x00, 0x00, 0x00, 0x00, 0x00, 0x00, 0x00,
  0x00, 0x00, 0x00, 0x00, 0x00, 0x00, 0x00, 0x00, 0x00, 0x00, 0x00, 0x00, 0x00, 0x00, 0x00, 0x00, 0x00, 0x00, 0x00, 0x00, 0x00, 0x00, 0x00, 0x00,
  0x00, 0x00, 0x00, 0x00, 0x00, 0x00, 0x00, 0x00, 0x00, 0x00, 0x00, 0x00, 0x00, 0x00, 0x00, 0x00, 0x00, 0x00, 0x00, 0x00, 0x00, 0x00, 0x00, 0x00,
  0x00, 0x00, 0x00, 0x00, 0x00, 0x00, 0x00, 0x00, 0x00, 0x00, 0x00, 0x00, 0x00, 0x00, 0x00, 0x00, 0x00, 0x00, 0x00, 0x00, 0x00, 0x00, 0x00, 0x00,
  0x00, 0x00, 0x00, 0x00, 0x00, 0x00, 0x00, 0x00, 0x00, 0x00, 0x00, 0x00, 0x00, 0x00, 0x00, 0x00, 0x00, 0x00, 0x00, 0x00, 0x00, 0x00, 0x00, 0x00,
  0x00, 0x00, 0x00, 0x00, 0x00, 0x00, 0x00, 0x00, 0x00, 0x00, 0x00, 0x00, 0x00, 0x00, 0x00, 0x00, 0x00, 0x00, 0x00, 0x00, 0x00, 0x00, 0x00, 0x00,
  0x00, 0x00, 0x00, 0x00, 0x00, 0x00, 0x00, 0x00, 0x00, 0x00, 0x00, 0x1c, 0x00, 0x00, 0xbc, 0x00, 0x00, 0xff, 0x20, 0x28, 0xfd, 0x40, 0x40, 0xfd,
  0x20, 0x28, 0xfd, 0x20, 0x18, 0xfd, 0x00, 0x08, 0xfe, 0x00, 0x00, 0xf4, 0x00, 0x00, 0xec, 0x00, 0x00, 0xd5, 0x00, 0x00, 0xac, 0x00, 0x00, 0x94,
  0x00, 0x00, 0xdb, 0x20, 0x18, 0xfd, 0xe2, 0xb8, 0xfe, 0x02, 0xc9, 0xff, 0x02, 0xc9, 0xff, 0x81, 0x60, 0xfd, 0x00, 0x00, 0xff, 0x00, 0x00, 0xac,
  0x00, 0x00, 0xa4, 0x00, 0x00, 0xc5, 0x00, 0x00, 0xdb, 0x00, 0x00, 0xf4, 0x00, 0x08, 0xfe, 0x00, 0x10, 0xfd, 0x20, 0x20, 0xfd, 0x40, 0x38, 0xf6,
  0x40, 0x40, 0xfd, 0x00, 0x08, 0xfe, 0x00, 0x00, 0xec, 0x00, 0x00, 0x63, 0x00, 0x00, 0x03, 0x00, 0x00, 0x00, 0x00, 0x00, 0x00, 0x00, 0x00, 0x00,
  0x00, 0x00, 0x00, 0x00, 0x00, 0x00, 0x00, 0x00, 0x00, 0x00, 0x00, 0x00, 0x00, 0x00, 0x00, 0x00, 0x00, 0x00, 0x00, 0x00, 0x00, 0x00, 0x00, 0x00,
  0x00, 0x00, 0x00, 0x00, 0x00, 0x00, 0x00, 0x00, 0x00, 0x00, 0x00, 0x00, 0x00, 0x00, 0x00, 0x00, 0x00, 0x00, 0x00, 0x00, 0x00, 0x00, 0x00, 0x00,
  0x00, 0x00, 0x00, 0x00, 0x00, 0x00, 0x00, 0x00, 0x00, 0x00, 0x00, 0x00, 0x00, 0x00, 0x00, 0x00, 0x00, 0x00, 0x00, 0x00, 0x00, 0x00, 0x00, 0x00,
  0x00, 0x00, 0x00, 0x00, 0x00, 0x00, 0x00, 0x00, 0x00, 0x00, 0x00, 0x00, 0x00, 0x00, 0x00, 0x00, 0x00, 0x00, 0x00, 0x00, 0x00, 0x00, 0x00, 0x00,
  0x00, 0x00, 0x00, 0x00, 0x00, 0x00, 0x00, 0x00, 0x00, 0x00, 0x00, 0x00, 0x00, 0x00, 0x00, 0x00, 0x00, 0x00, 0x00, 0x00, 0x00, 0x00, 0x00, 0x00,
  0x00, 0x00, 0x00, 0x00, 0x00, 0x00, 0x00, 0x00, 0x00, 0x00, 0x00, 0x00, 0x00, 0x00, 0x00, 0x00, 0x00, 0x00, 0x00, 0x00, 0x00, 0x00, 0x00, 0x00,
  0x00, 0x00, 0x00, 0x00, 0x00, 0x00, 0x00, 0x00, 0x00, 0x00, 0x00, 0x00, 0x00, 0x00, 0x00, 0x00, 0x00, 0x00, 0x00, 0x00, 0x00, 0x00, 0x00, 0x00,
  0x00, 0x00, 0x00, 0x00, 0x00, 0x00, 0x00, 0x00, 0x00, 0x00, 0x00, 0x00, 0x00, 0x00, 0x00, 0x00, 0x00, 0x00, 0x00, 0x00, 0x00, 0x00, 0x00, 0x00,
  0x00, 0x00, 0x00, 0x00, 0x00, 0x00, 0x00, 0x00, 0x00, 0x00, 0x00, 0x00, 0x00, 0x00, 0x00, 0x00, 0x00, 0x00, 0x00, 0x00, 0x00, 0x00, 0x00, 0x00,
  0x00, 0x00, 0x00, 0x00, 0x00, 0x00, 0x00, 0x00, 0x00, 0x00, 0x00, 0x00, 0x00, 0x00, 0x00, 0x00, 0x00, 0x00, 0x00, 0x00, 0x00, 0x00, 0x00, 0x00,
  0x00, 0x00, 0x00, 0x00, 0x00, 0x00, 0x00, 0x00, 0x00, 0x00, 0x00, 0x00, 0x00, 0x00, 0x00, 0x00, 0x00, 0x00, 0x00, 0x00, 0x00, 0x00, 0x00, 0x00,
  0x00, 0x00, 0x00, 0x00, 0x00, 0x00, 0x00, 0x00, 0x00, 0x00, 0x00, 0x00, 0x00, 0x00, 0x00, 0x00, 0x00, 0x00, 0x00, 0x00, 0x00, 0x00, 0x00, 0x00,
  0x00, 0x00, 0x00, 0x00, 0x00, 0x00, 0x00, 0x00, 0x00, 0x00, 0x00, 0x00, 0x00, 0x00, 0x00, 0x00, 0x00, 0x00, 0x00, 0x00, 0x00, 0x00, 0x00, 0x00,
  0x00, 0x00, 0x00, 0x00, 0x00, 0x00, 0x00, 0x00, 0x00, 0x00, 0x00, 0x00, 0x00, 0x00, 0x00, 0x00, 0x00, 0x00, 0x00, 0x00, 0x00, 0x00, 0x00, 0x00,
  0x00, 0x00, 0x00, 0x00, 0x00, 0x00, 0x00, 0x00, 0x00, 0x00, 0x00, 0x00, 0x00, 0x00, 0x00, 0x00, 0x00, 0x00, 0x00, 0x00, 0x00, 0x00, 0x00, 0x00,
  0x00, 0x00, 0x00, 0x00, 0x00, 0x00, 0x00, 0x00, 0x00, 0x00, 0x00, 0x00, 0x00, 0x00, 0x00, 0x00, 0x00, 0x00, 0x00, 0x00, 0x00, 0x00, 0x00, 0x00,
  0x00, 0x00, 0x00, 0x00, 0x00, 0x00, 0x00, 0x00, 0x00, 0x00, 0x00, 0x00, 0x00, 0x00, 0x00, 0x00, 0x00, 0x00, 0x00, 0x00, 0x00, 0x00, 0x00, 0x00,
  0x00, 0x00, 0x00, 0x00, 0x00, 0x00, 0x00, 0x00, 0x00, 0x00, 0x00, 0x00, 0x00, 0x00, 0x00, 0x00, 0x00, 0x00, 0x00, 0x00, 0x00, 0x00, 0x00, 0x00,
  0x00, 0x00, 0x00, 0x00, 0x00, 0x00, 0x00, 0x00, 0x00, 0x00, 0x00, 0x00, 0x00, 0x00, 0x00, 0x00, 0x00, 0x00, 0x00, 0x00, 0x00, 0x00, 0x00, 0x00,
  0x00, 0x00, 0x00, 0x00, 0x00, 0x00, 0x00, 0x00, 0x00, 0x00, 0x00, 0x00, 0x00, 0x00, 0x00, 0x00, 0x00, 0x00, 0x00, 0x00, 0x00, 0x00, 0x00, 0x00,
  0x00, 0x00, 0x00, 0x00, 0x00, 0x00, 0x00, 0x00, 0x03, 0x00, 0x00, 0x7c, 0x00, 0x00, 0xf4, 0x00, 0x00, 0xff, 0x00, 0x00, 0xf4, 0x00, 0x00, 0xe4,
  0x00, 0x00, 0xcc, 0x00, 0x00, 0xb5, 0x00, 0x00, 0x84, 0x00, 0x00, 0x5c, 0x00, 0x00, 0x3c, 0x00, 0x00, 0x1c, 0x00, 0x00, 0x0c, 0x00, 0x00, 0x14,
  0x00, 0x00, 0xb5, 0x20, 0x18, 0xfd, 0xe2, 0xb8, 0xfe, 0x02, 0xc9, 0xff, 0x02, 0xc9, 0xff, 0x81, 0x60, 0xfd, 0x00, 0x00, 0xf4, 0x00, 0x00, 0x45,
  0x00, 0x00, 0x0c, 0x00, 0x00, 0x14, 0x00, 0x00, 0x2c, 0x00, 0x00, 0x4c, 0x00, 0x00, 0x74, 0x00, 0x00, 0x9c, 0x00, 0x00, 0xc5, 0x00, 0x00, 0xdb,
  0x00, 0x00, 0xec, 0x00, 0x00, 0xff, 0x00, 0x00, 0xff, 0x00, 0x00, 0xcc, 0x00, 0x00, 0x2c, 0x00, 0x00, 0x00, 0x00, 0x00, 0x00, 0x00, 0x00, 0x00,
  0x00, 0x00, 0x00, 0x00, 0x00, 0x00, 0x00, 0x00, 0x00, 0x00, 0x00, 0x00, 0x00, 0x00, 0x00, 0x00, 0x00, 0x00, 0x00, 0x00, 0x00, 0x00, 0x00, 0x00,
  0x00, 0x00, 0x00, 0x00, 0x00, 0x00, 0x00, 0x00, 0x00, 0x00, 0x00, 0x00, 0x00, 0x00, 0x00, 0x00, 0x00, 0x00, 0x00, 0x00, 0x00, 0x00, 0x00, 0x00,
  0x00, 0x00, 0x00, 0x00, 0x00, 0x00, 0x00, 0x00, 0x00, 0x00, 0x00, 0x00, 0x00, 0x00, 0x00, 0x00, 0x00, 0x00, 0x00, 0x00, 0x00, 0x00, 0x00, 0x00,
  0x00, 0x00, 0x00, 0x00, 0x00, 0x00, 0x00, 0x00, 0x00, 0x00, 0x00, 0x00, 0x00, 0x00, 0x00, 0x00, 0x00, 0x00, 0x00, 0x00, 0x00, 0x00, 0x00, 0x00,
  0x00, 0x00, 0x00, 0x00, 0x00, 0x00, 0x00, 0x00, 0x00, 0x00, 0x00, 0x00, 0x00, 0x00, 0x00, 0x00, 0x00, 0x00, 0x00, 0x00, 0x00, 0x00, 0x00, 0x00,
  0x00, 0x00, 0x00, 0x00, 0x00, 0x00, 0x00, 0x00, 0x00, 0x00, 0x00, 0x00, 0x00, 0x00, 0x00, 0x00, 0x00, 0x00, 0x00, 0x00, 0x00, 0x00, 0x00, 0x00,
  0x00, 0x00, 0x00, 0x00, 0x00, 0x00, 0x00, 0x00, 0x00, 0x00, 0x00, 0x00, 0x00, 0x00, 0x00, 0x00, 0x00, 0x00, 0x00, 0x00, 0x00, 0x00, 0x00, 0x00,
  0x00, 0x00, 0x00, 0x00, 0x00, 0x00, 0x00, 0x00, 0x00, 0x00, 0x00, 0x00, 0x00, 0x00, 0x00, 0x00, 0x00, 0x00, 0x00, 0x00, 0x00, 0x00, 0x00, 0x00,
  0x00, 0x00, 0x00, 0x00, 0x00, 0x00, 0x00, 0x00, 0x00, 0x00, 0x00, 0x00, 0x00, 0x00, 0x00, 0x00, 0x00, 0x00, 0x00, 0x00, 0x00, 0x00, 0x00, 0x00,
  0x00, 0x00, 0x00, 0x00, 0x00, 0x00, 0x00, 0x00, 0x00, 0x00, 0x00, 0x00, 0x00, 0x00, 0x00, 0x00, 0x00, 0x00, 0x00, 0x00, 0x00, 0x00, 0x00, 0x00,
  0x00, 0x00, 0x00, 0x00, 0x00, 0x00, 0x00, 0x00, 0x00, 0x00, 0x00, 0x00, 0x00, 0x00, 0x00, 0x00, 0x00, 0x00, 0x00, 0x00, 0x00, 0x00, 0x00, 0x00,
  0x00, 0x00, 0x00, 0x00, 0x00, 0x00, 0x00, 0x00, 0x00, 0x00, 0x00, 0x00, 0x00, 0x00, 0x00, 0x00, 0x00, 0x00, 0x00, 0x00, 0x00, 0x00, 0x00, 0x00,
  0x00, 0x00, 0x00, 0x00, 0x00, 0x00, 0x00, 0x00, 0x00, 0x00, 0x00, 0x00, 0x00, 0x00, 0x00, 0x00, 0x00, 0x00, 0x00, 0x00, 0x00, 0x00, 0x00, 0x00,
  0x00, 0x00, 0x00, 0x00, 0x00, 0x00, 0x00, 0x00, 0x00, 0x00, 0x00, 0x00, 0x00, 0x00, 0x00, 0x00, 0x00, 0x00, 0x00, 0x00, 0x00, 0x00, 0x00, 0x00,
  0x00, 0x00, 0x00, 0x00, 0x00, 0x00, 0x00, 0x00, 0x00, 0x00, 0x00, 0x00, 0x00, 0x00, 0x00, 0x00, 0x00, 0x00, 0x00, 0x00, 0x00, 0x00, 0x00, 0x00,
  0x00, 0x00, 0x00, 0x00, 0x00, 0x00, 0x00, 0x00, 0x00, 0x00, 0x00, 0x00, 0x00, 0x00, 0x00, 0x00, 0x00, 0x00, 0x00, 0x00, 0x00, 0x00, 0x00, 0x00,
  0x00, 0x00, 0x00, 0x00, 0x00, 0x00, 0x00, 0x00, 0x00, 0x00, 0x00, 0x00, 0x00, 0x00, 0x00, 0x00, 0x00, 0x00, 0x00, 0x00, 0x00, 0x00, 0x00, 0x00,
  0x00, 0x00, 0x00, 0x00, 0x00, 0x00, 0x00, 0x00, 0x00, 0x00, 0x00, 0x00, 0x00, 0x00, 0x00, 0x00, 0x00, 0x00, 0x00, 0x00, 0x00, 0x00, 0x00, 0x00,
  0x00, 0x00, 0x00, 0x00, 0x00, 0x00, 0x00, 0x00, 0x00, 0x00, 0x00, 0x00, 0x00, 0x00, 0x00, 0x00, 0x00, 0x00, 0x00, 0x00, 0x00, 0x00, 0x00, 0x00,
  0x00, 0x00, 0x00, 0x00, 0x00, 0x00, 0x00, 0x00, 0x00, 0x00, 0x00, 0x00, 0x00, 0x00, 0x00, 0x00, 0x00, 0x00, 0x00, 0x00, 0x00, 0x00, 0x00, 0x00,
  0x00, 0x00, 0x00, 0x00, 0x00, 0x00, 0x00, 0x00, 0x2c, 0x00, 0x00, 0xbc, 0x00, 0x00, 0xc5, 0x00, 0x00, 0x9c, 0x00, 0x00, 0x63, 0x00, 0x00, 0x34,
  0x00, 0x00, 0x1c, 0x00, 0x00, 0x0c, 0x00, 0x00, 0x03, 0x00, 0x00, 0x00, 0x00, 0x00, 0x00, 0x00, 0x00, 0x00, 0x00, 0x00, 0x00, 0x00, 0x00, 0x0c,
  0x00, 0x00, 0xb5, 0x20, 0x18, 0xfd, 0xe2, 0xb8, 0xfe, 0x02, 0xc9, 0xff, 0x02, 0xc9, 0xff, 0x81, 0x60, 0xfd, 0x00, 0x00, 0xf4, 0x00, 0x00, 0x45,
  0x00, 0x00, 0x00, 0x00, 0x00, 0x00, 0x00, 0x00, 0x00, 0x00, 0x00, 0x00, 0x00, 0x00, 0x02, 0x00, 0x00, 0x0c, 0x00, 0x00, 0x14, 0x00, 0x00, 0x2c,
  0x00, 0x00, 0x4c, 0x00, 0x00, 0x84, 0x00, 0x00, 0xb5, 0x00, 0x00, 0xcc, 0x00, 0x00, 0x7c, 0x00, 0x00, 0x03, 0x00, 0x00, 0x00, 0x00, 0x00, 0x00,
  0x00, 0x00, 0x00, 0x00, 0x00, 0x00, 0x00, 0x00, 0x00, 0x00, 0x00, 0x00, 0x00, 0x00, 0x00, 0x00, 0x00, 0x00, 0x00, 0x00, 0x00, 0x00, 0x00, 0x00,
  0x00, 0x00, 0x00, 0x00, 0x00, 0x00, 0x00, 0x00, 0x00, 0x00, 0x00, 0x00, 0x00, 0x00, 0x00, 0x00, 0x00, 0x00, 0x00, 0x00, 0x00, 0x00, 0x00, 0x00,
  0x00, 0x00, 0x00, 0x00, 0x00, 0x00, 0x00, 0x00, 0x00, 0x00, 0x00, 0x00, 0x00, 0x00, 0x00, 0x00, 0x00, 0x00, 0x00, 0x00, 0x00, 0x00, 0x00, 0x00,
  0x00, 0x00, 0x00, 0x00, 0x00, 0x00, 0x00, 0x00, 0x00, 0x00, 0x00, 0x00, 0x00, 0x00, 0x00, 0x00, 0x00, 0x00, 0x00, 0x00, 0x00, 0x00, 0x00, 0x00,
  0x00, 0x00, 0x00, 0x00, 0x00, 0x00, 0x00, 0x00, 0x00, 0x00, 0x00, 0x00, 0x00, 0x00, 0x00, 0x00, 0x00, 0x00, 0x00, 0x00, 0x00, 0x00, 0x00, 0x00,
  0x00, 0x00, 0x00, 0x00, 0x00, 0x00, 0x00, 0x00, 0x00, 0x00, 0x00, 0x00, 0x00, 0x00, 0x00, 0x00, 0x00, 0x00, 0x00, 0x00, 0x00, 0x00, 0x00, 0x00,
  0x00, 0x00, 0x00, 0x00, 0x00, 0x00, 0x00, 0x00, 0x00, 0x00, 0x00, 0x00, 0x00, 0x00, 0x00, 0x00, 0x00, 0x00, 0x00, 0x00, 0x00, 0x00, 0x00, 0x00,
  0x00, 0x00, 0x00, 0x00, 0x00, 0x00, 0x00, 0x00, 0x00, 0x00, 0x00, 0x00, 0x00, 0x00, 0x00, 0x00, 0x00, 0x00, 0x00, 0x00, 0x00, 0x00, 0x00, 0x00,
  0x00, 0x00, 0x00, 0x00, 0x00, 0x00, 0x00, 0x00, 0x00, 0x00, 0x00, 0x00, 0x00, 0x00, 0x00, 0x00, 0x00, 0x00, 0x00, 0x00, 0x00, 0x00, 0x00, 0x00,
  0x00, 0x00, 0x00, 0x00, 0x00, 0x00, 0x00, 0x00, 0x00, 0x00, 0x00, 0x00, 0x00, 0x00, 0x00, 0x00, 0x00, 0x00, 0x00, 0x00, 0x00, 0x00, 0x00, 0x00,
  0x00, 0x00, 0x00, 0x00, 0x00, 0x00, 0x00, 0x00, 0x00, 0x00, 0x00, 0x00, 0x00, 0x00, 0x00, 0x00, 0x00, 0x00, 0x00, 0x00, 0x00, 0x00, 0x00, 0x00,
  0x00, 0x00, 0x00, 0x00, 0x00, 0x00, 0x00, 0x00, 0x00, 0x00, 0x00, 0x00, 0x00, 0x00, 0x00, 0x00, 0x00, 0x00, 0x00, 0x00, 0x00, 0x00, 0x00, 0x00,
  0x00, 0x00, 0x00, 0x00, 0x00, 0x00, 0x00, 0x00, 0x00, 0x00, 0x00, 0x00, 0x00, 0x00, 0x00, 0x00, 0x00, 0x00, 0x00, 0x00, 0x00, 0x00, 0x00, 0x00,
  0x00, 0x00, 0x00, 0x00, 0x00, 0x00, 0x00, 0x00, 0x00, 0x00, 0x00, 0x00, 0x00, 0x00, 0x00, 0x00, 0x00, 0x00, 0x00, 0x00, 0x00, 0x00, 0x00, 0x00,
  0x00, 0x00, 0x00, 0x00, 0x00, 0x00, 0x00, 0x00, 0x00, 0x00, 0x00, 0x00, 0x00, 0x00, 0x00, 0x00, 0x00, 0x00, 0x00, 0x00, 0x00, 0x00, 0x00, 0x00,
  0x00, 0x00, 0x00, 0x00, 0x00, 0x00, 0x00, 0x00, 0x00, 0x00, 0x00, 0x00, 0x00, 0x00, 0x00, 0x00, 0x00, 0x00, 0x00, 0x00, 0x00, 0x00, 0x00, 0x00,
  0x00, 0x00, 0x00, 0x00, 0x00, 0x00, 0x00, 0x00, 0x00, 0x00, 0x00, 0x00, 0x00, 0x00, 0x00, 0x00, 0x00, 0x00, 0x00, 0x00, 0x00, 0x00, 0x00, 0x00,
  0x00, 0x00, 0x00, 0x00, 0x00, 0x00, 0x00, 0x00, 0x00, 0x00, 0x00, 0x00, 0x00, 0x00, 0x00, 0x00, 0x00, 0x00, 0x00, 0x00, 0x00, 0x00, 0x00, 0x00,
  0x00, 0x00, 0x00, 0x00, 0x00, 0x00, 0x00, 0x00, 0x00, 0x00, 0x00, 0x00, 0x00, 0x00, 0x00, 0x00, 0x00, 0x00, 0x00, 0x00, 0x00, 0x00, 0x00, 0x00,
  0x00, 0x00, 0x00, 0x00, 0x00, 0x00, 0x00, 0x00, 0x00, 0x00, 0x00, 0x00, 0x00, 0x00, 0x00, 0x00, 0x00, 0x00, 0x00, 0x00, 0x00, 0x00, 0x00, 0x00,
  0x00, 0x00, 0x00, 0x00, 0x00, 0x00, 0x00, 0x00, 0x14, 0x00, 0x00, 0x34, 0x00, 0x00, 0x1c, 0x00, 0x00, 0x0c, 0x00, 0x00, 0x03, 0x00, 0x00, 0x00,
  0x00, 0x00, 0x00, 0x00, 0x00, 0x00, 0x00, 0x00, 0x00, 0x00, 0x00, 0x00, 0x00, 0x00, 0x00, 0x00, 0x00, 0x00, 0x00, 0x00, 0x00, 0x00, 0x00, 0x0c,
  0x00, 0x00, 0xb5, 0x20, 0x18, 0xfd, 0xe2, 0xb8, 0xfe, 0x02, 0xc9, 0xff, 0x02, 0xc9, 0xff, 0x81, 0x60, 0xfd, 0x00, 0x00, 0xf4, 0x00, 0x00, 0x45,
  0x00, 0x00, 0x00, 0x00, 0x00, 0x00, 0x00, 0x00, 0x00, 0x00, 0x00, 0x00, 0x00, 0x00, 0x00, 0x00, 0x00, 0x00, 0x00, 0x00, 0x00, 0x00, 0x00, 0x00,
  0x00, 0x00, 0x02, 0x00, 0x00, 0x0c, 0x00, 0x00, 0x14, 0x00, 0x00, 0x24, 0x00, 0x00, 0x2c, 0x00, 0x00, 0x03, 0x00, 0x00, 0x00, 0x00, 0x00, 0x00,
  0x00, 0x00, 0x00, 0x00, 0x00, 0x00, 0x00, 0x00, 0x00, 0x00, 0x00, 0x00, 0x00, 0x00, 0x00, 0x00, 0x00, 0x00, 0x00, 0x00, 0x00, 0x00, 0x00, 0x00,
  0x00, 0x00, 0x00, 0x00, 0x00, 0x00, 0x00, 0x00, 0x00, 0x00, 0x00, 0x00, 0x00, 0x00, 0x00, 0x00, 0x00, 0x00, 0x00, 0x00, 0x00, 0x00, 0x00, 0x00,
  0x00, 0x00, 0x00, 0x00, 0x00, 0x00, 0x00, 0x00, 0x00, 0x00, 0x00, 0x00, 0x00, 0x00, 0x00, 0x00, 0x00, 0x00, 0x00, 0x00, 0x00, 0x00, 0x00, 0x00,
  0x00, 0x00, 0x00, 0x00, 0x00, 0x00, 0x00, 0x00, 0x00, 0x00, 0x00, 0x00, 0x00, 0x00, 0x00, 0x00, 0x00, 0x00, 0x00, 0x00, 0x00, 0x00, 0x00, 0x00,
  0x00, 0x00, 0x00, 0x00, 0x00, 0x00, 0x00, 0x00, 0x00, 0x00, 0x00, 0x00, 0x00, 0x00, 0x00, 0x00, 0x00, 0x00, 0x00, 0x00, 0x00, 0x00, 0x00, 0x00,
  0x00, 0x00, 0x00, 0x00, 0x00, 0x00, 0x00, 0x00, 0x00, 0x00, 0x00, 0x00, 0x00, 0x00, 0x00, 0x00, 0x00, 0x00, 0x00, 0x00, 0x00, 0x00, 0x00, 0x00,
  0x00, 0x00, 0x00, 0x00, 0x00, 0x00, 0x00, 0x00, 0x00, 0x00, 0x00, 0x00, 0x00, 0x00, 0x00, 0x00, 0x00, 0x00, 0x00, 0x00, 0x00, 0x00, 0x00, 0x00,
  0x00, 0x00, 0x00, 0x00, 0x00, 0x00, 0x00, 0x00, 0x00, 0x00, 0x00, 0x00, 0x00, 0x00, 0x00, 0x00, 0x00, 0x00, 0x00, 0x00, 0x00, 0x00, 0x00, 0x00,
  0x00, 0x00, 0x00, 0x00, 0x00, 0x00, 0x00, 0x00, 0x00, 0x00, 0x00, 0x00, 0x00, 0x00, 0x00, 0x00, 0x00, 0x00, 0x00, 0x00, 0x00, 0x00, 0x00, 0x00,
  0x00, 0x00, 0x00, 0x00, 0x00, 0x00, 0x00, 0x00, 0x00, 0x00, 0x00, 0x00, 0x00, 0x00, 0x00, 0x00, 0x00, 0x00, 0x00, 0x00, 0x00, 0x00, 0x00, 0x00,
  0x00, 0x00, 0x00, 0x00, 0x00, 0x00, 0x00, 0x00, 0x00, 0x00, 0x00, 0x00, 0x00, 0x00, 0x00, 0x00, 0x00, 0x00, 0x00, 0x00, 0x00, 0x00, 0x00, 0x00,
  0x00, 0x00, 0x00, 0x00, 0x00, 0x00, 0x00, 0x00, 0x00, 0x00, 0x00, 0x00, 0x00, 0x00, 0x00, 0x00, 0x00, 0x00, 0x00, 0x00, 0x00, 0x00, 0x00, 0x00,
  0x00, 0x00, 0x00, 0x00, 0x00, 0x00, 0x00, 0x00, 0x00, 0x00, 0x00, 0x00, 0x00, 0x00, 0x00, 0x00, 0x00, 0x00, 0x00, 0x00, 0x00, 0x00, 0x00, 0x00,
  0x00, 0x00, 0x00, 0x00, 0x00, 0x00, 0x00, 0x00, 0x00, 0x00, 0x00, 0x00, 0x00, 0x00, 0x00, 0x00, 0x00, 0x00, 0x00, 0x00, 0x00, 0x00, 0x00, 0x00,
  0x00, 0x00, 0x00, 0x00, 0x00, 0x00, 0x00, 0x00, 0x00, 0x00, 0x00, 0x00, 0x00, 0x00, 0x00, 0x00, 0x00, 0x00, 0x00, 0x00, 0x00, 0x00, 0x00, 0x00,
  0x00, 0x00, 0x00, 0x00, 0x00, 0x00, 0x00, 0x00, 0x00, 0x00, 0x00, 0x00, 0x00, 0x00, 0x00, 0x00, 0x00, 0x00, 0x00, 0x00, 0x00, 0x00, 0x00, 0x00,
  0x00, 0x00, 0x00, 0x00, 0x00, 0x00, 0x00, 0x00, 0x00, 0x00, 0x00, 0x00, 0x00, 0x00, 0x00, 0x00, 0x00, 0x00, 0x00, 0x00, 0x00, 0x00, 0x00, 0x00,
  0x00, 0x00, 0x00, 0x00, 0x00, 0x00, 0x00, 0x00, 0x00, 0x00, 0x00, 0x00, 0x00, 0x00, 0x00, 0x00, 0x00, 0x00, 0x00, 0x00, 0x00, 0x00, 0x00, 0x00,
  0x00, 0x00, 0x00, 0x00, 0x00, 0x00, 0x00, 0x00, 0x00, 0x00, 0x00, 0x00, 0x00, 0x00, 0x00, 0x00, 0x00, 0x00, 0x00, 0x00, 0x00, 0x00, 0x00, 0x00,
  0x00, 0x00, 0x00, 0x00, 0x00, 0x00, 0x00, 0x00, 0x00, 0x00, 0x00, 0x00, 0x00, 0x00, 0x00, 0x00, 0x00, 0x00, 0x00, 0x00, 0x00, 0x00, 0x00, 0x00,
  0x00, 0x00, 0x00, 0x00, 0x00, 0x00, 0x00, 0x00, 0x00, 0x00, 0x00, 0x00, 0x00, 0x00, 0x00, 0x00, 0x00, 0x00, 0x00, 0x00, 0x00, 0x00, 0x00, 0x00,
  0x00, 0x00, 0x00, 0x00, 0x00, 0x00, 0x00, 0x00, 0x00, 0x00, 0x00, 0x00, 0x00, 0x00, 0x00, 0x00, 0x00, 0x00, 0x00, 0x00, 0x00, 0x00, 0x00, 0x0c,
  0x00, 0x00, 0xb5, 0x20, 0x18, 0xfd, 0xe2, 0xb8, 0xfe, 0x02, 0xc9, 0xff, 0x02, 0xc9, 0xff, 0x81, 0x60, 0xfd, 0x00, 0x00, 0xf4, 0x00, 0x00, 0x45,
  0x00, 0x00, 0x00, 0x00, 0x00, 0x00, 0x00, 0x00, 0x00, 0x00, 0x00, 0x00, 0x00, 0x00, 0x00, 0x00, 0x00, 0x00, 0x00, 0x00, 0x00, 0x00, 0x00, 0x00,
  0x00, 0x00, 0x00, 0x00, 0x00, 0x00, 0x00, 0x00, 0x00, 0x00, 0x00, 0x00, 0x00, 0x00, 0x00, 0x00, 0x00, 0x00, 0x00, 0x00, 0x00, 0x00, 0x00, 0x00,
  0x00, 0x00, 0x00, 0x00, 0x00, 0x00, 0x00, 0x00, 0x00, 0x00, 0x00, 0x00, 0x00, 0x00, 0x00, 0x00, 0x00, 0x00, 0x00, 0x00, 0x00, 0x00, 0x00, 0x00,
  0x00, 0x00, 0x00, 0x00, 0x00, 0x00, 0x00, 0x00, 0x00, 0x00, 0x00, 0x00, 0x00, 0x00, 0x00, 0x00, 0x00, 0x00, 0x00, 0x00, 0x00, 0x00, 0x00, 0x00,
  0x00, 0x00, 0x00, 0x00, 0x00, 0x00, 0x00, 0x00, 0x00, 0x00, 0x00, 0x00, 0x00, 0x00, 0x00, 0x00, 0x00, 0x00, 0x00, 0x00, 0x00, 0x00, 0x00, 0x00,
  0x00, 0x00, 0x00, 0x00, 0x00, 0x00, 0x00, 0x00, 0x00, 0x00, 0x00, 0x00, 0x00, 0x00, 0x00, 0x00, 0x00, 0x00, 0x00, 0x00, 0x00, 0x00, 0x00, 0x00,
  0x00, 0x00, 0x00, 0x00, 0x00, 0x00, 0x00, 0x00, 0x00, 0x00, 0x00, 0x00, 0x00, 0x00, 0x00, 0x00, 0x00, 0x00, 0x00, 0x00, 0x00, 0x00, 0x00, 0x00,
  0x00, 0x00, 0x00, 0x00, 0x00, 0x00, 0x00, 0x00, 0x00, 0x00, 0x00, 0x00, 0x00, 0x00, 0x00, 0x00, 0x00, 0x00, 0x00, 0x00, 0x00, 0x00, 0x00, 0x00,
  0x00, 0x00, 0x00, 0x00, 0x00, 0x00, 0x00, 0x00, 0x00, 0x00, 0x00, 0x00, 0x00, 0x00, 0x00, 0x00, 0x00, 0x00, 0x00, 0x00, 0x00, 0x00, 0x00, 0x00,
  0x00, 0x00, 0x00, 0x00, 0x00, 0x00, 0x00, 0x00, 0x00, 0x00, 0x00, 0x00, 0x00, 0x00, 0x00, 0x00, 0x00, 0x00, 0x00, 0x00, 0x00, 0x00, 0x00, 0x00,
  0x00, 0x00, 0x00, 0x00, 0x00, 0x00, 0x00, 0x00, 0x00, 0x00, 0x00, 0x00, 0x00, 0x00, 0x00, 0x00, 0x00, 0x00, 0x00, 0x00, 0x00, 0x00, 0x00, 0x00,
  0x00, 0x00, 0x00, 0x00, 0x00, 0x00, 0x00, 0x00, 0x00, 0x00, 0x00, 0x00, 0x00, 0x00, 0x00, 0x00, 0x00, 0x00, 0x00, 0x00, 0x00, 0x00, 0x00, 0x00,
  0x00, 0x00, 0x00, 0x00, 0x00, 0x00, 0x00, 0x00, 0x00, 0x00, 0x00, 0x00, 0x00, 0x00, 0x00, 0x00, 0x00, 0x00, 0x00, 0x00, 0x00, 0x00, 0x00, 0x00,
  0x00, 0x00, 0x00, 0x00, 0x00, 0x00, 0x00, 0x00, 0x00, 0x00, 0x00, 0x00, 0x00, 0x00, 0x00, 0x00, 0x00, 0x00, 0x00, 0x00, 0x00, 0x00, 0x00, 0x00,
  0x00, 0x00, 0x00, 0x00, 0x00, 0x00, 0x00, 0x00, 0x00, 0x00, 0x00, 0x00, 0x00, 0x00, 0x00, 0x00, 0x00, 0x00, 0x00, 0x00, 0x00, 0x00, 0x00, 0x00,
  0x00, 0x00, 0x00, 0x00, 0x00, 0x00, 0x00, 0x00, 0x00, 0x00, 0x00, 0x00, 0x00, 0x00, 0x00, 0x00, 0x00, 0x00, 0x00, 0x00, 0x00, 0x00, 0x00, 0x00,
  0x00, 0x00, 0x00, 0x00, 0x00, 0x00, 0x00, 0x00, 0x00, 0x00, 0x00, 0x00, 0x00, 0x00, 0x00, 0x00, 0x00, 0x00, 0x00, 0x00, 0x00, 0x00, 0x00, 0x00,
  0x00, 0x00, 0x00, 0x00, 0x00, 0x00, 0x00, 0x00, 0x00, 0x00, 0x00, 0x00, 0x00, 0x00, 0x00, 0x00, 0x00, 0x00, 0x00, 0x00, 0x00, 0x00, 0x00, 0x00,
  0x00, 0x00, 0x00, 0x00, 0x00, 0x00, 0x00, 0x00, 0x00, 0x00, 0x00, 0x00, 0x00, 0x00, 0x00, 0x00, 0x00, 0x00, 0x00, 0x00, 0x00, 0x00, 0x00, 0x00,
  0x00, 0x00, 0x00, 0x00, 0x00, 0x00, 0x00, 0x00, 0x00, 0x00, 0x00, 0x00, 0x00, 0x00, 0x00, 0x00, 0x00, 0x00, 0x00, 0x00, 0x00, 0x00, 0x00, 0x00,
  0x00, 0x00, 0x00, 0x00, 0x00, 0x00, 0x00, 0x00, 0x00, 0x00, 0x00, 0x00, 0x00, 0x00, 0x00, 0x00, 0x00, 0x00, 0x00, 0x00, 0x00, 0x00, 0x00, 0x00,
  0x00, 0x00, 0x00, 0x00, 0x00, 0x00, 0x00, 0x00, 0x00, 0x00, 0x00, 0x00, 0x00, 0x00, 0x00, 0x00, 0x00, 0x00, 0x00, 0x00, 0x00, 0x00, 0x00, 0x00,
  0x00, 0x00, 0x00, 0x00, 0x00, 0x00, 0x00, 0x00, 0x00, 0x00, 0x00, 0x00, 0x00, 0x00, 0x00, 0x00, 0x00, 0x00, 0x00, 0x00, 0x00, 0x00, 0x00, 0x00,
  0x00, 0x00, 0x00, 0x00, 0x00, 0x00, 0x00, 0x00, 0x00, 0x00, 0x00, 0x00, 0x00, 0x00, 0x00, 0x00, 0x00, 0x00, 0x00, 0x00, 0x00, 0x00, 0x00, 0x0c,
  0x00, 0x00, 0xb5, 0x20, 0x18, 0xfd, 0xe2, 0xb8, 0xfe, 0x02, 0xc9, 0xff, 0x02, 0xc9, 0xff, 0x81, 0x60, 0xfd, 0x00, 0x00, 0xf4, 0x00, 0x00, 0x45,
  0x00, 0x00, 0x00, 0x00, 0x00, 0x00, 0x00, 0x00, 0x00, 0x00, 0x00, 0x00, 0x00, 0x00, 0x00, 0x00, 0x00, 0x00, 0x00, 0x00, 0x00, 0x00, 0x00, 0x00,
  0x00, 0x00, 0x00, 0x00, 0x00, 0x00, 0x00, 0x00, 0x00, 0x00, 0x00, 0x00, 0x00, 0x00, 0x00, 0x00, 0x00, 0x00, 0x00, 0x00, 0x00, 0x00, 0x00, 0x00,
  0x00, 0x00, 0x00, 0x00, 0x00, 0x00, 0x00, 0x00, 0x00, 0x00, 0x00, 0x00, 0x00, 0x00, 0x00, 0x00, 0x00, 0x00, 0x00, 0x00, 0x00, 0x00, 0x00, 0x00,
  0x00, 0x00, 0x00, 0x00, 0x00, 0x00, 0x00, 0x00, 0x00, 0x00, 0x00, 0x00, 0x00, 0x00, 0x00, 0x00, 0x00, 0x00, 0x00, 0x00, 0x00, 0x00, 0x00, 0x00,
  0x00, 0x00, 0x00, 0x00, 0x00, 0x00, 0x00, 0x00, 0x00, 0x00, 0x00, 0x00, 0x00, 0x00, 0x00, 0x00, 0x00, 0x00, 0x00, 0x00, 0x00, 0x00, 0x00, 0x00,
  0x00, 0x00, 0x00, 0x00, 0x00, 0x00, 0x00, 0x00, 0x00, 0x00, 0x00, 0x00, 0x00, 0x00, 0x00, 0x00, 0x00, 0x00, 0x00, 0x00, 0x00, 0x00, 0x00, 0x00,
  0x00, 0x00, 0x00, 0x00, 0x00, 0x00, 0x00, 0x00, 0x00, 0x00, 0x00, 0x00, 0x00, 0x00, 0x00, 0x00, 0x00, 0x00, 0x00, 0x00, 0x00, 0x00, 0x00, 0x00,
  0x00, 0x00, 0x00, 0x00, 0x00, 0x00, 0x00, 0x00, 0x00, 0x00, 0x00, 0x00, 0x00, 0x00, 0x00, 0x00, 0x00, 0x00, 0x00, 0x00, 0x00, 0x00, 0x00, 0x00,
  0x00, 0x00, 0x00, 0x00, 0x00, 0x00, 0x00, 0x00, 0x00, 0x00, 0x00, 0x00, 0x00, 0x00, 0x00, 0x00, 0x00, 0x00, 0x00, 0x00, 0x00, 0x00, 0x00, 0x00,
  0x00, 0x00, 0x00, 0x00, 0x00, 0x00, 0x00, 0x00, 0x00, 0x00, 0x00, 0x00, 0x00, 0x00, 0x00, 0x00, 0x00, 0x00, 0x00, 0x00, 0x00, 0x00, 0x00, 0x00,
  0x00, 0x00, 0x00, 0x00, 0x00, 0x00, 0x00, 0x00, 0x00, 0x00, 0x00, 0x00, 0x00, 0x00, 0x00, 0x00, 0x00, 0x00, 0x00, 0x00, 0x00, 0x00, 0x00, 0x00,
  0x00, 0x00, 0x00, 0x00, 0x00, 0x00, 0x00, 0x00, 0x00, 0x00, 0x00, 0x00, 0x00, 0x00, 0x00, 0x00, 0x00, 0x00, 0x00, 0x00, 0x00, 0x00, 0x00, 0x00,
  0x00, 0x00, 0x00, 0x00, 0x00, 0x00, 0x00, 0x00, 0x00, 0x00, 0x00, 0x00, 0x00, 0x00, 0x00, 0x00, 0x00, 0x00, 0x00, 0x00, 0x00, 0x00, 0x00, 0x00,
  0x00, 0x00, 0x00, 0x00, 0x00, 0x00, 0x00, 0x00, 0x00, 0x00, 0x00, 0x00, 0x00, 0x00, 0x00, 0x00, 0x00, 0x00, 0x00, 0x00, 0x00, 0x00, 0x00, 0x00,
  0x00, 0x00, 0x00, 0x00, 0x00, 0x00, 0x00, 0x00, 0x00, 0x00, 0x00, 0x00, 0x00, 0x00, 0x00, 0x00, 0x00, 0x00, 0x00, 0x00, 0x00, 0x00, 0x00, 0x00,
  0x00, 0x00, 0x00, 0x00, 0x00, 0x00, 0x00, 0x00, 0x00, 0x00, 0x00, 0x00, 0x00, 0x00, 0x00, 0x00, 0x00, 0x00, 0x00, 0x00, 0x00, 0x00, 0x00, 0x00,
  0x00, 0x00, 0x00, 0x00, 0x00, 0x00, 0x00, 0x00, 0x00, 0x00, 0x00, 0x00, 0x00, 0x00, 0x00, 0x00, 0x00, 0x00, 0x00, 0x00, 0x00, 0x00, 0x00, 0x00,
  0x00, 0x00, 0x00, 0x00, 0x00, 0x00, 0x00, 0x00, 0x00, 0x00, 0x00, 0x00, 0x00, 0x00, 0x00, 0x00, 0x00, 0x00, 0x00, 0x00, 0x00, 0x00, 0x00, 0x00,
  0x00, 0x00, 0x00, 0x00, 0x00, 0x00, 0x00, 0x00, 0x00, 0x00, 0x00, 0x00, 0x00, 0x00, 0x00, 0x00, 0x00, 0x00, 0x00, 0x00, 0x00, 0x00, 0x00, 0x00,
  0x00, 0x00, 0x00, 0x00, 0x00, 0x00, 0x00, 0x00, 0x00, 0x00, 0x00, 0x00, 0x00, 0x00, 0x00, 0x00, 0x00, 0x00, 0x00, 0x00, 0x00, 0x00, 0x00, 0x00,
  0x00, 0x00, 0x00, 0x00, 0x00, 0x00, 0x00, 0x00, 0x00, 0x00, 0x00, 0x00, 0x00, 0x00, 0x00, 0x00, 0x00, 0x00, 0x00, 0x00, 0x00, 0x00, 0x00, 0x00,
  0x00, 0x00, 0x00, 0x00, 0x00, 0x00, 0x00, 0x00, 0x00, 0x00, 0x00, 0x00, 0x00, 0x00, 0x00, 0x00, 0x00, 0x00, 0x00, 0x00, 0x00, 0x00, 0x00, 0x00,
  0x00, 0x00, 0x00, 0x00, 0x00, 0x00, 0x00, 0x00, 0x00, 0x00, 0x00, 0x00, 0x00, 0x00, 0x00, 0x00, 0x00, 0x00, 0x00, 0x00, 0x00, 0x00, 0x00, 0x00,
  0x00, 0x00, 0x00, 0x00, 0x00, 0x00, 0x00, 0x00, 0x00, 0x00, 0x00, 0x00, 0x00, 0x00, 0x00, 0x00, 0x00, 0x00, 0x00, 0x00, 0x00, 0x00, 0x00, 0x0c,
  0x00, 0x00, 0xb5, 0x20, 0x18, 0xfd, 0xe2, 0xb8, 0xfe, 0x02, 0xc9, 0xff, 0x02, 0xc9, 0xff, 0x81, 0x60, 0xfd, 0x00, 0x00, 0xf4, 0x00, 0x00, 0x45,
  0x00, 0x00, 0x00, 0x00, 0x00, 0x00, 0x00, 0x00, 0x00, 0x00, 0x00, 0x00, 0x00, 0x00, 0x00, 0x00, 0x00, 0x00, 0x00, 0x00, 0x00, 0x00, 0x00, 0x00,
  0x00, 0x00, 0x00, 0x00, 0x00, 0x00, 0x00, 0x00, 0x00, 0x00, 0x00, 0x00, 0x00, 0x00, 0x00, 0x00, 0x00, 0x00, 0x00, 0x00, 0x00, 0x00, 0x00, 0x00,
  0x00, 0x00, 0x00, 0x00, 0x00, 0x00, 0x00, 0x00, 0x00, 0x00, 0x00, 0x00, 0x00, 0x00, 0x00, 0x00, 0x00, 0x00, 0x00, 0x00, 0x00, 0x00, 0x00, 0x00,
  0x00, 0x00, 0x00, 0x00, 0x00, 0x00, 0x00, 0x00, 0x00, 0x00, 0x00, 0x00, 0x00, 0x00, 0x00, 0x00, 0x00, 0x00, 0x00, 0x00, 0x00, 0x00, 0x00, 0x00,
  0x00, 0x00, 0x00, 0x00, 0x00, 0x00, 0x00, 0x00, 0x00, 0x00, 0x00, 0x00, 0x00, 0x00, 0x00, 0x00, 0x00, 0x00, 0x00, 0x00, 0x00, 0x00, 0x00, 0x00,
  0x00, 0x00, 0x00, 0x00, 0x00, 0x00, 0x00, 0x00, 0x00, 0x00, 0x00, 0x00, 0x00, 0x00, 0x00, 0x00, 0x00, 0x00, 0x00, 0x00, 0x00, 0x00, 0x00, 0x00,
  0x00, 0x00, 0x00, 0x00, 0x00, 0x00, 0x00, 0x00, 0x00, 0x00, 0x00, 0x00, 0x00, 0x00, 0x00, 0x00, 0x00, 0x00, 0x00, 0x00, 0x00, 0x00, 0x00, 0x00,
  0x00, 0x00, 0x00, 0x00, 0x00, 0x00, 0x00, 0x00, 0x00, 0x00, 0x00, 0x00, 0x00, 0x00, 0x00, 0x00, 0x00, 0x00, 0x00, 0x00, 0x00, 0x00, 0x00, 0x00,
  0x00, 0x00, 0x00, 0x00, 0x00, 0x00, 0x00, 0x00, 0x00, 0x00, 0x00, 0x00, 0x00, 0x00, 0x00, 0x00, 0x00, 0x00, 0x00, 0x00, 0x00, 0x00, 0x00, 0x00,
  0x00, 0x00, 0x00, 0x00, 0x00, 0x00, 0x00, 0x00, 0x00, 0x00, 0x00, 0x00, 0x00, 0x00, 0x00, 0x00, 0x00, 0x00, 0x00, 0x00, 0x00, 0x00, 0x00, 0x00,
  0x00, 0x00, 0x00, 0x00, 0x00, 0x00, 0x00, 0x00, 0x00, 0x00, 0x00, 0x00, 0x00, 0x00, 0x00, 0x00, 0x00, 0x00, 0x00, 0x00, 0x00, 0x00, 0x00, 0x00,
  0x00, 0x00, 0x00, 0x00, 0x00, 0x00, 0x00, 0x00, 0x00, 0x00, 0x00, 0x00, 0x00, 0x00, 0x00, 0x00, 0x00, 0x00, 0x00, 0x00, 0x00, 0x00, 0x00, 0x00,
  0x00, 0x00, 0x00, 0x00, 0x00, 0x00, 0x00, 0x00, 0x00, 0x00, 0x00, 0x00, 0x00, 0x00, 0x00, 0x00, 0x00, 0x00, 0x00, 0x00, 0x00, 0x00, 0x00, 0x00,
  0x00, 0x00, 0x00, 0x00, 0x00, 0x00, 0x00, 0x00, 0x00, 0x00, 0x00, 0x00, 0x00, 0x00, 0x00, 0x00, 0x00, 0x00, 0x00, 0x00, 0x00, 0x00, 0x00, 0x00,
  0x00, 0x00, 0x00, 0x00, 0x00, 0x00, 0x00, 0x00, 0x00, 0x00, 0x00, 0x00, 0x00, 0x00, 0x00, 0x00, 0x00, 0x00, 0x00, 0x00, 0x00, 0x00, 0x00, 0x00,
  0x00, 0x00, 0x00, 0x00, 0x00, 0x00, 0x00, 0x00, 0x00, 0x00, 0x00, 0x00, 0x00, 0x00, 0x00, 0x00, 0x00, 0x00, 0x00, 0x00, 0x00, 0x00, 0x00, 0x00,
  0x00, 0x00, 0x00, 0x00, 0x00, 0x00, 0x00, 0x00, 0x00, 0x00, 0x00, 0x00, 0x00, 0x00, 0x00, 0x00, 0x00, 0x00, 0x00, 0x00, 0x00, 0x00, 0x00, 0x00,
  0x00, 0x00, 0x00, 0x00, 0x00, 0x00, 0x00, 0x00, 0x00, 0x00, 0x00, 0x00, 0x00, 0x00, 0x00, 0x00, 0x00, 0x00, 0x00, 0x00, 0x00, 0x00, 0x00, 0x00,
  0x00, 0x00, 0x00, 0x00, 0x00, 0x00, 0x00, 0x00, 0x00, 0x00, 0x00, 0x00, 0x00, 0x00, 0x00, 0x00, 0x00, 0x00, 0x00, 0x00, 0x00, 0x00, 0x00, 0x00,
  0x00, 0x00, 0x00, 0x00, 0x00, 0x00, 0x00, 0x00, 0x00, 0x00, 0x00, 0x00, 0x00, 0x00, 0x00, 0x00, 0x00, 0x00, 0x00, 0x00, 0x00, 0x00, 0x00, 0x00,
  0x00, 0x00, 0x00, 0x00, 0x00, 0x00, 0x00, 0x00, 0x00, 0x00, 0x00, 0x00, 0x00, 0x00, 0x00, 0x00, 0x00, 0x00, 0x00, 0x00, 0x00, 0x00, 0x00, 0x00,
  0x00, 0x00, 0x00, 0x00, 0x00, 0x00, 0x00, 0x00, 0x00, 0x00, 0x00, 0x00, 0x00, 0x00, 0x00, 0x00, 0x00, 0x00, 0x00, 0x00, 0x00, 0x00, 0x00, 0x00,
  0x00, 0x00, 0x00, 0x00, 0x00, 0x00, 0x00, 0x00, 0x00, 0x00, 0x00, 0x00, 0x00, 0x00, 0x00, 0x00, 0x00, 0x00, 0x00, 0x00, 0x00, 0x00, 0x00, 0x00,
  0x00, 0x00, 0x00, 0x00, 0x00, 0x00, 0x00, 0x00, 0x00, 0x00, 0x00, 0x00, 0x00, 0x00, 0x00, 0x00, 0x00, 0x00, 0x00, 0x00, 0x00, 0x00, 0x00, 0x0c,
  0x00, 0x00, 0xb5, 0x20, 0x18, 0xfd, 0xe2, 0xb8, 0xfe, 0x02, 0xc9, 0xff, 0x02, 0xc9, 0xff, 0x81, 0x60, 0xfd, 0x00, 0x00, 0xf4, 0x00, 0x00, 0x45,
  0x00, 0x00, 0x00, 0x00, 0x00, 0x00, 0x00, 0x00, 0x00, 0x00, 0x00, 0x00, 0x00, 0x00, 0x00, 0x00, 0x00, 0x00, 0x00, 0x00, 0x00, 0x00, 0x00, 0x00,
  0x00, 0x00, 0x00, 0x00, 0x00, 0x00, 0x00, 0x00, 0x00, 0x00, 0x00, 0x00, 0x00, 0x00, 0x00, 0x00, 0x00, 0x00, 0x00, 0x00, 0x00, 0x00, 0x00, 0x00,
  0x00, 0x00, 0x00, 0x00, 0x00, 0x00, 0x00, 0x00, 0x00, 0x00, 0x00, 0x00, 0x00, 0x00, 0x00, 0x00, 0x00, 0x00, 0x00, 0x00, 0x00, 0x00, 0x00, 0x00,
  0x00, 0x00, 0x00, 0x00, 0x00, 0x00, 0x00, 0x00, 0x00, 0x00, 0x00, 0x00, 0x00, 0x00, 0x00, 0x00, 0x00, 0x00, 0x00, 0x00, 0x00, 0x00, 0x00, 0x00,
  0x00, 0x00, 0x00, 0x00, 0x00, 0x00, 0x00, 0x00, 0x00, 0x00, 0x00, 0x00, 0x00, 0x00, 0x00, 0x00, 0x00, 0x00, 0x00, 0x00, 0x00, 0x00, 0x00, 0x00,
  0x00, 0x00, 0x00, 0x00, 0x00, 0x00, 0x00, 0x00, 0x00, 0x00, 0x00, 0x00, 0x00, 0x00, 0x00, 0x00, 0x00, 0x00, 0x00, 0x00, 0x00, 0x00, 0x00, 0x00,
  0x00, 0x00, 0x00, 0x00, 0x00, 0x00, 0x00, 0x00, 0x00, 0x00, 0x00, 0x00, 0x00, 0x00, 0x00, 0x00, 0x00, 0x00, 0x00, 0x00, 0x00, 0x00, 0x00, 0x00,
  0x00, 0x00, 0x00, 0x00, 0x00, 0x00, 0x00, 0x00, 0x00, 0x00, 0x00, 0x00, 0x00, 0x00, 0x00, 0x00, 0x00, 0x00, 0x00, 0x00, 0x00, 0x00, 0x00, 0x00,
  0x00, 0x00, 0x00, 0x00, 0x00, 0x00, 0x00, 0x00, 0x00, 0x00, 0x00, 0x00, 0x00, 0x00, 0x00, 0x00, 0x00, 0x00, 0x00, 0x00, 0x00, 0x00, 0x00, 0x00,
  0x00, 0x00, 0x00, 0x00, 0x00, 0x00, 0x00, 0x00, 0x00, 0x00, 0x00, 0x00, 0x00, 0x00, 0x00, 0x00, 0x00, 0x00, 0x00, 0x00, 0x00, 0x00, 0x00, 0x00,
  0x00, 0x00, 0x00, 0x00, 0x00, 0x00, 0x00, 0x00, 0x00, 0x00, 0x00, 0x00, 0x00, 0x00, 0x00, 0x00, 0x00, 0x00, 0x00, 0x00, 0x00, 0x00, 0x00, 0x00,
  0x00, 0x00, 0x00, 0x00, 0x00, 0x00, 0x00, 0x00, 0x00, 0x00, 0x00, 0x00, 0x00, 0x00, 0x00, 0x00, 0x00, 0x00, 0x00, 0x00, 0x00, 0x00, 0x00, 0x00,
  0x00, 0x00, 0x00, 0x00, 0x00, 0x00, 0x00, 0x00, 0x00, 0x00, 0x00, 0x00, 0x00, 0x00, 0x00, 0x00, 0x00, 0x00, 0x00, 0x00, 0x00, 0x00, 0x00, 0x00,
  0x00, 0x00, 0x00, 0x00, 0x00, 0x00, 0x00, 0x00, 0x00, 0x00, 0x00, 0x00, 0x00, 0x00, 0x00, 0x00, 0x00, 0x00, 0x00, 0x00, 0x00, 0x00, 0x00, 0x00,
  0x00, 0x00, 0x00, 0x00, 0x00, 0x00, 0x00, 0x00, 0x00, 0x00, 0x00, 0x00, 0x00, 0x00, 0x00, 0x00, 0x00, 0x00, 0x00, 0x00, 0x00, 0x00, 0x00, 0x00,
  0x00, 0x00, 0x00, 0x00, 0x00, 0x00, 0x00, 0x00, 0x00, 0x00, 0x00, 0x00, 0x00, 0x00, 0x00, 0x00, 0x00, 0x00, 0x00, 0x00, 0x00, 0x00, 0x00, 0x00,
  0x00, 0x00, 0x00, 0x00, 0x00, 0x00, 0x00, 0x00, 0x00, 0x00, 0x00, 0x00, 0x00, 0x00, 0x00, 0x00, 0x00, 0x00, 0x00, 0x00, 0x00, 0x00, 0x00, 0x00,
  0x00, 0x00, 0x00, 0x00, 0x00, 0x00, 0x00, 0x00, 0x00, 0x00, 0x00, 0x00, 0x00, 0x00, 0x00, 0x00, 0x00, 0x00, 0x00, 0x00, 0x00, 0x00, 0x00, 0x00,
  0x00, 0x00, 0x00, 0x00, 0x00, 0x00, 0x00, 0x00, 0x00, 0x00, 0x00, 0x00, 0x00, 0x00, 0x00, 0x00, 0x00, 0x00, 0x00, 0x00, 0x00, 0x00, 0x00, 0x00,
  0x00, 0x00, 0x00, 0x00, 0x00, 0x00, 0x00, 0x00, 0x00, 0x00, 0x00, 0x00, 0x00, 0x00, 0x00, 0x00, 0x00, 0x00, 0x00, 0x00, 0x00, 0x00, 0x00, 0x00,
  0x00, 0x00, 0x00, 0x00, 0x00, 0x00, 0x00, 0x00, 0x00, 0x00, 0x00, 0x00, 0x00, 0x00, 0x00, 0x00, 0x00, 0x00, 0x00, 0x00, 0x00, 0x00, 0x00, 0x00,
  0x00, 0x00, 0x00, 0x00, 0x00, 0x00, 0x00, 0x00, 0x00, 0x00, 0x00, 0x00, 0x00, 0x00, 0x00, 0x00, 0x00, 0x00, 0x00, 0x00, 0x00, 0x00, 0x00, 0x00,
  0x00, 0x00, 0x00, 0x00, 0x00, 0x00, 0x00, 0x00, 0x00, 0x00, 0x00, 0x00, 0x00, 0x00, 0x00, 0x00, 0x00, 0x00, 0x00, 0x00, 0x00, 0x00, 0x00, 0x00,
  0x00, 0x00, 0x00, 0x00, 0x00, 0x00, 0x00, 0x00, 0x00, 0x00, 0x00, 0x00, 0x00, 0x00, 0x00, 0x00, 0x00, 0x00, 0x00, 0x00, 0x00, 0x00, 0x00, 0x0c,
  0x00, 0x00, 0xb5, 0x20, 0x18, 0xfd, 0xe2, 0xb8, 0xfe, 0x02, 0xc9, 0xff, 0x02, 0xc9, 0xff, 0x81, 0x60, 0xfd, 0x00, 0x00, 0xf4, 0x00, 0x00, 0x45,
  0x00, 0x00, 0x00, 0x00, 0x00, 0x00, 0x00, 0x00, 0x00, 0x00, 0x00, 0x00, 0x00, 0x00, 0x00, 0x00, 0x00, 0x00, 0x00, 0x00, 0x00, 0x00, 0x00, 0x00,
  0x00, 0x00, 0x00, 0x00, 0x00, 0x00, 0x00, 0x00, 0x00, 0x00, 0x00, 0x00, 0x00, 0x00, 0x00, 0x00, 0x00, 0x00, 0x00, 0x00, 0x00, 0x00, 0x00, 0x00,
  0x00, 0x00, 0x00, 0x00, 0x00, 0x00, 0x00, 0x00, 0x00, 0x00, 0x00, 0x00, 0x00, 0x00, 0x00, 0x00, 0x00, 0x00, 0x00, 0x00, 0x00, 0x00, 0x00, 0x00,
  0x00, 0x00, 0x00, 0x00, 0x00, 0x00, 0x00, 0x00, 0x00, 0x00, 0x00, 0x00, 0x00, 0x00, 0x00, 0x00, 0x00, 0x00, 0x00, 0x00, 0x00, 0x00, 0x00, 0x00,
  0x00, 0x00, 0x00, 0x00, 0x00, 0x00, 0x00, 0x00, 0x00, 0x00, 0x00, 0x00, 0x00, 0x00, 0x00, 0x00, 0x00, 0x00, 0x00, 0x00, 0x00, 0x00, 0x00, 0x00,
  0x00, 0x00, 0x00, 0x00, 0x00, 0x00, 0x00, 0x00, 0x00, 0x00, 0x00, 0x00, 0x00, 0x00, 0x00, 0x00, 0x00, 0x00, 0x00, 0x00, 0x00, 0x00, 0x00, 0x00,
  0x00, 0x00, 0x00, 0x00, 0x00, 0x00, 0x00, 0x00, 0x00, 0x00, 0x00, 0x00, 0x00, 0x00, 0x00, 0x00, 0x00, 0x00, 0x00, 0x00, 0x00, 0x00, 0x00, 0x00,
  0x00, 0x00, 0x00, 0x00, 0x00, 0x00, 0x00, 0x00, 0x00, 0x00, 0x00, 0x00, 0x00, 0x00, 0x00, 0x00, 0x00, 0x00, 0x00, 0x00, 0x00, 0x00, 0x00, 0x00,
  0x00, 0x00, 0x00, 0x00, 0x00, 0x00, 0x00, 0x00, 0x00, 0x00, 0x00, 0x00, 0x00, 0x00, 0x00, 0x00, 0x00, 0x00, 0x00, 0x00, 0x00, 0x00, 0x00, 0x00,
  0x00, 0x00, 0x00, 0x00, 0x00, 0x00, 0x00, 0x00, 0x00, 0x00, 0x00, 0x00, 0x00, 0x00, 0x00, 0x00, 0x00, 0x00, 0x00, 0x00, 0x00, 0x00, 0x00, 0x00,
  0x00, 0x00, 0x00, 0x00, 0x00, 0x00, 0x00, 0x00, 0x00, 0x00, 0x00, 0x00, 0x00, 0x00, 0x00, 0x00, 0x00, 0x00, 0x00, 0x00, 0x00, 0x00, 0x00, 0x00,
  0x00, 0x00, 0x00, 0x00, 0x00, 0x00, 0x00, 0x00, 0x00, 0x00, 0x00, 0x00, 0x00, 0x00, 0x00, 0x00, 0x00, 0x00, 0x00, 0x00, 0x00, 0x00, 0x00, 0x00,
  0x00, 0x00, 0x00, 0x00, 0x00, 0x00, 0x00, 0x00, 0x00, 0x00, 0x00, 0x00, 0x00, 0x00, 0x00, 0x00, 0x00, 0x00, 0x00, 0x00, 0x00, 0x00, 0x00, 0x00,
  0x00, 0x00, 0x00, 0x00, 0x00, 0x00, 0x00, 0x00, 0x00, 0x00, 0x00, 0x00, 0x00, 0x00, 0x00, 0x00, 0x00, 0x00, 0x00, 0x00, 0x00, 0x00, 0x00, 0x00,
  0x00, 0x00, 0x00, 0x00, 0x00, 0x00, 0x00, 0x00, 0x00, 0x00, 0x00, 0x00, 0x00, 0x00, 0x00, 0x00, 0x00, 0x00, 0x00, 0x00, 0x00, 0x00, 0x00, 0x00,
  0x00, 0x00, 0x00, 0x00, 0x00, 0x00, 0x00, 0x00, 0x00, 0x00, 0x00, 0x00, 0x00, 0x00, 0x00, 0x00, 0x00, 0x00, 0x00, 0x00, 0x00, 0x00, 0x00, 0x00,
  0x00, 0x00, 0x00, 0x00, 0x00, 0x00, 0x00, 0x00, 0x00, 0x00, 0x00, 0x00, 0x00, 0x00, 0x00, 0x00, 0x00, 0x00, 0x00, 0x00, 0x00, 0x00, 0x00, 0x00,
  0x00, 0x00, 0x00, 0x00, 0x00, 0x00, 0x00, 0x00, 0x00, 0x00, 0x00, 0x00, 0x00, 0x00, 0x00, 0x00, 0x00, 0x00, 0x00, 0x00, 0x00, 0x00, 0x00, 0x00,
  0x00, 0x00, 0x00, 0x00, 0x00, 0x00, 0x00, 0x00, 0x00, 0x00, 0x00, 0x00, 0x00, 0x00, 0x00, 0x00, 0x00, 0x00, 0x00, 0x00, 0x00, 0x00, 0x00, 0x00,
  0x00, 0x00, 0x00, 0x00, 0x00, 0x00, 0x00, 0x00, 0x00, 0x00, 0x00, 0x00, 0x00, 0x00, 0x00, 0x00, 0x00, 0x00, 0x00, 0x00, 0x00, 0x00, 0x00, 0x00,
  0x00, 0x00, 0x00, 0x00, 0x00, 0x00, 0x00, 0x00, 0x00, 0x00, 0x00, 0x00, 0x00, 0x00, 0x00, 0x00, 0x00, 0x00, 0x00, 0x00, 0x00, 0x00, 0x00, 0x00,
  0x00, 0x00, 0x00, 0x00, 0x00, 0x00, 0x00, 0x00, 0x00, 0x00, 0x00, 0x00, 0x00, 0x00, 0x00, 0x00, 0x00, 0x00, 0x00, 0x00, 0x00, 0x00, 0x00, 0x00,
  0x00, 0x00, 0x00, 0x00, 0x00, 0x00, 0x00, 0x00, 0x00, 0x00, 0x00, 0x00, 0x00, 0x00, 0x00, 0x00, 0x00, 0x00, 0x00, 0x00, 0x00, 0x00, 0x00, 0x00,
  0x00, 0x00, 0x00, 0x00, 0x00, 0x00, 0x00, 0x00, 0x00, 0x00, 0x00, 0x00, 0x00, 0x00, 0x00, 0x00, 0x00, 0x00, 0x00, 0x00, 0x00, 0x00, 0x00, 0x0c,
  0x00, 0x00, 0xb5, 0x20, 0x18, 0xfd, 0xe2, 0xb8, 0xfe, 0x02, 0xc9, 0xff, 0x02, 0xc9, 0xff, 0x81, 0x60, 0xfd, 0x00, 0x00, 0xf4, 0x00, 0x00, 0x45,
  0x00, 0x00, 0x00, 0x00, 0x00, 0x00, 0x00, 0x00, 0x00, 0x00, 0x00, 0x00, 0x00, 0x00, 0x00, 0x00, 0x00, 0x00, 0x00, 0x00, 0x00, 0x00, 0x00, 0x00,
  0x00, 0x00, 0x00, 0x00, 0x00, 0x00, 0x00, 0x00, 0x00, 0x00, 0x00, 0x00, 0x00, 0x00, 0x00, 0x00, 0x00, 0x00, 0x00, 0x00, 0x00, 0x00, 0x00, 0x00,
  0x00, 0x00, 0x00, 0x00, 0x00, 0x00, 0x00, 0x00, 0x00, 0x00, 0x00, 0x00, 0x00, 0x00, 0x00, 0x00, 0x00, 0x00, 0x00, 0x00, 0x00, 0x00, 0x00, 0x00,
  0x00, 0x00, 0x00, 0x00, 0x00, 0x00, 0x00, 0x00, 0x00, 0x00, 0x00, 0x00, 0x00, 0x00, 0x00, 0x00, 0x00, 0x00, 0x00, 0x00, 0x00, 0x00, 0x00, 0x00,
  0x00, 0x00, 0x00, 0x00, 0x00, 0x00, 0x00, 0x00, 0x00, 0x00, 0x00, 0x00, 0x00, 0x00, 0x00, 0x00, 0x00, 0x00, 0x00, 0x00, 0x00, 0x00, 0x00, 0x00,
  0x00, 0x00, 0x00, 0x00, 0x00, 0x00, 0x00, 0x00, 0x00, 0x00, 0x00, 0x00, 0x00, 0x00, 0x00, 0x00, 0x00, 0x00, 0x00, 0x00, 0x00, 0x00, 0x00, 0x00,
  0x00, 0x00, 0x00, 0x00, 0x00, 0x00, 0x00, 0x00, 0x00, 0x00, 0x00, 0x00, 0x00, 0x00, 0x00, 0x00, 0x00, 0x00, 0x00, 0x00, 0x00, 0x00, 0x00, 0x00,
  0x00, 0x00, 0x00, 0x00, 0x00, 0x00, 0x00, 0x00, 0x00, 0x00, 0x00, 0x00, 0x00, 0x00, 0x00, 0x00, 0x00, 0x00, 0x00, 0x00, 0x00, 0x00, 0x00, 0x00,
  0x00, 0x00, 0x00, 0x00, 0x00, 0x00, 0x00, 0x00, 0x00, 0x00, 0x00, 0x00, 0x00, 0x00, 0x00, 0x00, 0x00, 0x00, 0x00, 0x00, 0x00, 0x00, 0x00, 0x00,
  0x00, 0x00, 0x00, 0x00, 0x00, 0x00, 0x00, 0x00, 0x00, 0x00, 0x00, 0x00, 0x00, 0x00, 0x00, 0x00, 0x00, 0x00, 0x00, 0x00, 0x00, 0x00, 0x00, 0x00,
  0x00, 0x00, 0x00, 0x00, 0x00, 0x00, 0x00, 0x00, 0x00, 0x00, 0x00, 0x00, 0x00, 0x00, 0x00, 0x00, 0x00, 0x00, 0x00, 0x00, 0x00, 0x00, 0x00, 0x00,
  0x00, 0x00, 0x00, 0x00, 0x00, 0x00, 0x00, 0x00, 0x00, 0x00, 0x00, 0x00, 0x00, 0x00, 0x00, 0x00, 0x00, 0x00, 0x00, 0x00, 0x00, 0x00, 0x00, 0x00,
  0x00, 0x00, 0x00, 0x00, 0x00, 0x00, 0x00, 0x00, 0x00, 0x00, 0x00, 0x00, 0x00, 0x00, 0x00, 0x00, 0x00, 0x00, 0x00, 0x00, 0x00, 0x00, 0x00, 0x00,
  0x00, 0x00, 0x00, 0x00, 0x00, 0x00, 0x00, 0x00, 0x00, 0x00, 0x00, 0x00, 0x00, 0x00, 0x00, 0x00, 0x00, 0x00, 0x00, 0x00, 0x00, 0x00, 0x00, 0x00,
  0x00, 0x00, 0x00, 0x00, 0x00, 0x00, 0x00, 0x00, 0x00, 0x00, 0x00, 0x00, 0x00, 0x00, 0x00, 0x00, 0x00, 0x00, 0x00, 0x00, 0x00, 0x00, 0x00, 0x00,
  0x00, 0x00, 0x00, 0x00, 0x00, 0x00, 0x00, 0x00, 0x00, 0x00, 0x00, 0x00, 0x00, 0x00, 0x00, 0x00, 0x00, 0x00, 0x00, 0x00, 0x00, 0x00, 0x00, 0x00,
  0x00, 0x00, 0x00, 0x00, 0x00, 0x00, 0x00, 0x00, 0x00, 0x00, 0x00, 0x00, 0x00, 0x00, 0x00, 0x00, 0x00, 0x00, 0x00, 0x00, 0x00, 0x00, 0x00, 0x00,
  0x00, 0x00, 0x00, 0x00, 0x00, 0x00, 0x00, 0x00, 0x00, 0x00, 0x00, 0x00, 0x00, 0x00, 0x00, 0x00, 0x00, 0x00, 0x00, 0x00, 0x00, 0x00, 0x00, 0x00,
  0x00, 0x00, 0x00, 0x00, 0x00, 0x00, 0x00, 0x00, 0x00, 0x00, 0x00, 0x00, 0x00, 0x00, 0x00, 0x00, 0x00, 0x00, 0x00, 0x00, 0x00, 0x00, 0x00, 0x00,
  0x00, 0x00, 0x00, 0x00, 0x00, 0x00, 0x00, 0x00, 0x00, 0x00, 0x00, 0x00, 0x00, 0x00, 0x00, 0x00, 0x00, 0x00, 0x00, 0x00, 0x00, 0x00, 0x00, 0x00,
  0x00, 0x00, 0x00, 0x00, 0x00, 0x00, 0x00, 0x00, 0x00, 0x00, 0x00, 0x00, 0x00, 0x00, 0x00, 0x00, 0x00, 0x00, 0x00, 0x00, 0x00, 0x00, 0x00, 0x00,
  0x00, 0x00, 0x00, 0x00, 0x00, 0x00, 0x00, 0x00, 0x00, 0x00, 0x00, 0x00, 0x00, 0x00, 0x00, 0x00, 0x00, 0x00, 0x00, 0x00, 0x00, 0x00, 0x00, 0x00,
  0x00, 0x00, 0x00, 0x00, 0x00, 0x00, 0x00, 0x00, 0x00, 0x00, 0x00, 0x00, 0x00, 0x00, 0x00, 0x00, 0x00, 0x00, 0x00, 0x00, 0x00, 0x00, 0x00, 0x00,
  0x00, 0x00, 0x00, 0x00, 0x00, 0x00, 0x00, 0x00, 0x00, 0x00, 0x00, 0x00, 0x00, 0x00, 0x00, 0x00, 0x00, 0x00, 0x00, 0x00, 0x00, 0x00, 0x00, 0x0c,
  0x00, 0x00, 0xb5, 0x20, 0x18, 0xfd, 0xc1, 0x98, 0xfd, 0xe2, 0xb0, 0xfe, 0xe2, 0xa8, 0xfe, 0x61, 0x50, 0xfc, 0x00, 0x00, 0xf4, 0x00, 0x00, 0x45,
  0x00, 0x00, 0x00, 0x00, 0x00, 0x00, 0x00, 0x00, 0x00, 0x00, 0x00, 0x00, 0x00, 0x00, 0x00, 0x00, 0x00, 0x00, 0x00, 0x00, 0x00, 0x00, 0x00, 0x00,
  0x00, 0x00, 0x00, 0x00, 0x00, 0x00, 0x00, 0x00, 0x00, 0x00, 0x00, 0x00, 0x00, 0x00, 0x00, 0x00, 0x00, 0x00, 0x00, 0x00, 0x00, 0x00, 0x00, 0x00,
  0x00, 0x00, 0x00, 0x00, 0x00, 0x00, 0x00, 0x00, 0x00, 0x00, 0x00, 0x00, 0x00, 0x00, 0x00, 0x00, 0x00, 0x00, 0x00, 0x00, 0x00, 0x00, 0x00, 0x00,
  0x00, 0x00, 0x00, 0x00, 0x00, 0x00, 0x00, 0x00, 0x00, 0x00, 0x00, 0x00, 0x00, 0x00, 0x00, 0x00, 0x00, 0x00, 0x00, 0x00, 0x00, 0x00, 0x00, 0x00,
  0x00, 0x00, 0x00, 0x00, 0x00, 0x00, 0x00, 0x00, 0x00, 0x00, 0x00, 0x00, 0x00, 0x00, 0x00, 0x00, 0x00, 0x00, 0x00, 0x00, 0x00, 0x00, 0x00, 0x00,
  0x00, 0x00, 0x00, 0x00, 0x00, 0x00, 0x00, 0x00, 0x00, 0x00, 0x00, 0x00, 0x00, 0x00, 0x00, 0x00, 0x00, 0x00, 0x00, 0x00, 0x00, 0x00, 0x00, 0x00,
  0x00, 0x00, 0x00, 0x00, 0x00, 0x00, 0x00, 0x00, 0x00, 0x00, 0x00, 0x00, 0x00, 0x00, 0x00, 0x00, 0x00, 0x00, 0x00, 0x00, 0x00, 0x00, 0x00, 0x00,
  0x00, 0x00, 0x00, 0x00, 0x00, 0x00, 0x00, 0x00, 0x00, 0x00, 0x00, 0x00, 0x00, 0x00, 0x00, 0x00, 0x00, 0x00, 0x00, 0x00, 0x00, 0x00, 0x00, 0x00,
  0x00, 0x00, 0x00, 0x00, 0x00, 0x00, 0x00, 0x00, 0x00, 0x00, 0x00, 0x00, 0x00, 0x00, 0x00, 0x00, 0x00, 0x00, 0x00, 0x00, 0x00, 0x00, 0x00, 0x00,
  0x00, 0x00, 0x00, 0x00, 0x00, 0x00, 0x00, 0x00, 0x00, 0x00, 0x00, 0x00, 0x00, 0x00, 0x00, 0x00, 0x00, 0x00, 0x00, 0x00, 0x00, 0x00, 0x00, 0x00,
  0x00, 0x00, 0x00, 0x00, 0x00, 0x00, 0x00, 0x00, 0x00, 0x00, 0x00, 0x00, 0x00, 0x00, 0x00, 0x00, 0x00, 0x00, 0x00, 0x00, 0x00, 0x00, 0x00, 0x00,
  0x00, 0x00, 0x00, 0x00, 0x00, 0x00, 0x00, 0x00, 0x00, 0x00, 0x00, 0x00, 0x00, 0x00, 0x00, 0x00, 0x00, 0x00, 0x00, 0x00, 0x00, 0x00, 0x00, 0x00,
  0x00, 0x00, 0x00, 0x00, 0x00, 0x00, 0x00, 0x00, 0x00, 0x00, 0x00, 0x00, 0x00, 0x00, 0x00, 0x00, 0x00, 0x00, 0x00, 0x00, 0x00, 0x00, 0x00, 0x00,
  0x00, 0x00, 0x00, 0x00, 0x00, 0x00, 0x00, 0x00, 0x00, 0x00, 0x00, 0x00, 0x00, 0x00, 0x00, 0x00, 0x00, 0x00, 0x00, 0x00, 0x00, 0x00, 0x00, 0x00,
  0x00, 0x00, 0x00, 0x00, 0x00, 0x00, 0x00, 0x00, 0x00, 0x00, 0x00, 0x00, 0x00, 0x00, 0x00, 0x00, 0x00, 0x00, 0x00, 0x00, 0x00, 0x00, 0x00, 0x00,
  0x00, 0x00, 0x00, 0x00, 0x00, 0x00, 0x00, 0x00, 0x00, 0x00, 0x00, 0x00, 0x00, 0x00, 0x00, 0x00, 0x00, 0x00, 0x00, 0x00, 0x00, 0x00, 0x00, 0x00,
  0x00, 0x00, 0x00, 0x00, 0x00, 0x00, 0x00, 0x00, 0x00, 0x00, 0x00, 0x00, 0x00, 0x00, 0x00, 0x00, 0x00, 0x00, 0x00, 0x00, 0x00, 0x00, 0x00, 0x00,
  0x00, 0x00, 0x00, 0x00, 0x00, 0x00, 0x00, 0x00, 0x00, 0x00, 0x00, 0x00, 0x00, 0x00, 0x00, 0x00, 0x00, 0x00, 0x00, 0x00, 0x00, 0x00, 0x00, 0x00,
  0x00, 0x00, 0x00, 0x00, 0x00, 0x00, 0x00, 0x00, 0x00, 0x00, 0x00, 0x00, 0x00, 0x00, 0x00, 0x00, 0x00, 0x00, 0x00, 0x00, 0x00, 0x00, 0x00, 0x00,
  0x00, 0x00, 0x00, 0x00, 0x00, 0x00, 0x00, 0x00, 0x00, 0x00, 0x00, 0x00, 0x00, 0x00, 0x00, 0x00, 0x00, 0x00, 0x00, 0x00, 0x00, 0x00, 0x00, 0x00,
  0x00, 0x00, 0x00, 0x00, 0x00, 0x00, 0x00, 0x00, 0x00, 0x00, 0x00, 0x00, 0x00, 0x00, 0x00, 0x00, 0x00, 0x00, 0x00, 0x00, 0x00, 0x00, 0x00, 0x00,
  0x00, 0x00, 0x00, 0x00, 0x00, 0x00, 0x00, 0x00, 0x00, 0x00, 0x00, 0x00, 0x00, 0x00, 0x00, 0x00, 0x00, 0x00, 0x00, 0x00, 0x00, 0x00, 0x00, 0x00,
  0x00, 0x00, 0x00, 0x00, 0x00, 0x00, 0x00, 0x00, 0x00, 0x00, 0x00, 0x00, 0x00, 0x00, 0x00, 0x00, 0x00, 0x00, 0x00, 0x00, 0x00, 0x00, 0x00, 0x00,
  0x00, 0x00, 0x00, 0x00, 0x00, 0x00, 0x00, 0x00, 0x00, 0x00, 0x00, 0x00, 0x00, 0x00, 0x00, 0x00, 0x00, 0x00, 0x00, 0x00, 0x00, 0x00, 0x00, 0x0c,
  0x00, 0x00, 0xb5, 0x00, 0x00, 0xff, 0x20, 0x18, 0xfd, 0x20, 0x18, 0xfd, 0x20, 0x18, 0xfd, 0x00, 0x08, 0xfe, 0x00, 0x00, 0xf4, 0x00, 0x00, 0x45,
  0x00, 0x00, 0x00, 0x00, 0x00, 0x00, 0x00, 0x00, 0x00, 0x00, 0x00, 0x00, 0x00, 0x00, 0x00, 0x00, 0x00, 0x00, 0x00, 0x00, 0x00, 0x00, 0x00, 0x00,
  0x00, 0x00, 0x00, 0x00, 0x00, 0x00, 0x00, 0x00, 0x00, 0x00, 0x00, 0x00, 0x00, 0x00, 0x00, 0x00, 0x00, 0x00, 0x00, 0x00, 0x00, 0x00, 0x00, 0x00,
  0x00, 0x00, 0x00, 0x00, 0x00, 0x00, 0x00, 0x00, 0x00, 0x00, 0x00, 0x00, 0x00, 0x00, 0x00, 0x00, 0x00, 0x00, 0x00, 0x00, 0x00, 0x00, 0x00, 0x00,
  0x00, 0x00, 0x00, 0x00, 0x00, 0x00, 0x00, 0x00, 0x00, 0x00, 0x00, 0x00, 0x00, 0x00, 0x00, 0x00, 0x00, 0x00, 0x00, 0x00, 0x00, 0x00, 0x00, 0x00,
  0x00, 0x00, 0x00, 0x00, 0x00, 0x00, 0x00, 0x00, 0x00, 0x00, 0x00, 0x00, 0x00, 0x00, 0x00, 0x00, 0x00, 0x00, 0x00, 0x00, 0x00, 0x00, 0x00, 0x00,
  0x00, 0x00, 0x00, 0x00, 0x00, 0x00, 0x00, 0x00, 0x00, 0x00, 0x00, 0x00, 0x00, 0x00, 0x00, 0x00, 0x00, 0x00, 0x00, 0x00, 0x00, 0x00, 0x00, 0x00,
  0x00, 0x00, 0x00, 0x00, 0x00, 0x00, 0x00, 0x00, 0x00, 0x00, 0x00, 0x00, 0x00, 0x00, 0x00, 0x00, 0x00, 0x00, 0x00, 0x00, 0x00, 0x00, 0x00, 0x00,
  0x00, 0x00, 0x00, 0x00, 0x00, 0x00, 0x00, 0x00, 0x00, 0x00, 0x00, 0x00, 0x00, 0x00, 0x00, 0x00, 0x00, 0x00, 0x00, 0x00, 0x00, 0x00, 0x00, 0x00,
  0x00, 0x00, 0x00, 0x00, 0x00, 0x00, 0x00, 0x00, 0x00, 0x00, 0x00, 0x00, 0x00, 0x00, 0x00, 0x00, 0x00, 0x00, 0x00, 0x00, 0x00, 0x00, 0x00, 0x00,
  0x00, 0x00, 0x00, 0x00, 0x00, 0x00, 0x00, 0x00, 0x00, 0x00, 0x00, 0x00, 0x00, 0x00, 0x00, 0x00, 0x00, 0x00, 0x00, 0x00, 0x00, 0x00, 0x00, 0x00,
  0x00, 0x00, 0x00, 0x00, 0x00, 0x00, 0x00, 0x00, 0x00, 0x00, 0x00, 0x00, 0x00, 0x00, 0x00, 0x00, 0x00, 0x00, 0x00, 0x00, 0x00, 0x00, 0x00, 0x00,
  0x00, 0x00, 0x00, 0x00, 0x00, 0x00, 0x00, 0x00, 0x00, 0x00, 0x00, 0x00, 0x00, 0x00, 0x00, 0x00, 0x00, 0x00, 0x00, 0x00, 0x00, 0x00, 0x00, 0x00,
  0x00, 0x00, 0x00, 0x00, 0x00, 0x00, 0x00, 0x00, 0x00, 0x00, 0x00, 0x00, 0x00, 0x00, 0x00, 0x00, 0x00, 0x00, 0x00, 0x00, 0x00, 0x00, 0x00, 0x00,
  0x00, 0x00, 0x00, 0x00, 0x00, 0x00, 0x00, 0x00, 0x00, 0x00, 0x00, 0x00, 0x00, 0x00, 0x00, 0x00, 0x00, 0x00, 0x00, 0x00, 0x00, 0x00, 0x00, 0x00,
  0x00, 0x00, 0x00, 0x00, 0x00, 0x00, 0x00, 0x00, 0x00, 0x00, 0x00, 0x00, 0x00, 0x00, 0x00, 0x00, 0x00, 0x00, 0x00, 0x00, 0x00, 0x00, 0x00, 0x00,
  0x00, 0x00, 0x00, 0x00, 0x00, 0x00, 0x00, 0x00, 0x00, 0x00, 0x00, 0x00, 0x00, 0x00, 0x00, 0x00, 0x00, 0x00, 0x00, 0x00, 0x00, 0x00, 0x00, 0x00,
  0x00, 0x00, 0x00, 0x00, 0x00, 0x00, 0x00, 0x00, 0x00, 0x00, 0x00, 0x00, 0x00, 0x00, 0x00, 0x00, 0x00, 0x00, 0x00, 0x00, 0x00, 0x00, 0x00, 0x00,
  0x00, 0x00, 0x00, 0x00, 0x00, 0x00, 0x00, 0x00, 0x00, 0x00, 0x00, 0x00, 0x00, 0x00, 0x00, 0x00, 0x00, 0x00, 0x00, 0x00, 0x00, 0x00, 0x00, 0x00,
  0x00, 0x00, 0x00, 0x00, 0x00, 0x00, 0x00, 0x00, 0x00, 0x00, 0x00, 0x00, 0x00, 0x00, 0x00, 0x00, 0x00, 0x00, 0x00, 0x00, 0x00, 0x00, 0x00, 0x00,
  0x00, 0x00, 0x00, 0x00, 0x00, 0x00, 0x00, 0x00, 0x00, 0x00, 0x00, 0x00, 0x00, 0x00, 0x00, 0x00, 0x00, 0x00, 0x00, 0x00, 0x00, 0x00, 0x00, 0x00,
  0x00, 0x00, 0x00, 0x00, 0x00, 0x00, 0x00, 0x00, 0x00, 0x00, 0x00, 0x00, 0x00, 0x00, 0x00, 0x00, 0x00, 0x00, 0x00, 0x00, 0x00, 0x00, 0x00, 0x00,
  0x00, 0x00, 0x00, 0x00, 0x00, 0x00, 0x00, 0x00, 0x00, 0x00, 0x00, 0x00, 0x00, 0x00, 0x00, 0x00, 0x00, 0x00, 0x00, 0x00, 0x00, 0x00, 0x00, 0x00,
  0x00, 0x00, 0x00, 0x00, 0x00, 0x00, 0x00, 0x00, 0x00, 0x00, 0x00, 0x00, 0x00, 0x00, 0x00, 0x00, 0x00, 0x00, 0x00, 0x00, 0x00, 0x00, 0x00, 0x00,
  0x00, 0x00, 0x00, 0x00, 0x00, 0x00, 0x00, 0x00, 0x00, 0x00, 0x00, 0x00, 0x00, 0x00, 0x00, 0x00, 0x00, 0x00, 0x00, 0x00, 0x00, 0x00, 0x00, 0x0c,
  0x00, 0x00, 0x84, 0x00, 0x00, 0xbc, 0x00, 0x00, 0xbc, 0x00, 0x00, 0xbc, 0x00, 0x00, 0xbc, 0x00, 0x00, 0xbc, 0x00, 0x00, 0xb5, 0x00, 0x00, 0x34,
  0x00, 0x00, 0x00, 0x00, 0x00, 0x00, 0x00, 0x00, 0x00, 0x00, 0x00, 0x00, 0x00, 0x00, 0x00, 0x00, 0x00, 0x00, 0x00, 0x00, 0x00, 0x00, 0x00, 0x00,
  0x00, 0x00, 0x00, 0x00, 0x00, 0x00, 0x00, 0x00, 0x00, 0x00, 0x00, 0x00, 0x00, 0x00, 0x00, 0x00, 0x00, 0x00, 0x00, 0x00, 0x00, 0x00, 0x00, 0x00,
  0x00, 0x00, 0x00, 0x00, 0x00, 0x00, 0x00, 0x00, 0x00, 0x00, 0x00, 0x00, 0x00, 0x00, 0x00, 0x00, 0x00, 0x00, 0x00, 0x00, 0x00, 0x00, 0x00, 0x00,
  0x00, 0x00, 0x00, 0x00, 0x00, 0x00, 0x00, 0x00, 0x00, 0x00, 0x00, 0x00, 0x00, 0x00, 0x00, 0x00, 0x00, 0x00, 0x00, 0x00, 0x00, 0x00, 0x00, 0x00,
  0x00, 0x00, 0x00, 0x00, 0x00, 0x00, 0x00, 0x00, 0x00, 0x00, 0x00, 0x00, 0x00, 0x00, 0x00, 0x00, 0x00, 0x00, 0x00, 0x00, 0x00, 0x00, 0x00, 0x00,
  0x00, 0x00, 0x00, 0x00, 0x00, 0x00, 0x00, 0x00, 0x00, 0x00, 0x00, 0x00, 0x00, 0x00, 0x00, 0x00, 0x00, 0x00, 0x00, 0x00, 0x00, 0x00, 0x00, 0x00,
  0x00, 0x00, 0x00, 0x00, 0x00, 0x00, 0x00, 0x00, 0x00, 0x00, 0x00, 0x00, 0x00, 0x00, 0x00, 0x00, 0x00, 0x00, 0x00, 0x00, 0x00, 0x00, 0x00, 0x00,
  0x00, 0x00, 0x00, 0x00, 0x00, 0x00, 0x00, 0x00, 0x00, 0x00, 0x00, 0x00, 0x00, 0x00, 0x00, 0x00, 0x00, 0x00, 0x00, 0x00, 0x00, 0x00, 0x00, 0x00,
  0x00, 0x00, 0x00, 0x00, 0x00, 0x00, 0x00, 0x00, 0x00, 0x00, 0x00, 0x00, 0x00, 0x00, 0x00, 0x00, 0x00, 0x00, 0x00, 0x00, 0x00, 0x00, 0x00, 0x00,
  0x00, 0x00, 0x00, 0x00, 0x00, 0x00, 0x00, 0x00, 0x00, 0x00, 0x00, 0x00, 0x00, 0x00, 0x00, 0x00, 0x00, 0x00, 0x00, 0x00, 0x00, 0x00, 0x00, 0x00,
  0x00, 0x00, 0x00, 0x00, 0x00, 0x00, 0x00, 0x00, 0x00, 0x00, 0x00, 0x00, 0x00, 0x00, 0x00, 0x00, 0x00, 0x00, 0x00, 0x00, 0x00, 0x00, 0x00, 0x00,
  0x00, 0x00, 0x00, 0x00, 0x00, 0x00, 0x00, 0x00, 0x00, 0x00, 0x00, 0x00, 0x00, 0x00, 0x00, 0x00, 0x00, 0x00, 0x00, 0x00, 0x00, 0x00, 0x00, 0x00,
  0x00, 0x00, 0x00, 0x00, 0x00, 0x00, 0x00, 0x00, 0x00, 0x00, 0x00, 0x00, 0x00, 0x00, 0x00, 0x00, 0x00, 0x00, 0x00, 0x00, 0x00, 0x00, 0x00, 0x00,
  0x00, 0x00, 0x00, 0x00, 0x00, 0x00, 0x00, 0x00, 0x00, 0x00, 0x00, 0x00, 0x00, 0x00, 0x00, 0x00, 0x00, 0x00, 0x00, 0x00, 0x00, 0x00, 0x00, 0x00,
  0x00, 0x00, 0x00, 0x00, 0x00, 0x00, 0x00, 0x00, 0x00, 0x00, 0x00, 0x00, 0x00, 0x00, 0x00, 0x00, 0x00, 0x00, 0x00, 0x00, 0x00, 0x00, 0x00, 0x00,
  0x00, 0x00, 0x00, 0x00, 0x00, 0x00, 0x00, 0x00, 0x00, 0x00, 0x00, 0x00, 0x00, 0x00, 0x00, 0x00, 0x00, 0x00, 0x00, 0x00, 0x00, 0x00, 0x00, 0x00,
  0x00, 0x00, 0x00, 0x00, 0x00, 0x00, 0x00, 0x00, 0x00, 0x00, 0x00, 0x00, 0x00, 0x00, 0x00, 0x00, 0x00, 0x00, 0x00, 0x00, 0x00, 0x00, 0x00, 0x00,
  0x00, 0x00, 0x00, 0x00, 0x00, 0x00, 0x00, 0x00, 0x00, 0x00, 0x00, 0x00, 0x00, 0x00, 0x00, 0x00, 0x00, 0x00, 0x00, 0x00, 0x00, 0x00, 0x00, 0x00,
  0x00, 0x00, 0x00, 0x00, 0x00, 0x00, 0x00, 0x00, 0x00, 0x00, 0x00, 0x00, 0x00, 0x00, 0x00, 0x00, 0x00, 0x00, 0x00, 0x00, 0x00, 0x00, 0x00, 0x00,
  0x00, 0x00, 0x00, 0x00, 0x00, 0x00, 0x00, 0x00, 0x00, 0x00, 0x00, 0x00, 0x00, 0x00, 0x00, 0x00, 0x00, 0x00, 0x00, 0x00, 0x00, 0x00, 0x00, 0x00,
  0x00, 0x00, 0x00, 0x00, 0x00, 0x00, 0x00, 0x00, 0x00, 0x00, 0x00, 0x00, 0x00, 0x00, 0x00, 0x00, 0x00, 0x00, 0x00, 0x00, 0x00, 0x00, 0x00, 0x00,
  0x00, 0x00, 0x00, 0x00, 0x00, 0x00, 0x00, 0x00, 0x00, 0x00, 0x00, 0x00, 0x00, 0x00, 0x00, 0x00, 0x00, 0x00, 0x00, 0x00, 0x00, 0x00, 0x00, 0x00,
  0x00, 0x00, 0x00, 0x00, 0x00, 0x00, 0x00, 0x00, 0x00, 0x00, 0x00, 0x00, 0x00, 0x00, 0x00, 0x00, 0x00, 0x00, 0x00, 0x00, 0x00, 0x00, 0x00, 0x00,
  0x00, 0x00, 0x00, 0x00, 0x00, 0x00, 0x00, 0x00, 0x00, 0x00, 0x00, 0x00, 0x00, 0x00, 0x00, 0x00, 0x00, 0x00, 0x00, 0x00, 0x00, 0x00, 0x00, 0x02,
  0x00, 0x00, 0x0c, 0x00, 0x00, 0x14, 0x00, 0x00, 0x14, 0x00, 0x00, 0x14, 0x00, 0x00, 0x14, 0x00, 0x00, 0x14, 0x00, 0x00, 0x14, 0x00, 0x00, 0x03,
  0x00, 0x00, 0x00, 0x00, 0x00, 0x00, 0x00, 0x00, 0x00, 0x00, 0x00, 0x00, 0x00, 0x00, 0x00, 0x00, 0x00, 0x00, 0x00, 0x00, 0x00, 0x00, 0x00, 0x00,
  0x00, 0x00, 0x00, 0x00, 0x00, 0x00, 0x00, 0x00, 0x00, 0x00, 0x00, 0x00, 0x00, 0x00, 0x00, 0x00, 0x00, 0x00, 0x00, 0x00, 0x00, 0x00, 0x00, 0x00,
  0x00, 0x00, 0x00, 0x00, 0x00, 0x00, 0x00, 0x00, 0x00, 0x00, 0x00, 0x00, 0x00, 0x00, 0x00, 0x00, 0x00, 0x00, 0x00, 0x00, 0x00, 0x00, 0x00, 0x00,
  0x00, 0x00, 0x00, 0x00, 0x00, 0x00, 0x00, 0x00, 0x00, 0x00, 0x00, 0x00, 0x00, 0x00, 0x00, 0x00, 0x00, 0x00, 0x00, 0x00, 0x00, 0x00, 0x00, 0x00,
  0x00, 0x00, 0x00, 0x00, 0x00, 0x00, 0x00, 0x00, 0x00, 0x00, 0x00, 0x00, 0x00, 0x00, 0x00, 0x00, 0x00, 0x00, 0x00, 0x00, 0x00, 0x00, 0x00, 0x00,
  0x00, 0x00, 0x00, 0x00, 0x00, 0x00, 0x00, 0x00, 0x00, 0x00, 0x00, 0x00, 0x00, 0x00, 0x00, 0x00, 0x00, 0x00, 0x00, 0x00, 0x00, 0x00, 0x00, 0x00,
  0x00, 0x00, 0x00, 0x00, 0x00, 0x00, 0x00, 0x00, 0x00, 0x00, 0x00, 0x00, 0x00, 0x00, 0x00, 0x00, 0x00, 0x00, 0x00, 0x00, 0x00, 0x00, 0x00, 0x00,
  0x00, 0x00, 0x00, 0x00, 0x00, 0x00, 0x00, 0x00, 0x00, 0x00, 0x00, 0x00, 0x00, 0x00, 0x00, 0x00, 0x00, 0x00, 0x00, 0x00, 0x00, 0x00, 0x00, 0x00,
  0x00, 0x00, 0x00, 0x00, 0x00, 0x00, 0x00, 0x00, 0x00, 0x00, 0x00, 0x00, 0x00, 0x00, 0x00, 0x00, 0x00, 0x00, 0x00, 0x00, 0x00, 0x00, 0x00, 0x00,
  0x00, 0x00, 0x00, 0x00, 0x00, 0x00, 0x00, 0x00, 0x00, 0x00, 0x00, 0x00, 0x00, 0x00, 0x00, 0x00, 0x00, 0x00, 0x00, 0x00, 0x00, 0x00, 0x00, 0x00,
  0x00, 0x00, 0x00, 0x00, 0x00, 0x00, 0x00, 0x00, 0x00, 0x00, 0x00, 0x00, 0x00, 0x00, 0x00, 0x00, 0x00, 0x00, 0x00, 0x00, 0x00, 0x00, 0x00, 0x00,
  0x00, 0x00, 0x00, 0x00, 0x00, 0x00, 0x00, 0x00, 0x00, 0x00, 0x00, 0x00, 0x00, 0x00, 0x00, 0x00, 0x00, 0x00, 0x00, 0x00, 0x00, 0x00, 0x00, 0x00,
  0x00, 0x00, 0x00, 0x00, 0x00, 0x00, 0x00, 0x00, 0x00, 0x00, 0x00, 0x00, 0x00, 0x00, 0x00, 0x00, 0x00, 0x00, 0x00, 0x00, 0x00, 0x00, 0x00, 0x00,
  0x00, 0x00, 0x00, 0x00, 0x00, 0x00, 0x00, 0x00, 0x00, 0x00, 0x00, 0x00, 0x00, 0x00, 0x00, 0x00, 0x00, 0x00, 0x00, 0x00, 0x00, 0x00, 0x00, 0x00,
  0x00, 0x00, 0x00, 0x00, 0x00, 0x00, 0x00, 0x00, 0x00, 0x00, 0x00, 0x00, 0x00, 0x00, 0x00, 0x00, 0x00, 0x00, 0x00, 0x00, 0x00, 0x00, 0x00, 0x00,
  0x00, 0x00, 0x00, 0x00, 0x00, 0x00, 0x00, 0x00, 0x00, 0x00, 0x00, 0x00, 0x00, 0x00, 0x00, 0x00, 0x00, 0x00, 0x00, 0x00, 0x00, 0x00, 0x00, 0x00,
  0x00, 0x00, 0x00, 0x00, 0x00, 0x00, 0x00, 0x00, 0x00, 0x00, 0x00, 0x00, 0x00, 0x00, 0x00, 0x00, 0x00, 0x00, 0x00, 0x00, 0x00, 0x00, 0x00, 0x00,
  0x00, 0x00, 0x00, 0x00, 0x00, 0x00, 0x00, 0x00, 0x00, 0x00, 0x00, 0x00, 0x00, 0x00, 0x00, 0x00, 0x00, 0x00, 0x00, 0x00, 0x00, 0x00, 0x00, 0x00,
  0x00, 0x00, 0x00, 0x00, 0x00, 0x00, 0x00, 0x00, 0x00, 0x00, 0x00, 0x00, 0x00, 0x00, 0x00, 0x00, 0x00, 0x00, 0x00, 0x00, 0x00, 0x00, 0x00, 0x00,
  0x00, 0x00, 0x00, 0x00, 0x00, 0x00, 0x00, 0x00, 0x00, 0x00, 0x00, 0x00, 0x00, 0x00, 0x00, 0x00, 0x00, 0x00, 0x00, 0x00, 0x00, 0x00, 0x00, 0x00,
  0x00, 0x00, 0x00, 0x00, 0x00, 0x00, 0x00, 0x00, 0x00, 0x00, 0x00, 0x00, 0x00, 0x00, 0x00, 0x00, 0x00, 0x00, 0x00, 0x00, 0x00, 0x00, 0x00, 0x00,
  0x00, 0x00, 0x00, 0x00, 0x00, 0x00, 0x00, 0x00, 0x00, 0x00, 0x00, 0x00, 0x00, 0x00, 0x00, 0x00, 0x00, 0x00, 0x00, 0x00, 0x00, 0x00, 0x00, 0x00,
  0x00, 0x00, 0x00, 0x00, 0x00, 0x00, 0x00, 0x00, 0x00, 0x00, 0x00, 0x00, 0x00, 0x00, 0x00, 0x00, 0x00, 0x00, 0x00, 0x00, 0x00, 0x00, 0x00, 0x00,
  0x00, 0x00, 0x00, 0x00, 0x00, 0x00, 0x00, 0x00, 0x00, 0x00, 0x00, 0x00, 0x00, 0x00, 0x00, 0x00, 0x00, 0x00, 0x00, 0x00, 0x00, 0x00, 0x00, 0x00,
  0x00, 0x00, 0x00, 0x00, 0x00, 0x00, 0x00, 0x00, 0x00, 0x00, 0x00, 0x00, 0x00, 0x00, 0x00, 0x00, 0x00, 0x00, 0x00, 0x00, 0x00, 0x00, 0x00, 0x00,
  0x00, 0x00, 0x00, 0x00, 0x00, 0x00, 0x00, 0x00, 0x00, 0x00, 0x00, 0x00, 0x00, 0x00, 0x00, 0x00, 0x00, 0x00, 0x00, 0x00, 0x00, 0x00, 0x00, 0x00,
  0x00, 0x00, 0x00, 0x00, 0x00, 0x00, 0x00, 0x00, 0x00, 0x00, 0x00, 0x00, 0x00, 0x00, 0x00, 0x00, 0x00, 0x00, 0x00, 0x00, 0x00, 0x00, 0x00, 0x00,
  0x00, 0x00, 0x00, 0x00, 0x00, 0x00, 0x00, 0x00, 0x00, 0x00, 0x00, 0x00, 0x00, 0x00, 0x00, 0x00, 0x00, 0x00, 0x00, 0x00, 0x00, 0x00, 0x00, 0x00,
  0x00, 0x00, 0x00, 0x00, 0x00, 0x00, 0x00, 0x00, 0x00, 0x00, 0x00, 0x00, 0x00, 0x00, 0x00, 0x00, 0x00, 0x00, 0x00, 0x00, 0x00, 0x00, 0x00, 0x00,
  0x00, 0x00, 0x00, 0x00, 0x00, 0x00, 0x00, 0x00, 0x00, 0x00, 0x00, 0x00, 0x00, 0x00, 0x00, 0x00, 0x00, 0x00, 0x00, 0x00, 0x00, 0x00, 0x00, 0x00,
  0x00, 0x00, 0x00, 0x00, 0x00, 0x00, 0x00, 0x00, 0x00, 0x00, 0x00, 0x00, 0x00, 0x00, 0x00, 0x00, 0x00, 0x00, 0x00, 0x00, 0x00, 0x00, 0x00, 0x00,
  0x00, 0x00, 0x00, 0x00, 0x00, 0x00, 0x00, 0x00, 0x00, 0x00, 0x00, 0x00, 0x00, 0x00, 0x00, 0x00, 0x00, 0x00, 0x00, 0x00, 0x00, 0x00, 0x00, 0x00,
  0x00, 0x00, 0x00, 0x00, 0x00, 0x00, 0x00, 0x00, 0x00, 0x00, 0x00, 0x00, 0x00, 0x00, 0x00, 0x00, 0x00, 0x00, 0x00, 0x00, 0x00, 0x00, 0x00, 0x00,
  0x00, 0x00, 0x00, 0x00, 0x00, 0x00, 0x00, 0x00, 0x00, 0x00, 0x00, 0x00, 0x00, 0x00, 0x00, 0x00, 0x00, 0x00, 0x00, 0x00, 0x00, 0x00, 0x00, 0x00,
  0x00, 0x00, 0x00, 0x00, 0x00, 0x00, 0x00, 0x00, 0x00, 0x00, 0x00, 0x00, 0x00, 0x00, 0x00, 0x00, 0x00, 0x00, 0x00, 0x00, 0x00, 0x00, 0x00, 0x00,
  0x00, 0x00, 0x00, 0x00, 0x00, 0x00, 0x00, 0x00, 0x00, 0x00, 0x00, 0x00, 0x00, 0x00, 0x00, 0x00, 0x00, 0x00, 0x00, 0x00, 0x00, 0x00, 0x00, 0x00,
  0x00, 0x00, 0x00, 0x00, 0x00, 0x00, 0x00, 0x00, 0x00, 0x00, 0x00, 0x00, 0x00, 0x00, 0x00, 0x00, 0x00, 0x00, 0x00, 0x00, 0x00, 0x00, 0x00, 0x00,
};

const lv_img_dsc_t lmyc_logo = {
  .header.cf = LV_IMG_CF_TRUE_COLOR_ALPHA,
  .header.always_zero = 0,
  .header.reserved = 0,
  .header.w = 200,
  .header.h = 213,
  .data_size = 127800,
  .data = lmyc_logo_map,
};

